#
# There is insufficient memory for the Java Runtime Environment to continue.
# Native memory allocation (mmap) failed to map 65536 bytes. Error detail: Failed to commit metaspace.
# Possible reasons:
#   The system is out of physical RAM or swap space
#   This process is running with CompressedOops enabled, and the Java Heap may be blocking the growth of the native heap
# Possible solutions:
#   Reduce memory load on the system
#   Increase physical memory or swap space
#   Check if swap backing store is full
#   Decrease Java heap size (-Xmx/-Xms)
#   Decrease number of Java threads
#   Decrease Java thread stack sizes (-Xss)
#   Set larger code cache with -XX:ReservedCodeCacheSize=
#   JVM is running with Zero Based Compressed Oops mode in which the Java heap is
#     placed in the first 32GB address space. The Java Heap base address is the
#     maximum limit for the native heap growth. Please use -XX:HeapBaseMinAddress
#     to set the Java Heap base and to place the Java Heap above 32GB virtual address.
# This output file may be truncated or incomplete.
#
#  Out of Memory Error (virtualSpaceNode.cpp:113), pid=32464, tid=50040
#
# JRE version: OpenJDK Runtime Environment Temurin-21.0.12.1+1 (21.0.12.1+1) (build 21.0.12.1+1-LTS)
# Java VM: OpenJDK 64-Bit Server VM Temurin-21.0.12.1+1 (21.0.12.1+1-LTS, mixed mode, sharing, tiered, compressed oops, compressed class ptrs, g1 gc, windows-amd64)
# No core dump will be written. Minidumps are not enabled by default on client versions of Windows
#

---------------  S U M M A R Y ------------

Command Line: --add-opens=java.base/java.lang=ALL-UNNAMED --add-opens=java.base/java.lang.invoke=ALL-UNNAMED --add-opens=java.base/java.util=ALL-UNNAMED --add-opens=java.prefs/java.util.prefs=ALL-UNNAMED --add-exports=jdk.compiler/com.sun.tools.javac.api=ALL-UNNAMED --add-exports=jdk.compiler/com.sun.tools.javac.util=ALL-UNNAMED --add-opens=java.base/java.util=ALL-UNNAMED --add-opens=java.prefs/java.util.prefs=ALL-UNNAMED --add-opens=java.base/java.nio.charset=ALL-UNNAMED --add-opens=java.base/java.net=ALL-UNNAMED --add-opens=java.base/java.util.concurrent.atomic=ALL-UNNAMED --add-opens=java.xml/javax.xml.namespace=ALL-UNNAMED -XX:MaxMetaspaceSize=4G -XX:ReservedCodeCacheSize=512m -XX:+HeapDumpOnOutOfMemoryError -Xmx8G -Dfile.encoding=UTF-8 -Duser.country=US -Duser.language=en -Duser.variant -javaagent:C:\Users\Lenovo E14\.gradle\wrapper\dists\gradle-8.14-all\c2qonpi39x1mddn7hk5gh9iqj\gradle-8.14\lib\agents\gradle-instrumentation-agent-8.14.jar org.gradle.launcher.daemon.bootstrap.GradleDaemon 8.14

Host: 11th Gen Intel(R) Core(TM) i5-1135G7 @ 2.40GHz, 8 cores, 15G,  Windows 11 , 64 bit Build 22621 (10.0.22621.5415)
Time: Tue Oct  6 08:14:16 2026 W. Central Africa Standard Time elapsed time: 322.732413 seconds (0d 0h 5m 22s)

---------------  T H R E A D  ---------------

Current thread (0x000001d3e894e840):  JavaThread "Daemon worker"        [_thread_in_vm, id=50040, stack(0x0000000c17e00000,0x0000000c17f00000) (1024K)]

Stack: [0x0000000c17e00000,0x0000000c17f00000]
Native frames: (J=compiled Java code, j=interpreted, Vv=VM code, C=native code)
V  [jvm.dll+0x6d83e9]
V  [jvm.dll+0x8b5736]
V  [jvm.dll+0x8b7cee]
V  [jvm.dll+0x8b83d3]
V  [jvm.dll+0x284596]
V  [jvm.dll+0x8b147e]
V  [jvm.dll+0x679ad4]
V  [jvm.dll+0x1e849b]
V  [jvm.dll+0x1e825e]
V  [jvm.dll+0x67c3d2]
V  [jvm.dll+0x67c202]
V  [jvm.dll+0x67a4ae]
V  [jvm.dll+0x3c7a23]
V  [jvm.dll+0x2118db]
V  [jvm.dll+0x5b6aa9]
V  [jvm.dll+0x82f77d]
V  [jvm.dll+0x479a6e]
V  [jvm.dll+0x48cde6]
C  [java.dll+0x1657]

Java frames: (J=compiled Java code, j=interpreted, Vv=VM code)
J 1978  java.lang.ClassLoader.defineClass0(Ljava/lang/ClassLoader;Ljava/lang/Class;Ljava/lang/String;[BIILjava/security/ProtectionDomain;ZILjava/lang/Object;)Ljava/lang/Class; java.base@21.0.12.1 (0 bytes) @ 0x000001d3903cc53c [0x000001d3903cc440+0x00000000000000fc]
J 3136 c1 java.lang.System$2.defineClass(Ljava/lang/ClassLoader;Ljava/lang/Class;Ljava/lang/String;[BLjava/security/ProtectionDomain;ZILjava/lang/Object;)Ljava/lang/Class; java.base@21.0.12.1 (21 bytes) @ 0x000001d380609174 [0x000001d3806090c0+0x00000000000000b4]
J 3135 c1 java.lang.invoke.MethodHandles$Lookup$ClassDefiner.defineClass(ZLjava/lang/Object;)Ljava/lang/Class; java.base@21.0.12.1 (213 bytes) @ 0x000001d38060842c [0x000001d380607ea0+0x000000000000058c]
J 3511 c1 java.lang.invoke.InvokerBytecodeGenerator.loadMethod([B)Ljava/lang/invoke/MemberName; java.base@21.0.12.1 (39 bytes) @ 0x000001d3806cdf0c [0x000001d3806cdd80+0x000000000000018c]
J 3130 c1 java.lang.invoke.InvokerBytecodeGenerator.generateCustomizedCode(Ljava/lang/invoke/LambdaForm;Ljava/lang/invoke/MethodType;)Ljava/lang/invoke/MemberName; java.base@21.0.12.1 (34 bytes) @ 0x000001d380604fb4 [0x000001d380604e00+0x00000000000001b4]
J 3288 c1 java.lang.invoke.LambdaForm.compileToBytecode()V java.base@21.0.12.1 (164 bytes) @ 0x000001d380656df4 [0x000001d380656c00+0x00000000000001f4]
J 4941 c2 java.lang.invoke.BoundMethodHandle.<init>(Ljava/lang/invoke/MethodType;Ljava/lang/invoke/LambdaForm;)V java.base@21.0.12.1 (32 bytes) @ 0x000001d390337910 [0x000001d3903377c0+0x0000000000000150]
j  java.lang.invoke.BoundMethodHandle$Species_LLLLLLLLLLLLLLLLLLL.<init>(Ljava/lang/invoke/MethodType;Ljava/lang/invoke/LambdaForm;Ljava/lang/Object;Ljava/lang/Object;Ljava/lang/Object;Ljava/lang/Object;Ljava/lang/Object;Ljava/lang/Object;Ljava/lang/Object;Ljava/lang/Object;Ljava/lang/Object;Ljava/lang/Object;Ljava/lang/Object;Ljava/lang/Object;Ljava/lang/Object;Ljava/lang/Object;Ljava/lang/Object;Ljava/lang/Object;Ljava/lang/Object;Ljava/lang/Object;Ljava/lang/Object;)V+3 java.base@21.0.12.1
j  java.lang.invoke.BoundMethodHandle$Species_LLLLLLLLLLLLLLLLLLL.make(Ljava/lang/invoke/MethodType;Ljava/lang/invoke/LambdaForm;Ljava/lang/Object;Ljava/lang/Object;Ljava/lang/Object;Ljava/lang/Object;Ljava/lang/Object;Ljava/lang/Object;Ljava/lang/Object;Ljava/lang/Object;Ljava/lang/Object;Ljava/lang/Object;Ljava/lang/Object;Ljava/lang/Object;Ljava/lang/Object;Ljava/lang/Object;Ljava/lang/Object;Ljava/lang/Object;Ljava/lang/Object;Ljava/lang/Object;Ljava/lang/Object;)Ljava/lang/invoke/BoundMethodHandle;+42 java.base@21.0.12.1
j  java.lang.invoke.LambdaForm$DMH+0x000001d3a327e000.invokeStatic(Ljava/lang/Object;Ljava/lang/Object;Ljava/lang/Object;Ljava/lang/Object;Ljava/lang/Object;Ljava/lang/Object;Ljava/lang/Object;Ljava/lang/Object;Ljava/lang/Object;Ljava/lang/Object;Ljava/lang/Object;Ljava/lang/Object;Ljava/lang/Object;Ljava/lang/Object;Ljava/lang/Object;Ljava/lang/Object;Ljava/lang/Object;Ljava/lang/Object;Ljava/lang/Object;Ljava/lang/Object;Ljava/lang/Object;Ljava/lang/Object;)Ljava/lang/Object;+50 java.base@21.0.12.1
j  java.lang.invoke.BoundMethodHandle$Species_LLLLLLLLLLLLLLLLLL.copyWithExtendL(Ljava/lang/invoke/MethodType;Ljava/lang/invoke/LambdaForm;Ljava/lang/Object;)Ljava/lang/invoke/BoundMethodHandle;+82 java.base@21.0.12.1
J 3238 c1 java.lang.invoke.MethodHandleImpl.makePairwiseConvertByEditor(Ljava/lang/invoke/MethodHandle;Ljava/lang/invoke/MethodType;ZZ)Ljava/lang/invoke/MethodHandle; java.base@21.0.12.1 (617 bytes) @ 0x000001d380637764 [0x000001d380635120+0x0000000000002644]
J 3237 c1 java.lang.invoke.MethodHandleImpl.makePairwiseConvert(Ljava/lang/invoke/MethodHandle;Ljava/lang/invoke/MethodType;ZZ)Ljava/lang/invoke/MethodHandle; java.base@21.0.12.1 (22 bytes) @ 0x000001d38063477c [0x000001d380634640+0x000000000000013c]
J 2310 c1 java.lang.invoke.MethodHandle.asTypeUncached(Ljava/lang/invoke/MethodType;)Ljava/lang/invoke/MethodHandle; java.base@21.0.12.1 (54 bytes) @ 0x000001d380482294 [0x000001d380481ce0+0x00000000000005b4]
J 2880 c1 java.lang.invoke.MethodHandle.asType(Ljava/lang/invoke/MethodType;)Ljava/lang/invoke/MethodHandle; java.base@21.0.12.1 (32 bytes) @ 0x000001d38056a384 [0x000001d38056a1c0+0x00000000000001c4]
j  java.lang.invoke.MethodHandle.asSpreader(ILjava/lang/Class;I)Ljava/lang/invoke/MethodHandle;+12 java.base@21.0.12.1
J 4333 c1 jdk.internal.reflect.MethodHandleAccessorFactory.newConstructorAccessor(Ljava/lang/reflect/Constructor;)Ljdk/internal/reflect/ConstructorAccessorImpl; java.base@21.0.12.1 (84 bytes) @ 0x000001d380879f14 [0x000001d380879780+0x0000000000000794]
J 4332 c1 jdk.internal.reflect.ReflectionFactory.newConstructorAccessor(Ljava/lang/reflect/Constructor;)Ljdk/internal/reflect/ConstructorAccessor; java.base@21.0.12.1 (144 bytes) @ 0x000001d380878e4c [0x000001d380878ac0+0x000000000000038c]
J 5042 c1 java.lang.reflect.Constructor.acquireConstructorAccessor()Ljdk/internal/reflect/ConstructorAccessor; java.base@21.0.12.1 (75 bytes) @ 0x000001d3804e116c [0x000001d3804e0fc0+0x00000000000001ac]
J 1650 c1 java.lang.reflect.Constructor.newInstanceWithCaller([Ljava/lang/Object;ZLjava/lang/Class;)Ljava/lang/Object; java.base@21.0.12.1 (51 bytes) @ 0x000001d38032d614 [0x000001d38032d4e0+0x0000000000000134]
J 1651 c1 java.lang.reflect.Constructor.newInstance([Ljava/lang/Object;)Ljava/lang/Object; java.base@21.0.12.1 (34 bytes) @ 0x000001d38032dc44 [0x000001d38032dae0+0x0000000000000164]
j  org.gradle.internal.instantiation.generator.AsmBackedClassGenerator$InvokeConstructorStrategy.newInstance(Lorg/gradle/internal/service/ServiceLookup;Lorg/gradle/internal/instantiation/InstanceGenerator;Lorg/gradle/api/Describable;[Ljava/lang/Object;)Ljava/lang/Object;+37
j  org.gradle.internal.instantiation.generator.AbstractClassGenerator$GeneratedClassImpl$GeneratedConstructorImpl.newInstance(Lorg/gradle/internal/service/ServiceLookup;Lorg/gradle/internal/instantiation/InstanceGenerator;Lorg/gradle/api/Describable;[Ljava/lang/Object;)Ljava/lang/Object;+9
j  org.gradle.internal.instantiation.generator.DependencyInjectingInstantiator.doCreate(Ljava/lang/Class;Lorg/gradle/api/Describable;[Ljava/lang/Object;)Ljava/lang/Object;+37
j  org.gradle.internal.instantiation.generator.DependencyInjectingInstantiator.newInstance(Ljava/lang/Class;[Ljava/lang/Object;)Ljava/lang/Object;+4
j  org.gradle.api.internal.artifacts.configurations.DefaultConfigurationFactory.create(Ljava/lang/String;Lorg/gradle/api/internal/artifacts/configurations/ConfigurationsProvider;Lorg/gradle/internal/Factory;Lorg/gradle/api/internal/artifacts/ivyservice/moduleconverter/RootComponentMetadataBuilder;Lorg/gradle/api/internal/artifacts/configurations/ConfigurationRole;)Lorg/gradle/api/internal/artifacts/configurations/DefaultLegacyConfiguration;+200
j  org.gradle.api.internal.artifacts.configurations.DefaultConfigurationContainer.createLegacyConfiguration(Ljava/lang/String;Lorg/gradle/api/internal/artifacts/configurations/ConfigurationRole;Lorg/gradle/api/Action;)Lorg/gradle/api/artifacts/Configuration;+66
j  org.gradle.api.internal.artifacts.configurations.DefaultConfigurationContainer.migratingUnlocked(Ljava/lang/String;Lorg/gradle/api/internal/artifacts/configurations/ConfigurationRole;Lorg/gradle/api/Action;)Lorg/gradle/api/artifacts/Configuration;+23
j  org.gradle.api.internal.artifacts.configurations.DefaultConfigurationContainer.migratingUnlocked(Ljava/lang/String;Lorg/gradle/api/internal/artifacts/configurations/ConfigurationRole;)Lorg/gradle/api/artifacts/Configuration;+13
j  org.gradle.api.internal.initialization.DefaultScriptHandler.defineConfiguration()V+77
j  org.gradle.api.internal.initialization.DefaultScriptHandler.getDependencies()Lorg/gradle/api/artifacts/dsl/DependencyHandler;+1
j  org.gradle.kotlin.dsl.provider.StandardKotlinScriptEvaluator.setupEmbeddedKotlinForBuildscript(Lorg/gradle/api/initialization/dsl/ScriptHandler;)V+5
j  org.gradle.kotlin.dsl.provider.StandardKotlinScriptEvaluator.access$setupEmbeddedKotlinForBuildscript(Lorg/gradle/kotlin/dsl/provider/StandardKotlinScriptEvaluator;Lorg/gradle/api/initialization/dsl/ScriptHandler;)V+2
j  org.gradle.kotlin.dsl.provider.StandardKotlinScriptEvaluator$InterpreterHost.setupEmbeddedKotlinFor(Lorg/gradle/kotlin/dsl/support/KotlinScriptHost;)V+14
j  org.gradle.kotlin.dsl.execution.Interpreter$ProgramHost.setupEmbeddedKotlinFor(Lorg/gradle/kotlin/dsl/support/KotlinScriptHost;)V+14
j  Program.execute(Lorg/gradle/kotlin/dsl/execution/ExecutableProgram$Host;Lorg/gradle/kotlin/dsl/support/KotlinScriptHost;)V+2
j  org.gradle.kotlin.dsl.execution.Interpreter$ProgramHost.eval(Lorg/gradle/kotlin/dsl/execution/CompiledScript;Lorg/gradle/kotlin/dsl/support/KotlinScriptHost;)V+88
j  org.gradle.kotlin.dsl.execution.Interpreter.eval(Ljava/lang/Object;Lorg/gradle/groovy/scripts/ScriptSource;Lorg/gradle/internal/hash/HashCode;Lorg/gradle/api/initialization/dsl/ScriptHandler;Lorg/gradle/api/internal/initialization/ClassLoaderScope;Lorg/gradle/api/internal/initialization/ClassLoaderScope;ZLjava/util/EnumSet;)V+213
j  org.gradle.kotlin.dsl.provider.StandardKotlinScriptEvaluator.evaluate(Ljava/lang/Object;Lorg/gradle/groovy/scripts/ScriptSource;Lorg/gradle/api/initialization/dsl/ScriptHandler;Lorg/gradle/api/internal/initialization/ClassLoaderScope;Lorg/gradle/api/internal/initialization/ClassLoaderScope;ZLjava/util/EnumSet;)V+163
j  org.gradle.kotlin.dsl.provider.KotlinScriptPluginFactory$create$1.invoke(Ljava/lang/Object;)V+72
j  org.gradle.kotlin.dsl.provider.KotlinScriptPluginFactory$create$1.invoke(Ljava/lang/Object;)Ljava/lang/Object;+2
j  org.gradle.kotlin.dsl.provider.KotlinScriptPlugin.apply(Ljava/lang/Object;)V+22
j  org.gradle.configuration.BuildOperationScriptPlugin$1.run(Lorg/gradle/internal/operations/BuildOperationContext;)V+11
j  org.gradle.internal.operations.DefaultBuildOperationRunner$1.execute(Lorg/gradle/internal/operations/RunnableBuildOperation;Lorg/gradle/internal/operations/BuildOperationContext;)V+2
j  org.gradle.internal.operations.DefaultBuildOperationRunner$1.execute(Lorg/gradle/internal/operations/BuildOperation;Lorg/gradle/internal/operations/BuildOperationContext;)V+6
j  org.gradle.internal.operations.DefaultBuildOperationRunner$2.execute(Lorg/gradle/internal/operations/BuildOperationDescriptor;Lorg/gradle/internal/operations/BuildOperationState;Lorg/gradle/internal/operations/BuildOperationState;Lorg/gradle/internal/operations/DefaultBuildOperationRunner$ReadableBuildOperationContext;Lorg/gradle/internal/operations/DefaultBuildOperationRunner$BuildOperationExecutionListener;)Lorg/gradle/internal/operations/BuildOperation;+22
j  org.gradle.internal.operations.DefaultBuildOperationRunner$2.execute(Lorg/gradle/internal/operations/BuildOperationDescriptor;Lorg/gradle/internal/operations/BuildOperationState;Lorg/gradle/internal/operations/BuildOperationState;Lorg/gradle/internal/operations/DefaultBuildOperationRunner$ReadableBuildOperationContext;Lorg/gradle/internal/operations/DefaultBuildOperationRunner$BuildOperationExecutionListener;)Ljava/lang/Object;+8
j  org.gradle.internal.operations.DefaultBuildOperationRunner.execute(Lorg/gradle/internal/operations/BuildOperationDescriptor$Builder;Lorg/gradle/internal/operations/BuildOperationState;Lorg/gradle/internal/operations/DefaultBuildOperationRunner$BuildOperationExecution;)Ljava/lang/Object;+141
j  org.gradle.internal.operations.DefaultBuildOperationRunner.execute(Lorg/gradle/internal/operations/BuildOperation;Lorg/gradle/internal/operations/BuildOperationWorker;Lorg/gradle/internal/operations/BuildOperationState;)V+18
j  org.gradle.internal.operations.DefaultBuildOperationRunner.run(Lorg/gradle/internal/operations/RunnableBuildOperation;)V+9
j  org.gradle.configuration.BuildOperationScriptPlugin.lambda$apply$0(Ljava/lang/Object;Lorg/gradle/internal/code/UserCodeApplicationId;)V+14
j  org.gradle.configuration.BuildOperationScriptPlugin$$Lambda+0x000001d3a351e8e8.execute(Ljava/lang/Object;)V+12
j  org.gradle.internal.code.DefaultUserCodeApplicationContext.apply(Lorg/gradle/internal/code/UserCodeSource;Lorg/gradle/api/Action;)V+37
j  org.gradle.configuration.BuildOperationScriptPlugin.apply(Ljava/lang/Object;)V+71
j  org.gradle.initialization.ScriptEvaluatingSettingsProcessor.applySettingsScript(Lorg/gradle/groovy/scripts/TextResourceScriptSource;Lorg/gradle/api/internal/SettingsInternal;)V+32
j  org.gradle.initialization.ScriptEvaluatingSettingsProcessor.process(Lorg/gradle/api/internal/GradleInternal;Lorg/gradle/initialization/SettingsLocation;Lorg/gradle/api/internal/initialization/ClassLoaderScope;Lorg/gradle/StartParameter;)Lorg/gradle/initialization/SettingsState;+90
j  org.gradle.initialization.SettingsEvaluatedCallbackFiringSettingsProcessor.process(Lorg/gradle/api/internal/GradleInternal;Lorg/gradle/initialization/SettingsLocation;Lorg/gradle/api/internal/initialization/ClassLoaderScope;Lorg/gradle/StartParameter;)Lorg/gradle/initialization/SettingsState;+9
j  org.gradle.initialization.RootBuildCacheControllerSettingsProcessor.process(Lorg/gradle/api/internal/GradleInternal;Lorg/gradle/initialization/SettingsLocation;Lorg/gradle/api/internal/initialization/ClassLoaderScope;Lorg/gradle/StartParameter;)Lorg/gradle/initialization/SettingsState;+9
j  org.gradle.initialization.BuildOperationSettingsProcessor$2.call(Lorg/gradle/internal/operations/BuildOperationContext;)Lorg/gradle/initialization/SettingsState;+23
j  org.gradle.initialization.BuildOperationSettingsProcessor$2.call(Lorg/gradle/internal/operations/BuildOperationContext;)Ljava/lang/Object;+2
j  org.gradle.internal.operations.DefaultBuildOperationRunner$CallableBuildOperationWorker.execute(Lorg/gradle/internal/operations/CallableBuildOperation;Lorg/gradle/internal/operations/BuildOperationContext;)V+3
j  org.gradle.internal.operations.DefaultBuildOperationRunner$CallableBuildOperationWorker.execute(Lorg/gradle/internal/operations/BuildOperation;Lorg/gradle/internal/operations/BuildOperationContext;)V+6
j  org.gradle.internal.operations.DefaultBuildOperationRunner$2.execute(Lorg/gradle/internal/operations/BuildOperationDescriptor;Lorg/gradle/internal/operations/BuildOperationState;Lorg/gradle/internal/operations/BuildOperationState;Lorg/gradle/internal/operations/DefaultBuildOperationRunner$ReadableBuildOperationContext;Lorg/gradle/internal/operations/DefaultBuildOperationRunner$BuildOperationExecutionListener;)Lorg/gradle/internal/operations/BuildOperation;+22
j  org.gradle.internal.operations.DefaultBuildOperationRunner$2.execute(Lorg/gradle/internal/operations/BuildOperationDescriptor;Lorg/gradle/internal/operations/BuildOperationState;Lorg/gradle/internal/operations/BuildOperationState;Lorg/gradle/internal/operations/DefaultBuildOperationRunner$ReadableBuildOperationContext;Lorg/gradle/internal/operations/DefaultBuildOperationRunner$BuildOperationExecutionListener;)Ljava/lang/Object;+8
j  org.gradle.internal.operations.DefaultBuildOperationRunner.execute(Lorg/gradle/internal/operations/BuildOperationDescriptor$Builder;Lorg/gradle/internal/operations/BuildOperationState;Lorg/gradle/internal/operations/DefaultBuildOperationRunner$BuildOperationExecution;)Ljava/lang/Object;+141
j  org.gradle.internal.operations.DefaultBuildOperationRunner.execute(Lorg/gradle/internal/operations/BuildOperation;Lorg/gradle/internal/operations/BuildOperationWorker;Lorg/gradle/internal/operations/BuildOperationState;)V+18
j  org.gradle.internal.operations.DefaultBuildOperationRunner.call(Lorg/gradle/internal/operations/CallableBuildOperation;)Ljava/lang/Object;+16
j  org.gradle.initialization.BuildOperationSettingsProcessor.process(Lorg/gradle/api/internal/GradleInternal;Lorg/gradle/initialization/SettingsLocation;Lorg/gradle/api/internal/initialization/ClassLoaderScope;Lorg/gradle/StartParameter;)Lorg/gradle/initialization/SettingsState;+17
j  org.gradle.initialization.DefaultSettingsLoader.findSettingsAndLoadIfAppropriate(Lorg/gradle/api/internal/GradleInternal;Lorg/gradle/StartParameter;Lorg/gradle/initialization/SettingsLocation;Lorg/gradle/api/internal/initialization/ClassLoaderScope;)Lorg/gradle/initialization/SettingsState;+9
j  org.gradle.initialization.DefaultSettingsLoader.findAndLoadSettings(Lorg/gradle/api/internal/GradleInternal;)Lorg/gradle/initialization/SettingsState;+103
j  org.gradle.initialization.SettingsAttachingSettingsLoader.findAndLoadSettings(Lorg/gradle/api/internal/GradleInternal;)Lorg/gradle/initialization/SettingsState;+5
j  org.gradle.internal.composite.CommandLineIncludedBuildSettingsLoader.findAndLoadSettings(Lorg/gradle/api/internal/GradleInternal;)Lorg/gradle/initialization/SettingsState;+5
j  org.gradle.internal.composite.ChildBuildRegisteringSettingsLoader.findAndLoadSettings(Lorg/gradle/api/internal/GradleInternal;)Lorg/gradle/initialization/SettingsState;+5
j  org.gradle.internal.composite.CompositeBuildSettingsLoader.findAndLoadSettings(Lorg/gradle/api/internal/GradleInternal;)Lorg/gradle/initialization/SettingsState;+5
j  org.gradle.initialization.InitScriptHandlingSettingsLoader.findAndLoadSettings(Lorg/gradle/api/internal/GradleInternal;)Lorg/gradle/initialization/SettingsState;+13
j  org.gradle.api.internal.initialization.CacheConfigurationsHandlingSettingsLoader.findAndLoadSettings(Lorg/gradle/api/internal/GradleInternal;)Lorg/gradle/initialization/SettingsState;+15
j  org.gradle.initialization.GradlePropertiesHandlingSettingsLoader.findAndLoadSettings(Lorg/gradle/api/internal/GradleInternal;)Lorg/gradle/initialization/SettingsState;+40
j  org.gradle.initialization.DefaultSettingsPreparer.prepareSettings(Lorg/gradle/api/internal/GradleInternal;)V+33
j  org.gradle.initialization.BuildOperationFiringSettingsPreparer$LoadBuild.doLoadBuild()V+11
j  org.gradle.initialization.BuildOperationFiringSettingsPreparer$LoadBuild.run(Lorg/gradle/internal/operations/BuildOperationContext;)V+1
j  org.gradle.internal.operations.DefaultBuildOperationRunner$1.execute(Lorg/gradle/internal/operations/RunnableBuildOperation;Lorg/gradle/internal/operations/BuildOperationContext;)V+2
j  org.gradle.internal.operations.DefaultBuildOperationRunner$1.execute(Lorg/gradle/internal/operations/BuildOperation;Lorg/gradle/internal/operations/BuildOperationContext;)V+6
j  org.gradle.internal.operations.DefaultBuildOperationRunner$2.execute(Lorg/gradle/internal/operations/BuildOperationDescriptor;Lorg/gradle/internal/operations/BuildOperationState;Lorg/gradle/internal/operations/BuildOperationState;Lorg/gradle/internal/operations/DefaultBuildOperationRunner$ReadableBuildOperationContext;Lorg/gradle/internal/operations/DefaultBuildOperationRunner$BuildOperationExecutionListener;)Lorg/gradle/internal/operations/BuildOperation;+22
j  org.gradle.internal.operations.DefaultBuildOperationRunner$2.execute(Lorg/gradle/internal/operations/BuildOperationDescriptor;Lorg/gradle/internal/operations/BuildOperationState;Lorg/gradle/internal/operations/BuildOperationState;Lorg/gradle/internal/operations/DefaultBuildOperationRunner$ReadableBuildOperationContext;Lorg/gradle/internal/operations/DefaultBuildOperationRunner$BuildOperationExecutionListener;)Ljava/lang/Object;+8
j  org.gradle.internal.operations.DefaultBuildOperationRunner.execute(Lorg/gradle/internal/operations/BuildOperationDescriptor$Builder;Lorg/gradle/internal/operations/BuildOperationState;Lorg/gradle/internal/operations/DefaultBuildOperationRunner$BuildOperationExecution;)Ljava/lang/Object;+141
j  org.gradle.internal.operations.DefaultBuildOperationRunner.execute(Lorg/gradle/internal/operations/BuildOperation;Lorg/gradle/internal/operations/BuildOperationWorker;Lorg/gradle/internal/operations/BuildOperationState;)V+18
j  org.gradle.internal.operations.DefaultBuildOperationRunner.run(Lorg/gradle/internal/operations/RunnableBuildOperation;)V+9
j  org.gradle.initialization.BuildOperationFiringSettingsPreparer.prepareSettings(Lorg/gradle/api/internal/GradleInternal;)V+31
j  org.gradle.initialization.VintageBuildModelController.lambda$prepareSettings$1()V+8
j  org.gradle.initialization.VintageBuildModelController$$Lambda+0x000001d3a34110c0.run()V+4
j  org.gradle.internal.model.StateTransitionController.lambda$doTransition$14(Ljava/lang/Runnable;)Lorg/gradle/internal/build/ExecutionResult;+1
j  org.gradle.internal.model.StateTransitionController$$Lambda+0x000001d3a3411510.get()Ljava/lang/Object;+4
j  org.gradle.internal.model.StateTransitionController.doTransition(Lorg/gradle/internal/model/StateTransitionController$State;Lorg/gradle/internal/model/StateTransitionController$State;Ljava/util/function/Supplier;)Lorg/gradle/internal/build/ExecutionResult;+24
j  org.gradle.internal.model.StateTransitionController.doTransition(Lorg/gradle/internal/model/StateTransitionController$State;Lorg/gradle/internal/model/StateTransitionController$State;Ljava/lang/Runnable;)V+9
j  org.gradle.internal.model.StateTransitionController.lambda$transitionIfNotPreviously$11(Lorg/gradle/internal/model/StateTransitionController$State;Lorg/gradle/internal/model/StateTransitionController$State;Ljava/lang/Runnable;)V+16
j  org.gradle.internal.model.StateTransitionController$$Lambda+0x000001d3a34112e8.run()V+16
j  org.gradle.internal.work.DefaultSynchronizer.withLock(Ljava/lang/Runnable;)V+6
j  org.gradle.internal.model.StateTransitionController.transitionIfNotPreviously(Lorg/gradle/internal/model/StateTransitionController$State;Lorg/gradle/internal/model/StateTransitionController$State;Ljava/lang/Runnable;)V+13
j  org.gradle.initialization.VintageBuildModelController.prepareSettings()V+16
j  org.gradle.initialization.VintageBuildModelController.getConfiguredModel()Lorg/gradle/api/internal/GradleInternal;+1
j  org.gradle.internal.build.DefaultBuildLifecycleController.lambda$withProjectsConfigured$1(Ljava/util/function/Function;)Ljava/lang/Object;+5
j  org.gradle.internal.build.DefaultBuildLifecycleController$$Lambda+0x000001d3a3410c70.get()Ljava/lang/Object;+8
j  org.gradle.internal.model.StateTransitionController.lambda$notInState$3(Lorg/gradle/internal/model/StateTransitionController$State;Ljava/util/function/Supplier;)Ljava/lang/Object;+11
j  org.gradle.internal.model.StateTransitionController$$Lambda+0x000001d3a3410e98.create()Ljava/lang/Object;+12
j  org.gradle.internal.work.DefaultSynchronizer.withLock(Lorg/gradle/internal/Factory;)Ljava/lang/Object;+6
j  org.gradle.internal.model.StateTransitionController.notInState(Lorg/gradle/internal/model/StateTransitionController$State;Ljava/util/function/Supplier;)Ljava/lang/Object;+12
j  org.gradle.internal.build.DefaultBuildLifecycleController.withProjectsConfigured(Ljava/util/function/Function;)Ljava/lang/Object;+14
j  org.gradle.internal.build.DefaultBuildToolingModelController.locateBuilderForTarget(Ljava/lang/String;Z)Lorg/gradle/tooling/provider/model/internal/ToolingModelScope;+38
j  org.gradle.internal.buildtree.DefaultBuildTreeModelCreator$DefaultBuildTreeModelController.lambda$locateBuilderForBuildTarget$0(Ljava/lang/String;ZLorg/gradle/internal/build/BuildToolingModelController;)Lorg/gradle/tooling/provider/model/internal/ToolingModelScope;+3
j  org.gradle.internal.buildtree.DefaultBuildTreeModelCreator$DefaultBuildTreeModelController$$Lambda+0x000001d3a33f3440.apply(Ljava/lang/Object;)Ljava/lang/Object;+12
j  org.gradle.internal.build.DefaultBuildLifecycleController.withToolingModels(Ljava/util/function/Function;)Ljava/lang/Object;+15
j  org.gradle.internal.build.AbstractBuildState.withToolingModels(Ljava/util/function/Function;)Ljava/lang/Object;+5
j  org.gradle.internal.buildtree.DefaultBuildTreeModelCreator$DefaultBuildTreeModelController.locateBuilderForBuildTarget(Lorg/gradle/internal/build/BuildState;Ljava/lang/String;Z)Lorg/gradle/tooling/provider/model/internal/ToolingModelScope;+8
j  org.gradle.internal.buildtree.DefaultBuildTreeModelCreator$DefaultBuildTreeModelController.locateBuilderForDefaultTarget(Ljava/lang/String;Z)Lorg/gradle/tooling/provider/model/internal/ToolingModelScope;+10
j  org.gradle.internal.buildtree.DefaultBuildTreeModelCreator$DefaultBuildTreeModelController.locateBuilderForTarget(Lorg/gradle/internal/buildtree/BuildTreeModelTarget;Ljava/lang/String;Z)Lorg/gradle/tooling/provider/model/internal/ToolingModelScope;+10
j  org.gradle.internal.buildtree.DefaultBuildTreeModelCreator$DefaultBuildTreeModelController.access$200(Lorg/gradle/internal/buildtree/DefaultBuildTreeModelCreator$DefaultBuildTreeModelController;Lorg/gradle/internal/buildtree/BuildTreeModelTarget;Ljava/lang/String;Z)Lorg/gradle/tooling/provider/model/internal/ToolingModelScope;+4
j  org.gradle.internal.buildtree.DefaultBuildTreeModelCreator$DefaultBuildTreeModelController$1.call(Lorg/gradle/internal/operations/BuildOperationContext;)Ljava/lang/Object;+24
j  org.gradle.internal.operations.DefaultBuildOperationRunner$CallableBuildOperationWorker.execute(Lorg/gradle/internal/operations/CallableBuildOperation;Lorg/gradle/internal/operations/BuildOperationContext;)V+3
j  org.gradle.internal.operations.DefaultBuildOperationRunner$CallableBuildOperationWorker.execute(Lorg/gradle/internal/operations/BuildOperation;Lorg/gradle/internal/operations/BuildOperationContext;)V+6
j  org.gradle.internal.operations.DefaultBuildOperationRunner$2.execute(Lorg/gradle/internal/operations/BuildOperationDescriptor;Lorg/gradle/internal/operations/BuildOperationState;Lorg/gradle/internal/operations/BuildOperationState;Lorg/gradle/internal/operations/DefaultBuildOperationRunner$ReadableBuildOperationContext;Lorg/gradle/internal/operations/DefaultBuildOperationRunner$BuildOperationExecutionListener;)Lorg/gradle/internal/operations/BuildOperation;+22
j  org.gradle.internal.operations.DefaultBuildOperationRunner$2.execute(Lorg/gradle/internal/operations/BuildOperationDescriptor;Lorg/gradle/internal/operations/BuildOperationState;Lorg/gradle/internal/operations/BuildOperationState;Lorg/gradle/internal/operations/DefaultBuildOperationRunner$ReadableBuildOperationContext;Lorg/gradle/internal/operations/DefaultBuildOperationRunner$BuildOperationExecutionListener;)Ljava/lang/Object;+8
j  org.gradle.internal.operations.DefaultBuildOperationRunner.execute(Lorg/gradle/internal/operations/BuildOperationDescriptor$Builder;Lorg/gradle/internal/operations/BuildOperationState;Lorg/gradle/internal/operations/DefaultBuildOperationRunner$BuildOperationExecution;)Ljava/lang/Object;+141
j  org.gradle.internal.operations.DefaultBuildOperationRunner.execute(Lorg/gradle/internal/operations/BuildOperation;Lorg/gradle/internal/operations/BuildOperationWorker;Lorg/gradle/internal/operations/BuildOperationState;)V+18
j  org.gradle.internal.operations.DefaultBuildOperationRunner.call(Lorg/gradle/internal/operations/CallableBuildOperation;)Ljava/lang/Object;+16
j  org.gradle.internal.buildtree.DefaultBuildTreeModelCreator$DefaultBuildTreeModelController.getModel(Lorg/gradle/internal/buildtree/BuildTreeModelTarget;Ljava/lang/String;Ljava/lang/Object;)Ljava/lang/Object;+18
j  org.gradle.tooling.internal.provider.runner.BuildModelActionRunner$ModelCreateAction.fromBuildModel(Lorg/gradle/internal/buildtree/BuildTreeModelController;)Ljava/lang/Object;+14
j  org.gradle.internal.buildtree.DefaultBuildTreeModelCreator.fromBuildModel(Lorg/gradle/internal/buildtree/BuildTreeModelAction;)Ljava/lang/Object;+10
j  org.gradle.internal.buildtree.DefaultBuildTreeLifecycleController.lambda$fromBuildModel$2(Lorg/gradle/internal/buildtree/BuildTreeModelAction;Z)Lorg/gradle/internal/build/ExecutionResult;+57
j  org.gradle.internal.buildtree.DefaultBuildTreeLifecycleController$$Lambda+0x000001d3a33f22f0.get()Ljava/lang/Object;+12
j  org.gradle.internal.buildtree.DefaultBuildTreeLifecycleController.lambda$runBuild$4(Ljava/util/function/Supplier;)Ljava/lang/Object;+1
j  org.gradle.internal.buildtree.DefaultBuildTreeLifecycleController$$Lambda+0x000001d3a33f2518.get()Ljava/lang/Object;+8
j  org.gradle.internal.model.StateTransitionController.lambda$transition$6(Ljava/util/function/Supplier;)Lorg/gradle/internal/build/ExecutionResult;+1
j  org.gradle.internal.model.StateTransitionController$$Lambda+0x000001d3a33f2968.get()Ljava/lang/Object;+4
j  org.gradle.internal.model.StateTransitionController.doTransition(Lorg/gradle/internal/model/StateTransitionController$State;Lorg/gradle/internal/model/StateTransitionController$State;Ljava/util/function/Supplier;)Lorg/gradle/internal/build/ExecutionResult;+24
j  org.gradle.internal.model.StateTransitionController.lambda$transition$7(Lorg/gradle/internal/model/StateTransitionController$State;Lorg/gradle/internal/model/StateTransitionController$State;Ljava/util/function/Supplier;)Ljava/lang/Object;+9
j  org.gradle.internal.model.StateTransitionController$$Lambda+0x000001d3a33f2740.create()Ljava/lang/Object;+16
j  org.gradle.internal.work.DefaultSynchronizer.withLock(Lorg/gradle/internal/Factory;)Ljava/lang/Object;+6
j  org.gradle.internal.model.StateTransitionController.transition(Lorg/gradle/internal/model/StateTransitionController$State;Lorg/gradle/internal/model/StateTransitionController$State;Ljava/util/function/Supplier;)Ljava/lang/Object;+13
j  org.gradle.internal.buildtree.DefaultBuildTreeLifecycleController.runBuild(Ljava/util/function/Supplier;)Ljava/lang/Object;+17
j  org.gradle.internal.buildtree.DefaultBuildTreeLifecycleController.fromBuildModel(ZLorg/gradle/internal/buildtree/BuildTreeModelAction;)Ljava/lang/Object;+9
j  org.gradle.tooling.internal.provider.runner.BuildModelActionRunner.run(Lorg/gradle/internal/invocation/BuildAction;Lorg/gradle/internal/buildtree/BuildTreeLifecycleController;)Lorg/gradle/internal/buildtree/BuildActionRunner$Result;+40
j  org.gradle.launcher.exec.ChainingBuildActionRunner.run(Lorg/gradle/internal/invocation/BuildAction;Lorg/gradle/internal/buildtree/BuildTreeLifecycleController;)Lorg/gradle/internal/buildtree/BuildActionRunner$Result;+34
j  org.gradle.internal.buildtree.ProblemReportingBuildActionRunner.run(Lorg/gradle/internal/invocation/BuildAction;Lorg/gradle/internal/buildtree/BuildTreeLifecycleController;)Lorg/gradle/internal/buildtree/BuildActionRunner$Result;+12
j  org.gradle.launcher.exec.BuildOutcomeReportingBuildActionRunner.run(Lorg/gradle/internal/invocation/BuildAction;Lorg/gradle/internal/buildtree/BuildTreeLifecycleController;)Lorg/gradle/internal/buildtree/BuildActionRunner$Result;+69
j  org.gradle.tooling.internal.provider.FileSystemWatchingBuildActionRunner.run(Lorg/gradle/internal/invocation/BuildAction;Lorg/gradle/internal/buildtree/BuildTreeLifecycleController;)Lorg/gradle/internal/buildtree/BuildActionRunner$Result;+317
j  org.gradle.launcher.exec.BuildCompletionNotifyingBuildActionRunner.run(Lorg/gradle/internal/invocation/BuildAction;Lorg/gradle/internal/buildtree/BuildTreeLifecycleController;)Lorg/gradle/internal/buildtree/BuildActionRunner$Result;+6
j  org.gradle.launcher.exec.RootBuildLifecycleBuildActionExecutor.lambda$execute$0(Lorg/gradle/internal/invocation/BuildAction;Lorg/gradle/internal/buildtree/BuildTreeLifecycleController;)Lorg/gradle/internal/buildtree/BuildActionRunner$Result;+6
j  org.gradle.launcher.exec.RootBuildLifecycleBuildActionExecutor$$Lambda+0x000001d3a33dd560.apply(Ljava/lang/Object;)Ljava/lang/Object;+12
j  org.gradle.composite.internal.DefaultRootBuildState.run(Ljava/util/function/Function;)Ljava/lang/Object;+87
j  org.gradle.launcher.exec.RootBuildLifecycleBuildActionExecutor.execute(Lorg/gradle/internal/invocation/BuildAction;Lorg/gradle/internal/buildtree/BuildTreeContext;)Lorg/gradle/internal/buildtree/BuildActionRunner$Result;+75
j  org.gradle.internal.buildtree.InitDeprecationLoggingActionExecutor.execute(Lorg/gradle/internal/invocation/BuildAction;Lorg/gradle/internal/buildtree/BuildTreeContext;)Lorg/gradle/internal/buildtree/BuildActionRunner$Result;+83
j  org.gradle.internal.buildtree.InitProblems.execute(Lorg/gradle/internal/invocation/BuildAction;Lorg/gradle/internal/buildtree/BuildTreeContext;)Lorg/gradle/internal/buildtree/BuildActionRunner$Result;+13
j  org.gradle.internal.buildtree.DefaultBuildTreeContext.execute(Lorg/gradle/internal/invocation/BuildAction;)Lorg/gradle/internal/buildtree/BuildActionRunner$Result;+64
j  org.gradle.launcher.exec.BuildTreeLifecycleBuildActionExecutor.lambda$execute$0(Lorg/gradle/internal/invocation/BuildAction;Lorg/gradle/internal/buildtree/BuildTreeContext;)Lorg/gradle/internal/buildtree/BuildActionRunner$Result;+2
j  org.gradle.launcher.exec.BuildTreeLifecycleBuildActionExecutor$$Lambda+0x000001d3a32b5dd8.apply(Ljava/lang/Object;)Ljava/lang/Object;+8
j  org.gradle.internal.buildtree.BuildTreeState.run(Ljava/util/function/Function;)Ljava/lang/Object;+47
j  org.gradle.launcher.exec.BuildTreeLifecycleBuildActionExecutor.execute(Lorg/gradle/internal/invocation/BuildAction;Lorg/gradle/internal/session/BuildSessionContext;)Lorg/gradle/internal/buildtree/BuildActionRunner$Result;+74
j  org.gradle.launcher.exec.RunAsBuildOperationBuildActionExecutor$2.call(Lorg/gradle/internal/operations/BuildOperationContext;)Lorg/gradle/internal/buildtree/BuildActionRunner$Result;+25
j  org.gradle.launcher.exec.RunAsBuildOperationBuildActionExecutor$2.call(Lorg/gradle/internal/operations/BuildOperationContext;)Ljava/lang/Object;+2
j  org.gradle.internal.operations.DefaultBuildOperationRunner$CallableBuildOperationWorker.execute(Lorg/gradle/internal/operations/CallableBuildOperation;Lorg/gradle/internal/operations/BuildOperationContext;)V+3
j  org.gradle.internal.operations.DefaultBuildOperationRunner$CallableBuildOperationWorker.execute(Lorg/gradle/internal/operations/BuildOperation;Lorg/gradle/internal/operations/BuildOperationContext;)V+6
j  org.gradle.internal.operations.DefaultBuildOperationRunner$2.execute(Lorg/gradle/internal/operations/BuildOperationDescriptor;Lorg/gradle/internal/operations/BuildOperationState;Lorg/gradle/internal/operations/BuildOperationState;Lorg/gradle/internal/operations/DefaultBuildOperationRunner$ReadableBuildOperationContext;Lorg/gradle/internal/operations/DefaultBuildOperationRunner$BuildOperationExecutionListener;)Lorg/gradle/internal/operations/BuildOperation;+22
j  org.gradle.internal.operations.DefaultBuildOperationRunner$2.execute(Lorg/gradle/internal/operations/BuildOperationDescriptor;Lorg/gradle/internal/operations/BuildOperationState;Lorg/gradle/internal/operations/BuildOperationState;Lorg/gradle/internal/operations/DefaultBuildOperationRunner$ReadableBuildOperationContext;Lorg/gradle/internal/operations/DefaultBuildOperationRunner$BuildOperationExecutionListener;)Ljava/lang/Object;+8
j  org.gradle.internal.operations.DefaultBuildOperationRunner.execute(Lorg/gradle/internal/operations/BuildOperationDescriptor$Builder;Lorg/gradle/internal/operations/BuildOperationState;Lorg/gradle/internal/operations/DefaultBuildOperationRunner$BuildOperationExecution;)Ljava/lang/Object;+141
j  org.gradle.internal.operations.DefaultBuildOperationRunner.execute(Lorg/gradle/internal/operations/BuildOperation;Lorg/gradle/internal/operations/BuildOperationWorker;Lorg/gradle/internal/operations/BuildOperationState;)V+18
j  org.gradle.internal.operations.DefaultBuildOperationRunner.call(Lorg/gradle/internal/operations/CallableBuildOperation;)Ljava/lang/Object;+16
j  org.gradle.launcher.exec.RunAsBuildOperationBuildActionExecutor.execute(Lorg/gradle/internal/invocation/BuildAction;Lorg/gradle/internal/session/BuildSessionContext;)Lorg/gradle/internal/buildtree/BuildActionRunner$Result;+23
j  org.gradle.launcher.exec.RunAsWorkerThreadBuildActionExecutor.lambda$execute$0(Lorg/gradle/internal/invocation/BuildAction;Lorg/gradle/internal/session/BuildSessionContext;)Lorg/gradle/internal/buildtree/BuildActionRunner$Result;+6
j  org.gradle.launcher.exec.RunAsWorkerThreadBuildActionExecutor$$Lambda+0x000001d3a3285bc0.create()Ljava/lang/Object;+12
j  org.gradle.internal.work.DefaultWorkerLeaseService.withLocks(Ljava/util/Collection;Lorg/gradle/internal/Factory;)Ljava/lang/Object;+28
j  org.gradle.internal.work.DefaultWorkerLeaseService.runAsWorkerThread(Lorg/gradle/internal/Factory;)Ljava/lang/Object;+33
j  org.gradle.launcher.exec.RunAsWorkerThreadBuildActionExecutor.execute(Lorg/gradle/internal/invocation/BuildAction;Lorg/gradle/internal/session/BuildSessionContext;)Lorg/gradle/internal/buildtree/BuildActionRunner$Result;+12
j  org.gradle.tooling.internal.provider.continuous.ContinuousBuildActionExecutor.execute(Lorg/gradle/internal/invocation/BuildAction;Lorg/gradle/internal/session/BuildSessionContext;)Lorg/gradle/internal/buildtree/BuildActionRunner$Result;+58
j  org.gradle.tooling.internal.provider.SubscribableBuildActionExecutor.execute(Lorg/gradle/internal/invocation/BuildAction;Lorg/gradle/internal/session/BuildSessionContext;)Lorg/gradle/internal/buildtree/BuildActionRunner$Result;+30
j  org.gradle.internal.session.DefaultBuildSessionContext.execute(Lorg/gradle/internal/invocation/BuildAction;)Lorg/gradle/internal/buildtree/BuildActionRunner$Result;+64
j  org.gradle.internal.buildprocess.execution.BuildSessionLifecycleBuildActionExecutor$ActionImpl.apply(Lorg/gradle/internal/session/BuildSessionContext;)Lorg/gradle/launcher/exec/BuildActionResult;+6
j  org.gradle.internal.buildprocess.execution.BuildSessionLifecycleBuildActionExecutor$ActionImpl.apply(Ljava/lang/Object;)Ljava/lang/Object;+5
j  org.gradle.internal.session.BuildSessionState.run(Ljava/util/function/Function;)Ljava/lang/Object;+5
j  org.gradle.internal.buildprocess.execution.BuildSessionLifecycleBuildActionExecutor.execute(Lorg/gradle/internal/invocation/BuildAction;Lorg/gradle/launcher/exec/BuildActionParameters;Lorg/gradle/initialization/BuildRequestContext;)Lorg/gradle/launcher/exec/BuildActionResult;+95
j  org.gradle.internal.buildprocess.execution.BuildSessionLifecycleBuildActionExecutor.execute(Lorg/gradle/internal/invocation/BuildAction;Ljava/lang/Object;Ljava/lang/Object;)Lorg/gradle/launcher/exec/BuildActionResult;+10
j  org.gradle.internal.buildprocess.execution.StartParamsValidatingActionExecutor.execute(Lorg/gradle/internal/invocation/BuildAction;Lorg/gradle/launcher/exec/BuildActionParameters;Lorg/gradle/initialization/BuildRequestContext;)Lorg/gradle/launcher/exec/BuildActionResult;+203
j  org.gradle.internal.buildprocess.execution.StartParamsValidatingActionExecutor.execute(Lorg/gradle/internal/invocation/BuildAction;Ljava/lang/Object;Ljava/lang/Object;)Lorg/gradle/launcher/exec/BuildActionResult;+10
j  org.gradle.internal.buildprocess.execution.SessionFailureReportingActionExecutor.execute(Lorg/gradle/internal/invocation/BuildAction;Lorg/gradle/launcher/exec/BuildActionParameters;Lorg/gradle/initialization/BuildRequestContext;)Lorg/gradle/launcher/exec/BuildActionResult;+7
j  org.gradle.internal.buildprocess.execution.SessionFailureReportingActionExecutor.execute(Lorg/gradle/internal/invocation/BuildAction;Ljava/lang/Object;Ljava/lang/Object;)Lorg/gradle/launcher/exec/BuildActionResult;+10
j  org.gradle.internal.buildprocess.execution.SetupLoggingActionExecutor.execute(Lorg/gradle/internal/invocation/BuildAction;Lorg/gradle/launcher/exec/BuildActionParameters;Lorg/gradle/initialization/BuildRequestContext;)Lorg/gradle/launcher/exec/BuildActionResult;+50
j  org.gradle.internal.buildprocess.execution.SetupLoggingActionExecutor.execute(Lorg/gradle/internal/invocation/BuildAction;Ljava/lang/Object;Ljava/lang/Object;)Lorg/gradle/launcher/exec/BuildActionResult;+10
j  org.gradle.launcher.daemon.server.exec.ExecuteBuild.doBuild(Lorg/gradle/launcher/daemon/server/api/DaemonCommandExecution;Lorg/gradle/launcher/daemon/protocol/Build;)V+147
j  org.gradle.launcher.daemon.server.exec.BuildCommandOnly.execute(Lorg/gradle/launcher/daemon/server/api/DaemonCommandExecution;)V+49
j  org.gradle.launcher.daemon.server.api.DaemonCommandExecution.proceed()Z+23
j  org.gradle.launcher.daemon.server.exec.WatchForDisconnection.execute(Lorg/gradle/launcher/daemon/server/api/DaemonCommandExecution;)V+19
j  org.gradle.launcher.daemon.server.api.DaemonCommandExecution.proceed()Z+23
j  org.gradle.launcher.daemon.server.exec.ResetDeprecationLogger.execute(Lorg/gradle/launcher/daemon/server/api/DaemonCommandExecution;)V+7
j  org.gradle.launcher.daemon.server.api.DaemonCommandExecution.proceed()Z+23
j  org.gradle.launcher.daemon.server.exec.RequestStopIfSingleUsedDaemon.execute(Lorg/gradle/launcher/daemon/server/api/DaemonCommandExecution;)V+33
j  org.gradle.launcher.daemon.server.api.DaemonCommandExecution.proceed()Z+23
j  org.gradle.launcher.daemon.server.exec.ForwardClientInput.lambda$execute$0(Lorg/gradle/launcher/daemon/server/api/DaemonCommandExecution;Lorg/gradle/internal/daemon/clientinput/StdinHandler;)Ljava/lang/Object;+11
j  org.gradle.launcher.daemon.server.exec.ForwardClientInput$$Lambda+0x000001d3a318f0d8.apply(Ljava/lang/Object;)Ljava/lang/Object;+8
j  org.gradle.internal.daemon.clientinput.ClientInputForwarder.forwardInput(Ljava/util/function/Function;)Ljava/lang/Object;+46
j  org.gradle.launcher.daemon.server.exec.ForwardClientInput.execute(Lorg/gradle/launcher/daemon/server/api/DaemonCommandExecution;)V+10
j  org.gradle.launcher.daemon.server.api.DaemonCommandExecution.proceed()Z+23
j  org.gradle.launcher.daemon.server.exec.LogAndCheckHealth.execute(Lorg/gradle/launcher/daemon/server/api/DaemonCommandExecution;)V+51
j  org.gradle.launcher.daemon.server.api.DaemonCommandExecution.proceed()Z+23
j  org.gradle.launcher.daemon.server.exec.LogToClient.doBuild(Lorg/gradle/launcher/daemon/server/api/DaemonCommandExecution;Lorg/gradle/launcher/daemon/protocol/Build;)V+87
j  org.gradle.launcher.daemon.server.exec.BuildCommandOnly.execute(Lorg/gradle/launcher/daemon/server/api/DaemonCommandExecution;)V+49
j  org.gradle.launcher.daemon.server.api.DaemonCommandExecution.proceed()Z+23
j  org.gradle.launcher.daemon.server.exec.EstablishBuildEnvironment.doBuild(Lorg/gradle/launcher/daemon/server/api/DaemonCommandExecution;Lorg/gradle/launcher/daemon/protocol/Build;)V+356
j  org.gradle.launcher.daemon.server.exec.BuildCommandOnly.execute(Lorg/gradle/launcher/daemon/server/api/DaemonCommandExecution;)V+49
j  org.gradle.launcher.daemon.server.api.DaemonCommandExecution.proceed()Z+23
j  org.gradle.launcher.daemon.server.exec.StartBuildOrRespondWithBusy$1.run()V+44
j  org.gradle.launcher.daemon.server.DaemonStateCoordinator.lambda$runCommand$0(Ljava/lang/Runnable;)V+1
j  org.gradle.launcher.daemon.server.DaemonStateCoordinator$$Lambda+0x000001d3a318de70.run()V+8
j  org.gradle.internal.concurrent.ExecutorPolicy$CatchAndRecordFailures.onExecute(Ljava/lang/Runnable;)V+1
J 2861 c1 org.gradle.internal.concurrent.AbstractManagedExecutor$1.run()V (57 bytes) @ 0x000001d3805619fc [0x000001d380561820+0x00000000000001dc]
j  java.util.concurrent.ThreadPoolExecutor.runWorker(Ljava/util/concurrent/ThreadPoolExecutor$Worker;)V+92 java.base@21.0.12.1
j  java.util.concurrent.ThreadPoolExecutor$Worker.run()V+5 java.base@21.0.12.1
j  java.lang.Thread.runWith(Ljava/lang/Object;Ljava/lang/Runnable;)V+5 java.base@21.0.12.1
j  java.lang.Thread.run()V+19 java.base@21.0.12.1
v  ~StubRoutines::call_stub 0x000001d38fd310e7

Compiled method (n/a) 322947 1978     n 0       java.lang.ClassLoader::defineClass0 (native)
 total in heap  [0x000001d3903cc290,0x000001d3903cc958] = 1736
 relocation     [0x000001d3903cc3f0,0x000001d3903cc428] = 56
 main code      [0x000001d3903cc440,0x000001d3903cc952] = 1298
 stub code      [0x000001d3903cc952,0x000001d3903cc958] = 6

[Constant Pool (empty)]

[MachCode]
[Entry Point]
  # {method} {0x000001d3a2434610} 'defineClass0' '(Ljava/lang/ClassLoader;Ljava/lang/Class;Ljava/lang/String;[BIILjava/security/ProtectionDomain;ZILjava/lang/Object;)Ljava/lang/Class;' in 'java/lang/ClassLoader'
  # parm0:    rdx:rdx   = 'java/lang/ClassLoader'
  # parm1:    r8:r8     = 'java/lang/Class'
  # parm2:    r9:r9     = 'java/lang/String'
  # parm3:    rdi:rdi   = '[B'
  # parm4:    rsi       = int
  # parm5:    rcx       = int
  # parm6:    [sp+0xb0]   = 'java/security/ProtectionDomain'  (sp of caller)
  # parm7:    [sp+0xb8]   = boolean
  # parm8:    [sp+0xc0]   = int
  # parm9:    [sp+0xc8]   = 'java/lang/Object'
  0x000001d3903cc440: 448b 5208 | 49bb 0000 | 00a2 d301 | 0000 4d03 | d349 3bc2 | 0f84 0600 

  0x000001d3903cc458: ;   {runtime_call ic_miss_stub}
  0x000001d3903cc458: 0000 e921 | 259b ff90 
[Verified Entry Point]
  0x000001d3903cc460: 8984 2400 | 80ff ff55 | 488b ec48 | 81ec a000 | 0000 6690 | 4181 7f20 | 0500 0000 

  0x000001d3903cc47c: ;   {runtime_call StubRoutines (final stubs)}
  0x000001d3903cc47c: 7405 e85d | be99 ff48 | 837d 2800 | 488d 4528 | 480f 4445 | 2848 8944 | 2458 4863 | 4520 4889 
  0x000001d3903cc49c: 4424 5048 | 6345 1848 | 8944 2448 | 4883 7d10 | 0048 8d45 | 1048 0f44 | 4510 4889 | 4424 4048 
  0x000001d3903cc4bc: 894c 2438 | 4889 7424 | 3048 897c | 2478 4883 | ff00 488d | 4424 7848 | 0f44 4424 | 7848 8944 
  0x000001d3903cc4dc: 2428 4c89 | 4c24 7049 | 83f9 0048 | 8d44 2470 | 480f 4444 | 2470 4889 | 4424 204c | 8944 2468 
  0x000001d3903cc4fc: 4983 f800 | 4c8d 4c24 | 684c 0f44 | 4c24 6848 | 8954 2460 | 4883 fa00 | 4c8d 4424 | 604c 0f44 
  0x000001d3903cc51c: ;   {oop(a 'java/lang/Class'{0x0000000600421f10} = 'java/lang/ClassLoader')}
  0x000001d3903cc51c: 4424 6049 | be10 1f42 | 0006 0000 | 004c 89b4 | 2490 0000 | 004c 8db4 | 2490 0000 | 0049 8bd6 
  0x000001d3903cc53c: ;   {internal_word}
  0x000001d3903cc53c: c5f8 7749 | ba3c c53c | 90d3 0100 | 004d 8997 | a803 0000 | 4989 a7a0 

  0x000001d3903cc554: ;   {external_word}
  0x000001d3903cc554: 0300 0049 | ba06 6d24 | fef8 7f00 | 0041 803a | 000f 844e | 0000 0052 | 4150 4151 

  0x000001d3903cc570: ;   {metadata({method} {0x000001d3a2434610} 'defineClass0' '(Ljava/lang/ClassLoader;Ljava/lang/Class;Ljava/lang/String;[BIILjava/security/ProtectionDomain;ZILjava/lang/Object;)Ljava/lang/Class;' in 'java/lang/ClassLoader')}
  0x000001d3903cc570: 48ba 0846 | 43a2 d301 | 0000 498b | cf48 83ec | 2040 f6c4 | 0f0f 8419 | 0000 0048 

  0x000001d3903cc58c: ;   {runtime_call}
  0x000001d3903cc58c: 83ec 0848 | b8e0 eacd | fdf8 7f00 | 00ff d048 | 83c4 08e9 | 0c00 0000 

  0x000001d3903cc5a4: ;   {runtime_call}
  0x000001d3903cc5a4: 48b8 e0ea | cdfd f87f | 0000 ffd0 | 4883 c420 | 4159 4158 | 5a49 8d8f | c003 0000 | 41c7 874c 
  0x000001d3903cc5c4: 0400 0004 

  0x000001d3903cc5c8: ;   {runtime_call}
  0x000001d3903cc5c8: 0000 0048 | b81c 1533 | 9ef9 7f00 | 00ff d0c5 | f877 41c7 | 874c 0400 | 0005 0000 | 00f0 8344 
  0x000001d3903cc5e8: 24c0 0049 | 3baf 5004 | 0000 0f87 | 0e00 0000 | 4183 bf48 | 0400 0000 | 0f84 2b00 | 0000 c5f8 
  0x000001d3903cc608: 7748 8945 | f849 8bcf | 4c8b e448 | 83ec 2048 

  0x000001d3903cc618: ;   {runtime_call}
  0x000001d3903cc618: 83e4 f048 | b800 5899 | fdf8 7f00 | 00ff d049 | 8be4 4d33 | e448 8b45 | f841 c787 | 4c04 0000 
  0x000001d3903cc638: 0800 0000 | 4183 bfc8 | 0400 0002 | 0f84 db02 

  0x000001d3903cc648: ;   {external_word}
  0x000001d3903cc648: 0000 49ba | 066d 24fe | f87f 0000 | 4180 3a00 | 0f84 4c00 | 0000 4889 

  0x000001d3903cc660: ;   {metadata({method} {0x000001d3a2434610} 'defineClass0' '(Ljava/lang/ClassLoader;Ljava/lang/Class;Ljava/lang/String;[BIILjava/security/ProtectionDomain;ZILjava/lang/Object;)Ljava/lang/Class;' in 'java/lang/ClassLoader')}
  0x000001d3903cc660: 45f8 48ba | 0846 43a2 | d301 0000 | 498b cf48 | 83ec 2040 | f6c4 0f0f | 8419 0000 | 0048 83ec 
  0x000001d3903cc680: ;   {runtime_call}
  0x000001d3903cc680: 0848 b8e0 | eacd fdf8 | 7f00 00ff | d048 83c4 | 08e9 0c00 

  0x000001d3903cc694: ;   {runtime_call}
  0x000001d3903cc694: 0000 48b8 | e0ea cdfd | f87f 0000 | ffd0 4883 | c420 488b | 45f8 49c7 | 87a0 0300 | 0000 0000 
  0x000001d3903cc6b4: 0049 c787 | a803 0000 | 0000 0000 | c5f8 7748 | 85c0 0f84 | 3602 0000 | a803 0f85 | 0800 0000 
  0x000001d3903cc6d4: 488b 00e9 | 2602 0000 | a801 0f85 | 0900 0000 | 488b 40fe | e915 0200 | 0048 8b40 | ff41 807f 
  0x000001d3903cc6f4: 4000 0f84 | 0602 0000 | 4883 f800 | 0f84 fc01 | 0000 498b | 4f28 4883 | f900 0f84 | 1400 0000 
  0x000001d3903cc714: 4883 e908 | 4989 4f28 | 4903 4f38 | 4889 01e9 | da01 0000 | 4881 ecf0 | 0000 0048 | 8904 2448 
  0x000001d3903cc734: 894c 2408 | 4889 5424 | 104c 8944 | 2418 4c89 | 4c24 204c | 8954 2428 | 4c89 5c24 | 30c5 fb11 
  0x000001d3903cc754: 4424 40c5 | fb11 4c24 | 48c5 fb11 | 5424 50c5 | fb11 5c24 | 58c5 fb11 | 6424 60c5 | fb11 6c24 
  0x000001d3903cc774: 6862 e1ff | 0811 4424 | 0e62 e1ff | 0811 4c24 | 0f62 e1ff | 0811 5424 | 1062 e1ff | 0811 5c24 
  0x000001d3903cc794: ;   {no_reloc}
  0x000001d3903cc794: 1162 e1ff | 0811 6424 | 1262 e1ff | 0811 6c24 | 1362 e1ff | 0811 7424 | 1462 e1ff | 0811 7c24 
  0x000001d3903cc7b4: 1562 61ff | 0811 4424 | 1662 61ff | 0811 4c24 | 1762 61ff | 0811 5424 | 1862 61ff | 0811 5c24 
  0x000001d3903cc7d4: 1962 61ff | 0811 6424 | 1a62 61ff | 0811 6c24 | 1b62 61ff | 0811 7424 | 1c62 61ff | 0811 7c24 
  0x000001d3903cc7f4: 1d49 8bd7 | 488b c848 | 83ec 2040 | f6c4 0f0f | 8419 0000 | 0048 83ec 

  0x000001d3903cc80c: ;   {runtime_call}
  0x000001d3903cc80c: 0848 b820 | a48c fdf8 | 7f00 00ff | d048 83c4 | 08e9 0c00 

  0x000001d3903cc820: ;   {runtime_call}
  0x000001d3903cc820: 0000 48b8 | 20a4 8cfd | f87f 0000 | ffd0 4883 | c420 6261 | ff08 107c | 241d 6261 | ff08 1074 
  0x000001d3903cc840: 241c 6261 | ff08 106c | 241b 6261 | ff08 1064 | 241a 6261 | ff08 105c | 2419 6261 | ff08 1054 
  0x000001d3903cc860: 2418 6261 | ff08 104c | 2417 6261 | ff08 1044 | 2416 62e1 | ff08 107c | 2415 62e1 | ff08 1074 
  0x000001d3903cc880: 2414 62e1 | ff08 106c | 2413 62e1 | ff08 1064 | 2412 62e1 | ff08 105c | 2411 62e1 | ff08 1054 
  0x000001d3903cc8a0: 2410 62e1 | ff08 104c | 240f 62e1 | ff08 1044 | 240e c5fb | 106c 2468 | c5fb 1064 | 2460 c5fb 
  0x000001d3903cc8c0: 105c 2458 | c5fb 1054 | 2450 c5fb | 104c 2448 | c5fb 1044 | 2440 4c8b | 5c24 304c | 8b54 2428 
  0x000001d3903cc8e0: 4c8b 4c24 | 204c 8b44 | 2418 488b | 5424 1048 | 8b4c 2408 | 488b 0424 | 4881 c4f0 | 0000 00c5 
  0x000001d3903cc900: f877 498b | 8f30 0400 | 00c7 8100 | 0100 0000 | 0000 00c9 | 4983 7f08 | 000f 8501 | 0000 00c3 
  0x000001d3903cc920: ;   {runtime_call StubRoutines (initial stubs)}
  0x000001d3903cc920: e9db 4596 | ffc5 f877 | 4889 45f8 | 4c8b e448 | 83ec 2048 

  0x000001d3903cc934: ;   {runtime_call}
  0x000001d3903cc934: 83e4 f048 | b830 22ce | fdf8 7f00 | 00ff d049 | 8be4 4d33 | e448 8b45 | f8e9 f8fc | ffff f4f4 
  0x000001d3903cc954: f4f4 f4f4 
[/MachCode]


Compiled method (c1) 322961 3136       3       java.lang.System$2::defineClass (21 bytes)
 total in heap  [0x000001d380608f10,0x000001d3806092f0] = 992
 relocation     [0x000001d380609070,0x000001d3806090b0] = 64
 main code      [0x000001d3806090c0,0x000001d3806091f8] = 312
 stub code      [0x000001d3806091f8,0x000001d380609238] = 64
 metadata       [0x000001d380609238,0x000001d380609240] = 8
 scopes data    [0x000001d380609240,0x000001d380609288] = 72
 scopes pcs     [0x000001d380609288,0x000001d3806092d8] = 80
 dependencies   [0x000001d3806092d8,0x000001d3806092e0] = 8
 nul chk table  [0x000001d3806092e0,0x000001d3806092f0] = 16

[Constant Pool (empty)]

[MachCode]
[Entry Point]
  # {method} {0x000001d3a2019588} 'defineClass' '(Ljava/lang/ClassLoader;Ljava/lang/Class;Ljava/lang/String;[BLjava/security/ProtectionDomain;ZILjava/lang/Object;)Ljava/lang/Class;' in 'java/lang/System$2'
  # this:     rdx:rdx   = 'java/lang/System$2'
  # parm0:    r8:r8     = 'java/lang/ClassLoader'
  # parm1:    r9:r9     = 'java/lang/Class'
  # parm2:    rdi:rdi   = 'java/lang/String'
  # parm3:    rsi:rsi   = '[B'
  # parm4:    rcx:rcx   = 'java/security/ProtectionDomain'
  # parm5:    [sp+0x70]   = boolean  (sp of caller)
  # parm6:    [sp+0x78]   = int
  # parm7:    [sp+0x80]   = 'java/lang/Object'
  0x000001d3806090c0: 448b 5208 | 49bb 0000 | 00a2 d301 | 0000 4d03 | d34c 3bd0 

  0x000001d3806090d4: ;   {runtime_call ic_miss_stub}
  0x000001d3806090d4: 0f85 a658 | 770f 660f | 1f44 0000 
[Verified Entry Point]
  0x000001d3806090e0: 8984 2400 | 80ff ff55 | 4883 ec60 | 4181 7f20 | 0500 0000 

  0x000001d3806090f4: ;   {runtime_call StubRoutines (final stubs)}
  0x000001d3806090f4: 7405 e8e5 | f175 0f48 

  0x000001d3806090fc: ;   {metadata(method data for {method} {0x000001d3a2019588} 'defineClass' '(Ljava/lang/ClassLoader;Ljava/lang/Class;Ljava/lang/String;[BLjava/security/ProtectionDomain;ZILjava/lang/Object;)Ljava/lang/Class;' in 'java/lang/System$2')}
  0x000001d3806090fc: 8bd9 48b9 | 4025 9ce3 | d301 0000 | 8b81 cc00 | 0000 83c0 | 0289 81cc | 0000 0025 | fe07 0000 
  0x000001d38060911c: 85c0 0f84 | 6b00 0000 | 4c8b ac24 | 8000 0000 | 448b 5c24 | 788b 4424 | 708b 4e0c 

  0x000001d380609138: ;   {metadata(method data for {method} {0x000001d3a2019588} 'defineClass' '(Ljava/lang/ClassLoader;Ljava/lang/Class;Ljava/lang/String;[BLjava/security/ProtectionDomain;ZILjava/lang/Object;)Ljava/lang/Class;' in 'java/lang/System$2')}
  0x000001d380609138: 48ba 4025 | 9ce3 d301 | 0000 4883 | 8210 0100 | 0001 498b | d04d 8bc1 | 4c8b cf48 | 8bfe be00 
  0x000001d380609158: 0000 0048 | 891c 2489 | 4424 0844 | 895c 2410 | 4c89 6c24 

  0x000001d38060916c: ;   {static_call}
  0x000001d38060916c: 1866 90e8 

  0x000001d380609170: ; ImmutableOopMap {}
                      ;*invokestatic defineClass0 {reexecute=0 rethrow=0 return_oop=0}
                      ; - java.lang.System$2::defineClass@17
  0x000001d380609170: ec32 dc0f 

  0x000001d380609174: ;   {other}
  0x000001d380609174: 0f1f 8400 | 6402 0000 | 4883 c460 

  0x000001d380609180: ;   {poll_return}
  0x000001d380609180: 5d49 3ba7 | 5004 0000 | 0f87 2700 

  0x000001d38060918c: ;   {metadata({method} {0x000001d3a2019588} 'defineClass' '(Ljava/lang/ClassLoader;Ljava/lang/Class;Ljava/lang/String;[BLjava/security/ProtectionDomain;ZILjava/lang/Object;)Ljava/lang/Class;' in 'java/lang/System$2')}
  0x000001d38060918c: 0000 c349 | ba80 9501 | a2d3 0100 | 004c 8954 | 2408 48c7 | 0424 ffff 

  0x000001d3806091a4: ;   {runtime_call counter_overflow Runtime1 stub}
  0x000001d3806091a4: ffff e8d5 

  0x000001d3806091a8: ; ImmutableOopMap {rdx=Oop r8=Oop r9=Oop rdi=Oop rsi=Oop rbx=Oop [128]=Oop }
                      ;*synchronization entry
                      ; - java.lang.System$2::defineClass@-1
  0x000001d3806091a8: 3386 0fe9 | 74ff ffff 

  0x000001d3806091b0: ;   {runtime_call throw_null_pointer_exception Runtime1 stub}
  0x000001d3806091b0: e86b e37c 

  0x000001d3806091b4: ; ImmutableOopMap {r8=Oop r9=Oop rdi=Oop rsi=Oop rbx=Oop r13=Oop [128]=Oop }
                      ;*arraylength {reexecute=0 rethrow=0 return_oop=0}
                      ; - java.lang.System$2::defineClass@8
                      ;   {internal_word}
  0x000001d3806091b4: 0f49 ba81 | 9160 80d3 | 0100 004d | 8997 6804 

  0x000001d3806091c4: ;   {runtime_call SafepointBlob}
  0x000001d3806091c4: 0000 e9b5 | d777 0f49 | 8b87 0005 | 0000 49c7 | 8700 0500 | 0000 0000 | 0049 c787 | 0805 0000 
  0x000001d3806091e4: 0000 0000 | 4883 c460 

  0x000001d3806091ec: ;   {runtime_call unwind_exception Runtime1 stub}
  0x000001d3806091ec: 5de9 0ef2 | 7c0f f4f4 | f4f4 f4f4 
[Stub Code]
  0x000001d3806091f8: ;   {no_reloc}
  0x000001d3806091f8: 48bb 0000 | 0000 0000 

  0x000001d380609200: ;   {runtime_call nmethod}
  0x000001d380609200: 0000 e9fb 

  0x000001d380609204: ;   {runtime_call handle_exception_from_callee Runtime1 stub}
  0x000001d380609204: ffff ffe8 | f4f6 850f 

  0x000001d38060920c: ;   {external_word}
  0x000001d38060920c: 48b9 5063 | fafd f87f | 0000 4883 

  0x000001d380609218: ;   {runtime_call}
  0x000001d380609218: e4f0 48b8 | c0c9 bcfd | f87f 0000 

  0x000001d380609224: ;   {section_word}
  0x000001d380609224: ffd0 f449 | ba27 9260 | 80d3 0100 

  0x000001d380609230: ;   {runtime_call DeoptimizationBlob}
  0x000001d380609230: 0041 52e9 | e8eb 770f 
[/MachCode]


Compiled method (c1) 322968 3135   !   3       java.lang.invoke.MethodHandles$Lookup$ClassDefiner::defineClass (213 bytes)
 total in heap  [0x000001d380607c10,0x000001d380608ec0] = 4784
 relocation     [0x000001d380607d70,0x000001d380607e90] = 288
 main code      [0x000001d380607ea0,0x000001d380608958] = 2744
 stub code      [0x000001d380608958,0x000001d3806089d0] = 120
 metadata       [0x000001d3806089d0,0x000001d380608a40] = 112
 scopes data    [0x000001d380608a40,0x000001d380608c58] = 536
 scopes pcs     [0x000001d380608c58,0x000001d380608e18] = 448
 dependencies   [0x000001d380608e18,0x000001d380608e30] = 24
 handler table  [0x000001d380608e30,0x000001d380608e78] = 72
 nul chk table  [0x000001d380608e78,0x000001d380608ec0] = 72

[Constant Pool (empty)]

[MachCode]
[Entry Point]
  # {method} {0x000001d3a21eae68} 'defineClass' '(ZLjava/lang/Object;)Ljava/lang/Class;' in 'java/lang/invoke/MethodHandles$Lookup$ClassDefiner'
  # this:     rdx:rdx   = 'java/lang/invoke/MethodHandles$Lookup$ClassDefiner'
  # parm0:    r8        = boolean
  # parm1:    r9:r9     = 'java/lang/Object'
  #           [sp+0xf0]  (sp of caller)
  0x000001d380607ea0: 448b 5208 | 49bb 0000 | 00a2 d301 | 0000 4d03 | d34c 3bd0 

  0x000001d380607eb4: ;   {runtime_call ic_miss_stub}
  0x000001d380607eb4: 0f85 c66a | 770f 660f | 1f44 0000 
[Verified Entry Point]
  0x000001d380607ec0: 8984 2400 | 80ff ff55 | 4881 ece0 | 0000 0090 | 4181 7f20 | 0500 0000 

  0x000001d380607ed8: ;   {runtime_call StubRoutines (final stubs)}
  0x000001d380607ed8: 7405 e801 | 0476 0f48 | 8994 2498 | 0000 0044 | 8984 24b0 | 0000 004c | 898c 24b8 

  0x000001d380607ef4: ;   {metadata(method data for {method} {0x000001d3a21eae68} 'defineClass' '(ZLjava/lang/Object;)Ljava/lang/Class;' in 'java/lang/invoke/MethodHandles$Lookup$ClassDefiner')}
  0x000001d380607ef4: 0000 0048 | be18 1a9c | e3d3 0100 | 008b becc | 0000 0083 | c702 89be | cc00 0000 | 81e7 fe07 
  0x000001d380607f14: 0000 85ff | 0f84 b307 | 0000 8b72 | 1048 c1e6 | 0348 89b4 | 2490 0000 | 0048 3b06 

  0x000001d380607f30: ;   {metadata(method data for {method} {0x000001d3a21eae68} 'defineClass' '(ZLjava/lang/Object;)Ljava/lang/Class;' in 'java/lang/invoke/MethodHandles$Lookup$ClassDefiner')}
  0x000001d380607f30: 488b fe48 | bb18 1a9c | e3d3 0100 | 0048 8383 | 1001 0000 | 018b 7e10 | 48c1 e703 | 4889 bc24 
  0x000001d380607f50: a800 0000 

  0x000001d380607f54: ; implicit exception: dispatches to 0x000001d3806086f7
  0x000001d380607f54: 483b 0748 

  0x000001d380607f58: ;   {metadata(method data for {method} {0x000001d3a21eae68} 'defineClass' '(ZLjava/lang/Object;)Ljava/lang/Class;' in 'java/lang/invoke/MethodHandles$Lookup$ClassDefiner')}
  0x000001d380607f58: 8bdf 48b8 | 181a 9ce3 | d301 0000 | 4883 8048 | 0100 0001 

  0x000001d380607f6c: ;   {metadata(method data for {method} {0x000001d3a2468e60} 'getClassLoader' '()Ljava/lang/ClassLoader;' in 'java/lang/Class')}
  0x000001d380607f6c: 48bb 90d9 | 02e3 d301 | 0000 8b83 | cc00 0000 | 83c0 0289 | 83cc 0000 | 0025 feff | 1f00 85c0 
  0x000001d380607f8c: 0f84 6a07 | 0000 8b5f | 3448 c1e3 | 0348 85db 

  0x000001d380607f9c: ;   {metadata(method data for {method} {0x000001d3a2468e60} 'getClassLoader' '()Ljava/lang/ClassLoader;' in 'java/lang/Class')}
  0x000001d380607f9c: 48b8 90d9 | 02e3 d301 | 0000 48c7 | c110 0100 | 0075 0748 | c7c1 2001 | 0000 4c8b | 1c08 4d8d 
  0x000001d380607fbc: 5b01 4c89 | 1c08 0f85 | 0f00 0000 

  0x000001d380607fc8: ;   {oop(nullptr)}
  0x000001d380607fc8: 48bb 0000 | 0000 0000 | 0000 e9a2 

  0x000001d380607fd4: ;   {metadata(method data for {method} {0x000001d3a2468e60} 'getClassLoader' '()Ljava/lang/ClassLoader;' in 'java/lang/Class')}
  0x000001d380607fd4: 0000 0048 | b890 d902 | e3d3 0100 | 0048 8380 | 3001 0000 

  0x000001d380607fe8: ;   {metadata(method data for {method} {0x000001d3a201b1d0} 'getSecurityManager' '()Ljava/lang/SecurityManager;' in 'java/lang/System')}
  0x000001d380607fe8: 0148 b850 | db02 e3d3 | 0100 008b | 88cc 0000 | 0083 c102 | 8988 cc00 | 0000 81e1 | feff 1f00 
  0x000001d380608008: 85c9 0f84 | 0d07 0000 

  0x000001d380608010: ;   {metadata(method data for {method} {0x000001d3a201b1d0} 'getSecurityManager' '()Ljava/lang/SecurityManager;' in 'java/lang/System')}
  0x000001d380608010: 48b8 50db | 02e3 d301 | 0000 4883 | 8010 0100 

  0x000001d380608020: ;   {metadata(method data for {method} {0x000001d3a201b2e8} 'allowSecurityManager' '()Z' in 'java/lang/System')}
  0x000001d380608020: 0001 48b8 | c8dc 02e3 | d301 0000 | 8b88 cc00 | 0000 83c1 | 0289 88cc | 0000 0081 | e1fe ff1f 
  0x000001d380608040: 0085 c90f | 84f5 0600 

  0x000001d380608048: ;   {metadata(method data for {method} {0x000001d3a201b2e8} 'allowSecurityManager' '()Z' in 'java/lang/System')}
  0x000001d380608048: 0048 b8c8 | dc02 e3d3 | 0100 00ff | 8010 0100 

  0x000001d380608058: ;   {metadata(method data for {method} {0x000001d3a201b1d0} 'getSecurityManager' '()Ljava/lang/SecurityManager;' in 'java/lang/System')}
  0x000001d380608058: 0048 b850 | db02 e3d3 | 0100 00ff | 8020 0100 

  0x000001d380608068: ;   {metadata(method data for {method} {0x000001d3a2468e60} 'getClassLoader' '()Ljava/lang/ClassLoader;' in 'java/lang/Class')}
  0x000001d380608068: 0048 b890 | d902 e3d3 | 0100 00ff | 8040 0100 | 0048 85db 

  0x000001d38060807c: ;   {metadata(method data for {method} {0x000001d3a21eae68} 'defineClass' '(ZLjava/lang/Object;)Ljava/lang/Class;' in 'java/lang/invoke/MethodHandles$Lookup$ClassDefiner')}
  0x000001d38060807c: 48b8 181a | 9ce3 d301 | 0000 48c7 | c180 0100 | 0074 0748 | c7c1 9001 | 0000 4c8b | 1c08 4d8d 
  0x000001d38060809c: 5b01 4c89 | 1c08 0f84 | 5f02 0000 

  0x000001d3806080a8: ;   {metadata(method data for {method} {0x000001d3a21eae68} 'defineClass' '(ZLjava/lang/Object;)Ljava/lang/Class;' in 'java/lang/invoke/MethodHandles$Lookup$ClassDefiner')}
  0x000001d3806080a8: 488b c648 | b918 1a9c | e3d3 0100 | 0048 8381 | a001 0000 

  0x000001d3806080bc: ;   {metadata(method data for {method} {0x000001d3a23e0578} 'lookupClassProtectionDomain' '()Ljava/security/ProtectionDomain;' in 'java/lang/invoke/MethodHandles$Lookup')}
  0x000001d3806080bc: 0148 b850 | 209c e3d3 | 0100 008b | 88cc 0000 | 0083 c102 | 8988 cc00 | 0000 81e1 | feff 1f00 
  0x000001d3806080dc: 85c9 0f84 | 7b06 0000 | 8b46 1848 | c1e0 0348 

  0x000001d3806080ec: ;   {metadata(method data for {method} {0x000001d3a23e0578} 'lookupClassProtectionDomain' '()Ljava/security/ProtectionDomain;' in 'java/lang/invoke/MethodHandles$Lookup')}
  0x000001d3806080ec: 85c0 48b9 | 5020 9ce3 | d301 0000 | 49c7 c310 | 0100 0075 | 0749 c7c3 | 2001 0000 | 4e8b 2c19 
  0x000001d38060810c: 4d8d 6d01 | 4e89 2c19 | 4889 9c24 | a000 0000 | 0f85 cf01 

  0x000001d380608120: ;   {metadata(method data for {method} {0x000001d3a23e0578} 'lookupClassProtectionDomain' '()Ljava/security/ProtectionDomain;' in 'java/lang/invoke/MethodHandles$Lookup')}
  0x000001d380608120: 0000 48b8 | 5020 9ce3 | d301 0000 | 4883 8030 | 0100 0001 

  0x000001d380608134: ;   {metadata(method data for {method} {0x000001d3a2473b88} 'getJavaLangAccess' '()Ljdk/internal/access/JavaLangAccess;' in 'jdk/internal/access/SharedSecrets')}
  0x000001d380608134: 48b8 d004 | 19e3 d301 | 0000 8b88 | cc00 0000 | 83c1 0289 | 88cc 0000 | 0081 e1fe | ff1f 0085 
  0x000001d380608154: c90f 8425 

  0x000001d380608158: ;   {oop(a 'java/lang/Class'{0x000000060097c278} = 'jdk/internal/access/SharedSecrets')}
  0x000001d380608158: 0600 0048 | b878 c297 | 0006 0000 | 008b 407c | 48c1 e003 | 8b4e 1048 | c1e1 0348 | 85c0 0f84 
  0x000001d380608178: 2a00 0000 

  0x000001d38060817c: ;   {metadata('java/lang/System$2')}
  0x000001d38060817c: 48be 6082 | 01a2 d301 | 0000 448b | 7008 49ba | 0000 00a2 | d301 0000 | 4d03 f249 | 3b76 380f 
  0x000001d38060819c: 8500 0600 | 00e9 0000 | 0000 4c8b | d848 3b00 

  0x000001d3806081ac: ;   {metadata(method data for {method} {0x000001d3a23e0578} 'lookupClassProtectionDomain' '()Ljava/security/ProtectionDomain;' in 'java/lang/invoke/MethodHandles$Lookup')}
  0x000001d3806081ac: 48be 5020 | 9ce3 d301 

  0x000001d3806081b4: ;   {metadata('java/lang/System$2')}
  0x000001d3806081b4: 0000 49ba | 6082 01a2 | d301 0000 | 4c89 9650 | 0100 0048 | 8386 5801 

  0x000001d3806081cc: ;   {metadata(method data for {method} {0x000001d3a20192c8} 'protectionDomain' '(Ljava/lang/Class;)Ljava/security/ProtectionDomain;' in 'java/lang/System$2')}
  0x000001d3806081cc: 0000 0148 | be08 229c | e3d3 0100 | 008b 86cc | 0000 0083 | c002 8986 | cc00 0000 | 25fe ff1f 
  0x000001d3806081ec: 0085 c00f | 84b6 0500 | 0048 3b01 

  0x000001d3806081f8: ;   {metadata(method data for {method} {0x000001d3a20192c8} 'protectionDomain' '(Ljava/lang/Class;)Ljava/security/ProtectionDomain;' in 'java/lang/System$2')}
  0x000001d3806081f8: 488b f148 | b808 229c | e3d3 0100 | 0048 8380 | 1001 0000 

  0x000001d38060820c: ;   {metadata(method data for {method} {0x000001d3a2467bb8} 'protectionDomain' '()Ljava/security/ProtectionDomain;' in 'java/lang/Class')}
  0x000001d38060820c: 0148 be98 | 239c e3d3 | 0100 008b | 86cc 0000 | 0083 c002 | 8986 cc00 | 0000 25fe | ff1f 0085 
  0x000001d38060822c: c00f 849e | 0500 0048 

  0x000001d380608234: ;   {metadata(method data for {method} {0x000001d3a2467bb8} 'protectionDomain' '()Ljava/security/ProtectionDomain;' in 'java/lang/Class')}
  0x000001d380608234: 8bf1 48b8 | 9823 9ce3 | d301 0000 | 4883 8010 | 0100 0001 | 488b d10f 

  0x000001d38060824c: ;   {optimized virtual_call}
  0x000001d38060824c: 1f40 00e8 

  0x000001d380608250: ; ImmutableOopMap {[144]=Oop [152]=Oop [160]=Oop [168]=Oop [184]=Oop }
                      ;*invokevirtual getProtectionDomain0 {reexecute=0 rethrow=0 return_oop=0}
                      ; - java.lang.Class::protectionDomain@1
                      ; - java.lang.System$2::protectionDomain@1
                      ; - java.lang.invoke.MethodHandles$Lookup::lookupClassProtectionDomain@17
                      ; - java.lang.invoke.MethodHandles$Lookup$ClassDefiner::defineClass@23
  0x000001d380608250: 8ca9 eb0f 

  0x000001d380608254: ;   {other}
  0x000001d380608254: 0f1f 8400 | 4406 0000 

  0x000001d38060825c: ;   {metadata(method data for {method} {0x000001d3a2467bb8} 'protectionDomain' '()Ljava/security/ProtectionDomain;' in 'java/lang/Class')}
  0x000001d38060825c: 4885 c049 | b898 239c | e3d3 0100 | 0049 c7c1 | 4801 0000 | 7507 49c7 | c158 0100 | 004b 8b3c 
  0x000001d38060827c: 0848 8d7f | 014b 893c | 080f 8525 | 0000 000f | 1f44 0000 

  0x000001d380608290: ;   {no_reloc}
  0x000001d380608290: e9d5 0500 | 0000 0000 | 0000 660f | 1f44 0000 

  0x000001d3806082a0: ; implicit exception: dispatches to 0x000001d380608874
  0x000001d3806082a0: e9e0 0500 | 0090 9049 | c1e0 03e9 | 0300 0000 | 4c8b c048 | 8bb4 2490 | 0000 0045 | 0fbe 4f40 
  0x000001d3806082c0: 4585 c90f | 85c6 0500 | 004d 8bd0 | 49c1 ea03 | 4489 5618 | f083 4424 | c000 4c8b | ce4d 33c8 
  0x000001d3806082e0: 49c1 e916 | 4983 f900 | 0f85 c105 | 0000 498b 

  0x000001d3806082f0: ;   {metadata(method data for {method} {0x000001d3a21eae68} 'defineClass' '(ZLjava/lang/Object;)Ljava/lang/Class;' in 'java/lang/invoke/MethodHandles$Lookup$ClassDefiner')}
  0x000001d3806082f0: c049 b818 | 1a9c e3d3 | 0100 0041 | ff80 d801 | 0000 e912 | 0000 0048 | 899c 24a0 

  0x000001d38060830c: ;   {oop(nullptr)}
  0x000001d38060830c: 0000 0048 | b800 0000 | 0000 0000 | 0048 8b9c | 24a0 0000 | 0048 8bbc | 24a8 0000 | 0048 8b94 
  0x000001d38060832c: 2498 0000 

  0x000001d380608330: ;   {metadata(method data for {method} {0x000001d3a21eae68} 'defineClass' '(ZLjava/lang/Object;)Ljava/lang/Class;' in 'java/lang/invoke/MethodHandles$Lookup$ClassDefiner')}
  0x000001d380608330: 0049 b818 | 1a9c e3d3 | 0100 0049 | 8380 f001 

  0x000001d380608340: ;   {metadata(method data for {method} {0x000001d3a2473b88} 'getJavaLangAccess' '()Ljdk/internal/access/JavaLangAccess;' in 'jdk/internal/access/SharedSecrets')}
  0x000001d380608340: 0000 0149 | b8d0 0419 | e3d3 0100 | 0045 8b88 | cc00 0000 | 4183 c102 | 4589 88cc | 0000 0041 
  0x000001d380608360: 81e1 feff | 1f00 4585 | c90f 8458 

  0x000001d38060836c: ;   {oop(a 'java/lang/Class'{0x000000060097c278} = 'jdk/internal/access/SharedSecrets')}
  0x000001d38060836c: 0500 0049 | b878 c297 | 0006 0000 | 0045 8b70 | 7c49 c1e6 | 038b 7214 | 48c1 e603 | 8b4a 1848 
  0x000001d38060838c: c1e1 0344 | 8b4a 0c4d | 85f6 0f84 | 2a00 0000 

  0x000001d38060839c: ;   {metadata('java/lang/System$2')}
  0x000001d38060839c: 49bb 6082 | 01a2 d301 | 0000 458b | 6e08 49ba | 0000 00a2 | d301 0000 | 4d03 ea4d | 3b5d 380f 
  0x000001d3806083bc: 8527 0500 | 00e9 0000 | 0000 4d8b | c649 3b06 

  0x000001d3806083cc: ;   {metadata(method data for {method} {0x000001d3a21eae68} 'defineClass' '(ZLjava/lang/Object;)Ljava/lang/Class;' in 'java/lang/invoke/MethodHandles$Lookup$ClassDefiner')}
  0x000001d3806083cc: 4d8b c648 | ba18 1a9c | e3d3 0100 

  0x000001d3806083d8: ;   {metadata('java/lang/System$2')}
  0x000001d3806083d8: 0049 ba60 | 8201 a2d3 | 0100 004c | 8992 1002 | 0000 4883 | 8218 0200 | 0001 4c8b | c349 8bd1 
  0x000001d3806083f8: 4c8b cf48 | 8bfe 488b | f148 8bc8 | 8b84 24b0 | 0000 0089 | 0424 8954 | 2408 488b | 9424 b800 
  0x000001d380608418: 0000 4889 | 5424 1049 | 8bd6 0f1f 

  0x000001d380608424: ;   {optimized virtual_call}
  0x000001d380608424: 4400 00e8 

  0x000001d380608428: ; ImmutableOopMap {[152]=Oop [168]=Oop }
                      ;*invokeinterface defineClass {reexecute=0 rethrow=0 return_oop=0}
                      ; - java.lang.invoke.MethodHandles$Lookup$ClassDefiner::defineClass@57
  0x000001d380608428: b40c 0000 

  0x000001d38060842c: ;   {other}
  0x000001d38060842c: 0f1f 8400 | 1c08 0001 

  0x000001d380608434: ;   {metadata(method data for {method} {0x000001d3a21eae68} 'defineClass' '(ZLjava/lang/Object;)Ljava/lang/Class;' in 'java/lang/invoke/MethodHandles$Lookup$ClassDefiner')}
  0x000001d380608434: 49b8 181a | 9ce3 d301 | 0000 41ff | 8038 0200 | 0048 8b94 | 2498 0000 | 008b 721c | 48c1 e603 
  0x000001d380608454: ; implicit exception: dispatches to 0x000001d3806088f2
  0x000001d380608454: 483b 064c 

  0x000001d380608458: ;   {metadata(method data for {method} {0x000001d3a21eae68} 'defineClass' '(ZLjava/lang/Object;)Ljava/lang/Class;' in 'java/lang/invoke/MethodHandles$Lookup$ClassDefiner')}
  0x000001d380608458: 8bc6 49b9 | 181a 9ce3 | d301 0000 | 4983 8150 | 0300 0001 | 440f be46 | 0c41 83e0 | 0145 85c0 
  0x000001d380608478: ;   {metadata(method data for {method} {0x000001d3a21eae68} 'defineClass' '(ZLjava/lang/Object;)Ljava/lang/Class;' in 'java/lang/invoke/MethodHandles$Lookup$ClassDefiner')}
  0x000001d380608478: 49b8 181a | 9ce3 d301 | 0000 49c7 | c188 0300 | 0074 0749 | c7c1 9803 | 0000 4b8b | 3c08 488d 
  0x000001d380608498: 7f01 4b89 | 3c08 0f84 | d801 0000 

  0x000001d3806084a4: ;   {metadata(method data for {method} {0x000001d3a21eae68} 'defineClass' '(ZLjava/lang/Object;)Ljava/lang/Class;' in 'java/lang/invoke/MethodHandles$Lookup$ClassDefiner')}
  0x000001d3806084a4: 4c8b c249 | b918 1a9c | e3d3 0100 

  0x000001d3806084b0: ;   {metadata('java/lang/invoke/MethodHandles$Lookup$ClassDefiner')}
  0x000001d3806084b0: 0049 ba28 | ac1e a2d3 | 0100 004d | 8991 b803 | 0000 4983 | 81c0 0300 | 0001 8b7a | 1448 c1e7 
  0x000001d3806084d0: 0348 85c0 

  0x000001d3806084d4: ;   {metadata(method data for {method} {0x000001d3a21eae68} 'defineClass' '(ZLjava/lang/Object;)Ljava/lang/Class;' in 'java/lang/invoke/MethodHandles$Lookup$ClassDefiner')}
  0x000001d3806084d4: 49b8 181a | 9ce3 d301 | 0000 49c7 | c1e0 0300 | 0074 0749 | c7c1 f003 | 0000 4b8b | 1c08 488d 
  0x000001d3806084f4: 5b01 4b89 | 1c08 0f84 | 3b01 0000 | e9c5 0000 | 0048 8b94 | 2498 0000 | 0049 8b87 | 0005 0000 
  0x000001d380608514: 4d33 d24d | 8997 0005 | 0000 4d33 | d24d 8997 | 0805 0000 | 8b72 1c48 | c1e6 0348 | 3b06 4c8b 
  0x000001d380608534: ;   {metadata(method data for {method} {0x000001d3a21eae68} 'defineClass' '(ZLjava/lang/Object;)Ljava/lang/Class;' in 'java/lang/invoke/MethodHandles$Lookup$ClassDefiner')}
  0x000001d380608534: c649 b918 | 1a9c e3d3 | 0100 0049 | 8381 8804 | 0000 0144 | 0fbe 460c | 4183 e001 

  0x000001d380608550: ;   {metadata(method data for {method} {0x000001d3a21eae68} 'defineClass' '(ZLjava/lang/Object;)Ljava/lang/Class;' in 'java/lang/invoke/MethodHandles$Lookup$ClassDefiner')}
  0x000001d380608550: 4585 c049 | b818 1a9c | e3d3 0100 | 0049 c7c1 | c004 0000 | 7407 49c7 | c1d0 0400 | 004b 8b3c 
  0x000001d380608570: 0848 8d7f | 014b 893c | 080f 844d | 0100 004c 

  0x000001d380608580: ;   {metadata(method data for {method} {0x000001d3a21eae68} 'defineClass' '(ZLjava/lang/Object;)Ljava/lang/Class;' in 'java/lang/invoke/MethodHandles$Lookup$ClassDefiner')}
  0x000001d380608580: 8bc2 49b9 | 181a 9ce3 | d301 0000 

  0x000001d38060858c: ;   {metadata('java/lang/invoke/MethodHandles$Lookup$ClassDefiner')}
  0x000001d38060858c: 49ba 28ac | 1ea2 d301 | 0000 4d89 | 91f0 0400 | 0049 8381 | f804 0000 | 018b 7a14 | 48c1 e703 
  0x000001d3806085ac: ;   {metadata(method data for {method} {0x000001d3a21eae68} 'defineClass' '(ZLjava/lang/Object;)Ljava/lang/Class;' in 'java/lang/invoke/MethodHandles$Lookup$ClassDefiner')}
  0x000001d3806085ac: 49b8 181a | 9ce3 d301 | 0000 41ff | 8018 0500 | 0048 8984 | 24c8 0000 | 00e9 c800 | 0000 8b52 
  0x000001d3806085cc: 1848 c1e2 | 034c 8bc6 

  0x000001d3806085d4: ;   {metadata(method data for {method} {0x000001d3a21eae68} 'defineClass' '(ZLjava/lang/Object;)Ljava/lang/Class;' in 'java/lang/invoke/MethodHandles$Lookup$ClassDefiner')}
  0x000001d3806085d4: 49b9 181a | 9ce3 d301 | 0000 4983 | 8100 0400 | 0001 4c8b | c74c 8bc8 | 488b fa48 | 8bd6 4889 
  0x000001d3806085f4: 8424 c000 | 0000 0f1f 

  0x000001d3806085fc: ;   {optimized virtual_call}
  0x000001d3806085fc: 4400 00e8 

  0x000001d380608600: ; ImmutableOopMap {[192]=Oop }
                      ;*invokevirtual dumpClass {reexecute=0 rethrow=0 return_oop=0}
                      ; - java.lang.invoke.MethodHandles$Lookup$ClassDefiner::defineClass@134
  0x000001d380608600: 7c68 770f 

  0x000001d380608604: ;   {other}
  0x000001d380608604: 0f1f 8400 | f409 0002 

  0x000001d38060860c: ;   {metadata(method data for {method} {0x000001d3a21eae68} 'defineClass' '(ZLjava/lang/Object;)Ljava/lang/Class;' in 'java/lang/invoke/MethodHandles$Lookup$ClassDefiner')}
  0x000001d38060860c: 49b8 181a | 9ce3 d301 | 0000 41ff | 8038 0400 | 0048 8b84 | 24c0 0000 | 0048 81c4 | e000 0000 
  0x000001d38060862c: ;   {poll_return}
  0x000001d38060862c: 5d49 3ba7 | 5004 0000 | 0f87 c202 | 0000 c348 | 8984 24c0 | 0000 0044 | 8b4a 1849 | c1e1 034c 
  0x000001d38060864c: ;   {metadata(method data for {method} {0x000001d3a21eae68} 'defineClass' '(ZLjava/lang/Object;)Ljava/lang/Class;' in 'java/lang/invoke/MethodHandles$Lookup$ClassDefiner')}
  0x000001d38060864c: 8bc6 48ba | 181a 9ce3 | d301 0000 | 4883 8250 | 0400 0001 | 4c8b c748 

  0x000001d380608664: ;   {optimized virtual_call}
  0x000001d380608664: 8bd6 90e8 

  0x000001d380608668: ; ImmutableOopMap {[192]=Oop }
                      ;*invokevirtual dumpFailedClass {reexecute=0 rethrow=0 return_oop=0}
                      ; - java.lang.invoke.MethodHandles$Lookup$ClassDefiner::defineClass@150
  0x000001d380608668: 1468 770f 

  0x000001d38060866c: ;   {other}
  0x000001d38060866c: 0f1f 8400 | 5c0a 0003 | 488b 8424 | c000 0000 | 4881 c4e0 | 0000 005d 

  0x000001d380608684: ;   {poll_return}
  0x000001d380608684: 493b a750 | 0400 000f | 8781 0200 | 00c3 448b | 4a18 49c1 | e103 4c8b 

  0x000001d38060869c: ;   {metadata(method data for {method} {0x000001d3a21eae68} 'defineClass' '(ZLjava/lang/Object;)Ljava/lang/Class;' in 'java/lang/invoke/MethodHandles$Lookup$ClassDefiner')}
  0x000001d38060869c: c648 ba18 | 1a9c e3d3 | 0100 0048 | 8382 8805 | 0000 014c | 8bc7 488b 

  0x000001d3806086b4: ;   {optimized virtual_call}
  0x000001d3806086b4: d666 90e8 

  0x000001d3806086b8: ; ImmutableOopMap {[200]=Oop }
                      ;*invokevirtual dumpFailedClass {reexecute=0 rethrow=0 return_oop=0}
                      ; - java.lang.invoke.MethodHandles$Lookup$ClassDefiner::defineClass@207
  0x000001d3806086b8: c467 770f 

  0x000001d3806086bc: ;   {other}
  0x000001d3806086bc: 0f1f 8400 | ac0a 0004 | 488b 8424 | c800 0000 | e974 0200 

  0x000001d3806086d0: ;   {metadata({method} {0x000001d3a21eae68} 'defineClass' '(ZLjava/lang/Object;)Ljava/lang/Class;' in 'java/lang/invoke/MethodHandles$Lookup$ClassDefiner')}
  0x000001d3806086d0: 0049 ba60 | ae1e a2d3 | 0100 004c | 8954 2408 | 48c7 0424 | ffff ffff 

  0x000001d3806086e8: ;   {runtime_call counter_overflow Runtime1 stub}
  0x000001d3806086e8: e893 3e86 

  0x000001d3806086ec: ; ImmutableOopMap {rdx=Oop r9=Oop [152]=Oop [184]=Oop }
                      ;*synchronization entry
                      ; - java.lang.invoke.MethodHandles$Lookup$ClassDefiner::defineClass@-1
  0x000001d3806086ec: 0fe9 2cf8 

  0x000001d3806086f0: ;   {runtime_call throw_null_pointer_exception Runtime1 stub}
  0x000001d3806086f0: ffff e829 

  0x000001d3806086f4: ; ImmutableOopMap {rdx=Oop r9=Oop rsi=Oop [144]=Oop [152]=Oop [184]=Oop }
                      ;*invokevirtual lookupClass {reexecute=0 rethrow=0 return_oop=0}
                      ; - java.lang.invoke.MethodHandles$Lookup$ClassDefiner::defineClass@4
                      ;   {runtime_call throw_null_pointer_exception Runtime1 stub}
  0x000001d3806086f4: ee7c 0fe8 

  0x000001d3806086f8: ; ImmutableOopMap {rdx=Oop r9=Oop rsi=Oop rdi=Oop [144]=Oop [152]=Oop [168]=Oop [184]=Oop }
                      ;*invokevirtual getClassLoader {reexecute=0 rethrow=0 return_oop=0}
                      ; - java.lang.invoke.MethodHandles$Lookup$ClassDefiner::defineClass@9
  0x000001d3806086f8: 24ee 7c0f 

  0x000001d3806086fc: ;   {metadata({method} {0x000001d3a2468e60} 'getClassLoader' '()Ljava/lang/ClassLoader;' in 'java/lang/Class')}
  0x000001d3806086fc: 49ba 588e | 46a2 d301 | 0000 4c89 | 5424 0848 | c704 24ff 

  0x000001d380608710: ;   {runtime_call counter_overflow Runtime1 stub}
  0x000001d380608710: ffff ffe8 

  0x000001d380608714: ; ImmutableOopMap {rdx=Oop r9=Oop rsi=Oop rdi=Oop [144]=Oop [152]=Oop [168]=Oop [184]=Oop }
                      ;*synchronization entry
                      ; - java.lang.Class::getClassLoader@-1
                      ; - java.lang.invoke.MethodHandles$Lookup$ClassDefiner::defineClass@9
  0x000001d380608714: 683e 860f | e975 f8ff 

  0x000001d38060871c: ;   {metadata({method} {0x000001d3a201b1d0} 'getSecurityManager' '()Ljava/lang/SecurityManager;' in 'java/lang/System')}
  0x000001d38060871c: ff49 bac8 | b101 a2d3 | 0100 004c | 8954 2408 | 48c7 0424 | ffff ffff 

  0x000001d380608734: ;   {runtime_call counter_overflow Runtime1 stub}
  0x000001d380608734: e847 3e86 

  0x000001d380608738: ; ImmutableOopMap {rdx=Oop r9=Oop rsi=Oop rdi=Oop rbx=Oop [144]=Oop [152]=Oop [168]=Oop [184]=Oop }
                      ;*synchronization entry
                      ; - java.lang.System::getSecurityManager@-1
                      ; - java.lang.Class::getClassLoader@11
                      ; - java.lang.invoke.MethodHandles$Lookup$ClassDefiner::defineClass@9
  0x000001d380608738: 0fe9 d2f8 

  0x000001d38060873c: ;   {metadata({method} {0x000001d3a201b2e8} 'allowSecurityManager' '()Z' in 'java/lang/System')}
  0x000001d38060873c: ffff 49ba | e0b2 01a2 | d301 0000 | 4c89 5424 | 0848 c704 | 24ff ffff 

  0x000001d380608754: ;   {runtime_call counter_overflow Runtime1 stub}
  0x000001d380608754: ffe8 263e 

  0x000001d380608758: ; ImmutableOopMap {rdx=Oop r9=Oop rsi=Oop rdi=Oop rbx=Oop [144]=Oop [152]=Oop [168]=Oop [184]=Oop }
                      ;*synchronization entry
                      ; - java.lang.System::allowSecurityManager@-1
                      ; - java.lang.System::getSecurityManager@0
                      ; - java.lang.Class::getClassLoader@11
                      ; - java.lang.invoke.MethodHandles$Lookup$ClassDefiner::defineClass@9
  0x000001d380608758: 860f e9ea 

  0x000001d38060875c: ;   {metadata({method} {0x000001d3a23e0578} 'lookupClassProtectionDomain' '()Ljava/security/ProtectionDomain;' in 'java/lang/invoke/MethodHandles$Lookup')}
  0x000001d38060875c: f8ff ff49 | ba70 053e | a2d3 0100 | 004c 8954 | 2408 48c7 | 0424 ffff 

  0x000001d380608774: ;   {runtime_call counter_overflow Runtime1 stub}
  0x000001d380608774: ffff e805 

  0x000001d380608778: ; ImmutableOopMap {rdx=Oop r9=Oop rsi=Oop rdi=Oop rbx=Oop [144]=Oop [152]=Oop [168]=Oop [184]=Oop }
                      ;*synchronization entry
                      ; - java.lang.invoke.MethodHandles$Lookup::lookupClassProtectionDomain@-1
                      ; - java.lang.invoke.MethodHandles$Lookup$ClassDefiner::defineClass@23
  0x000001d380608778: 3e86 0fe9 | 64f9 ffff 

  0x000001d380608780: ;   {metadata({method} {0x000001d3a2473b88} 'getJavaLangAccess' '()Ljdk/internal/access/JavaLangAccess;' in 'jdk/internal/access/SharedSecrets')}
  0x000001d380608780: 49ba 803b | 47a2 d301 | 0000 4c89 | 5424 0848 | c704 24ff 

  0x000001d380608794: ;   {runtime_call counter_overflow Runtime1 stub}
  0x000001d380608794: ffff ffe8 

  0x000001d380608798: ; ImmutableOopMap {rsi=Oop [144]=Oop [152]=Oop [160]=Oop [168]=Oop [184]=Oop }
                      ;*synchronization entry
                      ; - jdk.internal.access.SharedSecrets::getJavaLangAccess@-1
                      ; - java.lang.invoke.MethodHandles$Lookup::lookupClassProtectionDomain@10
                      ; - java.lang.invoke.MethodHandles$Lookup$ClassDefiner::defineClass@23
  0x000001d380608798: e43d 860f | e9ba f9ff 

  0x000001d3806087a0: ;   {runtime_call throw_incompatible_class_change_error Runtime1 stub}
  0x000001d3806087a0: ffe8 7a0a 

  0x000001d3806087a4: ; ImmutableOopMap {rax=Oop rcx=Oop [144]=Oop [152]=Oop [160]=Oop [168]=Oop [184]=Oop }
                      ;*invokeinterface protectionDomain {reexecute=0 rethrow=0 return_oop=0}
                      ; - java.lang.invoke.MethodHandles$Lookup::lookupClassProtectionDomain@17
                      ; - java.lang.invoke.MethodHandles$Lookup$ClassDefiner::defineClass@23
                      ;   {runtime_call throw_null_pointer_exception Runtime1 stub}
  0x000001d3806087a4: 860f e875 

  0x000001d3806087a8: ; ImmutableOopMap {rax=Oop rcx=Oop [144]=Oop [152]=Oop [160]=Oop [168]=Oop [184]=Oop }
                      ;*invokeinterface protectionDomain {reexecute=0 rethrow=0 return_oop=0}
                      ; - java.lang.invoke.MethodHandles$Lookup::lookupClassProtectionDomain@17
                      ; - java.lang.invoke.MethodHandles$Lookup$ClassDefiner::defineClass@23
                      ;   {metadata({method} {0x000001d3a20192c8} 'protectionDomain' '(Ljava/lang/Class;)Ljava/security/ProtectionDomain;' in 'java/lang/System$2')}
  0x000001d3806087a8: ed7c 0f49 | bac0 9201 | a2d3 0100 | 004c 8954 | 2408 48c7 | 0424 ffff 

  0x000001d3806087c0: ;   {runtime_call counter_overflow Runtime1 stub}
  0x000001d3806087c0: ffff e8b9 

  0x000001d3806087c4: ; ImmutableOopMap {rcx=Oop [144]=Oop [152]=Oop [160]=Oop [168]=Oop [184]=Oop }
                      ;*synchronization entry
                      ; - java.lang.System$2::protectionDomain@-1
                      ; - java.lang.invoke.MethodHandles$Lookup::lookupClassProtectionDomain@17
                      ; - java.lang.invoke.MethodHandles$Lookup$ClassDefiner::defineClass@23
  0x000001d3806087c4: 3d86 0fe9 | 29fa ffff 

  0x000001d3806087cc: ;   {runtime_call throw_null_pointer_exception Runtime1 stub}
  0x000001d3806087cc: e84f ed7c 

  0x000001d3806087d0: ; ImmutableOopMap {rcx=Oop [144]=Oop [152]=Oop [160]=Oop [168]=Oop [184]=Oop }
                      ;*invokevirtual protectionDomain {reexecute=0 rethrow=0 return_oop=0}
                      ; - java.lang.System$2::protectionDomain@1
                      ; - java.lang.invoke.MethodHandles$Lookup::lookupClassProtectionDomain@17
                      ; - java.lang.invoke.MethodHandles$Lookup$ClassDefiner::defineClass@23
                      ;   {metadata({method} {0x000001d3a2467bb8} 'protectionDomain' '()Ljava/security/ProtectionDomain;' in 'java/lang/Class')}
  0x000001d3806087d0: 0f49 bab0 | 7b46 a2d3 | 0100 004c | 8954 2408 | 48c7 0424 | ffff ffff 

  0x000001d3806087e8: ;   {runtime_call counter_overflow Runtime1 stub}
  0x000001d3806087e8: e893 3d86 

  0x000001d3806087ec: ; ImmutableOopMap {rcx=Oop [144]=Oop [152]=Oop [160]=Oop [168]=Oop [184]=Oop }
                      ;*synchronization entry
                      ; - java.lang.Class::protectionDomain@-1
                      ; - java.lang.System$2::protectionDomain@1
                      ; - java.lang.invoke.MethodHandles$Lookup::lookupClassProtectionDomain@17
                      ; - java.lang.invoke.MethodHandles$Lookup$ClassDefiner::defineClass@23
  0x000001d3806087ec: 0fe9 41fa 

  0x000001d3806087f0: ;   {oop(nullptr)}
  0x000001d3806087f0: ffff 49b8 | 0000 0000 | 0000 0000 | 5053 498b | 5810 5756 | 5251 4150 | 4151 4152 | 4153 4883 
  0x000001d380608810: ec20 40f6 | c40f 0f84 | 1900 0000 | 4883 ec08 

  0x000001d380608820: ;   {runtime_call}
  0x000001d380608820: 48b8 a0a0 | 5afd f87f | 0000 ffd0 | 4883 c408 | e90c 0000 

  0x000001d380608834: ;   {runtime_call}
  0x000001d380608834: 0048 b8a0 | a05a fdf8 | 7f00 00ff | d048 83c4 | 2041 5b41 | 5a41 5941 | 5859 5a5e | 5f48 3b83 
  0x000001d380608854: 3801 0000 | 5b58 0f85 | 0a00 0000 | e935 faff | ffb8 0078 

  0x000001d380608868: ;   {runtime_call load_mirror_patching Runtime1 stub}
  0x000001d380608868: 6e0a e811 

  0x000001d38060886c: ; ImmutableOopMap {[144]=Oop [152]=Oop [160]=Oop [168]=Oop [184]=Oop }
                      ;*getstatic allPermDomain {reexecute=1 rethrow=0 return_oop=0}
                      ; - (reexecute) java.lang.Class::protectionDomain@9
                      ; - java.lang.System$2::protectionDomain@1
                      ; - java.lang.invoke.MethodHandles$Lookup::lookupClassProtectionDomain@17
                      ; - java.lang.invoke.MethodHandles$Lookup$ClassDefiner::defineClass@23
  0x000001d38060886c: 2d86 0fe9 | 1cfa ffff 

  0x000001d380608874: ;   {runtime_call throw_null_pointer_exception Runtime1 stub}
  0x000001d380608874: e8a7 ec7c 

  0x000001d380608878: ; ImmutableOopMap {r8=Oop [144]=Oop [152]=Oop [160]=Oop [168]=Oop [184]=Oop }
                      ;*getstatic allPermDomain {reexecute=1 rethrow=0 return_oop=0}
                      ; - (reexecute) java.lang.Class::protectionDomain@9
                      ; - java.lang.System$2::protectionDomain@1
                      ; - java.lang.invoke.MethodHandles$Lookup::lookupClassProtectionDomain@17
                      ; - java.lang.invoke.MethodHandles$Lookup$ClassDefiner::defineClass@23
  0x000001d380608878: 0f45 8b80 | 0000 0000 | b800 0c05 

  0x000001d380608884: ;   {runtime_call access_field_patching Runtime1 stub}
  0x000001d380608884: 07e8 f61f 

  0x000001d380608888: ; ImmutableOopMap {r8=Oop [144]=Oop [152]=Oop [160]=Oop [168]=Oop [184]=Oop }
                      ;*getstatic allPermDomain {reexecute=1 rethrow=0 return_oop=0}
                      ; - (reexecute) java.lang.Class::protectionDomain@9
                      ; - java.lang.System$2::protectionDomain@1
                      ; - java.lang.invoke.MethodHandles$Lookup::lookupClassProtectionDomain@17
                      ; - java.lang.invoke.MethodHandles$Lookup$ClassDefiner::defineClass@23
  0x000001d380608888: 860f e911 | faff ff44 | 8b4e 1849 | c1e1 0349 | 83f9 000f | 8428 faff | ff4c 890c 

  0x000001d3806088a4: ;   {runtime_call g1_pre_barrier_slow}
  0x000001d3806088a4: 24e8 d643 | 860f e91a | faff ff49 | 83f8 000f | 8435 faff | ff48 8934 

  0x000001d3806088bc: ;   {runtime_call g1_post_barrier_slow}
  0x000001d3806088bc: 24e8 be46 | 860f e927 

  0x000001d3806088c4: ;   {metadata({method} {0x000001d3a2473b88} 'getJavaLangAccess' '()Ljdk/internal/access/JavaLangAccess;' in 'jdk/internal/access/SharedSecrets')}
  0x000001d3806088c4: faff ff49 | ba80 3b47 | a2d3 0100 | 004c 8954 | 2408 48c7 | 0424 ffff 

  0x000001d3806088dc: ;   {runtime_call counter_overflow Runtime1 stub}
  0x000001d3806088dc: ffff e89d 

  0x000001d3806088e0: ; ImmutableOopMap {rax=Oop rdi=Oop rbx=Oop rdx=Oop [152]=Oop [168]=Oop [184]=Oop }
                      ;*synchronization entry
                      ; - jdk.internal.access.SharedSecrets::getJavaLangAccess@-1
                      ; - java.lang.invoke.MethodHandles$Lookup$ClassDefiner::defineClass@35
  0x000001d3806088e0: 3c86 0fe9 | 87fa ffff 

  0x000001d3806088e8: ;   {runtime_call throw_incompatible_class_change_error Runtime1 stub}
  0x000001d3806088e8: e833 0986 

  0x000001d3806088ec: ; ImmutableOopMap {rax=Oop rdi=Oop rbx=Oop r14=Oop rsi=Oop rcx=Oop [152]=Oop [168]=Oop [184]=Oop }
                      ;*invokeinterface defineClass {reexecute=0 rethrow=0 return_oop=0}
                      ; - java.lang.invoke.MethodHandles$Lookup$ClassDefiner::defineClass@57
                      ;   {runtime_call throw_null_pointer_exception Runtime1 stub}
  0x000001d3806088ec: 0fe8 2eec 

  0x000001d3806088f0: ; ImmutableOopMap {rax=Oop rdi=Oop rbx=Oop r14=Oop rsi=Oop rcx=Oop [152]=Oop [168]=Oop [184]=Oop }
                      ;*invokeinterface defineClass {reexecute=0 rethrow=0 return_oop=0}
                      ; - java.lang.invoke.MethodHandles$Lookup$ClassDefiner::defineClass@57
                      ;   {runtime_call throw_null_pointer_exception Runtime1 stub}
  0x000001d3806088f0: 7c0f e829 

  0x000001d3806088f4: ; ImmutableOopMap {rax=Oop rdx=Oop rsi=Oop [152]=Oop }
                      ;*invokevirtual isEnabled {reexecute=0 rethrow=0 return_oop=0}
                      ; - java.lang.invoke.MethodHandles$Lookup$ClassDefiner::defineClass@105
                      ;   {runtime_call throw_null_pointer_exception Runtime1 stub}
  0x000001d3806088f4: ec7c 0fe8 

  0x000001d3806088f8: ; ImmutableOopMap {rdx=Oop rax=Oop rsi=Oop [152]=Oop }
                      ;*invokevirtual isEnabled {reexecute=0 rethrow=0 return_oop=0}
                      ; - java.lang.invoke.MethodHandles$Lookup$ClassDefiner::defineClass@162
  0x000001d3806088f8: 24ec 7c0f 

  0x000001d3806088fc: ;   {internal_word}
  0x000001d3806088fc: 49ba 2d86 | 6080 d301 | 0000 4d89 | 9768 0400 

  0x000001d38060890c: ;   {runtime_call SafepointBlob}
  0x000001d38060890c: 00e9 6ee0 

  0x000001d380608910: ;   {internal_word}
  0x000001d380608910: 770f 49ba | 8486 6080 | d301 0000 | 4d89 9768 

  0x000001d380608920: ;   {runtime_call SafepointBlob}
  0x000001d380608920: 0400 00e9 | 58e0 770f | 498b 8700 | 0500 0049 | c787 0005 | 0000 0000 | 0000 49c7 | 8708 0500 
  0x000001d380608940: 0000 0000 | 0048 81c4 | e000 0000 

  0x000001d38060894c: ;   {runtime_call unwind_exception Runtime1 stub}
  0x000001d38060894c: 5de9 aefa | 7c0f f4f4 | f4f4 f4f4 
[Stub Code]
  0x000001d380608958: ;   {no_reloc}
  0x000001d380608958: 0f1f 4400 

  0x000001d38060895c: ;   {static_stub}
  0x000001d38060895c: 0048 bb00 | 0000 0000 

  0x000001d380608964: ;   {runtime_call nmethod}
  0x000001d380608964: 0000 00e9 | fbff ffff 

  0x000001d38060896c: ;   {static_stub}
  0x000001d38060896c: 48bb 487b | 46a2 d301 

  0x000001d380608974: ;   {runtime_call I2C/C2I adapters}
  0x000001d380608974: 0000 e9e8 

  0x000001d380608978: ;   {static_stub}
  0x000001d380608978: b477 0f48 | bb00 0000 | 0000 0000 

  0x000001d380608984: ;   {runtime_call nmethod}
  0x000001d380608984: 00e9 fbff 

  0x000001d380608988: ;   {static_stub}
  0x000001d380608988: ffff 48bb | 0000 0000 | 0000 0000 

  0x000001d380608994: ;   {runtime_call nmethod}
  0x000001d380608994: e9fb ffff 

  0x000001d380608998: ;   {runtime_call handle_exception_from_callee Runtime1 stub}
  0x000001d380608998: ffe8 62ff 

  0x000001d38060899c: ;   {external_word}
  0x000001d38060899c: 850f 48b9 | 5063 fafd | f87f 0000 | 4883 e4f0 

  0x000001d3806089ac: ;   {runtime_call}
  0x000001d3806089ac: 48b8 c0c9 | bcfd f87f | 0000 ffd0 

  0x000001d3806089b8: ;   {section_word}
  0x000001d3806089b8: f449 bab9 | 8960 80d3 | 0100 0041 

  0x000001d3806089c4: ;   {runtime_call DeoptimizationBlob}
  0x000001d3806089c4: 52e9 56f4 | 770f f4f4 | f4f4 f4f4 
[/MachCode]


---------------  P R O C E S S  ---------------

Threads class SMR info:
_java_thread_list=0x000001d3ea494b40, length=33, elements={
0x000001d3efbc07c0, 0x000001d3ff6a44f0, 0x000001d3ff6a7220, 0x000001d3ff6a8ff0,
0x000001d3ff6aba60, 0x000001d3ff6ac4c0, 0x000001d3ff6acf20, 0x000001d3ff6adcb0,
0x000001d3ff6af280, 0x000001d3e71d7920, 0x000001d3e722eaf0, 0x000001d3e8d7f9d0,
0x000001d3e7eee9c0, 0x000001d3e8a9ca60, 0x000001d3e86cfc90, 0x000001d3e8220900,
0x000001d3e83b5ff0, 0x000001d3e894e840, 0x000001d3e8950910, 0x000001d3e894eed0,
0x000001d3e8950fa0, 0x000001d3e894fbf0, 0x000001d3e8950280, 0x000001d3e894f560,
0x000001d3e8951630, 0x000001d3e92763e0, 0x000001d3e9276a70, 0x000001d3e9277e20,
0x000001d3e92728d0, 0x000001d3e9272f60, 0x000001d3e92784b0, 0x000001d3e9275d50,
0x000001d3e9271bb0
}

Java Threads: ( => current thread )
  0x000001d3efbc07c0 JavaThread "main"                              [_thread_blocked, id=48064, stack(0x0000000c16000000,0x0000000c16100000) (1024K)]
  0x000001d3ff6a44f0 JavaThread "Reference Handler"          daemon [_thread_blocked, id=38320, stack(0x0000000c16900000,0x0000000c16a00000) (1024K)]
  0x000001d3ff6a7220 JavaThread "Finalizer"                  daemon [_thread_blocked, id=45228, stack(0x0000000c16a00000,0x0000000c16b00000) (1024K)]
  0x000001d3ff6a8ff0 JavaThread "Signal Dispatcher"          daemon [_thread_blocked, id=28484, stack(0x0000000c16b00000,0x0000000c16c00000) (1024K)]
  0x000001d3ff6aba60 JavaThread "Attach Listener"            daemon [_thread_blocked, id=45140, stack(0x0000000c16c00000,0x0000000c16d00000) (1024K)]
  0x000001d3ff6ac4c0 JavaThread "Service Thread"             daemon [_thread_blocked, id=28408, stack(0x0000000c16d00000,0x0000000c16e00000) (1024K)]
  0x000001d3ff6acf20 JavaThread "Monitor Deflation Thread"   daemon [_thread_blocked, id=23732, stack(0x0000000c16e00000,0x0000000c16f00000) (1024K)]
  0x000001d3ff6adcb0 JavaThread "C2 CompilerThread0"         daemon [_thread_blocked, id=9548, stack(0x0000000c16f00000,0x0000000c17000000) (1024K)]
  0x000001d3ff6af280 JavaThread "C1 CompilerThread0"         daemon [_thread_in_vm, id=47060, stack(0x0000000c17000000,0x0000000c17100000) (1024K)]
  0x000001d3e71d7920 JavaThread "Common-Cleaner"             daemon [_thread_blocked, id=45820, stack(0x0000000c17100000,0x0000000c17200000) (1024K)]
  0x000001d3e722eaf0 JavaThread "Notification Thread"        daemon [_thread_blocked, id=32244, stack(0x0000000c17200000,0x0000000c17300000) (1024K)]
  0x000001d3e8d7f9d0 JavaThread "Daemon health stats"               [_thread_blocked, id=34952, stack(0x0000000c17800000,0x0000000c17900000) (1024K)]
  0x000001d3e7eee9c0 JavaThread "Incoming local TCP Connector on port 50149"        [_thread_in_native, id=25632, stack(0x0000000c17900000,0x0000000c17a00000) (1024K)]
  0x000001d3e8a9ca60 JavaThread "Daemon periodic checks"            [_thread_blocked, id=45344, stack(0x0000000c17a00000,0x0000000c17b00000) (1024K)]
  0x000001d3e86cfc90 JavaThread "Daemon"                            [_thread_blocked, id=49924, stack(0x0000000c17b00000,0x0000000c17c00000) (1024K)]
  0x000001d3e8220900 JavaThread "Handler for socket connection from /127.0.0.1:50149 to /127.0.0.1:57303"        [_thread_in_native, id=49812, stack(0x0000000c17c00000,0x0000000c17d00000) (1024K)]
  0x000001d3e83b5ff0 JavaThread "Cancel handler"                    [_thread_blocked, id=47780, stack(0x0000000c17d00000,0x0000000c17e00000) (1024K)]
=>0x000001d3e894e840 JavaThread "Daemon worker"                     [_thread_in_vm, id=50040, stack(0x0000000c17e00000,0x0000000c17f00000) (1024K)]
  0x000001d3e8950910 JavaThread "Asynchronous log dispatcher for DefaultDaemonConnection: socket connection from /127.0.0.1:50149 to /127.0.0.1:57303"        [_thread_blocked, id=21696, stack(0x0000000c17f00000,0x0000000c18000000) (1024K)]
  0x000001d3e894eed0 JavaThread "Stdin handler"                     [_thread_blocked, id=49440, stack(0x0000000c18000000,0x0000000c18100000) (1024K)]
  0x000001d3e8950fa0 JavaThread "Daemon client event forwarder"        [_thread_blocked, id=49444, stack(0x0000000c18100000,0x0000000c18200000) (1024K)]
  0x000001d3e894fbf0 JavaThread "Cache worker for journal cache (C:\Users\Lenovo E14\.gradle\caches\journal-1)"        [_thread_blocked, id=25200, stack(0x0000000c18400000,0x0000000c18500000) (1024K)]
  0x000001d3e8950280 JavaThread "File lock request listener"        [_thread_in_native, id=49800, stack(0x0000000c18500000,0x0000000c18600000) (1024K)]
  0x000001d3e894f560 JavaThread "File lock release action executor"        [_thread_blocked, id=27808, stack(0x0000000c18700000,0x0000000c18800000) (1024K)]
  0x000001d3e8951630 JavaThread "Cache worker for file hash cache (C:\Users\Lenovo E14\.gradle\caches\8.14\fileHashes)"        [_thread_blocked, id=50180, stack(0x0000000c18600000,0x0000000c18700000) (1024K)]
  0x000001d3e92763e0 JavaThread "Cache worker for file hash cache (C:\Users\Lenovo E14\Desktop\babyshophub\.codex-integration-daniel\android\.gradle\8.14\fileHashes)"        [_thread_blocked, id=34980, stack(0x0000000c18900000,0x0000000c18a00000) (1024K)]
  0x000001d3e9276a70 JavaThread "Cache worker for Build Output Cleanup Cache (C:\Users\Lenovo E14\Desktop\babyshophub\.codex-integration-daniel\android\.gradle\buildOutputCleanup)"        [_thread_blocked, id=50820, stack(0x0000000c18a00000,0x0000000c18b00000) (1024K)]
  0x000001d3e9277e20 JavaThread "File watcher server"        daemon [_thread_in_native, id=50984, stack(0x0000000c16100000,0x0000000c16200000) (1024K)]
  0x000001d3e92728d0 JavaThread "File watcher consumer"      daemon [_thread_blocked, id=51196, stack(0x0000000c18b00000,0x0000000c18c00000) (1024K)]
  0x000001d3e9272f60 JavaThread "Cache worker for checksums cache (C:\Users\Lenovo E14\Desktop\babyshophub\.codex-integration-daniel\android\.gradle\8.14\checksums)"        [_thread_blocked, id=51188, stack(0x0000000c18c00000,0x0000000c18d00000) (1024K)]
  0x000001d3e92784b0 JavaThread "Cache worker for file content cache (C:\Users\Lenovo E14\.gradle\caches\8.14\fileContent)"        [_thread_blocked, id=51132, stack(0x0000000c18d00000,0x0000000c18e00000) (1024K)]
  0x000001d3e9275d50 JavaThread "Cache worker for cache directory md-supplier (C:\Users\Lenovo E14\.gradle\caches\8.14\md-supplier)"        [_thread_blocked, id=47288, stack(0x0000000c18f00000,0x0000000c19000000) (1024K)]
  0x000001d3e9271bb0 JavaThread "Cache worker for cache directory md-rule (C:\Users\Lenovo E14\.gradle\caches\8.14\md-rule)"        [_thread_blocked, id=10456, stack(0x0000000c18e00000,0x0000000c18f00000) (1024K)]
Total: 33

Other Threads:
  0x000001d3ff686820 VMThread "VM Thread"                           [id=25312, stack(0x0000000c16800000,0x0000000c16900000) (1024K)] _threads_hazard_ptr=0x000001d3ea494b40
  0x000001d3ff6737b0 WatcherThread "VM Periodic Task Thread"        [id=45068, stack(0x0000000c16700000,0x0000000c16800000) (1024K)]
  0x000001d3efc66db0 WorkerThread "GC Thread#0"                     [id=47648, stack(0x0000000c16200000,0x0000000c16300000) (1024K)]
  0x000001d3e7385c90 WorkerThread "GC Thread#1"                     [id=24468, stack(0x0000000c17300000,0x0000000c17400000) (1024K)]
  0x000001d3e7386040 WorkerThread "GC Thread#2"                     [id=47628, stack(0x0000000c17400000,0x0000000c17500000) (1024K)]
  0x000001d3e738a400 WorkerThread "GC Thread#3"                     [id=40872, stack(0x0000000c17500000,0x0000000c17600000) (1024K)]
  0x000001d3e73c9e60 WorkerThread "GC Thread#4"                     [id=19572, stack(0x0000000c17600000,0x0000000c17700000) (1024K)]
  0x000001d3e73ca210 WorkerThread "GC Thread#5"                     [id=47792, stack(0x0000000c17700000,0x0000000c17800000) (1024K)]
  0x000001d3e72e5910 WorkerThread "GC Thread#6"                     [id=46340, stack(0x0000000c18200000,0x0000000c18300000) (1024K)]
  0x000001d3e72e6420 WorkerThread "GC Thread#7"                     [id=49104, stack(0x0000000c18300000,0x0000000c18400000) (1024K)]
  0x000001d3efc77da0 ConcurrentGCThread "G1 Main Marker"            [id=42000, stack(0x0000000c16300000,0x0000000c16400000) (1024K)]
  0x000001d3efc798c0 WorkerThread "G1 Conc#0"                       [id=47788, stack(0x0000000c16400000,0x0000000c16500000) (1024K)]
  0x000001d3e8892be0 WorkerThread "G1 Conc#1"                       [id=49956, stack(0x0000000c15f00000,0x0000000c16000000) (1024K)]
  0x000001d3ff543180 ConcurrentGCThread "G1 Refine#0"               [id=48124, stack(0x0000000c16500000,0x0000000c16600000) (1024K)]
  0x000001d3ff543d00 ConcurrentGCThread "G1 Service"                [id=45508, stack(0x0000000c16600000,0x0000000c16700000) (1024K)]
Total: 15

Threads with active compile tasks:
C1 CompilerThread0  323028 5265   !   3       sun.nio.ch.FileLockTable::removeStaleEntries (71 bytes)
Total: 1

VM state: synchronizing (normal execution)

VM Mutex/Monitor currently owned by a thread:  ([mutex/lock_event])
[0x00007ff8fe25d530] Metaspace_lock - owner thread: 0x000001d3e894e840
[0x00007ff8fe25f5b0] Threads_lock - owner thread: 0x000001d3ff686820

Heap address: 0x0000000600000000, size: 8192 MB, Compressed Oops mode: Zero based, Oop shift amount: 3

CDS archive(s) mapped at: [0x000001d3a2000000-0x000001d3a2ba0000-0x000001d3a2ba0000), size 12189696, SharedBaseAddress: 0x000001d3a2000000, ArchiveRelocationMode: 1.
Compressed class space mapped at: 0x000001d3a3000000-0x000001d3e3000000, reserved size: 1073741824
Narrow klass base: 0x000001d3a2000000, Narrow klass shift: 0, Narrow klass range: 0x100000000

GC Precious Log:
 CardTable entry size: 512
 Card Set container configuration: InlinePtr #cards 4 size 8 Array Of Cards #cards 32 size 80 Howl #buckets 8 coarsen threshold 7372 Howl Bitmap #cards 1024 size 144 coarsen threshold 921 Card regions per heap region 1 cards per card region 8192
 CPUs: 8 total, 8 available
 Memory: 16082M
 Large Page Support: Disabled
 NUMA Support: Disabled
 Compressed Oops: Enabled (Zero based)
 Heap Region Size: 4M
 Heap Min Capacity: 8M
 Heap Initial Capacity: 252M
 Heap Max Capacity: 8G
 Pre-touch: Disabled
 Parallel Workers: 8
 Concurrent Workers: 2
 Concurrent Refinement Workers: 8
 Periodic GC: Disabled

Heap:
 garbage-first heap   total 110592K, used 80922K [0x0000000600000000, 0x0000000800000000)
  region size 4096K, 14 young (57344K), 1 survivors (4096K)
 Metaspace       used 40504K, committed 41920K, reserved 1114112K
  class space    used 5830K, committed 6528K, reserved 1048576K

Heap Regions: E=young(eden), S=young(survivor), O=old, HS=humongous(starts), HC=humongous(continues), CS=collection set, F=free, TAMS=top-at-mark-start, PB=parsable bottom
|   0|0x0000000600000000, 0x0000000600400000, 0x0000000600400000|100%|HS|  |TAMS 0x0000000600000000| PB 0x0000000600000000| Complete 
|   1|0x0000000600400000, 0x0000000600800000, 0x0000000600800000|100%| O|  |TAMS 0x0000000600400000| PB 0x0000000600400000| Untracked 
|   2|0x0000000600800000, 0x0000000600c00000, 0x0000000600c00000|100%| O|  |TAMS 0x0000000600800000| PB 0x0000000600800000| Untracked 
|   3|0x0000000600c00000, 0x0000000601000000, 0x0000000601000000|100%| O|  |TAMS 0x0000000600c00000| PB 0x0000000600c00000| Untracked 
|   4|0x0000000601000000, 0x00000006013d9c80, 0x0000000601400000| 96%| O|Cm|TAMS 0x0000000601000000| PB 0x0000000601000000| Complete 
|   5|0x0000000601400000, 0x0000000601800000, 0x0000000601800000|100%| O|  |TAMS 0x0000000601400000| PB 0x0000000601400000| Untracked 
|   6|0x0000000601800000, 0x0000000601c00000, 0x0000000601c00000|100%| O|  |TAMS 0x0000000601800000| PB 0x0000000601800000| Untracked 
|   7|0x0000000601c00000, 0x0000000601c6b350, 0x0000000602000000| 10%| O|  |TAMS 0x0000000601c00000| PB 0x0000000601c00000| Untracked 
|   8|0x0000000602000000, 0x0000000602000000, 0x0000000602400000|  0%| F|  |TAMS 0x0000000602000000| PB 0x0000000602000000| Untracked 
|   9|0x0000000602400000, 0x0000000602400000, 0x0000000602800000|  0%| F|  |TAMS 0x0000000602400000| PB 0x0000000602400000| Untracked 
|  10|0x0000000602800000, 0x0000000602800000, 0x0000000602c00000|  0%| F|  |TAMS 0x0000000602800000| PB 0x0000000602800000| Untracked 
|  11|0x0000000602c00000, 0x0000000602c00000, 0x0000000603000000|  0%| F|  |TAMS 0x0000000602c00000| PB 0x0000000602c00000| Untracked 
|  12|0x0000000603000000, 0x0000000603000000, 0x0000000603400000|  0%| F|  |TAMS 0x0000000603000000| PB 0x0000000603000000| Untracked 
|  13|0x0000000603400000, 0x0000000603613520, 0x0000000603800000| 51%| E|  |TAMS 0x0000000603400000| PB 0x0000000603400000| Complete 
|  14|0x0000000603800000, 0x0000000603c00000, 0x0000000603c00000|100%| E|CS|TAMS 0x0000000603800000| PB 0x0000000603800000| Complete 
|  15|0x0000000603c00000, 0x0000000604000000, 0x0000000604000000|100%| E|CS|TAMS 0x0000000603c00000| PB 0x0000000603c00000| Complete 
|  16|0x0000000604000000, 0x0000000604400000, 0x0000000604400000|100%| E|CS|TAMS 0x0000000604000000| PB 0x0000000604000000| Complete 
|  17|0x0000000604400000, 0x0000000604800000, 0x0000000604800000|100%| E|CS|TAMS 0x0000000604400000| PB 0x0000000604400000| Complete 
|  18|0x0000000604800000, 0x0000000604c00000, 0x0000000604c00000|100%| E|CS|TAMS 0x0000000604800000| PB 0x0000000604800000| Complete 
|  19|0x0000000604c00000, 0x0000000605000000, 0x0000000605000000|100%| E|CS|TAMS 0x0000000604c00000| PB 0x0000000604c00000| Complete 
|  20|0x0000000605000000, 0x0000000605400000, 0x0000000605400000|100%| E|CS|TAMS 0x0000000605000000| PB 0x0000000605000000| Complete 
|  21|0x0000000605400000, 0x0000000605800000, 0x0000000605800000|100%| E|CS|TAMS 0x0000000605400000| PB 0x0000000605400000| Complete 
|  22|0x0000000605800000, 0x0000000605c00000, 0x0000000605c00000|100%| E|CS|TAMS 0x0000000605800000| PB 0x0000000605800000| Complete 
|  23|0x0000000605c00000, 0x0000000605ec1848, 0x0000000606000000| 68%| S|CS|TAMS 0x0000000605c00000| PB 0x0000000605c00000| Complete 
|  46|0x000000060b800000, 0x000000060bc00000, 0x000000060bc00000|100%| E|CS|TAMS 0x000000060b800000| PB 0x000000060b800000| Complete 
|  47|0x000000060bc00000, 0x000000060c000000, 0x000000060c000000|100%| E|CS|TAMS 0x000000060bc00000| PB 0x000000060bc00000| Complete 
|  62|0x000000060f800000, 0x000000060fc00000, 0x000000060fc00000|100%| E|CS|TAMS 0x000000060f800000| PB 0x000000060f800000| Complete 

Card table byte_map: [0x000001d3f6330000,0x000001d3f7330000] _byte_map_base: 0x000001d3f3330000

Marking Bits: (CMBitMap*) 0x000001d3efc674c0
 Bits: [0x000001d3f7330000, 0x000001d3ff330000)

Polling page: 0x000001d3f4680000

Metaspace:

Usage:
  Non-class:     33.86 MB used.
      Class:      5.69 MB used.
       Both:     39.56 MB used.

Virtual space:
  Non-class space:       64.00 MB reserved,      34.56 MB ( 54%) committed,  1 nodes.
      Class space:        1.00 GB reserved,       6.38 MB ( <1%) committed,  1 nodes.
             Both:        1.06 GB reserved,      40.94 MB (  4%) committed. 

Chunk freelists:
   Non-Class:  13.25 MB
       Class:  9.62 MB
        Both:  22.88 MB

MaxMetaspaceSize: 4.00 GB
CompressedClassSpaceSize: 1.00 GB
Initial GC threshold: 21.00 MB
Current GC threshold: 59.00 MB
CDS: on
 - commit_granule_bytes: 65536.
 - commit_granule_words: 8192.
 - virtual_space_node_default_size: 8388608.
 - enlarge_chunks_in_place: 1.
 - use_allocation_guard: 0.


Internal statistics:

num_allocs_failed_limit: 6.
num_arena_births: 2666.
num_arena_deaths: 0.
num_vsnodes_births: 2.
num_vsnodes_deaths: 0.
num_space_committed: 655.
num_space_uncommitted: 0.
num_chunks_returned_to_freelist: 6.
num_chunks_taken_from_freelist: 4582.
num_chunk_merges: 6.
num_chunk_splits: 2952.
num_chunks_enlarged: 1780.
num_inconsistent_stats: 0.

CodeHeap 'non-profiled nmethods': size=259264Kb used=2923Kb max_used=2965Kb free=256340Kb
 bounds [0x000001d3902d0000, 0x000001d3905d0000, 0x000001d3a0000000]
CodeHeap 'profiled nmethods': size=259264Kb used=8756Kb max_used=9597Kb free=250507Kb
 bounds [0x000001d380000000, 0x000001d380960000, 0x000001d38fd30000]
CodeHeap 'non-nmethods': size=5760Kb used=2006Kb max_used=2036Kb free=3753Kb
 bounds [0x000001d38fd30000, 0x000001d38ffa0000, 0x000001d3902d0000]
CodeCache: size=524288Kb, used=13685Kb, max_used=14598Kb, free=510600Kb
 total_blobs=5321, nmethods=4611, adapters=614, full_count=0
Compilation: enabled, stopped_count=0, restarted_count=0

Compilation events (20 events):
Event: 321.708 Thread 0x000001d3ff6adcb0 nmethod 5249 0x000001d390376310 code [0x000001d3903764a0, 0x000001d390376728]
Event: 321.713 Thread 0x000001d3ff6af280 5250       3       org.gradle.internal.reflect.JavaPropertyReflectionUtil::doesNotHaveTypeVariable (107 bytes)
Event: 321.713 Thread 0x000001d3ff6af280 nmethod 5250 0x000001d3804c2410 code [0x000001d3804c2640, 0x000001d3804c30a0]
Event: 321.713 Thread 0x000001d3ff6af280 5251       3       org.gradle.internal.instantiation.generator.AbstractClassGenerator$ExtensibleTypePropertyHandler::unclaimed (64 bytes)
Event: 321.714 Thread 0x000001d3ff6af280 nmethod 5251 0x000001d380291090 code [0x000001d3802912c0, 0x000001d3802919a8]
Event: 321.715 Thread 0x000001d3ff6adcb0 5252       4       org.objectweb.asm.SymbolTable::addConstantUtf8Reference (101 bytes)
Event: 321.715 Thread 0x000001d3ff6af280 5253       3       org.gradle.model.internal.asm.ClassVisitorScope::addField (11 bytes)
Event: 321.715 Thread 0x000001d3ff6af280 nmethod 5253 0x000001d3804acb10 code [0x000001d3804accc0, 0x000001d3804acee8]
Event: 321.716 Thread 0x000001d3ff6af280 5254       3       org.gradle.model.internal.asm.MethodVisitorScope::_CHECKCAST (9 bytes)
Event: 321.717 Thread 0x000001d3ff6af280 nmethod 5254 0x000001d38046d790 code [0x000001d38046d960, 0x000001d38046dd00]
Event: 321.717 Thread 0x000001d3ff6af280 5256       3       org.gradle.model.internal.asm.MethodVisitorScope::_IFNONNULL (9 bytes)
Event: 321.717 Thread 0x000001d3ff6af280 nmethod 5256 0x000001d380290a10 code [0x000001d380290bc0, 0x000001d380290e38]
Event: 321.718 Thread 0x000001d3ff6af280 5257       3       org.objectweb.asm.Type::getSort (19 bytes)
Event: 321.718 Thread 0x000001d3ff6af280 nmethod 5257 0x000001d380512f90 code [0x000001d380513120, 0x000001d380513270]
Event: 321.718 Thread 0x000001d3ff6af280 5258       3       com.google.common.collect.Hashing::closedTableSize (37 bytes)
Event: 321.721 Thread 0x000001d3ff6af280 nmethod 5258 0x000001d3804c5190 code [0x000001d3804c5360, 0x000001d3804c5680]
Event: 321.721 Thread 0x000001d3ff6af280 5260       3       org.gradle.model.internal.asm.AsmClassGeneratorUtils::visitType (112 bytes)
Event: 321.722 Thread 0x000001d3ff6af280 nmethod 5260 0x000001d380015890 code [0x000001d380015d00, 0x000001d380017de8]
Event: 321.722 Thread 0x000001d3ff6af280 5261       3       org.gradle.model.internal.asm.MethodVisitorScope::_ILOAD_OF (12 bytes)
Event: 321.722 Thread 0x000001d3ff6af280 nmethod 5261 0x000001d38044b390 code [0x000001d38044b560, 0x000001d38044b830]

GC Heap History (14 events):
Event: 3.354 GC heap before
{Heap before GC invocations=0 (full 0):
 garbage-first heap   total 258048K, used 20480K [0x0000000600000000, 0x0000000800000000)
  region size 4096K, 5 young (20480K), 0 survivors (0K)
 Metaspace       used 883K, committed 1024K, reserved 1114112K
  class space    used 72K, committed 128K, reserved 1048576K
}
Event: 3.417 GC heap after
{Heap after GC invocations=1 (full 0):
 garbage-first heap   total 258048K, used 1535K [0x0000000600000000, 0x0000000800000000)
  region size 4096K, 1 young (4096K), 1 survivors (4096K)
 Metaspace       used 883K, committed 1024K, reserved 1114112K
  class space    used 72K, committed 128K, reserved 1048576K
}
Event: 5.714 GC heap before
{Heap before GC invocations=1 (full 0):
 garbage-first heap   total 258048K, used 42495K [0x0000000600000000, 0x0000000800000000)
  region size 4096K, 11 young (45056K), 1 survivors (4096K)
 Metaspace       used 4423K, committed 4608K, reserved 1114112K
  class space    used 557K, committed 640K, reserved 1048576K
}
Event: 5.719 GC heap after
{Heap after GC invocations=2 (full 0):
 garbage-first heap   total 258048K, used 11799K [0x0000000600000000, 0x0000000800000000)
  region size 4096K, 2 young (8192K), 2 survivors (8192K)
 Metaspace       used 4423K, committed 4608K, reserved 1114112K
  class space    used 557K, committed 640K, reserved 1048576K
}
Event: 273.156 GC heap before
{Heap before GC invocations=2 (full 0):
 garbage-first heap   total 258048K, used 118295K [0x0000000600000000, 0x0000000800000000)
  region size 4096K, 29 young (118784K), 2 survivors (8192K)
 Metaspace       used 12862K, committed 13248K, reserved 1114112K
  class space    used 1713K, committed 1920K, reserved 1048576K
}
Event: 273.345 GC heap after
{Heap after GC invocations=3 (full 0):
 garbage-first heap   total 258048K, used 20605K [0x0000000600000000, 0x0000000800000000)
  region size 4096K, 4 young (16384K), 4 survivors (16384K)
 Metaspace       used 12862K, committed 13248K, reserved 1114112K
  class space    used 1713K, committed 1920K, reserved 1048576K
}
Event: 308.831 GC heap before
{Heap before GC invocations=3 (full 0):
 garbage-first heap   total 258048K, used 77949K [0x0000000600000000, 0x0000000800000000)
  region size 4096K, 19 young (77824K), 4 survivors (16384K)
 Metaspace       used 20865K, committed 21504K, reserved 1114112K
  class space    used 3022K, committed 3264K, reserved 1048576K
}
Event: 308.848 GC heap after
{Heap after GC invocations=4 (full 0):
 garbage-first heap   total 258048K, used 24892K [0x0000000600000000, 0x0000000800000000)
  region size 4096K, 2 young (8192K), 2 survivors (8192K)
 Metaspace       used 20865K, committed 21504K, reserved 1114112K
  class space    used 3022K, committed 3264K, reserved 1048576K
}
Event: 316.217 GC heap before
{Heap before GC invocations=5 (full 0):
 garbage-first heap   total 98304K, used 94524K [0x0000000600000000, 0x0000000800000000)
  region size 4096K, 19 young (77824K), 2 survivors (8192K)
 Metaspace       used 32212K, committed 33216K, reserved 1114112K
  class space    used 4573K, committed 5056K, reserved 1048576K
}
Event: 316.225 GC heap after
{Heap after GC invocations=6 (full 0):
 garbage-first heap   total 110592K, used 29134K [0x0000000600000000, 0x0000000800000000)
  region size 4096K, 3 young (12288K), 3 survivors (12288K)
 Metaspace       used 32212K, committed 33216K, reserved 1114112K
  class space    used 4573K, committed 5056K, reserved 1048576K
}
Event: 317.551 GC heap before
{Heap before GC invocations=6 (full 0):
 garbage-first heap   total 110592K, used 82382K [0x0000000600000000, 0x0000000800000000)
  region size 4096K, 16 young (65536K), 3 survivors (12288K)
 Metaspace       used 34717K, committed 35712K, reserved 1114112K
  class space    used 4818K, committed 5312K, reserved 1048576K
}
Event: 317.557 GC heap after
{Heap after GC invocations=7 (full 0):
 garbage-first heap   total 110592K, used 32337K [0x0000000600000000, 0x0000000800000000)
  region size 4096K, 1 young (4096K), 1 survivors (4096K)
 Metaspace       used 34717K, committed 35712K, reserved 1114112K
  class space    used 4818K, committed 5312K, reserved 1048576K
}
Event: 317.855 GC heap before
{Heap before GC invocations=7 (full 0):
 garbage-first heap   total 110592K, used 40529K [0x0000000600000000, 0x0000000800000000)
  region size 4096K, 4 young (16384K), 1 survivors (4096K)
 Metaspace       used 35049K, committed 36096K, reserved 1114112K
  class space    used 4876K, committed 5376K, reserved 1048576K
}
Event: 317.858 GC heap after
{Heap after GC invocations=8 (full 0):
 garbage-first heap   total 110592K, used 31770K [0x0000000600000000, 0x0000000800000000)
  region size 4096K, 1 young (4096K), 1 survivors (4096K)
 Metaspace       used 35049K, committed 36096K, reserved 1114112K
  class space    used 4876K, committed 5376K, reserved 1048576K
}

Dll operation events (20 events):
Event: 1.448 Attempting to load shared library C:\Users\Lenovo E14\.vscode\extensions\redhat.java-1.56.0-win32-x64\jre\21.0.12.1-win32-x86_64\bin\nio.dll
Event: 1.449 Loaded shared library C:\Users\Lenovo E14\.vscode\extensions\redhat.java-1.56.0-win32-x64\jre\21.0.12.1-win32-x86_64\bin\nio.dll
Event: 1.460 Attempting to load shared library C:\Users\Lenovo E14\.vscode\extensions\redhat.java-1.56.0-win32-x64\jre\21.0.12.1-win32-x86_64\bin\zip.dll
Event: 1.460 Loaded shared library C:\Users\Lenovo E14\.vscode\extensions\redhat.java-1.56.0-win32-x64\jre\21.0.12.1-win32-x86_64\bin\zip.dll
Event: 3.442 Attempting to load shared library C:\Users\Lenovo E14\.vscode\extensions\redhat.java-1.56.0-win32-x64\jre\21.0.12.1-win32-x86_64\bin\jimage.dll
Event: 3.442 Loaded shared library C:\Users\Lenovo E14\.vscode\extensions\redhat.java-1.56.0-win32-x64\jre\21.0.12.1-win32-x86_64\bin\jimage.dll
Event: 3.861 Attempting to load shared library C:\Users\Lenovo E14\.vscode\extensions\redhat.java-1.56.0-win32-x64\jre\21.0.12.1-win32-x86_64\bin\verify.dll
Event: 3.902 Loaded shared library C:\Users\Lenovo E14\.vscode\extensions\redhat.java-1.56.0-win32-x64\jre\21.0.12.1-win32-x86_64\bin\verify.dll
Event: 4.188 Attempting to load shared library C:\Users\Lenovo E14\.gradle\native\1def1411415f61bf3af743bc5b6707747c0891f09f0c88961ee8f79bc544acac\windows-amd64\native-platform.dll
Event: 4.190 Loaded shared library C:\Users\Lenovo E14\.gradle\native\1def1411415f61bf3af743bc5b6707747c0891f09f0c88961ee8f79bc544acac\windows-amd64\native-platform.dll
Event: 4.202 Attempting to load shared library C:\Users\Lenovo E14\.gradle\native\0.2.7\x86_64-windows-gnu\gradle-fileevents.dll
Event: 4.256 Loaded shared library C:\Users\Lenovo E14\.gradle\native\0.2.7\x86_64-windows-gnu\gradle-fileevents.dll
Event: 11.182 Attempting to load shared library C:\Users\Lenovo E14\.vscode\extensions\redhat.java-1.56.0-win32-x64\jre\21.0.12.1-win32-x86_64\bin\management.dll
Event: 11.390 Loaded shared library C:\Users\Lenovo E14\.vscode\extensions\redhat.java-1.56.0-win32-x64\jre\21.0.12.1-win32-x86_64\bin\management.dll
Event: 11.405 Attempting to load shared library C:\Users\Lenovo E14\.vscode\extensions\redhat.java-1.56.0-win32-x64\jre\21.0.12.1-win32-x86_64\bin\management_ext.dll
Event: 11.412 Loaded shared library C:\Users\Lenovo E14\.vscode\extensions\redhat.java-1.56.0-win32-x64\jre\21.0.12.1-win32-x86_64\bin\management_ext.dll
Event: 12.004 Attempting to load shared library C:\Users\Lenovo E14\.vscode\extensions\redhat.java-1.56.0-win32-x64\jre\21.0.12.1-win32-x86_64\bin\extnet.dll
Event: 12.004 Loaded shared library C:\Users\Lenovo E14\.vscode\extensions\redhat.java-1.56.0-win32-x64\jre\21.0.12.1-win32-x86_64\bin\extnet.dll
Event: 246.311 Attempting to load shared library C:\Users\Lenovo E14\.vscode\extensions\redhat.java-1.56.0-win32-x64\jre\21.0.12.1-win32-x86_64\bin\sunmscapi.dll
Event: 246.358 Loaded shared library C:\Users\Lenovo E14\.vscode\extensions\redhat.java-1.56.0-win32-x64\jre\21.0.12.1-win32-x86_64\bin\sunmscapi.dll

Deoptimization events (20 events):
Event: 320.405 Thread 0x000001d3e894e840 DEOPT PACKING pc=0x000001d3806de656 sp=0x0000000c17ef8330
Event: 320.405 Thread 0x000001d3e894e840 DEOPT UNPACKING pc=0x000001d38fd886e2 sp=0x0000000c17ef77a0 mode 0
Event: 320.447 Thread 0x000001d3e894e840 DEOPT PACKING pc=0x000001d3803f0ad6 sp=0x0000000c17ef8870
Event: 320.447 Thread 0x000001d3e894e840 DEOPT UNPACKING pc=0x000001d38fd886e2 sp=0x0000000c17ef7d10 mode 0
Event: 320.909 Thread 0x000001d3e894e840 Uncommon trap: trap_request=0xffffff45 fr.pc=0x000001d3904436d8 relative=0x0000000000000a78
Event: 320.909 Thread 0x000001d3e894e840 Uncommon trap: reason=unstable_if action=reinterpret pc=0x000001d3904436d8 method=org.objectweb.asm.Frame.push(I)V @ 26 c2
Event: 320.909 Thread 0x000001d3e894e840 DEOPT PACKING pc=0x000001d3904436d8 sp=0x0000000c17ef8430
Event: 320.909 Thread 0x000001d3e894e840 DEOPT UNPACKING pc=0x000001d38fd87ba2 sp=0x0000000c17ef8338 mode 2
Event: 321.066 Thread 0x000001d3e894e840 Uncommon trap: trap_request=0xffffff45 fr.pc=0x000001d390505564 relative=0x00000000000005a4
Event: 321.066 Thread 0x000001d3e894e840 Uncommon trap: reason=unstable_if action=reinterpret pc=0x000001d390505564 method=java.lang.invoke.InvokerBytecodeGenerator.storeInsnOpcode(Ljava/lang/invoke/LambdaForm$BasicType;)I @ 8 c2
Event: 321.066 Thread 0x000001d3e894e840 DEOPT PACKING pc=0x000001d390505564 sp=0x0000000c17ef6d80
Event: 321.066 Thread 0x000001d3e894e840 DEOPT UNPACKING pc=0x000001d38fd87ba2 sp=0x0000000c17ef6cc8 mode 2
Event: 321.067 Thread 0x000001d3e894e840 Uncommon trap: trap_request=0xffffff3d fr.pc=0x000001d39053d6d8 relative=0x0000000000000cd8
Event: 321.067 Thread 0x000001d3e894e840 Uncommon trap: reason=unstable_fused_if action=reinterpret pc=0x000001d39053d6d8 method=org.objectweb.asm.ByteVector.putUTF8(Ljava/lang/String;)Lorg/objectweb/asm/ByteVector; @ 93 c2
Event: 321.067 Thread 0x000001d3e894e840 DEOPT PACKING pc=0x000001d39053d6d8 sp=0x0000000c17ef7760
Event: 321.067 Thread 0x000001d3e894e840 DEOPT UNPACKING pc=0x000001d38fd87ba2 sp=0x0000000c17ef76b8 mode 2
Event: 321.718 Thread 0x000001d3e894e840 Uncommon trap: trap_request=0xffffff45 fr.pc=0x000001d3902f1f30 relative=0x0000000000000270
Event: 321.721 Thread 0x000001d3e894e840 Uncommon trap: reason=unstable_if action=reinterpret pc=0x000001d3902f1f30 method=org.objectweb.asm.Frame.push(I)V @ 26 c2
Event: 321.721 Thread 0x000001d3e894e840 DEOPT PACKING pc=0x000001d3902f1f30 sp=0x0000000c17ef8c50
Event: 321.721 Thread 0x000001d3e894e840 DEOPT UNPACKING pc=0x000001d38fd87ba2 sp=0x0000000c17ef8bf8 mode 2

Classes loaded (20 events):
Event: 318.696 Loading class java/util/stream/Streams$RangeIntSpliterator
Event: 318.697 Loading class java/util/stream/Streams$RangeIntSpliterator done
Event: 318.736 Loading class java/security/CodeSigner
Event: 318.736 Loading class java/security/CodeSigner done
Event: 318.748 Loading class jdk/internal/loader/URLClassPath$FileLoader
Event: 318.748 Loading class jdk/internal/loader/URLClassPath$FileLoader done
Event: 318.753 Loading class jdk/internal/loader/URLClassPath$FileLoader$1
Event: 318.753 Loading class jdk/internal/loader/URLClassPath$FileLoader$1 done
Event: 320.447 Loading class java/lang/invoke/BoundMethodHandle$Species_LLLLLLLLLLLLLLLLLLLLLLLLLLL
Event: 320.447 Loading class java/lang/invoke/BoundMethodHandle$Species_LLLLLLLLLLLLLLLLLLLLLLLLLLL done
Event: 320.605 Loading class java/lang/invoke/BoundMethodHandle$Species_LLLLLLLLLLLLLLLLLLLLLLLLLLLL
Event: 320.605 Loading class java/lang/invoke/BoundMethodHandle$Species_LLLLLLLLLLLLLLLLLLLLLLLLLLLL done
Event: 320.607 Loading class java/lang/invoke/BoundMethodHandle$Species_LLLLLLLLLLLLLLLLLLLLLLLLLLLLL
Event: 320.607 Loading class java/lang/invoke/BoundMethodHandle$Species_LLLLLLLLLLLLLLLLLLLLLLLLLLLLL done
Event: 320.609 Loading class java/lang/invoke/BoundMethodHandle$Species_LLLLLLLLLLLLLLLLLLLLLLLLLLLLLL
Event: 320.609 Loading class java/lang/invoke/BoundMethodHandle$Species_LLLLLLLLLLLLLLLLLLLLLLLLLLLLLL done
Event: 320.612 Loading class java/lang/invoke/BoundMethodHandle$Species_LLLLLLLLLLLLLLLLLLLLLLLLLLLLLLL
Event: 320.612 Loading class java/lang/invoke/BoundMethodHandle$Species_LLLLLLLLLLLLLLLLLLLLLLLLLLLLLLL done
Event: 320.614 Loading class java/lang/invoke/BoundMethodHandle$Species_LLLLLLLLLLLLLLLLLLLLLLLLLLLLLLLL
Event: 320.614 Loading class java/lang/invoke/BoundMethodHandle$Species_LLLLLLLLLLLLLLLLLLLLLLLLLLLLLLLL done

Classes unloaded (0 events):
No events

Classes redefined (0 events):
No events

Internal exceptions (20 events):
Event: 320.611 Thread 0x000001d3e894e840 Exception <a 'java/lang/NoSuchMethodError'{0x0000000604af2cb0}: 'java.lang.Object java.lang.invoke.DirectMethodHandle$Holder.invokeStatic(java.lang.Object, java.lang.Object, java.lang.Object, java.lang.Object, java.lang.Object, java.lang.Object, java.lang.Object, java.lang.Object, java.lang.Object, java.lang.Object, java.lang.Object, java.lang.Object, java.lang.Object, java.lang.Object, java.lang.Object, java.lang.Object, java.lang.Object, java.lang.Object, java.lang.Object, java.lang.Object, java.lang.Obj
Event: 320.613 Thread 0x000001d3e894e840 Exception <a 'java/lang/NoSuchMethodError'{0x0000000604b30eb8}: 'java.lang.Object java.lang.invoke.DirectMethodHandle$Holder.invokeStatic(java.lang.Object, java.lang.Object, java.lang.Object, java.lang.Object, java.lang.Object, java.lang.Object, java.lang.Object, java.lang.Object, java.lang.Object, java.lang.Object, java.lang.Object, java.lang.Object, java.lang.Object, java.lang.Object, java.lang.Object, java.lang.Object, java.lang.Object, java.lang.Object, java.lang.Object, java.lang.Object, java.lang.Obj
Event: 320.616 Thread 0x000001d3e894e840 Exception <a 'java/lang/NoSuchMethodError'{0x0000000604b70f20}: 'java.lang.Object java.lang.invoke.DirectMethodHandle$Holder.invokeStatic(java.lang.Object, java.lang.Object, java.lang.Object, java.lang.Object, java.lang.Object, java.lang.Object, java.lang.Object, java.lang.Object, java.lang.Object, java.lang.Object, java.lang.Object, java.lang.Object, java.lang.Object, java.lang.Object, java.lang.Object, java.lang.Object, java.lang.Object, java.lang.Object, java.lang.Object, java.lang.Object, java.lang.Obj
Event: 320.645 Thread 0x000001d3e894e840 Exception <a 'java/lang/NoSuchMethodError'{0x0000000604452608}: 'java.lang.Object java.lang.invoke.DirectMethodHandle$Holder.newInvokeSpecial(java.lang.Object, java.lang.Object, java.lang.Object, java.lang.Object, java.lang.Object, java.lang.Object, java.lang.Object, java.lang.Object, java.lang.Object, java.lang.Object, java.lang.Object, java.lang.Object, java.lang.Object, java.lang.Object, java.lang.Object, java.lang.Object, java.lang.Object, java.lang.Object, java.lang.Object)'> (0x0000000604452608) 
thr
Event: 320.744 Thread 0x000001d3e894e840 Exception <a 'java/lang/NoSuchMethodError'{0x00000006044592f8}: 'java.lang.Object java.lang.invoke.DirectMethodHandle$Holder.invokeSpecial(java.lang.Object, java.lang.Object, java.lang.Object, java.lang.Object, java.lang.Object, java.lang.Object, java.lang.Object, java.lang.Object, java.lang.Object, java.lang.Object, java.lang.Object, java.lang.Object, java.lang.Object, java.lang.Object, java.lang.Object, java.lang.Object, java.lang.Object, java.lang.Object, java.lang.Object, java.lang.Object)'> (0x0000000
Event: 320.745 Thread 0x000001d3e894e840 Exception <a 'java/lang/NoSuchMethodError'{0x000000060445ebb8}: 'java.lang.Object java.lang.invoke.DelegatingMethodHandle$Holder.reinvoke_L(java.lang.Object, java.lang.Object, java.lang.Object, java.lang.Object, java.lang.Object, java.lang.Object, java.lang.Object, java.lang.Object, java.lang.Object, java.lang.Object, java.lang.Object, java.lang.Object, java.lang.Object, java.lang.Object, java.lang.Object, java.lang.Object, java.lang.Object, java.lang.Object, java.lang.Object)'> (0x000000060445ebb8) 
throw
Event: 320.897 Thread 0x000001d3e894e840 Exception <a 'java/lang/NoSuchMethodError'{0x00000006040cd2f8}: 'java.lang.Object java.lang.invoke.DirectMethodHandle$Holder.invokeVirtual(java.lang.Object, java.lang.Object, java.lang.Object, java.lang.Object, java.lang.Object, java.lang.Object, java.lang.Object, java.lang.Object, java.lang.Object, java.lang.Object, java.lang.Object, java.lang.Object, java.lang.Object, java.lang.Object, java.lang.Object)'> (0x00000006040cd2f8) 
thrown [s\src\hotspot\share\interpreter\linkResolver.cpp, line 773]
Event: 320.911 Thread 0x000001d3e894e840 Exception <a 'java/lang/NoSuchMethodError'{0x00000006041a6c48}: 'java.lang.Object java.lang.invoke.DirectMethodHandle$Holder.newInvokeSpecial(java.lang.Object, java.lang.Object, java.lang.Object, java.lang.Object, java.lang.Object, java.lang.Object, java.lang.Object, java.lang.Object, java.lang.Object, java.lang.Object, java.lang.Object, java.lang.Object, java.lang.Object)'> (0x00000006041a6c48) 
thrown [s\src\hotspot\share\interpreter\linkResolver.cpp, line 773]
Event: 321.172 Thread 0x000001d3e894e840 Exception <a 'java/lang/NoSuchMethodError'{0x0000000603cc6b70}: 'java.lang.Object java.lang.invoke.DirectMethodHandle$Holder.newInvokeSpecial(java.lang.Object, java.lang.Object, java.lang.Object, java.lang.Object, int)'> (0x0000000603cc6b70) 
thrown [s\src\hotspot\share\interpreter\linkResolver.cpp, line 773]
Event: 321.172 Thread 0x000001d3e894e840 Exception <a 'java/lang/NoSuchMethodError'{0x0000000603ccb9a8}: 'java.lang.Object java.lang.invoke.DirectMethodHandle$Holder.invokeSpecial(java.lang.Object, java.lang.Object, java.lang.Object, java.lang.Object, java.lang.Object, int)'> (0x0000000603ccb9a8) 
thrown [s\src\hotspot\share\interpreter\linkResolver.cpp, line 773]
Event: 321.172 Thread 0x000001d3e894e840 Exception <a 'java/lang/NoSuchMethodError'{0x0000000603cd0198}: 'java.lang.Object java.lang.invoke.Invokers$Holder.linkToTargetMethod(java.lang.Object, java.lang.Object, java.lang.Object, int, java.lang.Object)'> (0x0000000603cd0198) 
thrown [s\src\hotspot\share\interpreter\linkResolver.cpp, line 773]
Event: 321.424 Thread 0x000001d3e894e840 Exception <a 'java/lang/NoSuchMethodError'{0x0000000603eebd98}: 'int java.lang.invoke.DirectMethodHandle$Holder.invokeInterface(java.lang.Object, java.lang.Object, java.lang.Object, java.lang.Object)'> (0x0000000603eebd98) 
thrown [s\src\hotspot\share\interpreter\linkResolver.cpp, line 773]
Event: 321.579 Thread 0x000001d3e894e840 Exception <a 'java/lang/NoSuchMethodError'{0x0000000603921e10}: 'java.lang.Object java.lang.invoke.DirectMethodHandle$Holder.invokeStatic(java.lang.Object, long, java.lang.Object)'> (0x0000000603921e10) 
thrown [s\src\hotspot\share\interpreter\linkResolver.cpp, line 773]
Event: 321.580 Thread 0x000001d3e894e840 Exception <a 'java/lang/NoSuchMethodError'{0x00000006039292f0}: 'java.lang.Object java.lang.invoke.DirectMethodHandle$Holder.newInvokeSpecial(java.lang.Object, long)'> (0x00000006039292f0) 
thrown [s\src\hotspot\share\interpreter\linkResolver.cpp, line 773]
Event: 321.648 Thread 0x000001d3e894e840 Exception <a 'java/lang/NoSuchMethodError'{0x000000060398dc40}: 'java.lang.Object java.lang.invoke.DirectMethodHandle$Holder.newInvokeSpecial(java.lang.Object, java.lang.Object, java.lang.Object, java.lang.Object, java.lang.Object, long, java.lang.Object)'> (0x000000060398dc40) 
thrown [s\src\hotspot\share\interpreter\linkResolver.cpp, line 773]
Event: 321.649 Thread 0x000001d3e894e840 Exception <a 'java/lang/NoSuchMethodError'{0x00000006039966f8}: 'java.lang.Object java.lang.invoke.Invokers$Holder.linkToTargetMethod(java.lang.Object, java.lang.Object, java.lang.Object, java.lang.Object, long, java.lang.Object, java.lang.Object)'> (0x00000006039966f8) 
thrown [s\src\hotspot\share\interpreter\linkResolver.cpp, line 773]
Event: 321.656 Thread 0x000001d3e894e840 Exception <a 'java/lang/NoSuchMethodError'{0x00000006039dc0f8}: 'java.lang.Object java.lang.invoke.DirectMethodHandle$Holder.newInvokeSpecial(java.lang.Object, java.lang.Object, java.lang.Object, long, java.lang.Object)'> (0x00000006039dc0f8) 
thrown [s\src\hotspot\share\interpreter\linkResolver.cpp, line 773]
Event: 321.657 Thread 0x000001d3e894e840 Exception <a 'java/lang/NoSuchMethodError'{0x00000006039e0fe0}: 'java.lang.Object java.lang.invoke.DirectMethodHandle$Holder.invokeSpecial(java.lang.Object, java.lang.Object, java.lang.Object, java.lang.Object, long, java.lang.Object)'> (0x00000006039e0fe0) 
thrown [s\src\hotspot\share\interpreter\linkResolver.cpp, line 773]
Event: 321.657 Thread 0x000001d3e894e840 Exception <a 'java/lang/NoSuchMethodError'{0x00000006039e5598}: 'java.lang.Object java.lang.invoke.Invokers$Holder.linkToTargetMethod(java.lang.Object, java.lang.Object, long, java.lang.Object, java.lang.Object)'> (0x00000006039e5598) 
thrown [s\src\hotspot\share\interpreter\linkResolver.cpp, line 773]
Event: 321.724 Thread 0x000001d3e894e840 Exception <a 'java/lang/NoSuchMethodError'{0x0000000603442698}: 'java.lang.Object java.lang.invoke.DirectMethodHandle$Holder.newInvokeSpecial(java.lang.Object, java.lang.Object, java.lang.Object, java.lang.Object, java.lang.Object, java.lang.Object, java.lang.Object, java.lang.Object, java.lang.Object, java.lang.Object, java.lang.Object, java.lang.Object, java.lang.Object, java.lang.Object, java.lang.Object, java.lang.Object, java.lang.Object, java.lang.Object, java.lang.Object, java.lang.Object, java.lang

ZGC Phase Switch (0 events):
No events

VM Operations (20 events):
Event: 317.855 Executing safepoint VM operation: CollectForMetadataAllocation (Metadata GC Threshold)
Event: 317.858 Executing safepoint VM operation: CollectForMetadataAllocation (Metadata GC Threshold) done
Event: 317.862 Executing non-safepoint VM operation: HandshakeAllThreads (Deoptimize)
Event: 317.862 Executing non-safepoint VM operation: HandshakeAllThreads (Deoptimize) done
Event: 317.864 Executing non-safepoint VM operation: HandshakeAllThreads (Deoptimize)
Event: 317.864 Executing non-safepoint VM operation: HandshakeAllThreads (Deoptimize) done
Event: 317.888 Executing safepoint VM operation: G1PauseRemark
Event: 317.895 Executing safepoint VM operation: G1PauseRemark done
Event: 317.904 Executing safepoint VM operation: G1PauseCleanup
Event: 317.908 Executing safepoint VM operation: G1PauseCleanup done
Event: 318.908 Executing safepoint VM operation: Cleanup
Event: 318.909 Executing safepoint VM operation: Cleanup done
Event: 319.910 Executing safepoint VM operation: Cleanup
Event: 319.996 Executing safepoint VM operation: Cleanup done
Event: 320.996 Executing safepoint VM operation: Cleanup
Event: 321.037 Executing safepoint VM operation: Cleanup done
Event: 321.154 Executing non-safepoint VM operation: HandshakeAllThreads (Deoptimize)
Event: 321.154 Executing non-safepoint VM operation: HandshakeAllThreads (Deoptimize) done
Event: 321.421 Executing non-safepoint VM operation: HandshakeAllThreads (Deoptimize)
Event: 321.421 Executing non-safepoint VM operation: HandshakeAllThreads (Deoptimize) done

Memory protections (0 events):
No events

Nmethod flushes (20 events):
Event: 317.894 Thread 0x000001d3ff686820 flushing  nmethod 0x000001d3801aaf90
Event: 317.894 Thread 0x000001d3ff686820 flushing  nmethod 0x000001d3801ac010
Event: 317.894 Thread 0x000001d3ff686820 flushing  nmethod 0x000001d3801af910
Event: 317.894 Thread 0x000001d3ff686820 flushing  nmethod 0x000001d3801b2410
Event: 317.894 Thread 0x000001d3ff686820 flushing  nmethod 0x000001d3801b3010
Event: 317.894 Thread 0x000001d3ff686820 flushing  nmethod 0x000001d3801ecd90
Event: 317.894 Thread 0x000001d3ff686820 flushing  nmethod 0x000001d3801f2b10
Event: 317.894 Thread 0x000001d3ff686820 flushing  nmethod 0x000001d3801f4e10
Event: 317.894 Thread 0x000001d3ff686820 flushing  nmethod 0x000001d3801f5e10
Event: 317.894 Thread 0x000001d3ff686820 flushing  nmethod 0x000001d380252910
Event: 317.894 Thread 0x000001d3ff686820 flushing  nmethod 0x000001d380254090
Event: 317.894 Thread 0x000001d3ff686820 flushing  nmethod 0x000001d38031db90
Event: 317.894 Thread 0x000001d3ff686820 flushing  nmethod 0x000001d380326d90
Event: 317.894 Thread 0x000001d3ff686820 flushing  nmethod 0x000001d3803bc490
Event: 317.894 Thread 0x000001d3ff686820 flushing  nmethod 0x000001d3803bc810
Event: 317.894 Thread 0x000001d3ff686820 flushing  nmethod 0x000001d3803bcc10
Event: 317.894 Thread 0x000001d3ff686820 flushing  nmethod 0x000001d3803bd890
Event: 317.894 Thread 0x000001d3ff686820 flushing  nmethod 0x000001d3803be810
Event: 317.894 Thread 0x000001d3ff686820 flushing  nmethod 0x000001d3803e5b10
Event: 317.894 Thread 0x000001d3ff686820 flushing  nmethod 0x000001d3805d3d90

Events (20 events):
Event: 309.684 Thread 0x000001d3e894e840 Thread added: 0x000001d3e9276a70
Event: 310.014 Thread 0x000001d3e85c3a00 Thread exited: 0x000001d3e85c3a00
Event: 310.646 Thread 0x000001d3e894e840 Thread added: 0x000001d3e9277e20
Event: 310.658 Thread 0x000001d3e894e840 Thread added: 0x000001d3e92728d0
Event: 315.211 Thread 0x000001d3ff6af280 Thread added: 0x000001d3e9396ea0
Event: 315.662 Thread 0x000001d3e9396ea0 Thread exited: 0x000001d3e9396ea0
Event: 316.407 Thread 0x000001d3ff6af280 Thread added: 0x000001d3ea427460
Event: 317.476 Thread 0x000001d3ea427460 Thread exited: 0x000001d3ea427460
Event: 317.506 Thread 0x000001d3ff6adcb0 Thread added: 0x000001d3ea427420
Event: 317.636 Thread 0x000001d3ea427420 Thread exited: 0x000001d3ea427420
Event: 318.941 Thread 0x000001d3e894e840 Thread added: 0x000001d3e9272f60
Event: 319.199 Thread 0x000001d3e894e840 Thread added: 0x000001d3e92784b0
Event: 319.471 Thread 0x000001d3ff6af280 Thread added: 0x000001d3e7289390
Event: 319.856 Thread 0x000001d3e894e840 Thread added: 0x000001d3e9275d50
Event: 319.998 Thread 0x000001d3e7289390 Thread exited: 0x000001d3e7289390
Event: 320.238 Thread 0x000001d3e894e840 Thread added: 0x000001d3e9271bb0
Event: 320.304 Thread 0x000001d3ff6adcb0 Thread added: 0x000001d3e7289390
Event: 320.766 Thread 0x000001d3e7289390 Thread exited: 0x000001d3e7289390
Event: 321.160 Thread 0x000001d3ff6af280 Thread added: 0x000001d3e8d156d0
Event: 321.343 Thread 0x000001d3e8d156d0 Thread exited: 0x000001d3e8d156d0


Dynamic libraries:
0x00007ff6b6000000 - 0x00007ff6b600e000 	C:\Users\Lenovo E14\.vscode\extensions\redhat.java-1.56.0-win32-x64\jre\21.0.12.1-win32-x86_64\bin\java.exe
0x00007ff9bbd10000 - 0x00007ff9bbf28000 	C:\Windows\SYSTEM32\ntdll.dll
0x00007ff9bab90000 - 0x00007ff9bac54000 	C:\Windows\System32\KERNEL32.DLL
0x00007ff9b90f0000 - 0x00007ff9b94c3000 	C:\Windows\System32\KERNELBASE.dll
0x00007ff9b9890000 - 0x00007ff9b99a1000 	C:\Windows\System32\ucrtbase.dll
0x00007ff9af440000 - 0x00007ff9af458000 	C:\Users\Lenovo E14\.vscode\extensions\redhat.java-1.56.0-win32-x64\jre\21.0.12.1-win32-x86_64\bin\jli.dll
0x00007ff9bb080000 - 0x00007ff9bb232000 	C:\Windows\System32\USER32.dll
0x00007ff9b97e0000 - 0x00007ff9b9806000 	C:\Windows\System32\win32u.dll
0x00007ff9bb050000 - 0x00007ff9bb079000 	C:\Windows\System32\GDI32.dll
0x00007ff9b96c0000 - 0x00007ff9b97db000 	C:\Windows\System32\gdi32full.dll
0x00007ff9b8e50000 - 0x00007ff9b8eea000 	C:\Windows\System32\msvcp_win.dll
0x00007ff99e350000 - 0x00007ff99e36e000 	C:\Users\Lenovo E14\.vscode\extensions\redhat.java-1.56.0-win32-x64\jre\21.0.12.1-win32-x86_64\bin\VCRUNTIME140.dll
0x00007ff9a7b50000 - 0x00007ff9a7dec000 	C:\Windows\WinSxS\amd64_microsoft.windows.common-controls_6595b64144ccf1df_6.0.22621.6060_none_2712eda17382d24b\COMCTL32.dll
0x00007ff9ba8e0000 - 0x00007ff9ba987000 	C:\Windows\System32\msvcrt.dll
0x00007ff9ba780000 - 0x00007ff9ba7b1000 	C:\Windows\System32\IMM32.DLL
0x00007ff9afdf0000 - 0x00007ff9afdfc000 	C:\Users\Lenovo E14\.vscode\extensions\redhat.java-1.56.0-win32-x64\jre\21.0.12.1-win32-x86_64\bin\vcruntime140_1.dll
0x00007ff99b0c0000 - 0x00007ff99b14d000 	C:\Users\Lenovo E14\.vscode\extensions\redhat.java-1.56.0-win32-x64\jre\21.0.12.1-win32-x86_64\bin\msvcp140.dll
0x00007ff8fd5a0000 - 0x00007ff8fe342000 	C:\Users\Lenovo E14\.vscode\extensions\redhat.java-1.56.0-win32-x64\jre\21.0.12.1-win32-x86_64\bin\server\jvm.dll
0x00007ff9baee0000 - 0x00007ff9baf91000 	C:\Windows\System32\ADVAPI32.dll
0x00007ff9bafa0000 - 0x00007ff9bb048000 	C:\Windows\System32\sechost.dll
0x00007ff9b8e20000 - 0x00007ff9b8e48000 	C:\Windows\System32\bcrypt.dll
0x00007ff9bbb90000 - 0x00007ff9bbca8000 	C:\Windows\System32\RPCRT4.dll
0x00007ff9ba4c0000 - 0x00007ff9ba531000 	C:\Windows\System32\WS2_32.dll
0x00007ff9b85a0000 - 0x00007ff9b85ed000 	C:\Windows\SYSTEM32\POWRPROF.dll
0x00007ff9b23f0000 - 0x00007ff9b2424000 	C:\Windows\SYSTEM32\WINMM.dll
0x00007ff9b2060000 - 0x00007ff9b206a000 	C:\Windows\SYSTEM32\VERSION.dll
0x00007ff9b8530000 - 0x00007ff9b8543000 	C:\Windows\SYSTEM32\UMPDC.dll
0x00007ff9b7e30000 - 0x00007ff9b7e48000 	C:\Windows\SYSTEM32\kernel.appcore.dll
0x00007ff9af180000 - 0x00007ff9af18a000 	C:\Users\Lenovo E14\.vscode\extensions\redhat.java-1.56.0-win32-x64\jre\21.0.12.1-win32-x86_64\bin\jimage.dll
0x00007ff9b67d0000 - 0x00007ff9b6a03000 	C:\Windows\SYSTEM32\DBGHELP.DLL
0x00007ff9b9fc0000 - 0x00007ff9ba351000 	C:\Windows\System32\combase.dll
0x00007ff9bac60000 - 0x00007ff9bad38000 	C:\Windows\System32\OLEAUT32.dll
0x00007ff9acea0000 - 0x00007ff9aced2000 	C:\Windows\SYSTEM32\dbgcore.DLL
0x00007ff9b94d0000 - 0x00007ff9b954b000 	C:\Windows\System32\bcryptPrimitives.dll
0x00007ff9af0c0000 - 0x00007ff9af0cf000 	C:\Users\Lenovo E14\.vscode\extensions\redhat.java-1.56.0-win32-x64\jre\21.0.12.1-win32-x86_64\bin\instrument.dll
0x00007ff99e330000 - 0x00007ff99e350000 	C:\Users\Lenovo E14\.vscode\extensions\redhat.java-1.56.0-win32-x64\jre\21.0.12.1-win32-x86_64\bin\java.dll
0x00007ff9bb260000 - 0x00007ff9bbafc000 	C:\Windows\System32\SHELL32.dll
0x00007ff9b8ef0000 - 0x00007ff9b902f000 	C:\Windows\System32\wintypes.dll
0x00007ff9b6cd0000 - 0x00007ff9b75ea000 	C:\Windows\SYSTEM32\windows.storage.dll
0x00007ff9ba7c0000 - 0x00007ff9ba8c4000 	C:\Windows\System32\SHCORE.dll
0x00007ff9b9a60000 - 0x00007ff9b9ac9000 	C:\Windows\System32\shlwapi.dll
0x00007ff9b8d50000 - 0x00007ff9b8d75000 	C:\Windows\SYSTEM32\profapi.dll
0x00007ff99e2d0000 - 0x00007ff99e2e8000 	C:\Users\Lenovo E14\.vscode\extensions\redhat.java-1.56.0-win32-x64\jre\21.0.12.1-win32-x86_64\bin\zip.dll
0x00007ff9adc00000 - 0x00007ff9adc10000 	C:\Users\Lenovo E14\.vscode\extensions\redhat.java-1.56.0-win32-x64\jre\21.0.12.1-win32-x86_64\bin\net.dll
0x00007ff9b55d0000 - 0x00007ff9b56fc000 	C:\Windows\SYSTEM32\WINHTTP.dll
0x00007ff9b82f0000 - 0x00007ff9b8359000 	C:\Windows\system32\mswsock.dll
0x00007ff99e2f0000 - 0x00007ff99e306000 	C:\Users\Lenovo E14\.vscode\extensions\redhat.java-1.56.0-win32-x64\jre\21.0.12.1-win32-x86_64\bin\nio.dll
0x00007ff9aacb0000 - 0x00007ff9aacc0000 	C:\Users\Lenovo E14\.vscode\extensions\redhat.java-1.56.0-win32-x64\jre\21.0.12.1-win32-x86_64\bin\verify.dll
0x00007ff99de40000 - 0x00007ff99de67000 	C:\Users\Lenovo E14\.gradle\native\1def1411415f61bf3af743bc5b6707747c0891f09f0c88961ee8f79bc544acac\windows-amd64\native-platform.dll
0x00007ff99ae30000 - 0x00007ff99aea8000 	C:\Users\Lenovo E14\.gradle\native\0.2.7\x86_64-windows-gnu\gradle-fileevents.dll
0x00007ff9b2610000 - 0x00007ff9b261a000 	C:\Users\Lenovo E14\.vscode\extensions\redhat.java-1.56.0-win32-x64\jre\21.0.12.1-win32-x86_64\bin\management.dll
0x00007ff9b25d0000 - 0x00007ff9b25dc000 	C:\Users\Lenovo E14\.vscode\extensions\redhat.java-1.56.0-win32-x64\jre\21.0.12.1-win32-x86_64\bin\management_ext.dll
0x00007ff9bb240000 - 0x00007ff9bb248000 	C:\Windows\System32\PSAPI.DLL
0x00007ff9b7890000 - 0x00007ff9b78bd000 	C:\Windows\SYSTEM32\IPHLPAPI.DLL
0x00007ff9ba8d0000 - 0x00007ff9ba8d9000 	C:\Windows\System32\NSI.dll
0x00007ff9b25c0000 - 0x00007ff9b25c9000 	C:\Users\Lenovo E14\.vscode\extensions\redhat.java-1.56.0-win32-x64\jre\21.0.12.1-win32-x86_64\bin\extnet.dll
0x00007ff9b86c0000 - 0x00007ff9b86db000 	C:\Windows\SYSTEM32\CRYPTSP.dll
0x00007ff9b7d20000 - 0x00007ff9b7d57000 	C:\Windows\system32\rsaenh.dll
0x00007ff9b8390000 - 0x00007ff9b83b8000 	C:\Windows\SYSTEM32\USERENV.dll
0x00007ff9b86a0000 - 0x00007ff9b86ac000 	C:\Windows\SYSTEM32\CRYPTBASE.dll
0x00007ff9b25b0000 - 0x00007ff9b25be000 	C:\Users\Lenovo E14\.vscode\extensions\redhat.java-1.56.0-win32-x64\jre\21.0.12.1-win32-x86_64\bin\sunmscapi.dll
0x00007ff9b9550000 - 0x00007ff9b96b8000 	C:\Windows\System32\CRYPT32.dll
0x00007ff9b87e0000 - 0x00007ff9b880e000 	C:\Windows\SYSTEM32\ncrypt.dll
0x00007ff9b87a0000 - 0x00007ff9b87d7000 	C:\Windows\SYSTEM32\NTASN1.dll
0x00007ff97e570000 - 0x00007ff97e578000 	C:\Windows\system32\wshunix.dll

JVMTI agents:
C:\Users\Lenovo E14\.gradle\wrapper\dists\gradle-8.14-all\c2qonpi39x1mddn7hk5gh9iqj\gradle-8.14\lib\agents\gradle-instrumentation-agent-8.14.jar path:C:\Users\Lenovo E14\.vscode\extensions\redhat.java-1.56.0-win32-x64\jre\21.0.12.1-win32-x86_64\bin\instrument.dll, loaded, initialized, instrumentlib options:none

dbghelp: loaded successfully - version: 4.0.5 - missing functions: none
symbol engine: initialized successfully - sym options: 0x614 - pdb path: .;C:\Users\Lenovo E14\.vscode\extensions\redhat.java-1.56.0-win32-x64\jre\21.0.12.1-win32-x86_64\bin;C:\Windows\SYSTEM32;C:\Windows\WinSxS\amd64_microsoft.windows.common-controls_6595b64144ccf1df_6.0.22621.6060_none_2712eda17382d24b;C:\Users\Lenovo E14\.vscode\extensions\redhat.java-1.56.0-win32-x64\jre\21.0.12.1-win32-x86_64\bin\server;C:\Users\Lenovo E14\.gradle\native\1def1411415f61bf3af743bc5b6707747c0891f09f0c88961ee8f79bc544acac\windows-amd64;C:\Users\Lenovo E14\.gradle\native\0.2.7\x86_64-windows-gnu

VM Arguments:
jvm_args: --add-opens=java.base/java.lang=ALL-UNNAMED --add-opens=java.base/java.lang.invoke=ALL-UNNAMED --add-opens=java.base/java.util=ALL-UNNAMED --add-opens=java.prefs/java.util.prefs=ALL-UNNAMED --add-exports=jdk.compiler/com.sun.tools.javac.api=ALL-UNNAMED --add-exports=jdk.compiler/com.sun.tools.javac.util=ALL-UNNAMED --add-opens=java.base/java.util=ALL-UNNAMED --add-opens=java.prefs/java.util.prefs=ALL-UNNAMED --add-opens=java.base/java.nio.charset=ALL-UNNAMED --add-opens=java.base/java.net=ALL-UNNAMED --add-opens=java.base/java.util.concurrent.atomic=ALL-UNNAMED --add-opens=java.xml/javax.xml.namespace=ALL-UNNAMED -XX:MaxMetaspaceSize=4G -XX:ReservedCodeCacheSize=512m -XX:+HeapDumpOnOutOfMemoryError -Xmx8G -Dfile.encoding=UTF-8 -Duser.country=US -Duser.language=en -Duser.variant -javaagent:C:\Users\Lenovo E14\.gradle\wrapper\dists\gradle-8.14-all\c2qonpi39x1mddn7hk5gh9iqj\gradle-8.14\lib\agents\gradle-instrumentation-agent-8.14.jar 
java_command: org.gradle.launcher.daemon.bootstrap.GradleDaemon 8.14
java_class_path (initial): C:\Users\Lenovo E14\.gradle\wrapper\dists\gradle-8.14-all\c2qonpi39x1mddn7hk5gh9iqj\gradle-8.14\lib\gradle-daemon-main-8.14.jar
Launcher Type: SUN_STANDARD

[Global flags]
     intx CICompilerCount                          = 4                                         {product} {ergonomic}
     uint ConcGCThreads                            = 2                                         {product} {ergonomic}
     uint G1ConcRefinementThreads                  = 8                                         {product} {ergonomic}
   size_t G1HeapRegionSize                         = 4194304                                   {product} {ergonomic}
    uintx GCDrainStackTargetSize                   = 64                                        {product} {ergonomic}
     bool HeapDumpOnOutOfMemoryError               = true                                   {manageable} {command line}
   size_t InitialHeapSize                          = 264241152                                 {product} {ergonomic}
   size_t MarkStackSize                            = 4194304                                   {product} {ergonomic}
   size_t MaxHeapSize                              = 8589934592                                {product} {command line}
   size_t MaxMetaspaceSize                         = 4294967296                                {product} {command line}
   size_t MaxNewSize                               = 5150605312                                {product} {ergonomic}
   size_t MinHeapDeltaBytes                        = 4194304                                   {product} {ergonomic}
   size_t MinHeapSize                              = 8388608                                   {product} {ergonomic}
    uintx NonNMethodCodeHeapSize                   = 5839372                                {pd product} {ergonomic}
    uintx NonProfiledCodeHeapSize                  = 265515770                              {pd product} {ergonomic}
    uintx ProfiledCodeHeapSize                     = 265515770                              {pd product} {ergonomic}
    uintx ReservedCodeCacheSize                    = 536870912                              {pd product} {command line}
     bool SegmentedCodeCache                       = true                                      {product} {ergonomic}
   size_t SoftMaxHeapSize                          = 8589934592                             {manageable} {ergonomic}
     bool UseCompressedOops                        = true                           {product lp64_product} {ergonomic}
     bool UseG1GC                                  = true                                      {product} {ergonomic}
     bool UseLargePagesIndividualAllocation        = false                                  {pd product} {ergonomic}

Logging:
Log output configuration:
 #0: stdout all=warning uptime,level,tags foldmultilines=false
 #1: stderr all=off uptime,level,tags foldmultilines=false

Release file:
JAVA_VERSION="21.0.12.1" 
MODULES="java.base java.compiler java.datatransfer java.xml java.prefs java.desktop java.instrument java.logging java.management java.security.sasl java.naming java.rmi java.management.rmi java.net.http java.scripting java.security.jgss java.transaction.xa java.sql java.sql.rowset java.xml.crypto java.se java.smartcardio jdk.accessibility jdk.internal.jvmstat jdk.attach jdk.charsets jdk.internal.opt jdk.zipfs jdk.compiler jdk.crypto.ec jdk.crypto.cryptoki jdk.crypto.mscapi jdk.dynalink jdk.internal.ed jdk.editpad jdk.hotspot.agent jdk.httpserver jdk.internal.le jdk.internal.vm.ci jdk.internal.vm.compiler jdk.internal.vm.compiler.management jdk.jartool jdk.javadoc jdk.jcmd jdk.management jdk.management.agent jdk.jconsole jdk.jdeps jdk.jdwp.agent jdk.jdi jdk.jfr jdk.jshell jdk.jsobject jdk.jstatd jdk.localedata jdk.management.jfr jdk.naming.dns jdk.naming.rmi jdk.net jdk.nio.mapmode jdk.random jdk.sctp jdk.security.auth jdk.security.jgss jdk.unsupported jdk.unsupported.desktop jdk.xml.dom" 

Environment Variables:
PATH=C:\Program Files\Common Files\Oracle\Java\javapath;C:\Windows\system32;C:\Windows;C:\Windows\System32\Wbem;C:\Windows\System32\WindowsPowerShell\v1.0\;C:\Windows\System32\OpenSSH\;C:\Windows\Microsoft.NET\Framework64\v4.0.30319;C:\Program Files\MongoDB\mongosh-2.5.8-win32-x64\bin;C:\Program Files\MongoDB\mongodb-database-tools-windows-x86_64-100.13.0\bin;C:\Program Files\MongoDB\Server\8.2\bin;C:\Program Files\MongoDB\Connector for BI\2.14\bin;C:\Program Files\MongoDB\ODBC\1.4\bin;C:\Program Files\nodejs\;C:\Program Files\Git\cmd;C:\Program Files\MySQL\MySQL Shell 8.0\bin;C:\Program Files\MySQL\MySQL Server 8.0\bin;C:\Program Files\MySQL\MySQL Router 8.0\bin;C:\Program Files\dotnet\;C:\flutter\bin;C:\Android\cmdline-tools\latest\bin;C:\Android\platform-tools;C:\Android\platforms;C:\Android\emulator;C:\Program Files\MySQL\MySQL Shell 8.0\bin\;C:\Users\Lenovo E14\AppData\Local\Programs\Python\Python314\Scripts\;C:\Users\Lenovo E14\AppData\Local\Programs\Python\Python314\;C:\Users\Lenovo E14\AppData\Local\Microsoft\WindowsApps;C:\Users\Lenovo E14\AppData\Local\Programs\Microsoft VS Code\bin;C:\Users\Lenovo E14\AppData\Roaming\npm
USERNAME=Lenovo E14
OS=Windows_NT
PROCESSOR_IDENTIFIER=Intel64 Family 6 Model 140 Stepping 1, GenuineIntel
TMP=C:\Users\LENOVO~1\AppData\Local\Temp
TEMP=C:\Users\LENOVO~1\AppData\Local\Temp




Periodic native trim disabled

---------------  S Y S T E M  ---------------

OS:
 Windows 11 , 64 bit Build 22621 (10.0.22621.5415)
OS uptime: 0 days 0:49 hours
Hyper-V role detected

CPU: total 8 (initial active 8) (4 cores per cpu, 2 threads per core) family 6 model 140 stepping 1 microcode 0x86, cx8, cmov, fxsr, ht, mmx, 3dnowpref, sse, sse2, sse3, ssse3, sse4.1, sse4.2, popcnt, lzcnt, tsc, tscinvbit, avx, avx2, aes, erms, clmul, bmi1, bmi2, adx, avx512f, avx512dq, avx512cd, avx512bw, avx512vl, sha, fma, vzeroupper, avx512_vpopcntdq, avx512_vpclmulqdq, avx512_vaes, avx512_vnni, clflush, clflushopt, clwb, avx512_vbmi2, avx512_vbmi, hv, rdtscp, rdpid, fsrm, gfni, avx512_bitalg, f16c, cet_ibt, cet_ss, avx512_ifma
Processor Information for the first 8 processors :
  Max Mhz: 2419, Current Mhz: 2419, Mhz Limit: 2419

Memory: 4k page, system-wide physical 16082M (1077M free)
TotalPageFile size 65234M (AvailPageFile size 9M)
current process WorkingSet (physical memory assigned to process): 230M, peak: 234M
current process commit charge ("private bytes"): 296M, peak: 412M

vm_info: OpenJDK 64-Bit Server VM (21.0.12.1+1-LTS) for windows-amd64 JRE (21.0.12.1+1-LTS), built on 2026-08-18T00:00:00Z by "admin" with MS VC++ 17.12 (VS2022)

END.
