#
# There is insufficient memory for the Java Runtime Environment to continue.
# Native memory allocation (mmap) failed to map 65536 bytes. Error detail: Failed to commit metaspace.
# Possible reasons:
#   The system is out of physical RAM or swap space
#   This process is running with CompressedOops enabled, and the Java Heap may be blocking the growth of the native heap
# Possible solutions:
#   Reduce memory load on the system
#   Increase physical memory or swap space
#   Check if swap backing store is full
#   Decrease Java heap size (-Xmx/-Xms)
#   Decrease number of Java threads
#   Decrease Java thread stack sizes (-Xss)
#   Set larger code cache with -XX:ReservedCodeCacheSize=
#   JVM is running with Zero Based Compressed Oops mode in which the Java heap is
#     placed in the first 32GB address space. The Java Heap base address is the
#     maximum limit for the native heap growth. Please use -XX:HeapBaseMinAddress
#     to set the Java Heap base and to place the Java Heap above 32GB virtual address.
# This output file may be truncated or incomplete.
#
#  Out of Memory Error (virtualSpaceNode.cpp:113), pid=4192, tid=12000
#
# JRE version: OpenJDK Runtime Environment Temurin-21.0.12.1+1 (21.0.12.1+1) (build 21.0.12.1+1-LTS)
# Java VM: OpenJDK 64-Bit Server VM Temurin-21.0.12.1+1 (21.0.12.1+1-LTS, mixed mode, sharing, tiered, compressed oops, compressed class ptrs, g1 gc, windows-amd64)
# No core dump will be written. Minidumps are not enabled by default on client versions of Windows
#

---------------  S U M M A R Y ------------

Command Line: --add-opens=java.base/java.lang=ALL-UNNAMED --add-opens=java.base/java.lang.invoke=ALL-UNNAMED --add-opens=java.base/java.util=ALL-UNNAMED --add-opens=java.prefs/java.util.prefs=ALL-UNNAMED --add-exports=jdk.compiler/com.sun.tools.javac.api=ALL-UNNAMED --add-exports=jdk.compiler/com.sun.tools.javac.util=ALL-UNNAMED --add-opens=java.base/java.util=ALL-UNNAMED --add-opens=java.prefs/java.util.prefs=ALL-UNNAMED --add-opens=java.base/java.nio.charset=ALL-UNNAMED --add-opens=java.base/java.net=ALL-UNNAMED --add-opens=java.base/java.util.concurrent.atomic=ALL-UNNAMED --add-opens=java.xml/javax.xml.namespace=ALL-UNNAMED -XX:MaxMetaspaceSize=4G -XX:ReservedCodeCacheSize=512m -XX:+HeapDumpOnOutOfMemoryError -Xmx8G -Dfile.encoding=UTF-8 -Duser.country=US -Duser.language=en -Duser.variant -javaagent:C:\Users\Lenovo E14\.gradle\wrapper\dists\gradle-8.14-all\c2qonpi39x1mddn7hk5gh9iqj\gradle-8.14\lib\agents\gradle-instrumentation-agent-8.14.jar org.gradle.launcher.daemon.bootstrap.GradleDaemon 8.14

Host: 11th Gen Intel(R) Core(TM) i5-1135G7 @ 2.40GHz, 8 cores, 15G,  Windows 11 , 64 bit Build 22621 (10.0.22621.5415)
Time: Tue Oct  6 07:50:29 2026 W. Central Africa Standard Time elapsed time: 61.425392 seconds (0d 0h 1m 1s)

---------------  T H R E A D  ---------------

Current thread (0x000002a8fc938b10):  JavaThread "Daemon worker"        [_thread_in_vm, id=12000, stack(0x000000fc53700000,0x000000fc53800000) (1024K)]

Stack: [0x000000fc53700000,0x000000fc53800000]
Native frames: (J=compiled Java code, j=interpreted, Vv=VM code, C=native code)
V  [jvm.dll+0x6d83e9]
V  [jvm.dll+0x8b5736]
V  [jvm.dll+0x8b7cee]
V  [jvm.dll+0x8b83d3]
V  [jvm.dll+0x284596]
V  [jvm.dll+0x8b147e]
V  [jvm.dll+0x679ad4]
V  [jvm.dll+0x1e849b]
V  [jvm.dll+0x1e825e]
V  [jvm.dll+0x67c3d2]
V  [jvm.dll+0x67c202]
V  [jvm.dll+0x67a4ae]
V  [jvm.dll+0x213db8]
V  [jvm.dll+0x21379f]
V  [jvm.dll+0x21a629]
V  [jvm.dll+0x20f80e]
V  [jvm.dll+0x5b6a7f]
V  [jvm.dll+0x82f606]
V  [jvm.dll+0x4792f8]
V  [jvm.dll+0x47f128]
C  [java.dll+0x17ec]

Java frames: (J=compiled Java code, j=interpreted, Vv=VM code)
J 862  java.lang.ClassLoader.defineClass1(Ljava/lang/ClassLoader;Ljava/lang/String;[BIILjava/security/ProtectionDomain;Ljava/lang/String;)Ljava/lang/Class; java.base@21.0.12.1 (0 bytes) @ 0x000002a8daacd011 [0x000002a8daaccf40+0x00000000000000d1]
J 1606 c1 java.lang.ClassLoader.defineClass(Ljava/lang/String;[BIILjava/security/ProtectionDomain;)Ljava/lang/Class; java.base@21.0.12.1 (43 bytes) @ 0x000002a8caab737c [0x000002a8caab7020+0x000000000000035c]
J 1199 c1 java.security.SecureClassLoader.defineClass(Ljava/lang/String;[BIILjava/security/CodeSource;)Ljava/lang/Class; java.base@21.0.12.1 (16 bytes) @ 0x000002a8ca9abd1c [0x000002a8ca9abc40+0x00000000000000dc]
J 1600 c1 java.net.URLClassLoader.defineClass(Ljava/lang/String;Ljdk/internal/loader/Resource;)Ljava/lang/Class; java.base@21.0.12.1 (224 bytes) @ 0x000002a8caaafef4 [0x000002a8caaae780+0x0000000000001774]
J 968 c1 java.net.URLClassLoader$1.run()Ljava/lang/Class; java.base@21.0.12.1 (81 bytes) @ 0x000002a8ca948c8c [0x000002a8ca948040+0x0000000000000c4c]
J 919 c1 java.net.URLClassLoader$1.run()Ljava/lang/Object; java.base@21.0.12.1 (5 bytes) @ 0x000002a8ca9343d4 [0x000002a8ca934340+0x0000000000000094]
J 760 c1 java.security.AccessController.doPrivileged(Ljava/security/PrivilegedExceptionAction;Ljava/security/AccessControlContext;)Ljava/lang/Object; java.base@21.0.12.1 (26 bytes) @ 0x000002a8ca8e4d8c [0x000002a8ca8e4ba0+0x00000000000001ec]
J 917 c1 java.net.URLClassLoader.findClass(Ljava/lang/String;)Ljava/lang/Class; java.base@21.0.12.1 (47 bytes) @ 0x000002a8ca933654 [0x000002a8ca9334a0+0x00000000000001b4]
J 864 c1 java.lang.ClassLoader.loadClass(Ljava/lang/String;Z)Ljava/lang/Class; java.base@21.0.12.1 (121 bytes) @ 0x000002a8ca9166ac [0x000002a8ca9160e0+0x00000000000005cc]
J 881 c1 java.lang.ClassLoader.loadClass(Ljava/lang/String;)Ljava/lang/Class; java.base@21.0.12.1 (7 bytes) @ 0x000002a8ca923ed4 [0x000002a8ca923dc0+0x0000000000000114]
v  ~StubRoutines::call_stub 0x000002a8da4d10e7
J 862  java.lang.ClassLoader.defineClass1(Ljava/lang/ClassLoader;Ljava/lang/String;[BIILjava/security/ProtectionDomain;Ljava/lang/String;)Ljava/lang/Class; java.base@21.0.12.1 (0 bytes) @ 0x000002a8daacd011 [0x000002a8daaccf40+0x00000000000000d1]
J 1606 c1 java.lang.ClassLoader.defineClass(Ljava/lang/String;[BIILjava/security/ProtectionDomain;)Ljava/lang/Class; java.base@21.0.12.1 (43 bytes) @ 0x000002a8caab737c [0x000002a8caab7020+0x000000000000035c]
J 1199 c1 java.security.SecureClassLoader.defineClass(Ljava/lang/String;[BIILjava/security/CodeSource;)Ljava/lang/Class; java.base@21.0.12.1 (16 bytes) @ 0x000002a8ca9abd1c [0x000002a8ca9abc40+0x00000000000000dc]
J 1600 c1 java.net.URLClassLoader.defineClass(Ljava/lang/String;Ljdk/internal/loader/Resource;)Ljava/lang/Class; java.base@21.0.12.1 (224 bytes) @ 0x000002a8caaafef4 [0x000002a8caaae780+0x0000000000001774]
J 968 c1 java.net.URLClassLoader$1.run()Ljava/lang/Class; java.base@21.0.12.1 (81 bytes) @ 0x000002a8ca948c8c [0x000002a8ca948040+0x0000000000000c4c]
J 919 c1 java.net.URLClassLoader$1.run()Ljava/lang/Object; java.base@21.0.12.1 (5 bytes) @ 0x000002a8ca9343d4 [0x000002a8ca934340+0x0000000000000094]
J 760 c1 java.security.AccessController.doPrivileged(Ljava/security/PrivilegedExceptionAction;Ljava/security/AccessControlContext;)Ljava/lang/Object; java.base@21.0.12.1 (26 bytes) @ 0x000002a8ca8e4d8c [0x000002a8ca8e4ba0+0x00000000000001ec]
J 917 c1 java.net.URLClassLoader.findClass(Ljava/lang/String;)Ljava/lang/Class; java.base@21.0.12.1 (47 bytes) @ 0x000002a8ca933654 [0x000002a8ca9334a0+0x00000000000001b4]
J 864 c1 java.lang.ClassLoader.loadClass(Ljava/lang/String;Z)Ljava/lang/Class; java.base@21.0.12.1 (121 bytes) @ 0x000002a8ca9166ac [0x000002a8ca9160e0+0x00000000000005cc]
J 881 c1 java.lang.ClassLoader.loadClass(Ljava/lang/String;)Ljava/lang/Class; java.base@21.0.12.1 (7 bytes) @ 0x000002a8ca923ed4 [0x000002a8ca923dc0+0x0000000000000114]
v  ~StubRoutines::call_stub 0x000002a8da4d10e7
j  org.gradle.internal.instantiation.generator.AsmBackedClassGenerator$ClassBuilderImpl.lambda$generateInitMethod$3(Lorg/objectweb/asm/MethodVisitor;)V+0
j  org.gradle.internal.instantiation.generator.AsmBackedClassGenerator$ClassBuilderImpl$$Lambda+0x000002a8811e3880.emit(Lorg/objectweb/asm/MethodVisitor;)V+5
j  org.gradle.model.internal.asm.ClassVisitorScope.addMethod(ILjava/lang/String;Ljava/lang/String;Ljava/lang/String;Lorg/gradle/model/internal/asm/BytecodeFragment;)V+16
j  org.gradle.model.internal.asm.ClassVisitorScope.privateSyntheticMethod(Ljava/lang/String;Ljava/lang/String;Lorg/gradle/model/internal/asm/BytecodeFragment;)V+8
j  org.gradle.internal.instantiation.generator.AsmBackedClassGenerator$ClassBuilderImpl.generateInitMethod()V+35
j  org.gradle.internal.instantiation.generator.AsmBackedClassGenerator$ClassBuilderImpl.startClass()V+230
j  org.gradle.internal.instantiation.generator.AsmBackedClassGenerator$ClassInspectionVisitorImpl.builder()Lorg/gradle/internal/instantiation/generator/AbstractClassGenerator$ClassGenerationVisitor;+242
j  org.gradle.internal.instantiation.generator.AbstractClassGenerator.generateUnderLock(Ljava/lang/Class;)Lorg/gradle/internal/instantiation/generator/AbstractClassGenerator$GeneratedClassImpl;+409
j  org.gradle.internal.instantiation.generator.AbstractClassGenerator$$Lambda+0x000002a8811cda88.apply(Ljava/lang/Object;)Ljava/lang/Object;+8
j  org.gradle.cache.internal.DefaultCrossBuildInMemoryCacheFactory$AbstractCrossBuildInMemoryCache.produce(Ljava/util/function/Function;Ljava/lang/Object;)Ljava/lang/Object;+2
j  org.gradle.cache.internal.DefaultCrossBuildInMemoryCacheFactory$AbstractCrossBuildInMemoryCache.produceAndRetain(Ljava/util/function/Function;Ljava/lang/Object;)Ljava/lang/Object;+3
j  org.gradle.cache.internal.DefaultCrossBuildInMemoryCacheFactory$AbstractCrossBuildInMemoryCache.lambda$get$1(Ljava/util/function/Function;Ljava/lang/Object;)Ljava/lang/Object;+3
j  org.gradle.cache.internal.DefaultCrossBuildInMemoryCacheFactory$AbstractCrossBuildInMemoryCache$$Lambda+0x000002a8811ccff8.get()Ljava/lang/Object;+12
j  org.gradle.internal.lazy.LockingLazy.get()Ljava/lang/Object;+22
j  org.gradle.cache.internal.DefaultCrossBuildInMemoryCacheFactory$AbstractCrossBuildInMemoryCache.get(Ljava/lang/Object;Ljava/util/function/Function;)Ljava/lang/Object;+18
j  org.gradle.internal.instantiation.generator.AbstractClassGenerator.generate(Ljava/lang/Class;)Lorg/gradle/internal/instantiation/generator/ClassGenerator$GeneratedClass;+14
j  org.gradle.internal.instantiation.generator.AsmBackedClassGenerator.generate(Ljava/lang/Class;)Lorg/gradle/internal/instantiation/generator/ClassGenerator$GeneratedClass;+2
j  org.gradle.internal.instantiation.generator.Jsr330ConstructorSelector.lambda$forType$0(Ljava/lang/Class;)Lorg/gradle/internal/instantiation/generator/Jsr330ConstructorSelector$CachedConstructor;+9
j  org.gradle.internal.instantiation.generator.Jsr330ConstructorSelector$$Lambda+0x000002a8811ccb88.get()Ljava/lang/Object;+8
j  org.gradle.cache.Cache.lambda$get$0(Ljava/util/function/Supplier;Ljava/lang/Object;)Ljava/lang/Object;+1
j  org.gradle.cache.Cache$$Lambda+0x000002a881114488.apply(Ljava/lang/Object;)Ljava/lang/Object;+5
j  org.gradle.cache.internal.DefaultCrossBuildInMemoryCacheFactory$AbstractCrossBuildInMemoryCache.produce(Ljava/util/function/Function;Ljava/lang/Object;)Ljava/lang/Object;+2
j  org.gradle.cache.internal.DefaultCrossBuildInMemoryCacheFactory$AbstractCrossBuildInMemoryCache.produceAndRetain(Ljava/util/function/Function;Ljava/lang/Object;)Ljava/lang/Object;+3
j  org.gradle.cache.internal.DefaultCrossBuildInMemoryCacheFactory$AbstractCrossBuildInMemoryCache.lambda$get$1(Ljava/util/function/Function;Ljava/lang/Object;)Ljava/lang/Object;+3
j  org.gradle.cache.internal.DefaultCrossBuildInMemoryCacheFactory$AbstractCrossBuildInMemoryCache$$Lambda+0x000002a8811ccff8.get()Ljava/lang/Object;+12
j  org.gradle.internal.lazy.LockingLazy.get()Ljava/lang/Object;+22
j  org.gradle.cache.internal.DefaultCrossBuildInMemoryCacheFactory$AbstractCrossBuildInMemoryCache.get(Ljava/lang/Object;Ljava/util/function/Function;)Ljava/lang/Object;+18
j  org.gradle.cache.Cache.get(Ljava/lang/Object;Ljava/util/function/Supplier;)Ljava/lang/Object;+8
j  org.gradle.internal.instantiation.generator.Jsr330ConstructorSelector.forType(Ljava/lang/Class;)Lorg/gradle/internal/instantiation/generator/ClassGenerator$GeneratedConstructor;+12
j  org.gradle.internal.instantiation.generator.Jsr330ConstructorSelector.forParams(Ljava/lang/Class;[Ljava/lang/Object;)Lorg/gradle/internal/instantiation/generator/ClassGenerator$GeneratedConstructor;+2
j  org.gradle.internal.instantiation.generator.DependencyInjectingInstantiator.doCreate(Ljava/lang/Class;Lorg/gradle/api/Describable;[Ljava/lang/Object;)Ljava/lang/Object;+6
j  org.gradle.internal.instantiation.generator.DependencyInjectingInstantiator.newInstance(Ljava/lang/Class;[Ljava/lang/Object;)Ljava/lang/Object;+4
j  org.gradle.api.internal.model.DefaultObjectFactory.newInstance(Ljava/lang/Class;[Ljava/lang/Object;)Ljava/lang/Object;+6
j  org.gradle.internal.service.scopes.GradleUserHomeScopeServices.createCachesConfiguration(Lorg/gradle/api/model/ObjectFactory;Lorg/gradle/cache/internal/LegacyCacheCleanupEnablement;)Lorg/gradle/api/internal/cache/CacheConfigurationsInternal;+12
j  java.lang.invoke.LambdaForm$DMH+0x000002a88109c000.invokeVirtual(Ljava/lang/Object;Ljava/lang/Object;Ljava/lang/Object;Ljava/lang/Object;)Ljava/lang/Object;+14 java.base@21.0.12.1
j  java.lang.invoke.LambdaForm$MH+0x000002a88110c800.invoke(Ljava/lang/Object;Ljava/lang/Object;Ljava/lang/Object;Ljava/lang/Object;)Ljava/lang/Object;+73 java.base@21.0.12.1
J 2328 c1 jdk.internal.reflect.DirectMethodHandleAccessor.invoke(Ljava/lang/Object;[Ljava/lang/Object;)Ljava/lang/Object; java.base@21.0.12.1 (92 bytes) @ 0x000002a8cac22dac [0x000002a8cac217c0+0x00000000000015ec]
J 2327 c1 java.lang.reflect.Method.invoke(Ljava/lang/Object;[Ljava/lang/Object;)Ljava/lang/Object; java.base@21.0.12.1 (108 bytes) @ 0x000002a8cac20edc [0x000002a8cac209c0+0x000000000000051c]
j  org.gradle.internal.reflect.JavaMethod.invoke(Ljava/lang/Object;[Ljava/lang/Object;)Ljava/lang/Object;+6
j  org.gradle.internal.service.ReflectionBasedServiceMethod.invoke(Ljava/lang/Object;[Ljava/lang/Object;)Ljava/lang/Object;+6
j  org.gradle.internal.service.DefaultServiceRegistry$FactoryMethodService.invokeMethod([Ljava/lang/Object;)Ljava/lang/Object;+28
j  org.gradle.internal.service.DefaultServiceRegistry$FactoryService.createServiceInstance()Ljava/lang/Object;+7
j  org.gradle.internal.service.DefaultServiceRegistry$FactoryMethodService.createServiceInstance()Ljava/lang/Object;+1
j  org.gradle.internal.service.DefaultServiceRegistry$ManagedObjectServiceProvider.getInstance()Ljava/lang/Object;+24
j  org.gradle.internal.service.DefaultServiceRegistry$SingletonService.get()Ljava/lang/Object;+1
j  org.gradle.internal.service.DefaultServiceRegistry.applyConfigureMethod(Lorg/gradle/internal/service/ServiceAccessToken;Lorg/gradle/internal/service/ServiceMethod;Ljava/lang/Object;)V+130
j  org.gradle.internal.service.DefaultServiceRegistry.findProviderMethods(Lorg/gradle/internal/service/ServiceRegistrationProvider;Lorg/gradle/internal/service/ServiceAccessToken;)V+215
j  org.gradle.internal.service.DefaultServiceRegistry.addProvider(Lorg/gradle/internal/service/ServiceRegistrationProvider;)Lorg/gradle/internal/service/DefaultServiceRegistry;+18
j  org.gradle.internal.service.DefaultServiceRegistry$1.addProvider(Lorg/gradle/internal/service/ServiceRegistrationProvider;)V+5
j  org.gradle.internal.service.scopes.GradleUserHomeScopeServices.configure(Lorg/gradle/internal/service/ServiceRegistration;)V+13
j  java.lang.invoke.DirectMethodHandle$Holder.invokeVirtual(Ljava/lang/Object;Ljava/lang/Object;Ljava/lang/Object;)V+11 java.base@21.0.12.1
j  java.lang.invoke.LambdaForm$MH+0x000002a881036000.invoke(Ljava/lang/Object;Ljava/lang/Object;)Ljava/lang/Object;+39 java.base@21.0.12.1
j  java.lang.invoke.LambdaForm$MH+0x000002a881035800.invoke(Ljava/lang/Object;Ljava/lang/Object;Ljava/lang/Object;)Ljava/lang/Object;+45 java.base@21.0.12.1
j  java.lang.invoke.Invokers$Holder.invokeExact_MT(Ljava/lang/Object;Ljava/lang/Object;Ljava/lang/Object;Ljava/lang/Object;)Ljava/lang/Object;+20 java.base@21.0.12.1
j  java.lang.invoke.MethodHandle.invokeWithArguments([Ljava/lang/Object;)Ljava/lang/Object;+28 java.base@21.0.12.1
j  org.gradle.internal.service.MethodHandleBasedServiceMethod.invoke(Ljava/lang/Object;[Ljava/lang/Object;)Ljava/lang/Object;+9
j  org.gradle.internal.service.DefaultServiceRegistry.applyConfigureMethod(Lorg/gradle/internal/service/ServiceAccessToken;Lorg/gradle/internal/service/ServiceMethod;Ljava/lang/Object;)V+146
j  org.gradle.internal.service.DefaultServiceRegistry.findProviderMethods(Lorg/gradle/internal/service/ServiceRegistrationProvider;Lorg/gradle/internal/service/ServiceAccessToken;)V+215
j  org.gradle.internal.service.DefaultServiceRegistry.addProvider(Lorg/gradle/internal/service/ServiceRegistrationProvider;)Lorg/gradle/internal/service/DefaultServiceRegistry;+18
j  org.gradle.internal.service.ServiceRegistryBuilder.build()Lorg/gradle/internal/service/CloseableServiceRegistry;+93
j  org.gradle.internal.service.scopes.DefaultGradleUserHomeScopeServiceRegistry.getServicesFor(Ljava/io/File;)Lorg/gradle/internal/service/ServiceRegistry;+152
j  org.gradle.internal.session.BuildSessionState.<init>(Lorg/gradle/internal/service/scopes/GradleUserHomeScopeServiceRegistry;Lorg/gradle/internal/session/CrossBuildSessionState;Lorg/gradle/api/internal/StartParameterInternal;Lorg/gradle/initialization/BuildRequestMetaData;Lorg/gradle/internal/classpath/ClassPath;Lorg/gradle/initialization/BuildCancellationToken;Lorg/gradle/initialization/BuildClientMetaData;Lorg/gradle/initialization/BuildEventConsumer;)V+15
j  org.gradle.internal.buildprocess.execution.BuildSessionLifecycleBuildActionExecutor.execute(Lorg/gradle/internal/invocation/BuildAction;Lorg/gradle/launcher/exec/BuildActionParameters;Lorg/gradle/initialization/BuildRequestContext;)Lorg/gradle/launcher/exec/BuildActionResult;+86
j  org.gradle.internal.buildprocess.execution.BuildSessionLifecycleBuildActionExecutor.execute(Lorg/gradle/internal/invocation/BuildAction;Ljava/lang/Object;Ljava/lang/Object;)Lorg/gradle/launcher/exec/BuildActionResult;+10
j  org.gradle.internal.buildprocess.execution.StartParamsValidatingActionExecutor.execute(Lorg/gradle/internal/invocation/BuildAction;Lorg/gradle/launcher/exec/BuildActionParameters;Lorg/gradle/initialization/BuildRequestContext;)Lorg/gradle/launcher/exec/BuildActionResult;+203
j  org.gradle.internal.buildprocess.execution.StartParamsValidatingActionExecutor.execute(Lorg/gradle/internal/invocation/BuildAction;Ljava/lang/Object;Ljava/lang/Object;)Lorg/gradle/launcher/exec/BuildActionResult;+10
j  org.gradle.internal.buildprocess.execution.SessionFailureReportingActionExecutor.execute(Lorg/gradle/internal/invocation/BuildAction;Lorg/gradle/launcher/exec/BuildActionParameters;Lorg/gradle/initialization/BuildRequestContext;)Lorg/gradle/launcher/exec/BuildActionResult;+7
j  org.gradle.internal.buildprocess.execution.SessionFailureReportingActionExecutor.execute(Lorg/gradle/internal/invocation/BuildAction;Ljava/lang/Object;Ljava/lang/Object;)Lorg/gradle/launcher/exec/BuildActionResult;+10
j  org.gradle.internal.buildprocess.execution.SetupLoggingActionExecutor.execute(Lorg/gradle/internal/invocation/BuildAction;Lorg/gradle/launcher/exec/BuildActionParameters;Lorg/gradle/initialization/BuildRequestContext;)Lorg/gradle/launcher/exec/BuildActionResult;+50
j  org.gradle.internal.buildprocess.execution.SetupLoggingActionExecutor.execute(Lorg/gradle/internal/invocation/BuildAction;Ljava/lang/Object;Ljava/lang/Object;)Lorg/gradle/launcher/exec/BuildActionResult;+10
j  org.gradle.launcher.daemon.server.exec.ExecuteBuild.doBuild(Lorg/gradle/launcher/daemon/server/api/DaemonCommandExecution;Lorg/gradle/launcher/daemon/protocol/Build;)V+147
j  org.gradle.launcher.daemon.server.exec.BuildCommandOnly.execute(Lorg/gradle/launcher/daemon/server/api/DaemonCommandExecution;)V+49
j  org.gradle.launcher.daemon.server.api.DaemonCommandExecution.proceed()Z+23
j  org.gradle.launcher.daemon.server.exec.WatchForDisconnection.execute(Lorg/gradle/launcher/daemon/server/api/DaemonCommandExecution;)V+19
j  org.gradle.launcher.daemon.server.api.DaemonCommandExecution.proceed()Z+23
j  org.gradle.launcher.daemon.server.exec.ResetDeprecationLogger.execute(Lorg/gradle/launcher/daemon/server/api/DaemonCommandExecution;)V+7
j  org.gradle.launcher.daemon.server.api.DaemonCommandExecution.proceed()Z+23
j  org.gradle.launcher.daemon.server.exec.RequestStopIfSingleUsedDaemon.execute(Lorg/gradle/launcher/daemon/server/api/DaemonCommandExecution;)V+33
j  org.gradle.launcher.daemon.server.api.DaemonCommandExecution.proceed()Z+23
j  org.gradle.launcher.daemon.server.exec.ForwardClientInput.lambda$execute$0(Lorg/gradle/launcher/daemon/server/api/DaemonCommandExecution;Lorg/gradle/internal/daemon/clientinput/StdinHandler;)Ljava/lang/Object;+11
j  org.gradle.launcher.daemon.server.exec.ForwardClientInput$$Lambda+0x000002a8811914a0.apply(Ljava/lang/Object;)Ljava/lang/Object;+8
j  org.gradle.internal.daemon.clientinput.ClientInputForwarder.forwardInput(Ljava/util/function/Function;)Ljava/lang/Object;+46
j  org.gradle.launcher.daemon.server.exec.ForwardClientInput.execute(Lorg/gradle/launcher/daemon/server/api/DaemonCommandExecution;)V+10
j  org.gradle.launcher.daemon.server.api.DaemonCommandExecution.proceed()Z+23
j  org.gradle.launcher.daemon.server.exec.LogAndCheckHealth.execute(Lorg/gradle/launcher/daemon/server/api/DaemonCommandExecution;)V+51
j  org.gradle.launcher.daemon.server.api.DaemonCommandExecution.proceed()Z+23
j  org.gradle.launcher.daemon.server.exec.LogToClient.doBuild(Lorg/gradle/launcher/daemon/server/api/DaemonCommandExecution;Lorg/gradle/launcher/daemon/protocol/Build;)V+87
j  org.gradle.launcher.daemon.server.exec.BuildCommandOnly.execute(Lorg/gradle/launcher/daemon/server/api/DaemonCommandExecution;)V+49
j  org.gradle.launcher.daemon.server.api.DaemonCommandExecution.proceed()Z+23
j  org.gradle.launcher.daemon.server.exec.EstablishBuildEnvironment.doBuild(Lorg/gradle/launcher/daemon/server/api/DaemonCommandExecution;Lorg/gradle/launcher/daemon/protocol/Build;)V+356
j  org.gradle.launcher.daemon.server.exec.BuildCommandOnly.execute(Lorg/gradle/launcher/daemon/server/api/DaemonCommandExecution;)V+49
j  org.gradle.launcher.daemon.server.api.DaemonCommandExecution.proceed()Z+23
j  org.gradle.launcher.daemon.server.exec.StartBuildOrRespondWithBusy$1.run()V+44
j  org.gradle.launcher.daemon.server.DaemonStateCoordinator.lambda$runCommand$0(Ljava/lang/Runnable;)V+1
j  org.gradle.launcher.daemon.server.DaemonStateCoordinator$$Lambda+0x000002a881190238.run()V+8
j  org.gradle.internal.concurrent.ExecutorPolicy$CatchAndRecordFailures.onExecute(Ljava/lang/Runnable;)V+1
j  org.gradle.internal.concurrent.AbstractManagedExecutor$1.run()V+25
j  java.util.concurrent.ThreadPoolExecutor.runWorker(Ljava/util/concurrent/ThreadPoolExecutor$Worker;)V+92 java.base@21.0.12.1
j  java.util.concurrent.ThreadPoolExecutor$Worker.run()V+5 java.base@21.0.12.1
j  java.lang.Thread.runWith(Ljava/lang/Object;Ljava/lang/Runnable;)V+5 java.base@21.0.12.1
j  java.lang.Thread.run()V+19 java.base@21.0.12.1
v  ~StubRoutines::call_stub 0x000002a8da4d10e7

Compiled method (n/a) 61705  862     n 0       java.lang.ClassLoader::defineClass1 (native)
 total in heap  [0x000002a8daaccd90,0x000002a8daacd428] = 1688
 relocation     [0x000002a8daaccef0,0x000002a8daaccf28] = 56
 main code      [0x000002a8daaccf40,0x000002a8daacd427] = 1255
 stub code      [0x000002a8daacd427,0x000002a8daacd428] = 1

[Constant Pool (empty)]

[MachCode]
[Entry Point]
  # {method} {0x000002a880434c38} 'defineClass1' '(Ljava/lang/ClassLoader;Ljava/lang/String;[BIILjava/security/ProtectionDomain;Ljava/lang/String;)Ljava/lang/Class;' in 'java/lang/ClassLoader'
  # parm0:    rdx:rdx   = 'java/lang/ClassLoader'
  # parm1:    r8:r8     = 'java/lang/String'
  # parm2:    r9:r9     = '[B'
  # parm3:    rdi       = int
  # parm4:    rsi       = int
  # parm5:    rcx:rcx   = 'java/security/ProtectionDomain'
  # parm6:    [sp+0xa0]   = 'java/lang/String'  (sp of caller)
  0x000002a8daaccf40: 448b 5208 | 49bb 0000 | 0080 a802 | 0000 4d03 | d349 3bc2 | 0f84 0600 

  0x000002a8daaccf58: ;   {runtime_call ic_miss_stub}
  0x000002a8daaccf58: 0000 e921 | 1aa5 ff90 
[Verified Entry Point]
  0x000002a8daaccf60: 8984 2400 | 80ff ff55 | 488b ec48 | 81ec 9000 | 0000 6690 | 4181 7f20 | 0100 0000 

  0x000002a8daaccf7c: ;   {runtime_call StubRoutines (final stubs)}
  0x000002a8daaccf7c: 7405 e85d | b3a3 ff48 | 837d 1000 | 488d 4510 | 480f 4445 | 1048 8944 | 2440 4889 | 4c24 7048 
  0x000002a8daaccf9c: 83f9 0048 | 8d44 2470 | 480f 4444 | 2470 4889 | 4424 3848 | 8974 2430 | 4889 7c24 | 284c 894c 
  0x000002a8daaccfbc: 2458 4983 | f900 488d | 4424 5848 | 0f44 4424 | 5848 8944 | 2420 4c89 | 4424 5049 | 83f8 004c 
  0x000002a8daaccfdc: 8d4c 2450 | 4c0f 444c | 2450 4889 | 5424 4848 | 83fa 004c | 8d44 2448 | 4c0f 4444 

  0x000002a8daaccff8: ;   {oop(a 'java/lang/Class'{0x000000060cc59bf0} = 'java/lang/ClassLoader')}
  0x000002a8daaccff8: 2448 49be | f09b c50c | 0600 0000 | 4c89 7424 | 784c 8d74 | 2478 498b | d6c5 f877 

  0x000002a8daacd014: ;   {internal_word}
  0x000002a8daacd014: 49ba 11d0 | acda a802 | 0000 4d89 | 97a8 0300 | 0049 89a7 | a003 0000 

  0x000002a8daacd02c: ;   {external_word}
  0x000002a8daacd02c: 49ba 066d | 460c f97f | 0000 4180 | 3a00 0f84 | 4e00 0000 | 5241 5041 

  0x000002a8daacd044: ;   {metadata({method} {0x000002a880434c38} 'defineClass1' '(Ljava/lang/ClassLoader;Ljava/lang/String;[BIILjava/security/ProtectionDomain;Ljava/lang/String;)Ljava/lang/Class;' in 'java/lang/ClassLoader')}
  0x000002a8daacd044: 5148 ba30 | 4c43 80a8 | 0200 0049 | 8bcf 4883 | ec20 40f6 | c40f 0f84 | 1900 0000 | 4883 ec08 
  0x000002a8daacd064: ;   {runtime_call}
  0x000002a8daacd064: 48b8 e0ea | ef0b f97f | 0000 ffd0 | 4883 c408 | e90c 0000 

  0x000002a8daacd078: ;   {runtime_call}
  0x000002a8daacd078: 0048 b8e0 | eaef 0bf9 | 7f00 00ff | d048 83c4 | 2041 5941 | 585a 498d | 8fc0 0300 | 0041 c787 
  0x000002a8daacd098: 4c04 0000 | 0400 0000 

  0x000002a8daacd0a0: ;   {runtime_call}
  0x000002a8daacd0a0: 48b8 ac16 | 9856 f97f | 0000 ffd0 | c5f8 7741 | c787 4c04 | 0000 0500 | 0000 f083 | 4424 c000 
  0x000002a8daacd0c0: 493b af50 | 0400 000f | 870e 0000 | 0041 83bf | 4804 0000 | 000f 842b | 0000 00c5 | f877 4889 
  0x000002a8daacd0e0: 45f8 498b | cf4c 8be4 | 4883 ec20 | 4883 e4f0 

  0x000002a8daacd0f0: ;   {runtime_call}
  0x000002a8daacd0f0: 48b8 0058 | bb0b f97f | 0000 ffd0 | 498b e44d | 33e4 488b | 45f8 41c7 | 874c 0400 | 0008 0000 
  0x000002a8daacd110: 0041 83bf | c804 0000 | 020f 84db 

  0x000002a8daacd11c: ;   {external_word}
  0x000002a8daacd11c: 0200 0049 | ba06 6d46 | 0cf9 7f00 | 0041 803a | 000f 844c | 0000 0048 

  0x000002a8daacd134: ;   {metadata({method} {0x000002a880434c38} 'defineClass1' '(Ljava/lang/ClassLoader;Ljava/lang/String;[BIILjava/security/ProtectionDomain;Ljava/lang/String;)Ljava/lang/Class;' in 'java/lang/ClassLoader')}
  0x000002a8daacd134: 8945 f848 | ba30 4c43 | 80a8 0200 | 0049 8bcf | 4883 ec20 | 40f6 c40f | 0f84 1900 | 0000 4883 
  0x000002a8daacd154: ;   {runtime_call}
  0x000002a8daacd154: ec08 48b8 | e0ea ef0b | f97f 0000 | ffd0 4883 | c408 e90c 

  0x000002a8daacd168: ;   {runtime_call}
  0x000002a8daacd168: 0000 0048 | b8e0 eaef | 0bf9 7f00 | 00ff d048 | 83c4 2048 | 8b45 f849 | c787 a003 | 0000 0000 
  0x000002a8daacd188: 0000 49c7 | 87a8 0300 | 0000 0000 | 00c5 f877 | 4885 c00f | 8436 0200 | 00a8 030f | 8508 0000 
  0x000002a8daacd1a8: 0048 8b00 | e926 0200 | 00a8 010f | 8509 0000 | 0048 8b40 | fee9 1502 | 0000 488b | 40ff 4180 
  0x000002a8daacd1c8: 7f40 000f | 8406 0200 | 0048 83f8 | 000f 84fc | 0100 0049 | 8b4f 2848 | 83f9 000f | 8414 0000 
  0x000002a8daacd1e8: 0048 83e9 | 0849 894f | 2849 034f | 3848 8901 | e9da 0100 | 0048 81ec | f000 0000 | 4889 0424 
  0x000002a8daacd208: 4889 4c24 | 0848 8954 | 2410 4c89 | 4424 184c | 894c 2420 | 4c89 5424 | 284c 895c | 2430 c5fb 
  0x000002a8daacd228: 1144 2440 | c5fb 114c | 2448 c5fb | 1154 2450 | c5fb 115c | 2458 c5fb | 1164 2460 | c5fb 116c 
  0x000002a8daacd248: 2468 62e1 | ff08 1144 | 240e 62e1 | ff08 114c | 240f 62e1 | ff08 1154 | 2410 62e1 | ff08 115c 
  0x000002a8daacd268: ;   {no_reloc}
  0x000002a8daacd268: 2411 62e1 | ff08 1164 | 2412 62e1 | ff08 116c | 2413 62e1 | ff08 1174 | 2414 62e1 | ff08 117c 
  0x000002a8daacd288: 2415 6261 | ff08 1144 | 2416 6261 | ff08 114c | 2417 6261 | ff08 1154 | 2418 6261 | ff08 115c 
  0x000002a8daacd2a8: 2419 6261 | ff08 1164 | 241a 6261 | ff08 116c | 241b 6261 | ff08 1174 | 241c 6261 | ff08 117c 
  0x000002a8daacd2c8: 241d 498b | d748 8bc8 | 4883 ec20 | 40f6 c40f | 0f84 1900 | 0000 4883 

  0x000002a8daacd2e0: ;   {runtime_call}
  0x000002a8daacd2e0: ec08 48b8 | 20a4 ae0b | f97f 0000 | ffd0 4883 | c408 e90c 

  0x000002a8daacd2f4: ;   {runtime_call}
  0x000002a8daacd2f4: 0000 0048 | b820 a4ae | 0bf9 7f00 | 00ff d048 | 83c4 2062 | 61ff 0810 | 7c24 1d62 | 61ff 0810 
  0x000002a8daacd314: 7424 1c62 | 61ff 0810 | 6c24 1b62 | 61ff 0810 | 6424 1a62 | 61ff 0810 | 5c24 1962 | 61ff 0810 
  0x000002a8daacd334: 5424 1862 | 61ff 0810 | 4c24 1762 | 61ff 0810 | 4424 1662 | e1ff 0810 | 7c24 1562 | e1ff 0810 
  0x000002a8daacd354: 7424 1462 | e1ff 0810 | 6c24 1362 | e1ff 0810 | 6424 1262 | e1ff 0810 | 5c24 1162 | e1ff 0810 
  0x000002a8daacd374: 5424 1062 | e1ff 0810 | 4c24 0f62 | e1ff 0810 | 4424 0ec5 | fb10 6c24 | 68c5 fb10 | 6424 60c5 
  0x000002a8daacd394: fb10 5c24 | 58c5 fb10 | 5424 50c5 | fb10 4c24 | 48c5 fb10 | 4424 404c | 8b5c 2430 | 4c8b 5424 
  0x000002a8daacd3b4: 284c 8b4c | 2420 4c8b | 4424 1848 | 8b54 2410 | 488b 4c24 | 0848 8b04 | 2448 81c4 | f000 0000 
  0x000002a8daacd3d4: c5f8 7749 | 8b8f 3004 | 0000 c781 | 0001 0000 | 0000 0000 | c949 837f | 0800 0f85 | 0100 0000 
  0x000002a8daacd3f4: ;   {runtime_call StubRoutines (initial stubs)}
  0x000002a8daacd3f4: c3e9 063b | a0ff c5f8 | 7748 8945 | f84c 8be4 | 4883 ec20 | 4883 e4f0 

  0x000002a8daacd40c: ;   {runtime_call}
  0x000002a8daacd40c: 48b8 3022 | f00b f97f | 0000 ffd0 | 498b e44d | 33e4 488b | 45f8 e9f8 | fcff fff4 
[/MachCode]


Compiled method (c1) 61723 1606       3       java.lang.ClassLoader::defineClass (43 bytes)
 total in heap  [0x000002a8caab6e10,0x000002a8caab7768] = 2392
 relocation     [0x000002a8caab6f70,0x000002a8caab7010] = 160
 main code      [0x000002a8caab7020,0x000002a8caab74c0] = 1184
 stub code      [0x000002a8caab74c0,0x000002a8caab7538] = 120
 metadata       [0x000002a8caab7538,0x000002a8caab7568] = 48
 scopes data    [0x000002a8caab7568,0x000002a8caab7658] = 240
 scopes pcs     [0x000002a8caab7658,0x000002a8caab7738] = 224
 dependencies   [0x000002a8caab7738,0x000002a8caab7740] = 8
 nul chk table  [0x000002a8caab7740,0x000002a8caab7768] = 40

[Constant Pool (empty)]

[MachCode]
[Entry Point]
  # {method} {0x000002a880434fb8} 'defineClass' '(Ljava/lang/String;[BIILjava/security/ProtectionDomain;)Ljava/lang/Class;' in 'java/lang/ClassLoader'
  # this:     rdx:rdx   = 'java/lang/ClassLoader'
  # parm0:    r8:r8     = 'java/lang/String'
  # parm1:    r9:r9     = '[B'
  # parm2:    rdi       = int
  # parm3:    rsi       = int
  # parm4:    rcx:rcx   = 'java/security/ProtectionDomain'
  #           [sp+0xc0]  (sp of caller)
  0x000002a8caab7020: 448b 5208 | 49bb 0000 | 0080 a802 | 0000 4d03 | d34c 3bd0 

  0x000002a8caab7034: ;   {runtime_call ic_miss_stub}
  0x000002a8caab7034: 0f85 4679 | a60f 660f | 1f44 0000 
[Verified Entry Point]
  0x000002a8caab7040: 8984 2400 | 80ff ff55 | 4881 ecb0 | 0000 0090 | 4181 7f20 | 0100 0000 

  0x000002a8caab7058: ;   {runtime_call StubRoutines (final stubs)}
  0x000002a8caab7058: 7405 e881 | 12a5 0f48 | 8954 2478 

  0x000002a8caab7064: ;   {metadata(method data for {method} {0x000002a880434fb8} 'defineClass' '(Ljava/lang/String;[BIILjava/security/ProtectionDomain;)Ljava/lang/Class;' in 'java/lang/ClassLoader')}
  0x000002a8caab7064: 48bb e0e3 | 19f8 a802 | 0000 8b83 | cc00 0000 | 83c0 0289 | 83cc 0000 | 0025 fe07 | 0000 85c0 
  0x000002a8caab7084: 0f84 5803 | 0000 89b4 | 2494 0000 | 0089 bc24 | 9000 0000 | 4c89 8c24 | 8800 0000 

  0x000002a8caab70a0: ;   {metadata(method data for {method} {0x000002a880434fb8} 'defineClass' '(Ljava/lang/String;[BIILjava/security/ProtectionDomain;)Ljava/lang/Class;' in 'java/lang/ClassLoader')}
  0x000002a8caab70a0: 488b da48 | b8e0 e319 | f8a8 0200 | 0048 8380 | 1001 0000 | 0149 8bd8 | 4c8b c34c | 8bc9 488b 
  0x000002a8caab70c0: ca48 8bd1 | 4889 9c24 | 8000 0000 

  0x000002a8caab70cc: ;   {optimized virtual_call}
  0x000002a8caab70cc: 6666 90e8 

  0x000002a8caab70d0: ; ImmutableOopMap {[120]=Oop [128]=Oop [136]=Oop }
                      ;*invokevirtual preDefineClass {reexecute=0 rethrow=0 return_oop=0}
                      ; - java.lang.ClassLoader::defineClass@4
  0x000002a8caab70d0: ccf6 efff 

  0x000002a8caab70d4: ;   {other}
  0x000002a8caab70d4: 0f1f 8400 | c402 0000 | 4889 8424 | 9800 0000 | 488b 5424 

  0x000002a8caab70e8: ;   {metadata(method data for {method} {0x000002a880434fb8} 'defineClass' '(Ljava/lang/String;[BIILjava/security/ProtectionDomain;)Ljava/lang/Class;' in 'java/lang/ClassLoader')}
  0x000002a8caab70e8: 7849 b8e0 | e319 f8a8 | 0200 0049 | 8380 4801 

  0x000002a8caab70f8: ;   {metadata(method data for {method} {0x000002a880434ca0} 'defineClassSourceLocation' '(Ljava/security/ProtectionDomain;)Ljava/lang/String;' in 'java/lang/ClassLoader')}
  0x000002a8caab70f8: 0000 0149 | b810 321a | f8a8 0200 | 0041 8b90 | cc00 0000 | 83c2 0241 | 8990 cc00 | 0000 81e2 
  0x000002a8caab7118: feff 1f00 | 85d2 0f84 | df02 0000 

  0x000002a8caab7124: ; implicit exception: dispatches to 0x000002a8caab7424
  0x000002a8caab7124: 483b 004c 

  0x000002a8caab7128: ;   {metadata(method data for {method} {0x000002a880434ca0} 'defineClassSourceLocation' '(Ljava/security/ProtectionDomain;)Ljava/lang/String;' in 'java/lang/ClassLoader')}
  0x000002a8caab7128: 8bc0 48ba | 1032 1af8 | a802 0000 | 4883 8210 | 0100 0001 | 448b 4010 | 49c1 e003 

  0x000002a8caab7144: ;   {metadata(method data for {method} {0x000002a880434ca0} 'defineClassSourceLocation' '(Ljava/security/ProtectionDomain;)Ljava/lang/String;' in 'java/lang/ClassLoader')}
  0x000002a8caab7144: 4d85 c048 | ba10 321a | f8a8 0200 | 0048 c7c6 | 5801 0000 | 7507 48c7 | c648 0100 | 0048 8b3c 
  0x000002a8caab7164: 3248 8d7f | 0148 893c | 320f 850f 

  0x000002a8caab7170: ;   {oop(nullptr)}
  0x000002a8caab7170: 0000 0048 | bb00 0000 | 0000 0000 | 00e9 a501 | 0000 493b | 0049 8bd0 

  0x000002a8caab7188: ;   {metadata(method data for {method} {0x000002a880434ca0} 'defineClassSourceLocation' '(Ljava/security/ProtectionDomain;)Ljava/lang/String;' in 'java/lang/ClassLoader')}
  0x000002a8caab7188: 48be 1032 | 1af8 a802 | 0000 4883 | 8668 0100 | 0001 418b | 500c 48c1 | e203 4885 

  0x000002a8caab71a4: ;   {metadata(method data for {method} {0x000002a880434ca0} 'defineClassSourceLocation' '(Ljava/security/ProtectionDomain;)Ljava/lang/String;' in 'java/lang/ClassLoader')}
  0x000002a8caab71a4: d248 be10 | 321a f8a8 | 0200 0048 | c7c7 b001 | 0000 7507 | 48c7 c7a0 | 0100 0048 | 8b1c 3e48 
  0x000002a8caab71c4: 8d5b 0148 | 891c 3e0f | 850f 0000 

  0x000002a8caab71d0: ;   {oop(nullptr)}
  0x000002a8caab71d0: 0048 bb00 | 0000 0000 | 0000 00e9 | 4701 0000 

  0x000002a8caab71e0: ;   {metadata(method data for {method} {0x000002a880434ca0} 'defineClassSourceLocation' '(Ljava/security/ProtectionDomain;)Ljava/lang/String;' in 'java/lang/ClassLoader')}
  0x000002a8caab71e0: 48be 1032 | 1af8 a802 | 0000 4883 | 86c0 0100 | 0001 483b | 024c 8bc2 

  0x000002a8caab71f8: ;   {metadata(method data for {method} {0x000002a880434ca0} 'defineClassSourceLocation' '(Ljava/security/ProtectionDomain;)Ljava/lang/String;' in 'java/lang/ClassLoader')}
  0x000002a8caab71f8: 48be 1032 | 1af8 a802 | 0000 4883 | 86f8 0100 

  0x000002a8caab7208: ;   {metadata(method data for {method} {0x000002a88001abf0} 'toString' '()Ljava/lang/String;' in 'java/net/URL')}
  0x000002a8caab7208: 0001 49b8 | 584c 0ef8 | a802 0000 | 418b b0cc | 0000 0083 | c602 4189 | b0cc 0000 | 0081 e6fe 
  0x000002a8caab7228: ff1f 0085 | f60f 8400 | 0200 004c 

  0x000002a8caab7234: ;   {metadata(method data for {method} {0x000002a88001abf0} 'toString' '()Ljava/lang/String;' in 'java/net/URL')}
  0x000002a8caab7234: 8bc2 48be | 584c 0ef8 | a802 0000 | 4883 8610 | 0100 0001 

  0x000002a8caab7248: ;   {metadata(method data for {method} {0x000002a880428840} 'toExternalForm' '()Ljava/lang/String;' in 'java/net/URL')}
  0x000002a8caab7248: 49b8 e04d | 0ef8 a802 | 0000 418b | b0cc 0000 | 0083 c602 | 4189 b0cc | 0000 0081 | e6fe ff1f 
  0x000002a8caab7268: 0085 f60f | 84e3 0100 | 008b 7238 | 48c1 e603 

  0x000002a8caab7278: ; implicit exception: dispatches to 0x000002a8caab7475
  0x000002a8caab7278: 483b 064c 

  0x000002a8caab727c: ;   {metadata(method data for {method} {0x000002a880428840} 'toExternalForm' '()Ljava/lang/String;' in 'java/net/URL')}
  0x000002a8caab727c: 8bc6 48bf | e04d 0ef8 | a802 0000 | 458b 4008 | 49ba 0000 | 0080 a802 | 0000 4d03 | c24c 3b87 
  0x000002a8caab729c: 2001 0000 | 750d 4883 | 8728 0100 | 0001 e960 | 0000 004c | 3b87 3001 | 0000 750d | 4883 8738 
  0x000002a8caab72bc: 0100 0001 | e94a 0000 | 0048 83bf | 2001 0000 | 0075 174c | 8987 2001 | 0000 48c7 | 8728 0100 
  0x000002a8caab72dc: 0001 0000 | 00e9 2900 | 0000 4883 | bf30 0100 | 0000 7517 | 4c89 8730 | 0100 0048 | c787 3801 
  0x000002a8caab72fc: 0000 0100 | 0000 e908 | 0000 0048 | 8387 1001 | 0000 014c | 8bc2 488b 

  0x000002a8caab7314: ;   {optimized virtual_call}
  0x000002a8caab7314: d666 90e8 

  0x000002a8caab7318: ; ImmutableOopMap {[120]=Oop [128]=Oop [136]=Oop [152]=Oop }
                      ;*invokevirtual toExternalForm {reexecute=0 rethrow=0 return_oop=0}
                      ; - java.net.URL::toExternalForm@5
                      ; - java.net.URL::toString@1
                      ; - java.lang.ClassLoader::defineClassSourceLocation@22
                      ; - java.lang.ClassLoader::defineClass@12
  0x000002a8caab7318: 0444 e8ff 

  0x000002a8caab731c: ;   {other}
  0x000002a8caab731c: 0f1f 8400 | 0c05 0001 | 488b d848 | 8b84 2498 | 0000 008b | b424 9400 | 0000 8bbc | 2490 0000 
  0x000002a8caab733c: 004c 8b8c | 2488 0000 | 004c 8b84 | 2480 0000 | 0048 8b54 

  0x000002a8caab7350: ;   {metadata(method data for {method} {0x000002a880434fb8} 'defineClass' '(Ljava/lang/String;[BIILjava/security/ProtectionDomain;)Ljava/lang/Class;' in 'java/lang/ClassLoader')}
  0x000002a8caab7350: 2478 48b9 | e0e3 19f8 | a802 0000 | 4883 8180 | 0100 0001 | 4c8b da49 | 8bd3 488b | c848 891c 
  0x000002a8caab7370: 2466 0f1f 

  0x000002a8caab7374: ;   {static_call}
  0x000002a8caab7374: 4400 00e8 

  0x000002a8caab7378: ; ImmutableOopMap {[120]=Oop [152]=Oop }
                      ;*invokestatic defineClass1 {reexecute=0 rethrow=0 return_oop=0}
                      ; - java.lang.ClassLoader::defineClass@27
  0x000002a8caab7378: e45b 0110 

  0x000002a8caab737c: ;   {other}
  0x000002a8caab737c: 0f1f 8400 | 6c05 0002 | 488b 5424 

  0x000002a8caab7388: ;   {metadata(method data for {method} {0x000002a880434fb8} 'defineClass' '(Ljava/lang/String;[BIILjava/security/ProtectionDomain;)Ljava/lang/Class;' in 'java/lang/ClassLoader')}
  0x000002a8caab7388: 7849 b8e0 | e319 f8a8 | 0200 0049 | 8380 9001 | 0000 014c | 8bc0 4c8b | 8c24 9800 | 0000 488b 
  0x000002a8caab73a8: 5424 7848 | 8984 24a0 | 0000 000f 

  0x000002a8caab73b4: ;   {optimized virtual_call}
  0x000002a8caab73b4: 1f40 00e8 

  0x000002a8caab73b8: ; ImmutableOopMap {[160]=Oop }
                      ;*invokevirtual postDefineClass {reexecute=0 rethrow=0 return_oop=0}
                      ; - java.lang.ClassLoader::defineClass@37
  0x000002a8caab73b8: 64a1 e9ff 

  0x000002a8caab73bc: ;   {other}
  0x000002a8caab73bc: 0f1f 8400 | ac05 0003 | 488b 8424 | a000 0000 | 4881 c4b0 | 0000 005d 

  0x000002a8caab73d4: ;   {poll_return}
  0x000002a8caab73d4: 493b a750 | 0400 000f | 8799 0000 

  0x000002a8caab73e0: ;   {metadata({method} {0x000002a880434fb8} 'defineClass' '(Ljava/lang/String;[BIILjava/security/ProtectionDomain;)Ljava/lang/Class;' in 'java/lang/ClassLoader')}
  0x000002a8caab73e0: 00c3 49ba | b04f 4380 | a802 0000 | 4c89 5424 | 0848 c704 | 24ff ffff 

  0x000002a8caab73f8: ;   {runtime_call counter_overflow Runtime1 stub}
  0x000002a8caab73f8: ffe8 02dd 

  0x000002a8caab73fc: ; ImmutableOopMap {rdx=Oop r8=Oop r9=Oop rcx=Oop [120]=Oop }
                      ;*synchronization entry
                      ; - java.lang.ClassLoader::defineClass@-1
  0x000002a8caab73fc: b30f e987 

  0x000002a8caab7400: ;   {metadata({method} {0x000002a880434ca0} 'defineClassSourceLocation' '(Ljava/security/ProtectionDomain;)Ljava/lang/String;' in 'java/lang/ClassLoader')}
  0x000002a8caab7400: fcff ff49 | ba98 4c43 | 80a8 0200 | 004c 8954 | 2408 48c7 | 0424 ffff 

  0x000002a8caab7418: ;   {runtime_call counter_overflow Runtime1 stub}
  0x000002a8caab7418: ffff e8e1 

  0x000002a8caab741c: ; ImmutableOopMap {rax=Oop [120]=Oop [128]=Oop [136]=Oop [152]=Oop }
                      ;*synchronization entry
                      ; - java.lang.ClassLoader::defineClassSourceLocation@-1
                      ; - java.lang.ClassLoader::defineClass@12
  0x000002a8caab741c: dcb3 0fe9 | 00fd ffff 

  0x000002a8caab7424: ;   {runtime_call throw_null_pointer_exception Runtime1 stub}
  0x000002a8caab7424: e877 8caa 

  0x000002a8caab7428: ; ImmutableOopMap {rax=Oop [120]=Oop [128]=Oop [136]=Oop [152]=Oop }
                      ;*invokevirtual getCodeSource {reexecute=0 rethrow=0 return_oop=0}
                      ; - java.lang.ClassLoader::defineClassSourceLocation@1
                      ; - java.lang.ClassLoader::defineClass@12
                      ;   {runtime_call throw_null_pointer_exception Runtime1 stub}
  0x000002a8caab7428: 0fe8 728c 

  0x000002a8caab742c: ; ImmutableOopMap {rax=Oop r8=Oop [120]=Oop [128]=Oop [136]=Oop [152]=Oop }
                      ;*invokevirtual getLocation {reexecute=0 rethrow=0 return_oop=0}
                      ; - java.lang.ClassLoader::defineClassSourceLocation@12
                      ; - java.lang.ClassLoader::defineClass@12
                      ;   {runtime_call throw_null_pointer_exception Runtime1 stub}
  0x000002a8caab742c: aa0f e86d 

  0x000002a8caab7430: ; ImmutableOopMap {rdx=Oop [120]=Oop [128]=Oop [136]=Oop [152]=Oop }
                      ;*invokevirtual toString {reexecute=0 rethrow=0 return_oop=0}
                      ; - java.lang.ClassLoader::defineClassSourceLocation@22
                      ; - java.lang.ClassLoader::defineClass@12
                      ;   {metadata({method} {0x000002a88001abf0} 'toString' '()Ljava/lang/String;' in 'java/net/URL')}
  0x000002a8caab7430: 8caa 0f49 | bae8 ab01 | 80a8 0200 | 004c 8954 | 2408 48c7 | 0424 ffff 

  0x000002a8caab7448: ;   {runtime_call counter_overflow Runtime1 stub}
  0x000002a8caab7448: ffff e8b1 

  0x000002a8caab744c: ; ImmutableOopMap {rdx=Oop [120]=Oop [128]=Oop [136]=Oop [152]=Oop }
                      ;*synchronization entry
                      ; - java.net.URL::toString@-1
                      ; - java.lang.ClassLoader::defineClassSourceLocation@22
                      ; - java.lang.ClassLoader::defineClass@12
  0x000002a8caab744c: dcb3 0fe9 | dffd ffff 

  0x000002a8caab7454: ;   {metadata({method} {0x000002a880428840} 'toExternalForm' '()Ljava/lang/String;' in 'java/net/URL')}
  0x000002a8caab7454: 49ba 3888 | 4280 a802 | 0000 4c89 | 5424 0848 | c704 24ff 

  0x000002a8caab7468: ;   {runtime_call counter_overflow Runtime1 stub}
  0x000002a8caab7468: ffff ffe8 

  0x000002a8caab746c: ; ImmutableOopMap {rdx=Oop [120]=Oop [128]=Oop [136]=Oop [152]=Oop }
                      ;*synchronization entry
                      ; - java.net.URL::toExternalForm@-1
                      ; - java.net.URL::toString@1
                      ; - java.lang.ClassLoader::defineClassSourceLocation@22
                      ; - java.lang.ClassLoader::defineClass@12
  0x000002a8caab746c: 90dc b30f | e9fc fdff 

  0x000002a8caab7474: ;   {runtime_call throw_null_pointer_exception Runtime1 stub}
  0x000002a8caab7474: ffe8 268c 

  0x000002a8caab7478: ; ImmutableOopMap {rdx=Oop rsi=Oop [120]=Oop [128]=Oop [136]=Oop [152]=Oop }
                      ;*invokevirtual toExternalForm {reexecute=0 rethrow=0 return_oop=0}
                      ; - java.net.URL::toExternalForm@5
                      ; - java.net.URL::toString@1
                      ; - java.lang.ClassLoader::defineClassSourceLocation@22
                      ; - java.lang.ClassLoader::defineClass@12
                      ;   {internal_word}
  0x000002a8caab7478: aa0f 49ba | d473 abca | a802 0000 | 4d89 9768 

  0x000002a8caab7488: ;   {runtime_call SafepointBlob}
  0x000002a8caab7488: 0400 00e9 | f0f4 a60f | 498b 8700 | 0500 0049 | c787 0005 | 0000 0000 | 0000 49c7 | 8708 0500 
  0x000002a8caab74a8: 0000 0000 | 0048 81c4 | b000 0000 

  0x000002a8caab74b4: ;   {runtime_call unwind_exception Runtime1 stub}
  0x000002a8caab74b4: 5de9 c69a | aa0f f4f4 | f4f4 f4f4 
[Stub Code]
  0x000002a8caab74c0: ;   {no_reloc}
  0x000002a8caab74c0: 0f1f 4400 

  0x000002a8caab74c4: ;   {static_stub}
  0x000002a8caab74c4: 0048 bb00 | 0000 0000 

  0x000002a8caab74cc: ;   {runtime_call nmethod}
  0x000002a8caab74cc: 0000 00e9 | fbff ffff 

  0x000002a8caab74d4: ;   {static_stub}
  0x000002a8caab74d4: 48bb 0000 | 0000 0000 

  0x000002a8caab74dc: ;   {runtime_call nmethod}
  0x000002a8caab74dc: 0000 e9fb 

  0x000002a8caab74e0: ;   {static_stub}
  0x000002a8caab74e0: ffff ff48 | bb00 0000 | 0000 0000 

  0x000002a8caab74ec: ;   {runtime_call nmethod}
  0x000002a8caab74ec: 00e9 fbff 

  0x000002a8caab74f0: ;   {static_stub}
  0x000002a8caab74f0: ffff 48bb | 0000 0000 | 0000 0000 

  0x000002a8caab74fc: ;   {runtime_call nmethod}
  0x000002a8caab74fc: e9fb ffff 

  0x000002a8caab7500: ;   {runtime_call handle_exception_from_callee Runtime1 stub}
  0x000002a8caab7500: ffe8 7a9f 

  0x000002a8caab7504: ;   {external_word}
  0x000002a8caab7504: b30f 48b9 | 5063 1c0c | f97f 0000 | 4883 e4f0 

  0x000002a8caab7514: ;   {runtime_call}
  0x000002a8caab7514: 48b8 c0c9 | de0b f97f | 0000 ffd0 

  0x000002a8caab7520: ;   {section_word}
  0x000002a8caab7520: f449 ba21 | 75ab caa8 | 0200 0041 

  0x000002a8caab752c: ;   {runtime_call DeoptimizationBlob}
  0x000002a8caab752c: 52e9 ee08 | a70f f4f4 | f4f4 f4f4 
[/MachCode]


Compiled method (c1) 61783 1199       3       java.security.SecureClassLoader::defineClass (16 bytes)
 total in heap  [0x000002a8ca9aba90,0x000002a8ca9abe90] = 1024
 relocation     [0x000002a8ca9abbf0,0x000002a8ca9abc40] = 80
 main code      [0x000002a8ca9abc40,0x000002a8ca9abd98] = 344
 stub code      [0x000002a8ca9abd98,0x000002a8ca9abde8] = 80
 metadata       [0x000002a8ca9abde8,0x000002a8ca9abdf0] = 8
 scopes data    [0x000002a8ca9abdf0,0x000002a8ca9abe38] = 72
 scopes pcs     [0x000002a8ca9abe38,0x000002a8ca9abe88] = 80
 dependencies   [0x000002a8ca9abe88,0x000002a8ca9abe90] = 8

[Constant Pool (empty)]

[MachCode]
[Entry Point]
  # {method} {0x000002a88004e0e8} 'defineClass' '(Ljava/lang/String;[BIILjava/security/CodeSource;)Ljava/lang/Class;' in 'java/security/SecureClassLoader'
  # this:     rdx:rdx   = 'java/security/SecureClassLoader'
  # parm0:    r8:r8     = 'java/lang/String'
  # parm1:    r9:r9     = '[B'
  # parm2:    rdi       = int
  # parm3:    rsi       = int
  # parm4:    rcx:rcx   = 'java/security/CodeSource'
  #           [sp+0x80]  (sp of caller)
  0x000002a8ca9abc40: 448b 5208 | 49bb 0000 | 0080 a802 | 0000 4d03 | d34c 3bd0 

  0x000002a8ca9abc54: ;   {runtime_call ic_miss_stub}
  0x000002a8ca9abc54: 0f85 262d | b70f 660f | 1f44 0000 
[Verified Entry Point]
  0x000002a8ca9abc60: 8984 2400 | 80ff ff55 | 4883 ec70 | 4181 7f20 | 0100 0000 

  0x000002a8ca9abc74: ;   {runtime_call StubRoutines (final stubs)}
  0x000002a8ca9abc74: 7405 e865 

  0x000002a8ca9abc78: ;   {metadata(method data for {method} {0x000002a88004e0e8} 'defineClass' '(Ljava/lang/String;[BIILjava/security/CodeSource;)Ljava/lang/Class;' in 'java/security/SecureClassLoader')}
  0x000002a8ca9abc78: c6b5 0f48 | bbd0 3718 | f8a8 0200 | 008b 83cc | 0000 0083 | c002 8983 | cc00 0000 | 25fe 0700 
  0x000002a8ca9abc98: 0085 c00f | 8496 0000 | 0089 7424 | 5c89 7c24 | 584c 894c | 2450 4c89 | 4424 4848 

  0x000002a8ca9abcb4: ;   {metadata(method data for {method} {0x000002a88004e0e8} 'defineClass' '(Ljava/lang/String;[BIILjava/security/CodeSource;)Ljava/lang/Class;' in 'java/security/SecureClassLoader')}
  0x000002a8ca9abcb4: 8bda 48b8 | d037 18f8 | a802 0000 | 4883 8010 | 0100 0001 | 4c8b c148 | 8bc2 488b | d048 8944 
  0x000002a8ca9abcd4: ;   {optimized virtual_call}
  0x000002a8ca9abcd4: 2440 90e8 

  0x000002a8ca9abcd8: ; ImmutableOopMap {[64]=Oop [72]=Oop [80]=Oop }
                      ;*invokevirtual getProtectionDomain {reexecute=0 rethrow=0 return_oop=0}
                      ; - java.security.SecureClassLoader::defineClass@9
  0x000002a8ca9abcd8: c4a8 1000 

  0x000002a8ca9abcdc: ;   {other}
  0x000002a8ca9abcdc: 0f1f 8400 | 4c02 0000 | 488b 5424 

  0x000002a8ca9abce8: ;   {metadata(method data for {method} {0x000002a88004e0e8} 'defineClass' '(Ljava/lang/String;[BIILjava/security/CodeSource;)Ljava/lang/Class;' in 'java/security/SecureClassLoader')}
  0x000002a8ca9abce8: 4049 b8d0 | 3718 f8a8 | 0200 0049 | 8380 4801 | 0000 014c | 8b44 2448 | 4c8b 4c24 | 508b 7c24 
  0x000002a8ca9abd08: 588b 7424 | 5c48 8bc8 | 488b 5424 

  0x000002a8ca9abd14: ;   {optimized virtual_call}
  0x000002a8ca9abd14: 4066 90e8 

  0x000002a8ca9abd18: ; ImmutableOopMap {}
                      ;*invokevirtual defineClass {reexecute=0 rethrow=0 return_oop=0}
                      ; - java.security.SecureClassLoader::defineClass@12
  0x000002a8ca9abd18: 24b3 1000 

  0x000002a8ca9abd1c: ;   {other}
  0x000002a8ca9abd1c: 0f1f 8400 | 8c02 0001 | 4883 c470 

  0x000002a8ca9abd28: ;   {poll_return}
  0x000002a8ca9abd28: 5d49 3ba7 | 5004 0000 | 0f87 2200 

  0x000002a8ca9abd34: ;   {metadata({method} {0x000002a88004e0e8} 'defineClass' '(Ljava/lang/String;[BIILjava/security/CodeSource;)Ljava/lang/Class;' in 'java/security/SecureClassLoader')}
  0x000002a8ca9abd34: 0000 c349 | bae0 e004 | 80a8 0200 | 004c 8954 | 2408 48c7 | 0424 ffff 

  0x000002a8ca9abd4c: ;   {runtime_call counter_overflow Runtime1 stub}
  0x000002a8ca9abd4c: ffff e8ad 

  0x000002a8ca9abd50: ; ImmutableOopMap {rdx=Oop r8=Oop r9=Oop rcx=Oop }
                      ;*synchronization entry
                      ; - java.security.SecureClassLoader::defineClass@-1
  0x000002a8ca9abd50: 93c4 0fe9 | 49ff ffff 

  0x000002a8ca9abd58: ;   {internal_word}
  0x000002a8ca9abd58: 49ba 29bd | 9aca a802 | 0000 4d89 | 9768 0400 

  0x000002a8ca9abd68: ;   {runtime_call SafepointBlob}
  0x000002a8ca9abd68: 00e9 12ac | b70f 498b | 8700 0500 | 0049 c787 | 0005 0000 | 0000 0000 | 49c7 8708 | 0500 0000 
  0x000002a8ca9abd88: 0000 0048 | 83c4 705d 

  0x000002a8ca9abd90: ;   {runtime_call unwind_exception Runtime1 stub}
  0x000002a8ca9abd90: e9eb 51bb | 0ff4 f4f4 
[Stub Code]
  0x000002a8ca9abd98: ;   {no_reloc}
  0x000002a8ca9abd98: 48bb 30e0 | 0480 a802 

  0x000002a8ca9abda0: ;   {runtime_call I2C/C2I adapters}
  0x000002a8ca9abda0: 0000 e9c0 

  0x000002a8ca9abda4: ;   {static_stub}
  0x000002a8ca9abda4: 8fb7 0f48 | bbb0 4f43 | 80a8 0200 

  0x000002a8ca9abdb0: ;   {runtime_call I2C/C2I adapters}
  0x000002a8ca9abdb0: 00e9 3f49 

  0x000002a8ca9abdb4: ;   {runtime_call handle_exception_from_callee Runtime1 stub}
  0x000002a8ca9abdb4: b60f e8c5 

  0x000002a8ca9abdb8: ;   {external_word}
  0x000002a8ca9abdb8: 56c4 0f48 | b950 631c | 0cf9 7f00 | 0048 83e4 

  0x000002a8ca9abdc8: ;   {runtime_call}
  0x000002a8ca9abdc8: f048 b8c0 | c9de 0bf9 | 7f00 00ff 

  0x000002a8ca9abdd4: ;   {section_word}
  0x000002a8ca9abdd4: d0f4 49ba | d6bd 9aca | a802 0000 

  0x000002a8ca9abde0: ;   {runtime_call DeoptimizationBlob}
  0x000002a8ca9abde0: 4152 e939 | c0b7 0ff4 
[/MachCode]


---------------  P R O C E S S  ---------------

Threads class SMR info:
_java_thread_list=0x000002a8fd339ad0, length=21, elements={
0x000002a8c75a0b70, 0x000002a8f6fc2c50, 0x000002a8f6fc56c0, 0x000002a8f6fc6120,
0x000002a8f6fc6b80, 0x000002a8f6fc95f0, 0x000002a8f6fca050, 0x000002a8f6fcade0,
0x000002a8f6fce3c0, 0x000002a8f7940f70, 0x000002a8f79ca7f0, 0x000002a8fcae9e70,
0x000002a8f77fe420, 0x000002a8fd33b030, 0x000002a8fd410940, 0x000002a8f77bf560,
0x000002a8fc954ed0, 0x000002a8fc938b10, 0x000002a8fd1fe890, 0x000002a8fd1fef20,
0x000002a8fd1ff5b0
}

Java Threads: ( => current thread )
  0x000002a8c75a0b70 JavaThread "main"                              [_thread_blocked, id=28748, stack(0x000000fc51a00000,0x000000fc51b00000) (1024K)]
  0x000002a8f6fc2c50 JavaThread "Reference Handler"          daemon [_thread_blocked, id=11240, stack(0x000000fc52200000,0x000000fc52300000) (1024K)]
  0x000002a8f6fc56c0 JavaThread "Finalizer"                  daemon [_thread_blocked, id=11204, stack(0x000000fc52300000,0x000000fc52400000) (1024K)]
  0x000002a8f6fc6120 JavaThread "Signal Dispatcher"          daemon [_thread_blocked, id=11200, stack(0x000000fc52400000,0x000000fc52500000) (1024K)]
  0x000002a8f6fc6b80 JavaThread "Attach Listener"            daemon [_thread_blocked, id=11168, stack(0x000000fc52500000,0x000000fc52600000) (1024K)]
  0x000002a8f6fc95f0 JavaThread "Service Thread"             daemon [_thread_blocked, id=10532, stack(0x000000fc52600000,0x000000fc52700000) (1024K)]
  0x000002a8f6fca050 JavaThread "Monitor Deflation Thread"   daemon [_thread_blocked, id=5424, stack(0x000000fc52700000,0x000000fc52800000) (1024K)]
  0x000002a8f6fcade0 JavaThread "C2 CompilerThread0"         daemon [_thread_blocked, id=11036, stack(0x000000fc52800000,0x000000fc52900000) (1024K)]
  0x000002a8f6fce3c0 JavaThread "C1 CompilerThread0"         daemon [_thread_in_vm, id=10296, stack(0x000000fc52900000,0x000000fc52a00000) (1024K)]
  0x000002a8f7940f70 JavaThread "Common-Cleaner"             daemon [_thread_blocked, id=10128, stack(0x000000fc52a00000,0x000000fc52b00000) (1024K)]
  0x000002a8f79ca7f0 JavaThread "Notification Thread"        daemon [_thread_blocked, id=7356, stack(0x000000fc52b00000,0x000000fc52c00000) (1024K)]
  0x000002a8fcae9e70 JavaThread "Daemon health stats"               [_thread_blocked, id=28332, stack(0x000000fc53100000,0x000000fc53200000) (1024K)]
  0x000002a8f77fe420 JavaThread "Incoming local TCP Connector on port 51210"        [_thread_in_native, id=4092, stack(0x000000fc53200000,0x000000fc53300000) (1024K)]
  0x000002a8fd33b030 JavaThread "Daemon periodic checks"            [_thread_blocked, id=5476, stack(0x000000fc53300000,0x000000fc53400000) (1024K)]
  0x000002a8fd410940 JavaThread "Daemon"                            [_thread_blocked, id=39016, stack(0x000000fc53400000,0x000000fc53500000) (1024K)]
  0x000002a8f77bf560 JavaThread "Handler for socket connection from /127.0.0.1:51210 to /127.0.0.1:51303"        [_thread_in_native, id=20864, stack(0x000000fc53500000,0x000000fc53600000) (1024K)]
  0x000002a8fc954ed0 JavaThread "Cancel handler"                    [_thread_blocked, id=33592, stack(0x000000fc53600000,0x000000fc53700000) (1024K)]
=>0x000002a8fc938b10 JavaThread "Daemon worker"                     [_thread_in_vm, id=12000, stack(0x000000fc53700000,0x000000fc53800000) (1024K)]
  0x000002a8fd1fe890 JavaThread "Asynchronous log dispatcher for DefaultDaemonConnection: socket connection from /127.0.0.1:51210 to /127.0.0.1:51303"        [_thread_blocked, id=22276, stack(0x000000fc53800000,0x000000fc53900000) (1024K)]
  0x000002a8fd1fef20 JavaThread "Stdin handler"                     [_thread_blocked, id=44580, stack(0x000000fc53900000,0x000000fc53a00000) (1024K)]
  0x000002a8fd1ff5b0 JavaThread "Daemon client event forwarder"        [_thread_blocked, id=43824, stack(0x000000fc53a00000,0x000000fc53b00000) (1024K)]
Total: 21

Other Threads:
  0x000002a8f6fa9950 VMThread "VM Thread"                           [id=28872, stack(0x000000fc52100000,0x000000fc52200000) (1024K)]
  0x000002a8f6f962e0 WatcherThread "VM Periodic Task Thread"        [id=27412, stack(0x000000fc52000000,0x000000fc52100000) (1024K)]
  0x000002a8c7647260 WorkerThread "GC Thread#0"                     [id=4016, stack(0x000000fc51b00000,0x000000fc51c00000) (1024K)]
  0x000002a8f7ab3a00 WorkerThread "GC Thread#1"                     [id=12552, stack(0x000000fc52c00000,0x000000fc52d00000) (1024K)]
  0x000002a8f7a8b3e0 WorkerThread "GC Thread#2"                     [id=15352, stack(0x000000fc52d00000,0x000000fc52e00000) (1024K)]
  0x000002a8f7a8b790 WorkerThread "GC Thread#3"                     [id=38392, stack(0x000000fc52e00000,0x000000fc52f00000) (1024K)]
  0x000002a8f7af9b20 WorkerThread "GC Thread#4"                     [id=6276, stack(0x000000fc52f00000,0x000000fc53000000) (1024K)]
  0x000002a8f7af9ed0 WorkerThread "GC Thread#5"                     [id=41752, stack(0x000000fc53000000,0x000000fc53100000) (1024K)]
  0x000002a8c7658250 ConcurrentGCThread "G1 Main Marker"            [id=41012, stack(0x000000fc51c00000,0x000000fc51d00000) (1024K)]
  0x000002a8c7659f20 WorkerThread "G1 Conc#0"                       [id=24724, stack(0x000000fc51d00000,0x000000fc51e00000) (1024K)]
  0x000002a8f6e66820 ConcurrentGCThread "G1 Refine#0"               [id=24964, stack(0x000000fc51e00000,0x000000fc51f00000) (1024K)]
  0x000002a8f6e68150 ConcurrentGCThread "G1 Service"                [id=30180, stack(0x000000fc51f00000,0x000000fc52000000) (1024K)]
Total: 12

Threads with active compile tasks:
C1 CompilerThread0  61816 2904       3       org.gradle.internal.time.MonotonicClock::getCurrentTime (70 bytes)
Total: 1

VM state: not at safepoint (normal execution)

VM Mutex/Monitor currently owned by a thread:  ([mutex/lock_event])
[0x00007ff90c47d530] Metaspace_lock - owner thread: 0x000002a8fc938b10

Heap address: 0x0000000600000000, size: 8192 MB, Compressed Oops mode: Zero based, Oop shift amount: 3

CDS archive(s) mapped at: [0x000002a880000000-0x000002a880ba0000-0x000002a880ba0000), size 12189696, SharedBaseAddress: 0x000002a880000000, ArchiveRelocationMode: 1.
Compressed class space mapped at: 0x000002a881000000-0x000002a8c1000000, reserved size: 1073741824
Narrow klass base: 0x000002a880000000, Narrow klass shift: 0, Narrow klass range: 0x100000000

GC Precious Log:
 CardTable entry size: 512
 Card Set container configuration: InlinePtr #cards 4 size 8 Array Of Cards #cards 32 size 80 Howl #buckets 8 coarsen threshold 7372 Howl Bitmap #cards 1024 size 144 coarsen threshold 921 Card regions per heap region 1 cards per card region 8192
 CPUs: 8 total, 8 available
 Memory: 16082M
 Large Page Support: Disabled
 NUMA Support: Disabled
 Compressed Oops: Enabled (Zero based)
 Heap Region Size: 4M
 Heap Min Capacity: 8M
 Heap Initial Capacity: 252M
 Heap Max Capacity: 8G
 Pre-touch: Disabled
 Parallel Workers: 8
 Concurrent Workers: 2
 Concurrent Refinement Workers: 8
 Periodic GC: Disabled

Heap:
 garbage-first heap   total 258048K, used 97797K [0x0000000600000000, 0x0000000800000000)
  region size 4096K, 25 young (102400K), 2 survivors (8192K)
 Metaspace       used 13195K, committed 13568K, reserved 1114112K
  class space    used 1773K, committed 1984K, reserved 1048576K

Heap Regions: E=young(eden), S=young(survivor), O=old, HS=humongous(starts), HC=humongous(continues), CS=collection set, F=free, TAMS=top-at-mark-start, PB=parsable bottom
|   0|0x0000000600000000, 0x0000000600400000, 0x0000000600400000|100%|HS|  |TAMS 0x0000000600000000| PB 0x0000000600000000| Complete 
|   1|0x0000000600400000, 0x0000000600400000, 0x0000000600800000|  0%| F|  |TAMS 0x0000000600400000| PB 0x0000000600400000| Untracked 
|   2|0x0000000600800000, 0x0000000600800000, 0x0000000600c00000|  0%| F|  |TAMS 0x0000000600800000| PB 0x0000000600800000| Untracked 
|   3|0x0000000600c00000, 0x0000000600c00000, 0x0000000601000000|  0%| F|  |TAMS 0x0000000600c00000| PB 0x0000000600c00000| Untracked 
|   4|0x0000000601000000, 0x0000000601000000, 0x0000000601400000|  0%| F|  |TAMS 0x0000000601000000| PB 0x0000000601000000| Untracked 
|   5|0x0000000601400000, 0x0000000601400000, 0x0000000601800000|  0%| F|  |TAMS 0x0000000601400000| PB 0x0000000601400000| Untracked 
|   6|0x0000000601800000, 0x0000000601800000, 0x0000000601c00000|  0%| F|  |TAMS 0x0000000601800000| PB 0x0000000601800000| Untracked 
|   7|0x0000000601c00000, 0x0000000601c00000, 0x0000000602000000|  0%| F|  |TAMS 0x0000000601c00000| PB 0x0000000601c00000| Untracked 
|   8|0x0000000602000000, 0x0000000602000000, 0x0000000602400000|  0%| F|  |TAMS 0x0000000602000000| PB 0x0000000602000000| Untracked 
|   9|0x0000000602400000, 0x0000000602400000, 0x0000000602800000|  0%| F|  |TAMS 0x0000000602400000| PB 0x0000000602400000| Untracked 
|  10|0x0000000602800000, 0x0000000602800000, 0x0000000602c00000|  0%| F|  |TAMS 0x0000000602800000| PB 0x0000000602800000| Untracked 
|  11|0x0000000602c00000, 0x0000000602c00000, 0x0000000603000000|  0%| F|  |TAMS 0x0000000602c00000| PB 0x0000000602c00000| Untracked 
|  12|0x0000000603000000, 0x0000000603000000, 0x0000000603400000|  0%| F|  |TAMS 0x0000000603000000| PB 0x0000000603000000| Untracked 
|  13|0x0000000603400000, 0x0000000603400000, 0x0000000603800000|  0%| F|  |TAMS 0x0000000603400000| PB 0x0000000603400000| Untracked 
|  14|0x0000000603800000, 0x0000000603800000, 0x0000000603c00000|  0%| F|  |TAMS 0x0000000603800000| PB 0x0000000603800000| Untracked 
|  15|0x0000000603c00000, 0x0000000603c00000, 0x0000000604000000|  0%| F|  |TAMS 0x0000000603c00000| PB 0x0000000603c00000| Untracked 
|  16|0x0000000604000000, 0x0000000604000000, 0x0000000604400000|  0%| F|  |TAMS 0x0000000604000000| PB 0x0000000604000000| Untracked 
|  17|0x0000000604400000, 0x0000000604400000, 0x0000000604800000|  0%| F|  |TAMS 0x0000000604400000| PB 0x0000000604400000| Untracked 
|  18|0x0000000604800000, 0x0000000604800000, 0x0000000604c00000|  0%| F|  |TAMS 0x0000000604800000| PB 0x0000000604800000| Untracked 
|  19|0x0000000604c00000, 0x0000000604c00000, 0x0000000605000000|  0%| F|  |TAMS 0x0000000604c00000| PB 0x0000000604c00000| Untracked 
|  20|0x0000000605000000, 0x0000000605000000, 0x0000000605400000|  0%| F|  |TAMS 0x0000000605000000| PB 0x0000000605000000| Untracked 
|  21|0x0000000605400000, 0x0000000605400000, 0x0000000605800000|  0%| F|  |TAMS 0x0000000605400000| PB 0x0000000605400000| Untracked 
|  22|0x0000000605800000, 0x0000000605800000, 0x0000000605c00000|  0%| F|  |TAMS 0x0000000605800000| PB 0x0000000605800000| Untracked 
|  23|0x0000000605c00000, 0x0000000605c00000, 0x0000000606000000|  0%| F|  |TAMS 0x0000000605c00000| PB 0x0000000605c00000| Untracked 
|  24|0x0000000606000000, 0x0000000606000000, 0x0000000606400000|  0%| F|  |TAMS 0x0000000606000000| PB 0x0000000606000000| Untracked 
|  25|0x0000000606400000, 0x0000000606400000, 0x0000000606800000|  0%| F|  |TAMS 0x0000000606400000| PB 0x0000000606400000| Untracked 
|  26|0x0000000606800000, 0x0000000606800000, 0x0000000606c00000|  0%| F|  |TAMS 0x0000000606800000| PB 0x0000000606800000| Untracked 
|  27|0x0000000606c00000, 0x0000000606c00000, 0x0000000607000000|  0%| F|  |TAMS 0x0000000606c00000| PB 0x0000000606c00000| Untracked 
|  28|0x0000000607000000, 0x0000000607000000, 0x0000000607400000|  0%| F|  |TAMS 0x0000000607000000| PB 0x0000000607000000| Untracked 
|  29|0x0000000607400000, 0x0000000607400000, 0x0000000607800000|  0%| F|  |TAMS 0x0000000607400000| PB 0x0000000607400000| Untracked 
|  30|0x0000000607800000, 0x0000000607800000, 0x0000000607c00000|  0%| F|  |TAMS 0x0000000607800000| PB 0x0000000607800000| Untracked 
|  31|0x0000000607c00000, 0x0000000607c00000, 0x0000000608000000|  0%| F|  |TAMS 0x0000000607c00000| PB 0x0000000607c00000| Untracked 
|  32|0x0000000608000000, 0x0000000608000000, 0x0000000608400000|  0%| F|  |TAMS 0x0000000608000000| PB 0x0000000608000000| Untracked 
|  33|0x0000000608400000, 0x0000000608400000, 0x0000000608800000|  0%| F|  |TAMS 0x0000000608400000| PB 0x0000000608400000| Untracked 
|  34|0x0000000608800000, 0x0000000608800000, 0x0000000608c00000|  0%| F|  |TAMS 0x0000000608800000| PB 0x0000000608800000| Untracked 
|  35|0x0000000608c00000, 0x0000000608c00000, 0x0000000609000000|  0%| F|  |TAMS 0x0000000608c00000| PB 0x0000000608c00000| Untracked 
|  36|0x0000000609000000, 0x0000000609000000, 0x0000000609400000|  0%| F|  |TAMS 0x0000000609000000| PB 0x0000000609000000| Untracked 
|  37|0x0000000609400000, 0x0000000609400000, 0x0000000609800000|  0%| F|  |TAMS 0x0000000609400000| PB 0x0000000609400000| Untracked 
|  38|0x0000000609800000, 0x0000000609b8e068, 0x0000000609c00000| 88%| E|  |TAMS 0x0000000609800000| PB 0x0000000609800000| Complete 
|  39|0x0000000609c00000, 0x000000060a000000, 0x000000060a000000|100%| E|CS|TAMS 0x0000000609c00000| PB 0x0000000609c00000| Complete 
|  40|0x000000060a000000, 0x000000060a400000, 0x000000060a400000|100%| E|CS|TAMS 0x000000060a000000| PB 0x000000060a000000| Complete 
|  41|0x000000060a400000, 0x000000060a800000, 0x000000060a800000|100%| E|CS|TAMS 0x000000060a400000| PB 0x000000060a400000| Complete 
|  42|0x000000060a800000, 0x000000060ac00000, 0x000000060ac00000|100%| E|CS|TAMS 0x000000060a800000| PB 0x000000060a800000| Complete 
|  43|0x000000060ac00000, 0x000000060b000000, 0x000000060b000000|100%| E|CS|TAMS 0x000000060ac00000| PB 0x000000060ac00000| Complete 
|  44|0x000000060b000000, 0x000000060b400000, 0x000000060b400000|100%| E|CS|TAMS 0x000000060b000000| PB 0x000000060b000000| Complete 
|  45|0x000000060b400000, 0x000000060b800000, 0x000000060b800000|100%| E|CS|TAMS 0x000000060b400000| PB 0x000000060b400000| Complete 
|  46|0x000000060b800000, 0x000000060bc00000, 0x000000060bc00000|100%| E|CS|TAMS 0x000000060b800000| PB 0x000000060b800000| Complete 
|  47|0x000000060bc00000, 0x000000060c000000, 0x000000060c000000|100%| E|CS|TAMS 0x000000060bc00000| PB 0x000000060bc00000| Complete 
|  48|0x000000060c000000, 0x000000060c400000, 0x000000060c400000|100%| E|CS|TAMS 0x000000060c000000| PB 0x000000060c000000| Complete 
|  49|0x000000060c400000, 0x000000060c800000, 0x000000060c800000|100%| E|CS|TAMS 0x000000060c400000| PB 0x000000060c400000| Complete 
|  50|0x000000060c800000, 0x000000060cb81430, 0x000000060cc00000| 87%| S|CS|TAMS 0x000000060c800000| PB 0x000000060c800000| Complete 
|  51|0x000000060cc00000, 0x000000060d000000, 0x000000060d000000|100%| S|CS|TAMS 0x000000060cc00000| PB 0x000000060cc00000| Complete 
|  52|0x000000060d000000, 0x000000060d400000, 0x000000060d400000|100%| E|CS|TAMS 0x000000060d000000| PB 0x000000060d000000| Complete 
|  53|0x000000060d400000, 0x000000060d800000, 0x000000060d800000|100%| E|CS|TAMS 0x000000060d400000| PB 0x000000060d400000| Complete 
|  54|0x000000060d800000, 0x000000060dc00000, 0x000000060dc00000|100%| E|CS|TAMS 0x000000060d800000| PB 0x000000060d800000| Complete 
|  55|0x000000060dc00000, 0x000000060e000000, 0x000000060e000000|100%| E|  |TAMS 0x000000060dc00000| PB 0x000000060dc00000| Complete 
|  56|0x000000060e000000, 0x000000060e400000, 0x000000060e400000|100%| E|CS|TAMS 0x000000060e000000| PB 0x000000060e000000| Complete 
|  57|0x000000060e400000, 0x000000060e800000, 0x000000060e800000|100%| E|CS|TAMS 0x000000060e400000| PB 0x000000060e400000| Complete 
|  58|0x000000060e800000, 0x000000060ec00000, 0x000000060ec00000|100%| E|CS|TAMS 0x000000060e800000| PB 0x000000060e800000| Complete 
|  59|0x000000060ec00000, 0x000000060f000000, 0x000000060f000000|100%| E|CS|TAMS 0x000000060ec00000| PB 0x000000060ec00000| Complete 
|  60|0x000000060f000000, 0x000000060f400000, 0x000000060f400000|100%| E|CS|TAMS 0x000000060f000000| PB 0x000000060f000000| Complete 
|  61|0x000000060f400000, 0x000000060f800000, 0x000000060f800000|100%| E|CS|TAMS 0x000000060f400000| PB 0x000000060f400000| Complete 
|  62|0x000000060f800000, 0x000000060fc00000, 0x000000060fc00000|100%| E|CS|TAMS 0x000000060f800000| PB 0x000000060f800000| Complete 

Card table byte_map: [0x000002a8ebcf0000,0x000002a8eccf0000] _byte_map_base: 0x000002a8e8cf0000

Marking Bits: (CMBitMap*) 0x000002a8c7647970
 Bits: [0x000002a8eccf0000, 0x000002a8f4cf0000)

Polling page: 0x000002a8c6d60000

Metaspace:

Usage:
  Non-class:     11.15 MB used.
      Class:      1.73 MB used.
       Both:     12.89 MB used.

Virtual space:
  Non-class space:       64.00 MB reserved,      11.31 MB ( 18%) committed,  1 nodes.
      Class space:        1.00 GB reserved,       1.94 MB ( <1%) committed,  1 nodes.
             Both:        1.06 GB reserved,      13.25 MB (  1%) committed. 

Chunk freelists:
   Non-Class:  4.42 MB
       Class:  14.10 MB
        Both:  18.52 MB

MaxMetaspaceSize: 4.00 GB
CompressedClassSpaceSize: 1.00 GB
Initial GC threshold: 21.00 MB
Current GC threshold: 21.00 MB
CDS: on
 - commit_granule_bytes: 65536.
 - commit_granule_words: 8192.
 - virtual_space_node_default_size: 8388608.
 - enlarge_chunks_in_place: 1.
 - use_allocation_guard: 0.


Internal statistics:

num_allocs_failed_limit: 0.
num_arena_births: 390.
num_arena_deaths: 0.
num_vsnodes_births: 2.
num_vsnodes_deaths: 0.
num_space_committed: 212.
num_space_uncommitted: 0.
num_chunks_returned_to_freelist: 0.
num_chunks_taken_from_freelist: 799.
num_chunk_merges: 0.
num_chunk_splits: 527.
num_chunks_enlarged: 372.
num_inconsistent_stats: 0.

CodeHeap 'non-profiled nmethods': size=259264Kb used=1444Kb max_used=1444Kb free=257819Kb
 bounds [0x000002a8daa70000, 0x000002a8dace0000, 0x000002a8ea7a0000]
CodeHeap 'profiled nmethods': size=259264Kb used=5669Kb max_used=5669Kb free=253594Kb
 bounds [0x000002a8ca7a0000, 0x000002a8cad30000, 0x000002a8da4d0000]
CodeHeap 'non-nmethods': size=5760Kb used=1506Kb max_used=1528Kb free=4253Kb
 bounds [0x000002a8da4d0000, 0x000002a8da740000, 0x000002a8daa70000]
CodeCache: size=524288Kb, used=8619Kb, max_used=8641Kb, free=515666Kb
 total_blobs=3446, nmethods=2905, adapters=445, full_count=0
Compilation: enabled, stopped_count=0, restarted_count=0

Compilation events (20 events):
Event: 61.353 Thread 0x000002a8f6fce3c0 2896       3       java.lang.invoke.MethodHandles$Lookup::getDirectConstructorCommon (69 bytes)
Event: 61.354 Thread 0x000002a8f6fce3c0 nmethod 2896 0x000002a8cad27390 code [0x000002a8cad275a0, 0x000002a8cad27ac8]
Event: 61.354 Thread 0x000002a8f6fce3c0 2897       3       java.lang.invoke.MemberName::asConstructor (58 bytes)
Event: 61.354 Thread 0x000002a8f6fce3c0 nmethod 2897 0x000002a8cad27d10 code [0x000002a8cad27f40, 0x000002a8cad28548]
Event: 61.357 Thread 0x000002a8f6fcade0 nmethod 2873 0x000002a8dabcc990 code [0x000002a8dabccd60, 0x000002a8dabcfb50]
Event: 61.357 Thread 0x000002a8f6fcade0 2875       4       java.util.WeakHashMap::remove (131 bytes)
Event: 61.363 Thread 0x000002a8f6fcade0 nmethod 2875 0x000002a8dabd1890 code [0x000002a8dabd1a40, 0x000002a8dabd1e38]
Event: 61.363 Thread 0x000002a8f6fcade0 2882       4       java.lang.String::startsWith (7 bytes)
Event: 61.368 Thread 0x000002a8f6fcade0 nmethod 2882 0x000002a8dabd2110 code [0x000002a8dabd22c0, 0x000002a8dabd2608]
Event: 61.368 Thread 0x000002a8f6fcade0 2886       4       java.lang.reflect.Method::getParameterCount (6 bytes)
Event: 61.369 Thread 0x000002a8f6fcade0 nmethod 2886 0x000002a8dabd2890 code [0x000002a8dabd2a20, 0x000002a8dabd2ac0]
Event: 61.369 Thread 0x000002a8f6fcade0 2898       4       java.lang.StringBuilder::append (8 bytes)
Event: 61.369 Thread 0x000002a8f6fce3c0 2899       3       java.util.concurrent.ConcurrentHashMap::get (162 bytes)
Event: 61.370 Thread 0x000002a8f6fce3c0 nmethod 2899 0x000002a8cad28790 code [0x000002a8cad28a00, 0x000002a8cad29460]
Event: 61.377 Thread 0x000002a8f6fcade0 nmethod 2898 0x000002a8dabd2b90 code [0x000002a8dabd2d80, 0x000002a8dabd3540]
Event: 61.379 Thread 0x000002a8f6fcade0 2900   !   4       java.util.concurrent.ConcurrentHashMap::putVal (432 bytes)
Event: 61.403 Thread 0x000002a8f6fcade0 nmethod 2900 0x000002a8dabd3910 code [0x000002a8dabd3b80, 0x000002a8dabd4ca8]
Event: 61.403 Thread 0x000002a8f6fcade0 2901       4       java.lang.StringBuilder::append (10 bytes)
Event: 61.413 Thread 0x000002a8f6fcade0 nmethod 2901 0x000002a8dabd5790 code [0x000002a8dabd5980, 0x000002a8dabd6268]
Event: 61.413 Thread 0x000002a8f6fcade0 2902       4       java.lang.AbstractStringBuilder::append (67 bytes)

GC Heap History (4 events):
Event: 2.029 GC heap before
{Heap before GC invocations=0 (full 0):
 garbage-first heap   total 258048K, used 20480K [0x0000000600000000, 0x0000000800000000)
  region size 4096K, 5 young (20480K), 0 survivors (0K)
 Metaspace       used 890K, committed 1024K, reserved 1114112K
  class space    used 72K, committed 128K, reserved 1048576K
}
Event: 2.120 GC heap after
{Heap after GC invocations=1 (full 0):
 garbage-first heap   total 258048K, used 1535K [0x0000000600000000, 0x0000000800000000)
  region size 4096K, 1 young (4096K), 1 survivors (4096K)
 Metaspace       used 890K, committed 1024K, reserved 1114112K
  class space    used 72K, committed 128K, reserved 1048576K
}
Event: 4.434 GC heap before
{Heap before GC invocations=1 (full 0):
 garbage-first heap   total 258048K, used 42495K [0x0000000600000000, 0x0000000800000000)
  region size 4096K, 11 young (45056K), 1 survivors (4096K)
 Metaspace       used 4433K, committed 4608K, reserved 1114112K
  class space    used 557K, committed 640K, reserved 1048576K
}
Event: 4.440 GC heap after
{Heap after GC invocations=2 (full 0):
 garbage-first heap   total 258048K, used 11781K [0x0000000600000000, 0x0000000800000000)
  region size 4096K, 2 young (8192K), 2 survivors (8192K)
 Metaspace       used 4433K, committed 4608K, reserved 1114112K
  class space    used 557K, committed 640K, reserved 1048576K
}

Dll operation events (20 events):
Event: 1.036 Attempting to load shared library C:\Users\Lenovo E14\.vscode\extensions\redhat.java-1.56.0-win32-x64\jre\21.0.12.1-win32-x86_64\bin\nio.dll
Event: 1.037 Loaded shared library C:\Users\Lenovo E14\.vscode\extensions\redhat.java-1.56.0-win32-x64\jre\21.0.12.1-win32-x86_64\bin\nio.dll
Event: 1.041 Attempting to load shared library C:\Users\Lenovo E14\.vscode\extensions\redhat.java-1.56.0-win32-x64\jre\21.0.12.1-win32-x86_64\bin\zip.dll
Event: 1.041 Loaded shared library C:\Users\Lenovo E14\.vscode\extensions\redhat.java-1.56.0-win32-x64\jre\21.0.12.1-win32-x86_64\bin\zip.dll
Event: 2.150 Attempting to load shared library C:\Users\Lenovo E14\.vscode\extensions\redhat.java-1.56.0-win32-x64\jre\21.0.12.1-win32-x86_64\bin\jimage.dll
Event: 2.150 Loaded shared library C:\Users\Lenovo E14\.vscode\extensions\redhat.java-1.56.0-win32-x64\jre\21.0.12.1-win32-x86_64\bin\jimage.dll
Event: 2.603 Attempting to load shared library C:\Users\Lenovo E14\.vscode\extensions\redhat.java-1.56.0-win32-x64\jre\21.0.12.1-win32-x86_64\bin\verify.dll
Event: 2.604 Loaded shared library C:\Users\Lenovo E14\.vscode\extensions\redhat.java-1.56.0-win32-x64\jre\21.0.12.1-win32-x86_64\bin\verify.dll
Event: 2.875 Attempting to load shared library C:\Users\Lenovo E14\.gradle\native\1def1411415f61bf3af743bc5b6707747c0891f09f0c88961ee8f79bc544acac\windows-amd64\native-platform.dll
Event: 2.911 Loaded shared library C:\Users\Lenovo E14\.gradle\native\1def1411415f61bf3af743bc5b6707747c0891f09f0c88961ee8f79bc544acac\windows-amd64\native-platform.dll
Event: 2.956 Attempting to load shared library C:\Users\Lenovo E14\.gradle\native\0.2.7\x86_64-windows-gnu\gradle-fileevents.dll
Event: 2.957 Loaded shared library C:\Users\Lenovo E14\.gradle\native\0.2.7\x86_64-windows-gnu\gradle-fileevents.dll
Event: 7.142 Attempting to load shared library C:\Users\Lenovo E14\.vscode\extensions\redhat.java-1.56.0-win32-x64\jre\21.0.12.1-win32-x86_64\bin\management.dll
Event: 7.373 Loaded shared library C:\Users\Lenovo E14\.vscode\extensions\redhat.java-1.56.0-win32-x64\jre\21.0.12.1-win32-x86_64\bin\management.dll
Event: 7.375 Attempting to load shared library C:\Users\Lenovo E14\.vscode\extensions\redhat.java-1.56.0-win32-x64\jre\21.0.12.1-win32-x86_64\bin\management_ext.dll
Event: 7.377 Loaded shared library C:\Users\Lenovo E14\.vscode\extensions\redhat.java-1.56.0-win32-x64\jre\21.0.12.1-win32-x86_64\bin\management_ext.dll
Event: 7.683 Attempting to load shared library C:\Users\Lenovo E14\.vscode\extensions\redhat.java-1.56.0-win32-x64\jre\21.0.12.1-win32-x86_64\bin\extnet.dll
Event: 7.683 Loaded shared library C:\Users\Lenovo E14\.vscode\extensions\redhat.java-1.56.0-win32-x64\jre\21.0.12.1-win32-x86_64\bin\extnet.dll
Event: 56.711 Attempting to load shared library C:\Users\Lenovo E14\.vscode\extensions\redhat.java-1.56.0-win32-x64\jre\21.0.12.1-win32-x86_64\bin\sunmscapi.dll
Event: 56.713 Loaded shared library C:\Users\Lenovo E14\.vscode\extensions\redhat.java-1.56.0-win32-x64\jre\21.0.12.1-win32-x86_64\bin\sunmscapi.dll

Deoptimization events (20 events):
Event: 58.777 Thread 0x000002a8fc938b10 Uncommon trap: trap_request=0xffffffc6 fr.pc=0x000002a8dabaf80c relative=0x000000000000044c
Event: 58.777 Thread 0x000002a8fc938b10 Uncommon trap: reason=bimorphic_or_optimized_type_check action=maybe_recompile pc=0x000002a8dabaf80c method=java.util.HashMap.putVal(ILjava/lang/Object;Ljava/lang/Object;ZZ)Ljava/lang/Object; @ 253 c2
Event: 58.777 Thread 0x000002a8fc938b10 DEOPT PACKING pc=0x000002a8dabaf80c sp=0x000000fc537febb0
Event: 58.777 Thread 0x000002a8fc938b10 DEOPT UNPACKING pc=0x000002a8da527ba2 sp=0x000000fc537feb40 mode 2
Event: 58.778 Thread 0x000002a8fc938b10 Uncommon trap: trap_request=0xffffffc6 fr.pc=0x000002a8dabaf80c relative=0x000000000000044c
Event: 58.778 Thread 0x000002a8fc938b10 Uncommon trap: reason=bimorphic_or_optimized_type_check action=maybe_recompile pc=0x000002a8dabaf80c method=java.util.HashMap.putVal(ILjava/lang/Object;Ljava/lang/Object;ZZ)Ljava/lang/Object; @ 253 c2
Event: 58.778 Thread 0x000002a8fc938b10 DEOPT PACKING pc=0x000002a8dabaf80c sp=0x000000fc537feca0
Event: 58.778 Thread 0x000002a8fc938b10 DEOPT UNPACKING pc=0x000002a8da527ba2 sp=0x000000fc537fec30 mode 2
Event: 58.798 Thread 0x000002a8fc938b10 Uncommon trap: trap_request=0xffffffcc fr.pc=0x000002a8dabaa89c relative=0x000000000000035c
Event: 58.798 Thread 0x000002a8fc938b10 Uncommon trap: reason=intrinsic_or_type_checked_inlining action=make_not_entrant pc=0x000002a8dabaa89c method=java.util.Arrays.copyOf([Ljava/lang/Object;ILjava/lang/Class;)[Ljava/lang/Object; @ 35 c2
Event: 58.798 Thread 0x000002a8fc938b10 DEOPT PACKING pc=0x000002a8dabaa89c sp=0x000000fc537fe300
Event: 58.799 Thread 0x000002a8fc938b10 DEOPT UNPACKING pc=0x000002a8da527ba2 sp=0x000000fc537fe2a8 mode 2
Event: 61.316 Thread 0x000002a8fc938b10 Uncommon trap: trap_request=0xffffff45 fr.pc=0x000002a8dab8c300 relative=0x00000000000004a0
Event: 61.316 Thread 0x000002a8fc938b10 Uncommon trap: reason=unstable_if action=reinterpret pc=0x000002a8dab8c300 method=java.util.HashMap.getNode(Ljava/lang/Object;)Ljava/util/HashMap$Node; @ 66 c2
Event: 61.316 Thread 0x000002a8fc938b10 DEOPT PACKING pc=0x000002a8dab8c300 sp=0x000000fc537fc410
Event: 61.316 Thread 0x000002a8fc938b10 DEOPT UNPACKING pc=0x000002a8da527ba2 sp=0x000000fc537fc330 mode 2
Event: 61.344 Thread 0x000002a8fc938b10 Uncommon trap: trap_request=0xffffff45 fr.pc=0x000002a8dab2c2d4 relative=0x0000000000000294
Event: 61.344 Thread 0x000002a8fc938b10 Uncommon trap: reason=unstable_if action=reinterpret pc=0x000002a8dab2c2d4 method=java.util.concurrent.ConcurrentHashMap.get(Ljava/lang/Object;)Ljava/lang/Object; @ 76 c2
Event: 61.344 Thread 0x000002a8fc938b10 DEOPT PACKING pc=0x000002a8dab2c2d4 sp=0x000000fc537fb910
Event: 61.344 Thread 0x000002a8fc938b10 DEOPT UNPACKING pc=0x000002a8da527ba2 sp=0x000000fc537fb878 mode 2

Classes loaded (20 events):
Event: 61.323 Loading class sun/reflect/generics/tree/BottomSignature
Event: 61.323 Loading class sun/reflect/generics/tree/BottomSignature done
Event: 61.323 Loading class sun/reflect/generics/tree/Wildcard
Event: 61.323 Loading class sun/reflect/generics/tree/Wildcard done
Event: 61.323 Loading class sun/reflect/generics/reflectiveObjects/WildcardTypeImpl
Event: 61.323 Loading class sun/reflect/generics/reflectiveObjects/WildcardTypeImpl done
Event: 61.343 Loading class jdk/internal/vm/annotation/IntrinsicCandidate
Event: 61.343 Loading class jdk/internal/vm/annotation/IntrinsicCandidate done
Event: 61.347 Loading class java/util/stream/MatchOps$MatchKind
Event: 61.347 Loading class java/util/stream/MatchOps$MatchKind done
Event: 61.347 Loading class java/util/stream/MatchOps
Event: 61.348 Loading class java/util/stream/MatchOps done
Event: 61.348 Loading class java/util/stream/MatchOps$MatchOp
Event: 61.348 Loading class java/util/stream/MatchOps$MatchOp done
Event: 61.348 Loading class java/util/stream/MatchOps$BooleanTerminalSink
Event: 61.348 Loading class java/util/stream/MatchOps$BooleanTerminalSink done
Event: 61.348 Loading class java/util/stream/MatchOps$1MatchSink
Event: 61.349 Loading class java/util/stream/MatchOps$1MatchSink done
Event: 61.391 Loading class java/lang/TypeNotPresentException
Event: 61.391 Loading class java/lang/TypeNotPresentException done

Classes unloaded (0 events):
No events

Classes redefined (0 events):
No events

Internal exceptions (20 events):
Event: 7.418 Thread 0x000002a8c75a0b70 Exception <a 'java/lang/NoSuchMethodError'{0x000000060bf3be18}: 'java.lang.Object java.lang.invoke.Invokers$Holder.invokeExact_MT(java.lang.Object, java.lang.Object, java.lang.Object, java.lang.Object, java.lang.Object, java.lang.Object)'> (0x000000060bf3be18) 
thrown [s\src\hotspot\share\interpreter\linkResolver.cpp, line 773]
Event: 7.454 Thread 0x000002a8c75a0b70 Exception <a 'java/lang/NoSuchMethodError'{0x000000060bfc41f8}: 'java.lang.Object java.lang.invoke.DelegatingMethodHandle$Holder.reinvoke_L(java.lang.Object, java.lang.Object, java.lang.Object, java.lang.Object, java.lang.Object, java.lang.Object, java.lang.Object, java.lang.Object, java.lang.Object, java.lang.Object, java.lang.Object, java.lang.Object, java.lang.Object, java.lang.Object)'> (0x000000060bfc41f8) 
thrown [s\src\hotspot\share\interpreter\linkResolver.cpp, line 773]
Event: 7.505 Thread 0x000002a8c75a0b70 Exception <a 'java/lang/NoSuchMethodError'{0x000000060b8c2bd0}: 'java.lang.Object java.lang.invoke.DirectMethodHandle$Holder.invokeStatic(java.lang.Object, java.lang.Object, java.lang.Object, java.lang.Object, java.lang.Object, java.lang.Object, java.lang.Object, java.lang.Object, java.lang.Object, java.lang.Object, java.lang.Object, java.lang.Object, java.lang.Object)'> (0x000000060b8c2bd0) 
thrown [s\src\hotspot\share\interpreter\linkResolver.cpp, line 773]
Event: 7.508 Thread 0x000002a8c75a0b70 Exception <a 'java/lang/NoSuchMethodError'{0x000000060b8e21d8}: 'java.lang.Object java.lang.invoke.DirectMethodHandle$Holder.invokeStatic(java.lang.Object, java.lang.Object, java.lang.Object, java.lang.Object, java.lang.Object, java.lang.Object, java.lang.Object, java.lang.Object, java.lang.Object, java.lang.Object, java.lang.Object, java.lang.Object, java.lang.Object, java.lang.Object)'> (0x000000060b8e21d8) 
thrown [s\src\hotspot\share\interpreter\linkResolver.cpp, line 773]
Event: 7.510 Thread 0x000002a8c75a0b70 Exception <a 'java/lang/NoSuchMethodError'{0x000000060b902770}: 'java.lang.Object java.lang.invoke.DirectMethodHandle$Holder.invokeStatic(java.lang.Object, java.lang.Object, java.lang.Object, java.lang.Object, java.lang.Object, java.lang.Object, java.lang.Object, java.lang.Object, java.lang.Object, java.lang.Object, java.lang.Object, java.lang.Object, java.lang.Object, java.lang.Object, java.lang.Object)'> (0x000000060b902770) 
thrown [s\src\hotspot\share\interpreter\linkResolver.cpp, line 773]
Event: 7.514 Thread 0x000002a8c75a0b70 Exception <a 'java/lang/NoSuchMethodError'{0x000000060b925340}: 'java.lang.Object java.lang.invoke.DirectMethodHandle$Holder.invokeStatic(java.lang.Object, java.lang.Object, java.lang.Object, java.lang.Object, java.lang.Object, java.lang.Object, java.lang.Object, java.lang.Object, java.lang.Object, java.lang.Object, java.lang.Object, java.lang.Object, java.lang.Object, java.lang.Object, java.lang.Object, java.lang.Object)'> (0x000000060b925340) 
thrown [s\src\hotspot\share\interpreter\linkResolver.cpp, lin
Event: 7.770 Thread 0x000002a8c75a0b70 Exception <a 'java/lang/NoSuchMethodError'{0x000000060b4174f8}: 'java.lang.Object java.lang.invoke.DirectMethodHandle$Holder.invokeVirtual(java.lang.Object, java.lang.Object, java.lang.Object, java.lang.Object, java.lang.Object, java.lang.Object, java.lang.Object)'> (0x000000060b4174f8) 
thrown [s\src\hotspot\share\interpreter\linkResolver.cpp, line 773]
Event: 7.801 Thread 0x000002a8c75a0b70 Exception <a 'java/lang/NoSuchMethodError'{0x000000060b4a4b78}: 'java.lang.Object java.lang.invoke.DirectMethodHandle$Holder.invokeVirtual(java.lang.Object, java.lang.Object, java.lang.Object, java.lang.Object, java.lang.Object, java.lang.Object, java.lang.Object, java.lang.Object, java.lang.Object)'> (0x000000060b4a4b78) 
thrown [s\src\hotspot\share\interpreter\linkResolver.cpp, line 773]
Event: 8.742 Thread 0x000002a8c75a0b70 Exception <a 'java/lang/NoSuchMethodError'{0x000000060b640958}: 'java.lang.Object java.lang.invoke.DirectMethodHandle$Holder.invokeStaticInit(java.lang.Object, int, int, int, int)'> (0x000000060b640958) 
thrown [s\src\hotspot\share\interpreter\linkResolver.cpp, line 773]
Event: 13.181 Thread 0x000002a8c75a0b70 Exception <a 'java/lang/NoSuchMethodError'{0x000000060b70efa8}: 'java.lang.Object java.lang.invoke.DirectMethodHandle$Holder.invokeStaticInit(java.lang.Object, java.lang.Object, int, int, int, int)'> (0x000000060b70efa8) 
thrown [s\src\hotspot\share\interpreter\linkResolver.cpp, line 773]
Event: 21.469 Thread 0x000002a8c75a0b70 Exception <a 'java/io/IOException'{0x000000060b2ab3e8}> (0x000000060b2ab3e8) 
thrown [s\src\hotspot\share\prims\jni.cpp, line 520]
Event: 21.479 Thread 0x000002a8c75a0b70 Implicit null exception at 0x000002a8daadf7a4 to 0x000002a8daadfe80
Event: 21.488 Thread 0x000002a8c75a0b70 Exception <a 'java/lang/NoSuchMethodError'{0x000000060b31b9c0}: 'java.lang.Object java.lang.invoke.DirectMethodHandle$Holder.newInvokeSpecial(java.lang.Object, java.lang.Object, java.lang.Object, java.lang.Object, java.lang.Object)'> (0x000000060b31b9c0) 
thrown [s\src\hotspot\share\interpreter\linkResolver.cpp, line 773]
Event: 31.567 Thread 0x000002a8fd33b030 Implicit null exception at 0x000002a8daac96a0 to 0x000002a8daac9d70
Event: 58.716 Thread 0x000002a8fd410940 Exception <a 'java/lang/NoSuchMethodError'{0x000000060a408b30}: 'void java.lang.invoke.DirectMethodHandle$Holder.invokeSpecial(java.lang.Object, java.lang.Object, java.lang.Object)'> (0x000000060a408b30) 
thrown [s\src\hotspot\share\interpreter\linkResolver.cpp, line 773]
Event: 59.291 Thread 0x000002a8fc938b10 Exception <a 'java/lang/NoSuchMethodError'{0x000000060a1f3328}: 'long java.lang.invoke.DirectMethodHandle$Holder.invokeInterface(java.lang.Object, java.lang.Object)'> (0x000000060a1f3328) 
thrown [s\src\hotspot\share\interpreter\linkResolver.cpp, line 773]
Event: 60.386 Thread 0x000002a8fc938b10 Exception <a 'java/lang/NoSuchMethodError'{0x0000000609e239d0}: 'void java.lang.invoke.DirectMethodHandle$Holder.invokeStatic(java.lang.Object, java.lang.Object)'> (0x0000000609e239d0) 
thrown [s\src\hotspot\share\interpreter\linkResolver.cpp, line 773]
Event: 60.411 Thread 0x000002a8fc938b10 Exception <a 'java/lang/NoSuchMethodError'{0x0000000609e5d808}: 'java.lang.Object java.lang.invoke.DirectMethodHandle$Holder.invokeVirtual(java.lang.Object, java.lang.Object, java.lang.Object, java.lang.Object, java.lang.Object, java.lang.Object, java.lang.Object, java.lang.Object, java.lang.Object, java.lang.Object, java.lang.Object, java.lang.Object)'> (0x0000000609e5d808) 
thrown [s\src\hotspot\share\interpreter\linkResolver.cpp, line 773]
Event: 60.414 Thread 0x000002a8fc938b10 Exception <a 'java/lang/NoSuchMethodError'{0x0000000609e62830}: 'java.lang.Object java.lang.invoke.DirectMethodHandle$Holder.invokeSpecial(java.lang.Object, java.lang.Object, java.lang.Object, java.lang.Object, java.lang.Object, java.lang.Object, java.lang.Object, java.lang.Object, java.lang.Object, java.lang.Object, java.lang.Object, java.lang.Object, java.lang.Object)'> (0x0000000609e62830) 
thrown [s\src\hotspot\share\interpreter\linkResolver.cpp, line 773]
Event: 61.352 Thread 0x000002a8fc938b10 Exception <a 'java/lang/NoSuchMethodError'{0x000000060991dde0}: 'int java.lang.invoke.DirectMethodHandle$Holder.invokeVirtual(java.lang.Object, java.lang.Object, java.lang.Object)'> (0x000000060991dde0) 
thrown [s\src\hotspot\share\interpreter\linkResolver.cpp, line 773]

ZGC Phase Switch (0 events):
No events

VM Operations (20 events):
Event: 56.675 Executing non-safepoint VM operation: HandshakeAllThreads (Deoptimize)
Event: 56.675 Executing non-safepoint VM operation: HandshakeAllThreads (Deoptimize) done
Event: 56.675 Executing safepoint VM operation: Cleanup
Event: 56.675 Executing safepoint VM operation: Cleanup done
Event: 56.802 Executing non-safepoint VM operation: HandshakeAllThreads (Deoptimize)
Event: 56.803 Executing non-safepoint VM operation: HandshakeAllThreads (Deoptimize) done
Event: 57.803 Executing safepoint VM operation: Cleanup
Event: 57.803 Executing safepoint VM operation: Cleanup done
Event: 58.803 Executing safepoint VM operation: Cleanup
Event: 59.012 Executing safepoint VM operation: Cleanup done
Event: 60.012 Executing safepoint VM operation: Cleanup
Event: 60.283 Executing safepoint VM operation: Cleanup done
Event: 61.015 Executing non-safepoint VM operation: HandshakeAllThreads (HandshakeForDeflation)
Event: 61.261 Executing non-safepoint VM operation: HandshakeAllThreads (HandshakeForDeflation) done
Event: 61.261 Executing non-safepoint VM operation: RendezvousGCThreads
Event: 61.261 Executing non-safepoint VM operation: RendezvousGCThreads done
Event: 61.401 Executing non-safepoint VM operation: HandshakeAllThreads (Deoptimize)
Event: 61.401 Executing non-safepoint VM operation: HandshakeAllThreads (Deoptimize) done
Event: 61.401 Executing safepoint VM operation: Cleanup
Event: 61.401 Executing safepoint VM operation: Cleanup done

Memory protections (0 events):
No events

Nmethod flushes (0 events):
No events

Events (20 events):
Event: 0.859 Thread 0x000002a8c75a0b70 Thread added: 0x000002a8f6fc95f0
Event: 0.859 Thread 0x000002a8c75a0b70 Thread added: 0x000002a8f6fca050
Event: 0.860 Thread 0x000002a8c75a0b70 Thread added: 0x000002a8f6fcade0
Event: 0.893 Thread 0x000002a8c75a0b70 Thread added: 0x000002a8f6fce3c0
Event: 1.025 Thread 0x000002a8c75a0b70 Thread added: 0x000002a8f7940f70
Event: 1.076 Thread 0x000002a8c75a0b70 Thread added: 0x000002a8f79ca7f0
Event: 6.468 Thread 0x000002a8f6fce3c0 Thread added: 0x000002a8fcae9e70
Event: 7.385 Thread 0x000002a8fcae9e70 Thread exited: 0x000002a8fcae9e70
Event: 7.437 Thread 0x000002a8c75a0b70 Thread added: 0x000002a8fcae9e70
Event: 7.659 Thread 0x000002a8f6fce3c0 Thread added: 0x000002a8f77ff000
Event: 8.476 Thread 0x000002a8f77ff000 Thread exited: 0x000002a8f77ff000
Event: 13.203 Thread 0x000002a8c75a0b70 Thread added: 0x000002a8f77fe420
Event: 21.495 Thread 0x000002a8c75a0b70 Thread added: 0x000002a8fd33b030
Event: 56.827 Thread 0x000002a8f77fe420 Thread added: 0x000002a8fd410940
Event: 56.845 Thread 0x000002a8fd410940 Thread added: 0x000002a8f77bf560
Event: 57.003 Thread 0x000002a8fd410940 Thread added: 0x000002a8fc954ed0
Event: 58.717 Thread 0x000002a8fd410940 Thread added: 0x000002a8fc938b10
Event: 58.787 Thread 0x000002a8fc938b10 Thread added: 0x000002a8fd1fe890
Event: 58.793 Thread 0x000002a8fc938b10 Thread added: 0x000002a8fd1fef20
Event: 58.796 Thread 0x000002a8fc938b10 Thread added: 0x000002a8fd1ff5b0


Dynamic libraries:
0x00007ff6b6000000 - 0x00007ff6b600e000 	C:\Users\Lenovo E14\.vscode\extensions\redhat.java-1.56.0-win32-x64\jre\21.0.12.1-win32-x86_64\bin\java.exe
0x00007ff9bbd10000 - 0x00007ff9bbf28000 	C:\Windows\SYSTEM32\ntdll.dll
0x00007ff9bab90000 - 0x00007ff9bac54000 	C:\Windows\System32\KERNEL32.DLL
0x00007ff9b90f0000 - 0x00007ff9b94c3000 	C:\Windows\System32\KERNELBASE.dll
0x00007ff9b9890000 - 0x00007ff9b99a1000 	C:\Windows\System32\ucrtbase.dll
0x00007ff9569c0000 - 0x00007ff9569d8000 	C:\Users\Lenovo E14\.vscode\extensions\redhat.java-1.56.0-win32-x64\jre\21.0.12.1-win32-x86_64\bin\jli.dll
0x00007ff9569a0000 - 0x00007ff9569be000 	C:\Users\Lenovo E14\.vscode\extensions\redhat.java-1.56.0-win32-x64\jre\21.0.12.1-win32-x86_64\bin\VCRUNTIME140.dll
0x00007ff9bb080000 - 0x00007ff9bb232000 	C:\Windows\System32\USER32.dll
0x00007ff9b97e0000 - 0x00007ff9b9806000 	C:\Windows\System32\win32u.dll
0x00007ff9bb050000 - 0x00007ff9bb079000 	C:\Windows\System32\GDI32.dll
0x00007ff9b96c0000 - 0x00007ff9b97db000 	C:\Windows\System32\gdi32full.dll
0x00007ff9b8e50000 - 0x00007ff9b8eea000 	C:\Windows\System32\msvcp_win.dll
0x00007ff9a7b50000 - 0x00007ff9a7dec000 	C:\Windows\WinSxS\amd64_microsoft.windows.common-controls_6595b64144ccf1df_6.0.22621.6060_none_2712eda17382d24b\COMCTL32.dll
0x00007ff9ba8e0000 - 0x00007ff9ba987000 	C:\Windows\System32\msvcrt.dll
0x00007ff9ba780000 - 0x00007ff9ba7b1000 	C:\Windows\System32\IMM32.DLL
0x00007ff9a8910000 - 0x00007ff9a891c000 	C:\Users\Lenovo E14\.vscode\extensions\redhat.java-1.56.0-win32-x64\jre\21.0.12.1-win32-x86_64\bin\vcruntime140_1.dll
0x00007ff9563f0000 - 0x00007ff95647d000 	C:\Users\Lenovo E14\.vscode\extensions\redhat.java-1.56.0-win32-x64\jre\21.0.12.1-win32-x86_64\bin\msvcp140.dll
0x00007ff90b7c0000 - 0x00007ff90c562000 	C:\Users\Lenovo E14\.vscode\extensions\redhat.java-1.56.0-win32-x64\jre\21.0.12.1-win32-x86_64\bin\server\jvm.dll
0x00007ff9baee0000 - 0x00007ff9baf91000 	C:\Windows\System32\ADVAPI32.dll
0x00007ff9bafa0000 - 0x00007ff9bb048000 	C:\Windows\System32\sechost.dll
0x00007ff9b8e20000 - 0x00007ff9b8e48000 	C:\Windows\System32\bcrypt.dll
0x00007ff9bbb90000 - 0x00007ff9bbca8000 	C:\Windows\System32\RPCRT4.dll
0x00007ff9ba4c0000 - 0x00007ff9ba531000 	C:\Windows\System32\WS2_32.dll
0x00007ff9b85a0000 - 0x00007ff9b85ed000 	C:\Windows\SYSTEM32\POWRPROF.dll
0x00007ff9b23f0000 - 0x00007ff9b2424000 	C:\Windows\SYSTEM32\WINMM.dll
0x00007ff9b2060000 - 0x00007ff9b206a000 	C:\Windows\SYSTEM32\VERSION.dll
0x00007ff9b8530000 - 0x00007ff9b8543000 	C:\Windows\SYSTEM32\UMPDC.dll
0x00007ff9b7e30000 - 0x00007ff9b7e48000 	C:\Windows\SYSTEM32\kernel.appcore.dll
0x00007ff97cd10000 - 0x00007ff97cd1a000 	C:\Users\Lenovo E14\.vscode\extensions\redhat.java-1.56.0-win32-x64\jre\21.0.12.1-win32-x86_64\bin\jimage.dll
0x00007ff9b67d0000 - 0x00007ff9b6a03000 	C:\Windows\SYSTEM32\DBGHELP.DLL
0x00007ff9b9fc0000 - 0x00007ff9ba351000 	C:\Windows\System32\combase.dll
0x00007ff9bac60000 - 0x00007ff9bad38000 	C:\Windows\System32\OLEAUT32.dll
0x00007ff9acea0000 - 0x00007ff9aced2000 	C:\Windows\SYSTEM32\dbgcore.DLL
0x00007ff9b94d0000 - 0x00007ff9b954b000 	C:\Windows\System32\bcryptPrimitives.dll
0x00007ff975da0000 - 0x00007ff975daf000 	C:\Users\Lenovo E14\.vscode\extensions\redhat.java-1.56.0-win32-x64\jre\21.0.12.1-win32-x86_64\bin\instrument.dll
0x00007ff956980000 - 0x00007ff9569a0000 	C:\Users\Lenovo E14\.vscode\extensions\redhat.java-1.56.0-win32-x64\jre\21.0.12.1-win32-x86_64\bin\java.dll
0x00007ff9bb260000 - 0x00007ff9bbafc000 	C:\Windows\System32\SHELL32.dll
0x00007ff9b8ef0000 - 0x00007ff9b902f000 	C:\Windows\System32\wintypes.dll
0x00007ff9b6cd0000 - 0x00007ff9b75ea000 	C:\Windows\SYSTEM32\windows.storage.dll
0x00007ff9ba7c0000 - 0x00007ff9ba8c4000 	C:\Windows\System32\SHCORE.dll
0x00007ff9b9a60000 - 0x00007ff9b9ac9000 	C:\Windows\System32\shlwapi.dll
0x00007ff9b8d50000 - 0x00007ff9b8d75000 	C:\Windows\SYSTEM32\profapi.dll
0x00007ff99cc60000 - 0x00007ff99cc78000 	C:\Users\Lenovo E14\.vscode\extensions\redhat.java-1.56.0-win32-x64\jre\21.0.12.1-win32-x86_64\bin\zip.dll
0x00007ff99bb40000 - 0x00007ff99bb50000 	C:\Users\Lenovo E14\.vscode\extensions\redhat.java-1.56.0-win32-x64\jre\21.0.12.1-win32-x86_64\bin\net.dll
0x00007ff9b55d0000 - 0x00007ff9b56fc000 	C:\Windows\SYSTEM32\WINHTTP.dll
0x00007ff9b82f0000 - 0x00007ff9b8359000 	C:\Windows\system32\mswsock.dll
0x00007ff99bb20000 - 0x00007ff99bb36000 	C:\Users\Lenovo E14\.vscode\extensions\redhat.java-1.56.0-win32-x64\jre\21.0.12.1-win32-x86_64\bin\nio.dll
0x00007ff956b40000 - 0x00007ff956b50000 	C:\Users\Lenovo E14\.vscode\extensions\redhat.java-1.56.0-win32-x64\jre\21.0.12.1-win32-x86_64\bin\verify.dll
0x00007ff99df10000 - 0x00007ff99df37000 	C:\Users\Lenovo E14\.gradle\native\1def1411415f61bf3af743bc5b6707747c0891f09f0c88961ee8f79bc544acac\windows-amd64\native-platform.dll
0x00007ff973490000 - 0x00007ff973508000 	C:\Users\Lenovo E14\.gradle\native\0.2.7\x86_64-windows-gnu\gradle-fileevents.dll
0x00007ff9b25b0000 - 0x00007ff9b25ba000 	C:\Users\Lenovo E14\.vscode\extensions\redhat.java-1.56.0-win32-x64\jre\21.0.12.1-win32-x86_64\bin\management.dll
0x00007ff9b10e0000 - 0x00007ff9b10ec000 	C:\Users\Lenovo E14\.vscode\extensions\redhat.java-1.56.0-win32-x64\jre\21.0.12.1-win32-x86_64\bin\management_ext.dll
0x00007ff9bb240000 - 0x00007ff9bb248000 	C:\Windows\System32\PSAPI.DLL
0x00007ff9b7890000 - 0x00007ff9b78bd000 	C:\Windows\SYSTEM32\IPHLPAPI.DLL
0x00007ff9ba8d0000 - 0x00007ff9ba8d9000 	C:\Windows\System32\NSI.dll
0x00007ff9b2590000 - 0x00007ff9b2599000 	C:\Users\Lenovo E14\.vscode\extensions\redhat.java-1.56.0-win32-x64\jre\21.0.12.1-win32-x86_64\bin\extnet.dll
0x00007ff9b86c0000 - 0x00007ff9b86db000 	C:\Windows\SYSTEM32\CRYPTSP.dll
0x00007ff9b7d20000 - 0x00007ff9b7d57000 	C:\Windows\system32\rsaenh.dll
0x00007ff9b8390000 - 0x00007ff9b83b8000 	C:\Windows\SYSTEM32\USERENV.dll
0x00007ff9b86a0000 - 0x00007ff9b86ac000 	C:\Windows\SYSTEM32\CRYPTBASE.dll
0x00007ff9b25a0000 - 0x00007ff9b25ae000 	C:\Users\Lenovo E14\.vscode\extensions\redhat.java-1.56.0-win32-x64\jre\21.0.12.1-win32-x86_64\bin\sunmscapi.dll
0x00007ff9b9550000 - 0x00007ff9b96b8000 	C:\Windows\System32\CRYPT32.dll
0x00007ff9b87e0000 - 0x00007ff9b880e000 	C:\Windows\SYSTEM32\ncrypt.dll
0x00007ff9b87a0000 - 0x00007ff9b87d7000 	C:\Windows\SYSTEM32\NTASN1.dll
0x00007ff97e570000 - 0x00007ff97e578000 	C:\Windows\system32\wshunix.dll

JVMTI agents:
C:\Users\Lenovo E14\.gradle\wrapper\dists\gradle-8.14-all\c2qonpi39x1mddn7hk5gh9iqj\gradle-8.14\lib\agents\gradle-instrumentation-agent-8.14.jar path:C:\Users\Lenovo E14\.vscode\extensions\redhat.java-1.56.0-win32-x64\jre\21.0.12.1-win32-x86_64\bin\instrument.dll, loaded, initialized, instrumentlib options:none

dbghelp: loaded successfully - version: 4.0.5 - missing functions: none
symbol engine: initialized successfully - sym options: 0x614 - pdb path: .;C:\Users\Lenovo E14\.vscode\extensions\redhat.java-1.56.0-win32-x64\jre\21.0.12.1-win32-x86_64\bin;C:\Windows\SYSTEM32;C:\Windows\WinSxS\amd64_microsoft.windows.common-controls_6595b64144ccf1df_6.0.22621.6060_none_2712eda17382d24b;C:\Users\Lenovo E14\.vscode\extensions\redhat.java-1.56.0-win32-x64\jre\21.0.12.1-win32-x86_64\bin\server;C:\Users\Lenovo E14\.gradle\native\1def1411415f61bf3af743bc5b6707747c0891f09f0c88961ee8f79bc544acac\windows-amd64;C:\Users\Lenovo E14\.gradle\native\0.2.7\x86_64-windows-gnu

VM Arguments:
jvm_args: --add-opens=java.base/java.lang=ALL-UNNAMED --add-opens=java.base/java.lang.invoke=ALL-UNNAMED --add-opens=java.base/java.util=ALL-UNNAMED --add-opens=java.prefs/java.util.prefs=ALL-UNNAMED --add-exports=jdk.compiler/com.sun.tools.javac.api=ALL-UNNAMED --add-exports=jdk.compiler/com.sun.tools.javac.util=ALL-UNNAMED --add-opens=java.base/java.util=ALL-UNNAMED --add-opens=java.prefs/java.util.prefs=ALL-UNNAMED --add-opens=java.base/java.nio.charset=ALL-UNNAMED --add-opens=java.base/java.net=ALL-UNNAMED --add-opens=java.base/java.util.concurrent.atomic=ALL-UNNAMED --add-opens=java.xml/javax.xml.namespace=ALL-UNNAMED -XX:MaxMetaspaceSize=4G -XX:ReservedCodeCacheSize=512m -XX:+HeapDumpOnOutOfMemoryError -Xmx8G -Dfile.encoding=UTF-8 -Duser.country=US -Duser.language=en -Duser.variant -javaagent:C:\Users\Lenovo E14\.gradle\wrapper\dists\gradle-8.14-all\c2qonpi39x1mddn7hk5gh9iqj\gradle-8.14\lib\agents\gradle-instrumentation-agent-8.14.jar 
java_command: org.gradle.launcher.daemon.bootstrap.GradleDaemon 8.14
java_class_path (initial): C:\Users\Lenovo E14\.gradle\wrapper\dists\gradle-8.14-all\c2qonpi39x1mddn7hk5gh9iqj\gradle-8.14\lib\gradle-daemon-main-8.14.jar
Launcher Type: SUN_STANDARD

[Global flags]
     intx CICompilerCount                          = 4                                         {product} {ergonomic}
     uint ConcGCThreads                            = 2                                         {product} {ergonomic}
     uint G1ConcRefinementThreads                  = 8                                         {product} {ergonomic}
   size_t G1HeapRegionSize                         = 4194304                                   {product} {ergonomic}
    uintx GCDrainStackTargetSize                   = 64                                        {product} {ergonomic}
     bool HeapDumpOnOutOfMemoryError               = true                                   {manageable} {command line}
   size_t InitialHeapSize                          = 264241152                                 {product} {ergonomic}
   size_t MarkStackSize                            = 4194304                                   {product} {ergonomic}
   size_t MaxHeapSize                              = 8589934592                                {product} {command line}
   size_t MaxMetaspaceSize                         = 4294967296                                {product} {command line}
   size_t MaxNewSize                               = 5150605312                                {product} {ergonomic}
   size_t MinHeapDeltaBytes                        = 4194304                                   {product} {ergonomic}
   size_t MinHeapSize                              = 8388608                                   {product} {ergonomic}
    uintx NonNMethodCodeHeapSize                   = 5839372                                {pd product} {ergonomic}
    uintx NonProfiledCodeHeapSize                  = 265515770                              {pd product} {ergonomic}
    uintx ProfiledCodeHeapSize                     = 265515770                              {pd product} {ergonomic}
    uintx ReservedCodeCacheSize                    = 536870912                              {pd product} {command line}
     bool SegmentedCodeCache                       = true                                      {product} {ergonomic}
   size_t SoftMaxHeapSize                          = 8589934592                             {manageable} {ergonomic}
     bool UseCompressedOops                        = true                           {product lp64_product} {ergonomic}
     bool UseG1GC                                  = true                                      {product} {ergonomic}
     bool UseLargePagesIndividualAllocation        = false                                  {pd product} {ergonomic}

Logging:
Log output configuration:
 #0: stdout all=warning uptime,level,tags foldmultilines=false
 #1: stderr all=off uptime,level,tags foldmultilines=false

Release file:
JAVA_VERSION="21.0.12.1" 
MODULES="java.base java.compiler java.datatransfer java.xml java.prefs java.desktop java.instrument java.logging java.management java.security.sasl java.naming java.rmi java.management.rmi java.net.http java.scripting java.security.jgss java.transaction.xa java.sql java.sql.rowset java.xml.crypto java.se java.smartcardio jdk.accessibility jdk.internal.jvmstat jdk.attach jdk.charsets jdk.internal.opt jdk.zipfs jdk.compiler jdk.crypto.ec jdk.crypto.cryptoki jdk.crypto.mscapi jdk.dynalink jdk.internal.ed jdk.editpad jdk.hotspot.agent jdk.httpserver jdk.internal.le jdk.internal.vm.ci jdk.internal.vm.compiler jdk.internal.vm.compiler.management jdk.jartool jdk.javadoc jdk.jcmd jdk.management jdk.management.agent jdk.jconsole jdk.jdeps jdk.jdwp.agent jdk.jdi jdk.jfr jdk.jshell jdk.jsobject jdk.jstatd jdk.localedata jdk.management.jfr jdk.naming.dns jdk.naming.rmi jdk.net jdk.nio.mapmode jdk.random jdk.sctp jdk.security.auth jdk.security.jgss jdk.unsupported jdk.unsupported.desktop jdk.xml.dom" 

Environment Variables:
PATH=C:\Program Files\Common Files\Oracle\Java\javapath;C:\Windows\system32;C:\Windows;C:\Windows\System32\Wbem;C:\Windows\System32\WindowsPowerShell\v1.0\;C:\Windows\System32\OpenSSH\;C:\Windows\Microsoft.NET\Framework64\v4.0.30319;C:\Program Files\MongoDB\mongosh-2.5.8-win32-x64\bin;C:\Program Files\MongoDB\mongodb-database-tools-windows-x86_64-100.13.0\bin;C:\Program Files\MongoDB\Server\8.2\bin;C:\Program Files\MongoDB\Connector for BI\2.14\bin;C:\Program Files\MongoDB\ODBC\1.4\bin;C:\Program Files\nodejs\;C:\Program Files\Git\cmd;C:\Program Files\MySQL\MySQL Shell 8.0\bin;C:\Program Files\MySQL\MySQL Server 8.0\bin;C:\Program Files\MySQL\MySQL Router 8.0\bin;C:\Program Files\dotnet\;C:\flutter\bin;C:\Android\cmdline-tools\latest\bin;C:\Android\platform-tools;C:\Android\platforms;C:\Android\emulator;C:\Program Files\MySQL\MySQL Shell 8.0\bin\;C:\Users\Lenovo E14\AppData\Local\Programs\Python\Python314\Scripts\;C:\Users\Lenovo E14\AppData\Local\Programs\Python\Python314\;C:\Users\Lenovo E14\AppData\Local\Microsoft\WindowsApps;C:\Users\Lenovo E14\AppData\Local\Programs\Microsoft VS Code\bin;C:\Users\Lenovo E14\AppData\Roaming\npm
USERNAME=Lenovo E14
OS=Windows_NT
PROCESSOR_IDENTIFIER=Intel64 Family 6 Model 140 Stepping 1, GenuineIntel
TMP=C:\Users\LENOVO~1\AppData\Local\Temp
TEMP=C:\Users\LENOVO~1\AppData\Local\Temp




Periodic native trim disabled

---------------  S Y S T E M  ---------------

OS:
 Windows 11 , 64 bit Build 22621 (10.0.22621.5415)
OS uptime: 0 days 0:25 hours
Hyper-V role detected

CPU: total 8 (initial active 8) (4 cores per cpu, 2 threads per core) family 6 model 140 stepping 1 microcode 0x86, cx8, cmov, fxsr, ht, mmx, 3dnowpref, sse, sse2, sse3, ssse3, sse4.1, sse4.2, popcnt, lzcnt, tsc, tscinvbit, avx, avx2, aes, erms, clmul, bmi1, bmi2, adx, avx512f, avx512dq, avx512cd, avx512bw, avx512vl, sha, fma, vzeroupper, avx512_vpopcntdq, avx512_vpclmulqdq, avx512_vaes, avx512_vnni, clflush, clflushopt, clwb, avx512_vbmi2, avx512_vbmi, hv, rdtscp, rdpid, fsrm, gfni, avx512_bitalg, f16c, cet_ibt, cet_ss, avx512_ifma
Processor Information for the first 8 processors :
  Max Mhz: 2419, Current Mhz: 2419, Mhz Limit: 2419

Memory: 4k page, system-wide physical 16082M (430M free)
TotalPageFile size 65234M (AvailPageFile size 777M)
current process WorkingSet (physical memory assigned to process): 164M, peak: 164M
current process commit charge ("private bytes"): 380M, peak: 380M

vm_info: OpenJDK 64-Bit Server VM (21.0.12.1+1-LTS) for windows-amd64 JRE (21.0.12.1+1-LTS), built on 2026-08-18T00:00:00Z by "admin" with MS VC++ 17.12 (VS2022)

END.
