#
# There is insufficient memory for the Java Runtime Environment to continue.
# Native memory allocation (mmap) failed to map 65536 bytes. Error detail: Failed to commit metaspace.
# Possible reasons:
#   The system is out of physical RAM or swap space
#   This process is running with CompressedOops enabled, and the Java Heap may be blocking the growth of the native heap
# Possible solutions:
#   Reduce memory load on the system
#   Increase physical memory or swap space
#   Check if swap backing store is full
#   Decrease Java heap size (-Xmx/-Xms)
#   Decrease number of Java threads
#   Decrease Java thread stack sizes (-Xss)
#   Set larger code cache with -XX:ReservedCodeCacheSize=
#   JVM is running with Zero Based Compressed Oops mode in which the Java heap is
#     placed in the first 32GB address space. The Java Heap base address is the
#     maximum limit for the native heap growth. Please use -XX:HeapBaseMinAddress
#     to set the Java Heap base and to place the Java Heap above 32GB virtual address.
# This output file may be truncated or incomplete.
#
#  Out of Memory Error (virtualSpaceNode.cpp:113), pid=38168, tid=43364
#
# JRE version: OpenJDK Runtime Environment Temurin-21.0.12.1+1 (21.0.12.1+1) (build 21.0.12.1+1-LTS)
# Java VM: OpenJDK 64-Bit Server VM Temurin-21.0.12.1+1 (21.0.12.1+1-LTS, mixed mode, sharing, tiered, compressed oops, compressed class ptrs, g1 gc, windows-amd64)
# No core dump will be written. Minidumps are not enabled by default on client versions of Windows
#

---------------  S U M M A R Y ------------

Command Line: --add-opens=java.base/java.lang=ALL-UNNAMED --add-opens=java.base/java.lang.invoke=ALL-UNNAMED --add-opens=java.base/java.util=ALL-UNNAMED --add-opens=java.prefs/java.util.prefs=ALL-UNNAMED --add-exports=jdk.compiler/com.sun.tools.javac.api=ALL-UNNAMED --add-exports=jdk.compiler/com.sun.tools.javac.util=ALL-UNNAMED --add-opens=java.base/java.util=ALL-UNNAMED --add-opens=java.prefs/java.util.prefs=ALL-UNNAMED --add-opens=java.base/java.nio.charset=ALL-UNNAMED --add-opens=java.base/java.net=ALL-UNNAMED --add-opens=java.base/java.util.concurrent.atomic=ALL-UNNAMED --add-opens=java.xml/javax.xml.namespace=ALL-UNNAMED -XX:MaxMetaspaceSize=4G -XX:ReservedCodeCacheSize=512m -XX:+HeapDumpOnOutOfMemoryError -Xmx8G -Dfile.encoding=UTF-8 -Duser.country=US -Duser.language=en -Duser.variant -javaagent:C:\Users\Lenovo E14\.gradle\wrapper\dists\gradle-8.14-all\c2qonpi39x1mddn7hk5gh9iqj\gradle-8.14\lib\agents\gradle-instrumentation-agent-8.14.jar org.gradle.launcher.daemon.bootstrap.GradleDaemon 8.14

Host: 11th Gen Intel(R) Core(TM) i5-1135G7 @ 2.40GHz, 8 cores, 15G,  Windows 11 , 64 bit Build 22621 (10.0.22621.5415)
Time: Tue Oct  6 07:48:53 2026 W. Central Africa Standard Time elapsed time: 243.726112 seconds (0d 0h 4m 3s)

---------------  T H R E A D  ---------------

Current thread (0x000002769f96c520):  JavaThread "Daemon worker"        [_thread_in_vm, id=43364, stack(0x000000b59b200000,0x000000b59b300000) (1024K)]

Stack: [0x000000b59b200000,0x000000b59b300000]
Native frames: (J=compiled Java code, j=interpreted, Vv=VM code, C=native code)
V  [jvm.dll+0x6d83e9]
V  [jvm.dll+0x8b5736]
V  [jvm.dll+0x8b7cee]
V  [jvm.dll+0x8b83d3]
V  [jvm.dll+0x284596]
V  [jvm.dll+0x8b147e]
V  [jvm.dll+0x679ad4]
V  [jvm.dll+0x1e849b]
V  [jvm.dll+0x1e825e]
V  [jvm.dll+0x67c3d2]
V  [jvm.dll+0x67c202]
V  [jvm.dll+0x67a4ae]
V  [jvm.dll+0x684758]
V  [jvm.dll+0x21973e]
V  [jvm.dll+0x219be5]
V  [jvm.dll+0x21a5d8]
V  [jvm.dll+0x20f80e]
V  [jvm.dll+0x5b6a7f]
V  [jvm.dll+0x82f77d]
V  [jvm.dll+0x479a6e]
V  [jvm.dll+0x48cde6]
C  [java.dll+0x1657]

Java frames: (J=compiled Java code, j=interpreted, Vv=VM code)
J 1929  java.lang.ClassLoader.defineClass0(Ljava/lang/ClassLoader;Ljava/lang/Class;Ljava/lang/String;[BIILjava/security/ProtectionDomain;ZILjava/lang/Object;)Ljava/lang/Class; java.base@21.0.12.1 (0 bytes) @ 0x000002763b64323c [0x000002763b643140+0x00000000000000fc]
j  java.lang.System$2.defineClass(Ljava/lang/ClassLoader;Ljava/lang/Class;Ljava/lang/String;[BLjava/security/ProtectionDomain;ZILjava/lang/Object;)Ljava/lang/Class;+17 java.base@21.0.12.1
j  java.lang.invoke.MethodHandles$Lookup$ClassDefiner.defineClass(ZLjava/lang/Object;)Ljava/lang/Class;+57 java.base@21.0.12.1
j  java.lang.invoke.InnerClassLambdaMetafactory.generateInnerClass()Ljava/lang/Class;+490 java.base@21.0.12.1
j  java.lang.invoke.InnerClassLambdaMetafactory.spinInnerClass()Ljava/lang/Class;+114 java.base@21.0.12.1
j  java.lang.invoke.InnerClassLambdaMetafactory.buildCallSite()Ljava/lang/invoke/CallSite;+1 java.base@21.0.12.1
j  java.lang.invoke.LambdaMetafactory.metafactory(Ljava/lang/invoke/MethodHandles$Lookup;Ljava/lang/String;Ljava/lang/invoke/MethodType;Ljava/lang/invoke/MethodType;Ljava/lang/invoke/MethodHandle;Ljava/lang/invoke/MethodType;)Ljava/lang/invoke/CallSite;+67 java.base@21.0.12.1
j  java.lang.invoke.LambdaForm$DMH+0x000002765a1dc400.invokeStatic(Ljava/lang/Object;Ljava/lang/Object;Ljava/lang/Object;Ljava/lang/Object;Ljava/lang/Object;Ljava/lang/Object;Ljava/lang/Object;)Ljava/lang/Object;+27 java.base@21.0.12.1
j  java.lang.invoke.Invokers$Holder.invokeExact_MT(Ljava/lang/Object;Ljava/lang/Object;Ljava/lang/Object;Ljava/lang/Object;Ljava/lang/Object;Ljava/lang/Object;Ljava/lang/Object;Ljava/lang/Object;)Ljava/lang/Object;+28 java.base@21.0.12.1
j  java.lang.invoke.BootstrapMethodInvoker.invoke(Ljava/lang/Class;Ljava/lang/invoke/MethodHandle;Ljava/lang/String;Ljava/lang/Object;Ljava/lang/Object;Ljava/lang/Class;)Ljava/lang/Object;+319 java.base@21.0.12.1
j  java.lang.invoke.CallSite.makeSite(Ljava/lang/invoke/MethodHandle;Ljava/lang/String;Ljava/lang/invoke/MethodType;Ljava/lang/Object;Ljava/lang/Class;)Ljava/lang/invoke/CallSite;+8 java.base@21.0.12.1
j  java.lang.invoke.MethodHandleNatives.linkCallSiteImpl(Ljava/lang/Class;Ljava/lang/invoke/MethodHandle;Ljava/lang/String;Ljava/lang/invoke/MethodType;Ljava/lang/Object;[Ljava/lang/Object;)Ljava/lang/invoke/MemberName;+6 java.base@21.0.12.1
j  java.lang.invoke.MethodHandleNatives.linkCallSite(Ljava/lang/Object;Ljava/lang/Object;Ljava/lang/Object;Ljava/lang/Object;Ljava/lang/Object;[Ljava/lang/Object;)Ljava/lang/invoke/MemberName;+45 java.base@21.0.12.1
v  ~StubRoutines::call_stub 0x000002763afb10e7
j  org.gradle.internal.instantiation.generator.AsmBackedClassGenerator$ClassBuilderImpl.addActionMethod(Ljava/lang/reflect/Method;)V+23
j  org.gradle.internal.instantiation.generator.AbstractClassGenerator$DslMixInPropertyType.addMissingClosureOverloads(Lorg/gradle/internal/instantiation/generator/AbstractClassGenerator$ClassGenerationVisitor;)V+54
j  org.gradle.internal.instantiation.generator.AbstractClassGenerator$DslMixInPropertyType.applyTo(Lorg/gradle/internal/instantiation/generator/AbstractClassGenerator$ClassGenerationVisitor;)V+34
j  org.gradle.internal.instantiation.generator.AbstractClassGenerator.generateUnderLock(Ljava/lang/Class;)Lorg/gradle/internal/instantiation/generator/AbstractClassGenerator$GeneratedClassImpl;+451
j  org.gradle.internal.instantiation.generator.AbstractClassGenerator$$Lambda+0x000002765a1ceb30.apply(Ljava/lang/Object;)Ljava/lang/Object;+8
j  org.gradle.cache.internal.DefaultCrossBuildInMemoryCacheFactory$AbstractCrossBuildInMemoryCache.produce(Ljava/util/function/Function;Ljava/lang/Object;)Ljava/lang/Object;+2
j  org.gradle.cache.internal.DefaultCrossBuildInMemoryCacheFactory$AbstractCrossBuildInMemoryCache.produceAndRetain(Ljava/util/function/Function;Ljava/lang/Object;)Ljava/lang/Object;+3
j  org.gradle.cache.internal.DefaultCrossBuildInMemoryCacheFactory$AbstractCrossBuildInMemoryCache.lambda$get$1(Ljava/util/function/Function;Ljava/lang/Object;)Ljava/lang/Object;+3
j  org.gradle.cache.internal.DefaultCrossBuildInMemoryCacheFactory$AbstractCrossBuildInMemoryCache$$Lambda+0x000002765a1ce0a0.get()Ljava/lang/Object;+12
j  org.gradle.internal.lazy.LockingLazy.get()Ljava/lang/Object;+22
j  org.gradle.cache.internal.DefaultCrossBuildInMemoryCacheFactory$AbstractCrossBuildInMemoryCache.get(Ljava/lang/Object;Ljava/util/function/Function;)Ljava/lang/Object;+18
j  org.gradle.internal.instantiation.generator.AbstractClassGenerator.generate(Ljava/lang/Class;)Lorg/gradle/internal/instantiation/generator/ClassGenerator$GeneratedClass;+14
j  org.gradle.internal.instantiation.generator.AsmBackedClassGenerator.generate(Ljava/lang/Class;)Lorg/gradle/internal/instantiation/generator/ClassGenerator$GeneratedClass;+2
j  org.gradle.internal.instantiation.generator.Jsr330ConstructorSelector.lambda$forType$0(Ljava/lang/Class;)Lorg/gradle/internal/instantiation/generator/Jsr330ConstructorSelector$CachedConstructor;+9
j  org.gradle.internal.instantiation.generator.Jsr330ConstructorSelector$$Lambda+0x000002765a1cdc30.get()Ljava/lang/Object;+8
j  org.gradle.cache.Cache.lambda$get$0(Ljava/util/function/Supplier;Ljava/lang/Object;)Ljava/lang/Object;+1
j  org.gradle.cache.Cache$$Lambda+0x000002765a114b20.apply(Ljava/lang/Object;)Ljava/lang/Object;+5
j  org.gradle.cache.internal.DefaultCrossBuildInMemoryCacheFactory$AbstractCrossBuildInMemoryCache.produce(Ljava/util/function/Function;Ljava/lang/Object;)Ljava/lang/Object;+2
j  org.gradle.cache.internal.DefaultCrossBuildInMemoryCacheFactory$AbstractCrossBuildInMemoryCache.produceAndRetain(Ljava/util/function/Function;Ljava/lang/Object;)Ljava/lang/Object;+3
j  org.gradle.cache.internal.DefaultCrossBuildInMemoryCacheFactory$AbstractCrossBuildInMemoryCache.lambda$get$1(Ljava/util/function/Function;Ljava/lang/Object;)Ljava/lang/Object;+3
j  org.gradle.cache.internal.DefaultCrossBuildInMemoryCacheFactory$AbstractCrossBuildInMemoryCache$$Lambda+0x000002765a1ce0a0.get()Ljava/lang/Object;+12
j  org.gradle.internal.lazy.LockingLazy.get()Ljava/lang/Object;+22
j  org.gradle.cache.internal.DefaultCrossBuildInMemoryCacheFactory$AbstractCrossBuildInMemoryCache.get(Ljava/lang/Object;Ljava/util/function/Function;)Ljava/lang/Object;+18
j  org.gradle.cache.Cache.get(Ljava/lang/Object;Ljava/util/function/Supplier;)Ljava/lang/Object;+8
j  org.gradle.internal.instantiation.generator.Jsr330ConstructorSelector.forType(Ljava/lang/Class;)Lorg/gradle/internal/instantiation/generator/ClassGenerator$GeneratedConstructor;+12
j  org.gradle.internal.instantiation.generator.Jsr330ConstructorSelector.forParams(Ljava/lang/Class;[Ljava/lang/Object;)Lorg/gradle/internal/instantiation/generator/ClassGenerator$GeneratedConstructor;+2
j  org.gradle.internal.instantiation.generator.DependencyInjectingInstantiator.doCreate(Ljava/lang/Class;Lorg/gradle/api/Describable;[Ljava/lang/Object;)Ljava/lang/Object;+6
j  org.gradle.internal.instantiation.generator.DependencyInjectingInstantiator.newInstance(Ljava/lang/Class;[Ljava/lang/Object;)Ljava/lang/Object;+4
j  org.gradle.api.internal.model.DefaultObjectFactory.newInstance(Ljava/lang/Class;[Ljava/lang/Object;)Ljava/lang/Object;+6
j  org.gradle.internal.service.scopes.GradleUserHomeScopeServices.createCachesConfiguration(Lorg/gradle/api/model/ObjectFactory;Lorg/gradle/cache/internal/LegacyCacheCleanupEnablement;)Lorg/gradle/api/internal/cache/CacheConfigurationsInternal;+12
j  java.lang.invoke.LambdaForm$DMH+0x000002765a098800.invokeVirtual(Ljava/lang/Object;Ljava/lang/Object;Ljava/lang/Object;Ljava/lang/Object;)Ljava/lang/Object;+14 java.base@21.0.12.1
j  java.lang.invoke.LambdaForm$MH+0x000002765a1d0800.invoke(Ljava/lang/Object;Ljava/lang/Object;Ljava/lang/Object;Ljava/lang/Object;)Ljava/lang/Object;+73 java.base@21.0.12.1
J 2536 c1 jdk.internal.reflect.DirectMethodHandleAccessor.invoke(Ljava/lang/Object;[Ljava/lang/Object;)Ljava/lang/Object; java.base@21.0.12.1 (92 bytes) @ 0x000002762b74d734 [0x000002762b74c340+0x00000000000013f4]
J 2535 c1 java.lang.reflect.Method.invoke(Ljava/lang/Object;[Ljava/lang/Object;)Ljava/lang/Object; java.base@21.0.12.1 (108 bytes) @ 0x000002762b74ba5c [0x000002762b74b540+0x000000000000051c]
j  org.gradle.internal.reflect.JavaMethod.invoke(Ljava/lang/Object;[Ljava/lang/Object;)Ljava/lang/Object;+6
j  org.gradle.internal.service.ReflectionBasedServiceMethod.invoke(Ljava/lang/Object;[Ljava/lang/Object;)Ljava/lang/Object;+6
j  org.gradle.internal.service.DefaultServiceRegistry$FactoryMethodService.invokeMethod([Ljava/lang/Object;)Ljava/lang/Object;+28
j  org.gradle.internal.service.DefaultServiceRegistry$FactoryService.createServiceInstance()Ljava/lang/Object;+7
j  org.gradle.internal.service.DefaultServiceRegistry$FactoryMethodService.createServiceInstance()Ljava/lang/Object;+1
j  org.gradle.internal.service.DefaultServiceRegistry$ManagedObjectServiceProvider.getInstance()Ljava/lang/Object;+24
j  org.gradle.internal.service.DefaultServiceRegistry$SingletonService.get()Ljava/lang/Object;+1
j  org.gradle.internal.service.DefaultServiceRegistry.applyConfigureMethod(Lorg/gradle/internal/service/ServiceAccessToken;Lorg/gradle/internal/service/ServiceMethod;Ljava/lang/Object;)V+130
j  org.gradle.internal.service.DefaultServiceRegistry.findProviderMethods(Lorg/gradle/internal/service/ServiceRegistrationProvider;Lorg/gradle/internal/service/ServiceAccessToken;)V+215
j  org.gradle.internal.service.DefaultServiceRegistry.addProvider(Lorg/gradle/internal/service/ServiceRegistrationProvider;)Lorg/gradle/internal/service/DefaultServiceRegistry;+18
j  org.gradle.internal.service.DefaultServiceRegistry$1.addProvider(Lorg/gradle/internal/service/ServiceRegistrationProvider;)V+5
j  org.gradle.internal.service.scopes.GradleUserHomeScopeServices.configure(Lorg/gradle/internal/service/ServiceRegistration;)V+13
j  java.lang.invoke.DirectMethodHandle$Holder.invokeVirtual(Ljava/lang/Object;Ljava/lang/Object;Ljava/lang/Object;)V+11 java.base@21.0.12.1
j  java.lang.invoke.LambdaForm$MH+0x000002765a036000.invoke(Ljava/lang/Object;Ljava/lang/Object;)Ljava/lang/Object;+39 java.base@21.0.12.1
j  java.lang.invoke.LambdaForm$MH+0x000002765a035800.invoke(Ljava/lang/Object;Ljava/lang/Object;Ljava/lang/Object;)Ljava/lang/Object;+45 java.base@21.0.12.1
J 2292 c1 java.lang.invoke.Invokers$Holder.invokeExact_MT(Ljava/lang/Object;Ljava/lang/Object;Ljava/lang/Object;Ljava/lang/Object;)Ljava/lang/Object; java.base@21.0.12.1 (24 bytes) @ 0x000002762b6e664c [0x000002762b6e5fa0+0x00000000000006ac]
j  java.lang.invoke.MethodHandle.invokeWithArguments([Ljava/lang/Object;)Ljava/lang/Object;+28 java.base@21.0.12.1
j  org.gradle.internal.service.MethodHandleBasedServiceMethod.invoke(Ljava/lang/Object;[Ljava/lang/Object;)Ljava/lang/Object;+9
j  org.gradle.internal.service.DefaultServiceRegistry.applyConfigureMethod(Lorg/gradle/internal/service/ServiceAccessToken;Lorg/gradle/internal/service/ServiceMethod;Ljava/lang/Object;)V+146
j  org.gradle.internal.service.DefaultServiceRegistry.findProviderMethods(Lorg/gradle/internal/service/ServiceRegistrationProvider;Lorg/gradle/internal/service/ServiceAccessToken;)V+215
j  org.gradle.internal.service.DefaultServiceRegistry.addProvider(Lorg/gradle/internal/service/ServiceRegistrationProvider;)Lorg/gradle/internal/service/DefaultServiceRegistry;+18
j  org.gradle.internal.service.ServiceRegistryBuilder.build()Lorg/gradle/internal/service/CloseableServiceRegistry;+93
j  org.gradle.internal.service.scopes.DefaultGradleUserHomeScopeServiceRegistry.getServicesFor(Ljava/io/File;)Lorg/gradle/internal/service/ServiceRegistry;+152
j  org.gradle.internal.session.BuildSessionState.<init>(Lorg/gradle/internal/service/scopes/GradleUserHomeScopeServiceRegistry;Lorg/gradle/internal/session/CrossBuildSessionState;Lorg/gradle/api/internal/StartParameterInternal;Lorg/gradle/initialization/BuildRequestMetaData;Lorg/gradle/internal/classpath/ClassPath;Lorg/gradle/initialization/BuildCancellationToken;Lorg/gradle/initialization/BuildClientMetaData;Lorg/gradle/initialization/BuildEventConsumer;)V+15
j  org.gradle.internal.buildprocess.execution.BuildSessionLifecycleBuildActionExecutor.execute(Lorg/gradle/internal/invocation/BuildAction;Lorg/gradle/launcher/exec/BuildActionParameters;Lorg/gradle/initialization/BuildRequestContext;)Lorg/gradle/launcher/exec/BuildActionResult;+86
j  org.gradle.internal.buildprocess.execution.BuildSessionLifecycleBuildActionExecutor.execute(Lorg/gradle/internal/invocation/BuildAction;Ljava/lang/Object;Ljava/lang/Object;)Lorg/gradle/launcher/exec/BuildActionResult;+10
j  org.gradle.internal.buildprocess.execution.StartParamsValidatingActionExecutor.execute(Lorg/gradle/internal/invocation/BuildAction;Lorg/gradle/launcher/exec/BuildActionParameters;Lorg/gradle/initialization/BuildRequestContext;)Lorg/gradle/launcher/exec/BuildActionResult;+203
j  org.gradle.internal.buildprocess.execution.StartParamsValidatingActionExecutor.execute(Lorg/gradle/internal/invocation/BuildAction;Ljava/lang/Object;Ljava/lang/Object;)Lorg/gradle/launcher/exec/BuildActionResult;+10
j  org.gradle.internal.buildprocess.execution.SessionFailureReportingActionExecutor.execute(Lorg/gradle/internal/invocation/BuildAction;Lorg/gradle/launcher/exec/BuildActionParameters;Lorg/gradle/initialization/BuildRequestContext;)Lorg/gradle/launcher/exec/BuildActionResult;+7
j  org.gradle.internal.buildprocess.execution.SessionFailureReportingActionExecutor.execute(Lorg/gradle/internal/invocation/BuildAction;Ljava/lang/Object;Ljava/lang/Object;)Lorg/gradle/launcher/exec/BuildActionResult;+10
j  org.gradle.internal.buildprocess.execution.SetupLoggingActionExecutor.execute(Lorg/gradle/internal/invocation/BuildAction;Lorg/gradle/launcher/exec/BuildActionParameters;Lorg/gradle/initialization/BuildRequestContext;)Lorg/gradle/launcher/exec/BuildActionResult;+50
j  org.gradle.internal.buildprocess.execution.SetupLoggingActionExecutor.execute(Lorg/gradle/internal/invocation/BuildAction;Ljava/lang/Object;Ljava/lang/Object;)Lorg/gradle/launcher/exec/BuildActionResult;+10
j  org.gradle.launcher.daemon.server.exec.ExecuteBuild.doBuild(Lorg/gradle/launcher/daemon/server/api/DaemonCommandExecution;Lorg/gradle/launcher/daemon/protocol/Build;)V+147
j  org.gradle.launcher.daemon.server.exec.BuildCommandOnly.execute(Lorg/gradle/launcher/daemon/server/api/DaemonCommandExecution;)V+49
j  org.gradle.launcher.daemon.server.api.DaemonCommandExecution.proceed()Z+23
j  org.gradle.launcher.daemon.server.exec.WatchForDisconnection.execute(Lorg/gradle/launcher/daemon/server/api/DaemonCommandExecution;)V+19
j  org.gradle.launcher.daemon.server.api.DaemonCommandExecution.proceed()Z+23
j  org.gradle.launcher.daemon.server.exec.ResetDeprecationLogger.execute(Lorg/gradle/launcher/daemon/server/api/DaemonCommandExecution;)V+7
j  org.gradle.launcher.daemon.server.api.DaemonCommandExecution.proceed()Z+23
j  org.gradle.launcher.daemon.server.exec.RequestStopIfSingleUsedDaemon.execute(Lorg/gradle/launcher/daemon/server/api/DaemonCommandExecution;)V+33
j  org.gradle.launcher.daemon.server.api.DaemonCommandExecution.proceed()Z+23
j  org.gradle.launcher.daemon.server.exec.ForwardClientInput.lambda$execute$0(Lorg/gradle/launcher/daemon/server/api/DaemonCommandExecution;Lorg/gradle/internal/daemon/clientinput/StdinHandler;)Ljava/lang/Object;+11
j  org.gradle.launcher.daemon.server.exec.ForwardClientInput$$Lambda+0x000002765a194560.apply(Ljava/lang/Object;)Ljava/lang/Object;+8
j  org.gradle.internal.daemon.clientinput.ClientInputForwarder.forwardInput(Ljava/util/function/Function;)Ljava/lang/Object;+46
j  org.gradle.launcher.daemon.server.exec.ForwardClientInput.execute(Lorg/gradle/launcher/daemon/server/api/DaemonCommandExecution;)V+10
j  org.gradle.launcher.daemon.server.api.DaemonCommandExecution.proceed()Z+23
j  org.gradle.launcher.daemon.server.exec.LogAndCheckHealth.execute(Lorg/gradle/launcher/daemon/server/api/DaemonCommandExecution;)V+51
j  org.gradle.launcher.daemon.server.api.DaemonCommandExecution.proceed()Z+23
j  org.gradle.launcher.daemon.server.exec.LogToClient.doBuild(Lorg/gradle/launcher/daemon/server/api/DaemonCommandExecution;Lorg/gradle/launcher/daemon/protocol/Build;)V+87
j  org.gradle.launcher.daemon.server.exec.BuildCommandOnly.execute(Lorg/gradle/launcher/daemon/server/api/DaemonCommandExecution;)V+49
j  org.gradle.launcher.daemon.server.api.DaemonCommandExecution.proceed()Z+23
j  org.gradle.launcher.daemon.server.exec.EstablishBuildEnvironment.doBuild(Lorg/gradle/launcher/daemon/server/api/DaemonCommandExecution;Lorg/gradle/launcher/daemon/protocol/Build;)V+356
j  org.gradle.launcher.daemon.server.exec.BuildCommandOnly.execute(Lorg/gradle/launcher/daemon/server/api/DaemonCommandExecution;)V+49
j  org.gradle.launcher.daemon.server.api.DaemonCommandExecution.proceed()Z+23
j  org.gradle.launcher.daemon.server.exec.StartBuildOrRespondWithBusy$1.run()V+44
j  org.gradle.launcher.daemon.server.DaemonStateCoordinator.lambda$runCommand$0(Ljava/lang/Runnable;)V+1
j  org.gradle.launcher.daemon.server.DaemonStateCoordinator$$Lambda+0x000002765a18f280.run()V+8
j  org.gradle.internal.concurrent.ExecutorPolicy$CatchAndRecordFailures.onExecute(Ljava/lang/Runnable;)V+1
j  org.gradle.internal.concurrent.AbstractManagedExecutor$1.run()V+25
j  java.util.concurrent.ThreadPoolExecutor.runWorker(Ljava/util/concurrent/ThreadPoolExecutor$Worker;)V+92 java.base@21.0.12.1
j  java.util.concurrent.ThreadPoolExecutor$Worker.run()V+5 java.base@21.0.12.1
j  java.lang.Thread.runWith(Ljava/lang/Object;Ljava/lang/Runnable;)V+5 java.base@21.0.12.1
j  java.lang.Thread.run()V+19 java.base@21.0.12.1
v  ~StubRoutines::call_stub 0x000002763afb10e7

Compiled method (n/a) 247465 1929     n 0       java.lang.ClassLoader::defineClass0 (native)
 total in heap  [0x000002763b642f90,0x000002763b643658] = 1736
 relocation     [0x000002763b6430f0,0x000002763b643128] = 56
 main code      [0x000002763b643140,0x000002763b643652] = 1298
 stub code      [0x000002763b643652,0x000002763b643658] = 6

[Constant Pool (empty)]

[MachCode]
[Entry Point]
  # {method} {0x0000027659434610} 'defineClass0' '(Ljava/lang/ClassLoader;Ljava/lang/Class;Ljava/lang/String;[BIILjava/security/ProtectionDomain;ZILjava/lang/Object;)Ljava/lang/Class;' in 'java/lang/ClassLoader'
  # parm0:    rdx:rdx   = 'java/lang/ClassLoader'
  # parm1:    r8:r8     = 'java/lang/Class'
  # parm2:    r9:r9     = 'java/lang/String'
  # parm3:    rdi:rdi   = '[B'
  # parm4:    rsi       = int
  # parm5:    rcx       = int
  # parm6:    [sp+0xb0]   = 'java/security/ProtectionDomain'  (sp of caller)
  # parm7:    [sp+0xb8]   = boolean
  # parm8:    [sp+0xc0]   = int
  # parm9:    [sp+0xc8]   = 'java/lang/Object'
  0x000002763b643140: 448b 5208 | 49bb 0000 | 0059 7602 | 0000 4d03 | d349 3bc2 | 0f84 0600 

  0x000002763b643158: ;   {runtime_call ic_miss_stub}
  0x000002763b643158: 0000 e921 | b89b ff90 
[Verified Entry Point]
  0x000002763b643160: 8984 2400 | 80ff ff55 | 488b ec48 | 81ec a000 | 0000 6690 | 4181 7f20 | 0100 0000 

  0x000002763b64317c: ;   {runtime_call StubRoutines (final stubs)}
  0x000002763b64317c: 7405 e85d | 519a ff48 | 837d 2800 | 488d 4528 | 480f 4445 | 2848 8944 | 2458 4863 | 4520 4889 
  0x000002763b64319c: 4424 5048 | 6345 1848 | 8944 2448 | 4883 7d10 | 0048 8d45 | 1048 0f44 | 4510 4889 | 4424 4048 
  0x000002763b6431bc: 894c 2438 | 4889 7424 | 3048 897c | 2478 4883 | ff00 488d | 4424 7848 | 0f44 4424 | 7848 8944 
  0x000002763b6431dc: 2428 4c89 | 4c24 7049 | 83f9 0048 | 8d44 2470 | 480f 4444 | 2470 4889 | 4424 204c | 8944 2468 
  0x000002763b6431fc: 4983 f800 | 4c8d 4c24 | 684c 0f44 | 4c24 6848 | 8954 2460 | 4883 fa00 | 4c8d 4424 | 604c 0f44 
  0x000002763b64321c: ;   {oop(a 'java/lang/Class'{0x000000060cc30988} = 'java/lang/ClassLoader')}
  0x000002763b64321c: 4424 6049 | be88 09c3 | 0c06 0000 | 004c 89b4 | 2490 0000 | 004c 8db4 | 2490 0000 | 0049 8bd6 
  0x000002763b64323c: ;   {internal_word}
  0x000002763b64323c: c5f8 7749 | ba3c 3264 | 3b76 0200 | 004d 8997 | a803 0000 | 4989 a7a0 

  0x000002763b643254: ;   {external_word}
  0x000002763b643254: 0300 0049 | ba06 6d46 | 0cf9 7f00 | 0041 803a | 000f 844e | 0000 0052 | 4150 4151 

  0x000002763b643270: ;   {metadata({method} {0x0000027659434610} 'defineClass0' '(Ljava/lang/ClassLoader;Ljava/lang/Class;Ljava/lang/String;[BIILjava/security/ProtectionDomain;ZILjava/lang/Object;)Ljava/lang/Class;' in 'java/lang/ClassLoader')}
  0x000002763b643270: 48ba 0846 | 4359 7602 | 0000 498b | cf48 83ec | 2040 f6c4 | 0f0f 8419 | 0000 0048 

  0x000002763b64328c: ;   {runtime_call}
  0x000002763b64328c: 83ec 0848 | b8e0 eaef | 0bf9 7f00 | 00ff d048 | 83c4 08e9 | 0c00 0000 

  0x000002763b6432a4: ;   {runtime_call}
  0x000002763b6432a4: 48b8 e0ea | ef0b f97f | 0000 ffd0 | 4883 c420 | 4159 4158 | 5a49 8d8f | c003 0000 | 41c7 874c 
  0x000002763b6432c4: 0400 0004 

  0x000002763b6432c8: ;   {runtime_call}
  0x000002763b6432c8: 0000 0048 | b81c 1598 | 56f9 7f00 | 00ff d0c5 | f877 41c7 | 874c 0400 | 0005 0000 | 00f0 8344 
  0x000002763b6432e8: 24c0 0049 | 3baf 5004 | 0000 0f87 | 0e00 0000 | 4183 bf48 | 0400 0000 | 0f84 2b00 | 0000 c5f8 
  0x000002763b643308: 7748 8945 | f849 8bcf | 4c8b e448 | 83ec 2048 

  0x000002763b643318: ;   {runtime_call}
  0x000002763b643318: 83e4 f048 | b800 58bb | 0bf9 7f00 | 00ff d049 | 8be4 4d33 | e448 8b45 | f841 c787 | 4c04 0000 
  0x000002763b643338: 0800 0000 | 4183 bfc8 | 0400 0002 | 0f84 db02 

  0x000002763b643348: ;   {external_word}
  0x000002763b643348: 0000 49ba | 066d 460c | f97f 0000 | 4180 3a00 | 0f84 4c00 | 0000 4889 

  0x000002763b643360: ;   {metadata({method} {0x0000027659434610} 'defineClass0' '(Ljava/lang/ClassLoader;Ljava/lang/Class;Ljava/lang/String;[BIILjava/security/ProtectionDomain;ZILjava/lang/Object;)Ljava/lang/Class;' in 'java/lang/ClassLoader')}
  0x000002763b643360: 45f8 48ba | 0846 4359 | 7602 0000 | 498b cf48 | 83ec 2040 | f6c4 0f0f | 8419 0000 | 0048 83ec 
  0x000002763b643380: ;   {runtime_call}
  0x000002763b643380: 0848 b8e0 | eaef 0bf9 | 7f00 00ff | d048 83c4 | 08e9 0c00 

  0x000002763b643394: ;   {runtime_call}
  0x000002763b643394: 0000 48b8 | e0ea ef0b | f97f 0000 | ffd0 4883 | c420 488b | 45f8 49c7 | 87a0 0300 | 0000 0000 
  0x000002763b6433b4: 0049 c787 | a803 0000 | 0000 0000 | c5f8 7748 | 85c0 0f84 | 3602 0000 | a803 0f85 | 0800 0000 
  0x000002763b6433d4: 488b 00e9 | 2602 0000 | a801 0f85 | 0900 0000 | 488b 40fe | e915 0200 | 0048 8b40 | ff41 807f 
  0x000002763b6433f4: 4000 0f84 | 0602 0000 | 4883 f800 | 0f84 fc01 | 0000 498b | 4f28 4883 | f900 0f84 | 1400 0000 
  0x000002763b643414: 4883 e908 | 4989 4f28 | 4903 4f38 | 4889 01e9 | da01 0000 | 4881 ecf0 | 0000 0048 | 8904 2448 
  0x000002763b643434: 894c 2408 | 4889 5424 | 104c 8944 | 2418 4c89 | 4c24 204c | 8954 2428 | 4c89 5c24 | 30c5 fb11 
  0x000002763b643454: 4424 40c5 | fb11 4c24 | 48c5 fb11 | 5424 50c5 | fb11 5c24 | 58c5 fb11 | 6424 60c5 | fb11 6c24 
  0x000002763b643474: 6862 e1ff | 0811 4424 | 0e62 e1ff | 0811 4c24 | 0f62 e1ff | 0811 5424 | 1062 e1ff | 0811 5c24 
  0x000002763b643494: ;   {no_reloc}
  0x000002763b643494: 1162 e1ff | 0811 6424 | 1262 e1ff | 0811 6c24 | 1362 e1ff | 0811 7424 | 1462 e1ff | 0811 7c24 
  0x000002763b6434b4: 1562 61ff | 0811 4424 | 1662 61ff | 0811 4c24 | 1762 61ff | 0811 5424 | 1862 61ff | 0811 5c24 
  0x000002763b6434d4: 1962 61ff | 0811 6424 | 1a62 61ff | 0811 6c24 | 1b62 61ff | 0811 7424 | 1c62 61ff | 0811 7c24 
  0x000002763b6434f4: 1d49 8bd7 | 488b c848 | 83ec 2040 | f6c4 0f0f | 8419 0000 | 0048 83ec 

  0x000002763b64350c: ;   {runtime_call}
  0x000002763b64350c: 0848 b820 | a4ae 0bf9 | 7f00 00ff | d048 83c4 | 08e9 0c00 

  0x000002763b643520: ;   {runtime_call}
  0x000002763b643520: 0000 48b8 | 20a4 ae0b | f97f 0000 | ffd0 4883 | c420 6261 | ff08 107c | 241d 6261 | ff08 1074 
  0x000002763b643540: 241c 6261 | ff08 106c | 241b 6261 | ff08 1064 | 241a 6261 | ff08 105c | 2419 6261 | ff08 1054 
  0x000002763b643560: 2418 6261 | ff08 104c | 2417 6261 | ff08 1044 | 2416 62e1 | ff08 107c | 2415 62e1 | ff08 1074 
  0x000002763b643580: 2414 62e1 | ff08 106c | 2413 62e1 | ff08 1064 | 2412 62e1 | ff08 105c | 2411 62e1 | ff08 1054 
  0x000002763b6435a0: 2410 62e1 | ff08 104c | 240f 62e1 | ff08 1044 | 240e c5fb | 106c 2468 | c5fb 1064 | 2460 c5fb 
  0x000002763b6435c0: 105c 2458 | c5fb 1054 | 2450 c5fb | 104c 2448 | c5fb 1044 | 2440 4c8b | 5c24 304c | 8b54 2428 
  0x000002763b6435e0: 4c8b 4c24 | 204c 8b44 | 2418 488b | 5424 1048 | 8b4c 2408 | 488b 0424 | 4881 c4f0 | 0000 00c5 
  0x000002763b643600: f877 498b | 8f30 0400 | 00c7 8100 | 0100 0000 | 0000 00c9 | 4983 7f08 | 000f 8501 | 0000 00c3 
  0x000002763b643620: ;   {runtime_call StubRoutines (initial stubs)}
  0x000002763b643620: e9db d896 | ffc5 f877 | 4889 45f8 | 4c8b e448 | 83ec 2048 

  0x000002763b643634: ;   {runtime_call}
  0x000002763b643634: 83e4 f048 | b830 22f0 | 0bf9 7f00 | 00ff d049 | 8be4 4d33 | e448 8b45 | f8e9 f8fc | ffff f4f4 
  0x000002763b643654: f4f4 f4f4 
[/MachCode]


Compiled method (c1) 247480 2536   !   3       jdk.internal.reflect.DirectMethodHandleAccessor::invoke (92 bytes)
 total in heap  [0x000002762b74be10,0x000002762b750488] = 18040
 relocation     [0x000002762b74bf70,0x000002762b74c330] = 960
 main code      [0x000002762b74c340,0x000002762b74ed28] = 10728
 stub code      [0x000002762b74ed28,0x000002762b74ee58] = 304
 oops           [0x000002762b74ee58,0x000002762b74ee90] = 56
 metadata       [0x000002762b74ee90,0x000002762b74ef08] = 120
 scopes data    [0x000002762b74ef08,0x000002762b74f478] = 1392
 scopes pcs     [0x000002762b74f478,0x000002762b74fad8] = 1632
 dependencies   [0x000002762b74fad8,0x000002762b74fae0] = 8
 handler table  [0x000002762b74fae0,0x000002762b7503b0] = 2256
 nul chk table  [0x000002762b7503b0,0x000002762b750488] = 216

[Constant Pool (empty)]

[MachCode]
[Entry Point]
  # {method} {0x000002765919cf00} 'invoke' '(Ljava/lang/Object;[Ljava/lang/Object;)Ljava/lang/Object;' in 'jdk/internal/reflect/DirectMethodHandleAccessor'
  # this:     rdx:rdx   = 'jdk/internal/reflect/DirectMethodHandleAccessor'
  # parm0:    r8:r8     = 'java/lang/Object'
  # parm1:    r9:r9     = '[Ljava/lang/Object;'
  #           [sp+0x180]  (sp of caller)
  0x000002762b74c340: 448b 5208 | 49bb 0000 | 0059 7602 | 0000 4d03 | d34c 3bd0 

  0x000002762b74c354: ;   {runtime_call ic_miss_stub}
  0x000002762b74c354: 0f85 2626 | 8b0f 660f | 1f44 0000 
[Verified Entry Point]
  0x000002762b74c360: 8984 2400 | 80ff ff55 | 4881 ec70 | 0100 0090 | 4181 7f20 | 0100 0000 

  0x000002762b74c378: ;   {runtime_call StubRoutines (final stubs)}
  0x000002762b74c378: 7405 e861 | bf89 0f48 | 8994 24b0 | 0000 004c | 8984 24c0 | 0000 004c | 898c 24b8 

  0x000002762b74c394: ;   {metadata(method data for {method} {0x000002765919cf00} 'invoke' '(Ljava/lang/Object;[Ljava/lang/Object;)Ljava/lang/Object;' in 'jdk/internal/reflect/DirectMethodHandleAccessor')}
  0x000002762b74c394: 0000 0048 | be70 5790 | 9a76 0200 | 008b becc | 0000 0083 | c702 89be | cc00 0000 | 81e7 fe07 
  0x000002762b74c3b4: 0000 85ff | 0f84 a323 | 0000 488b 

  0x000002762b74c3c0: ;   {metadata(method data for {method} {0x000002765919cf00} 'invoke' '(Ljava/lang/Object;[Ljava/lang/Object;)Ljava/lang/Object;' in 'jdk/internal/reflect/DirectMethodHandleAccessor')}
  0x000002762b74c3c0: f248 bf70 | 5790 9a76 | 0200 0048 | 8387 1001 

  0x000002762b74c3d0: ;   {metadata(method data for {method} {0x00000276593c8780} 'isStatic' '()Z' in 'jdk/internal/reflect/DirectMethodHandleAccessor')}
  0x000002762b74c3d0: 0000 0148 | bea8 5a90 | 9a76 0200 | 008b becc | 0000 0083 | c702 89be | cc00 0000 | 81e7 feff 
  0x000002762b74c3f0: 1f00 85ff | 0f84 8823 | 0000 8b72 | 1081 e600 | 0200 0081 | fe00 0200 

  0x000002762b74c408: ;   {metadata(method data for {method} {0x00000276593c8780} 'isStatic' '()Z' in 'jdk/internal/reflect/DirectMethodHandleAccessor')}
  0x000002762b74c408: 0048 bea8 | 5a90 9a76 | 0200 0048 | c7c7 1001 | 0000 7507 | 48c7 c720 | 0100 0048 | 8b1c 3e48 
  0x000002762b74c428: 8d5b 0148 | 891c 3e0f | 851a 0000 

  0x000002762b74c434: ;   {metadata(method data for {method} {0x00000276593c8780} 'isStatic' '()Z' in 'jdk/internal/reflect/DirectMethodHandleAccessor')}
  0x000002762b74c434: 0048 bea8 | 5a90 9a76 | 0200 00ff | 8630 0100 | 00be 0100 | 0000 e905 | 0000 00be | 0000 0000 
  0x000002762b74c454: 83e6 0185 

  0x000002762b74c458: ;   {metadata(method data for {method} {0x000002765919cf00} 'invoke' '(Ljava/lang/Object;[Ljava/lang/Object;)Ljava/lang/Object;' in 'jdk/internal/reflect/DirectMethodHandleAccessor')}
  0x000002762b74c458: f648 be70 | 5790 9a76 | 0200 0048 | c7c7 4801 | 0000 7507 | 48c7 c758 | 0100 0048 | 8b1c 3e48 
  0x000002762b74c478: 8d5b 0148 | 891c 3e0f | 85d5 0000 | 0048 8bf2 

  0x000002762b74c488: ;   {metadata(method data for {method} {0x000002765919cf00} 'invoke' '(Ljava/lang/Object;[Ljava/lang/Object;)Ljava/lang/Object;' in 'jdk/internal/reflect/DirectMethodHandleAccessor')}
  0x000002762b74c488: 48bf 7057 | 909a 7602 | 0000 4883 | 8768 0100 

  0x000002762b74c498: ;   {metadata(method data for {method} {0x00000276593c86d0} 'checkReceiver' '(Ljava/lang/Object;)V' in 'jdk/internal/reflect/DirectMethodHandleAccessor')}
  0x000002762b74c498: 0001 48be | 60ea 3f9a | 7602 0000 | 8bbe cc00 | 0000 83c7 | 0289 becc | 0000 0081 | e7fe ff1f 
  0x000002762b74c4b8: 0085 ff0f | 84e2 2200 | 008b 7214 | 48c1 e603 

  0x000002762b74c4c8: ; implicit exception: dispatches to 0x000002762b74e7c4
  0x000002762b74c4c8: 493b 0049 

  0x000002762b74c4cc: ;   {metadata(method data for {method} {0x00000276593c86d0} 'checkReceiver' '(Ljava/lang/Object;)V' in 'jdk/internal/reflect/DirectMethodHandleAccessor')}
  0x000002762b74c4cc: 8bf8 48bb | 60ea 3f9a | 7602 0000 | 4883 8310 | 0100 0001 | 418b 7808 | 49ba 0000 | 0059 7602 
  0x000002762b74c4ec: 0000 4903 | fa48 8b7f | 7048 8b3f 

  0x000002762b74c4f8: ; implicit exception: dispatches to 0x000002762b74e7c9
  0x000002762b74c4f8: 483b 0648 

  0x000002762b74c4fc: ;   {metadata(method data for {method} {0x00000276593c86d0} 'checkReceiver' '(Ljava/lang/Object;)V' in 'jdk/internal/reflect/DirectMethodHandleAccessor')}
  0x000002762b74c4fc: 8bde 48b8 | 60ea 3f9a | 7602 0000 | 4883 8048 | 0100 0001 | 4c8b c748 

  0x000002762b74c514: ;   {optimized virtual_call}
  0x000002762b74c514: 8bd6 90e8 

  0x000002762b74c518: ; ImmutableOopMap {[176]=Oop [184]=Oop [192]=Oop }
                      ;*invokevirtual isAssignableFrom {reexecute=0 rethrow=0 return_oop=0}
                      ; - jdk.internal.reflect.DirectMethodHandleAccessor::checkReceiver@8
                      ; - jdk.internal.reflect.DirectMethodHandleAccessor::invoke@9
  0x000002762b74c518: 2464 e10f 

  0x000002762b74c51c: ;   {other}
  0x000002762b74c51c: 0f1f 8400 | 0c07 0000 

  0x000002762b74c524: ;   {metadata(method data for {method} {0x00000276593c86d0} 'checkReceiver' '(Ljava/lang/Object;)V' in 'jdk/internal/reflect/DirectMethodHandleAccessor')}
  0x000002762b74c524: 85c0 48ba | 60ea 3f9a | 7602 0000 | 49c7 c090 | 0100 0074 | 0749 c7c0 | 8001 0000 | 4a8b 3402 
  0x000002762b74c544: 488d 7601 | 4a89 3402 | 0f84 a720 | 0000 488b | 9424 b000 | 0000 448b 

  0x000002762b74c55c: ;   {metadata(method data for {method} {0x000002765919cf00} 'invoke' '(Ljava/lang/Object;[Ljava/lang/Object;)Ljava/lang/Object;' in 'jdk/internal/reflect/DirectMethodHandleAccessor')}
  0x000002762b74c55c: 420c 48be | 7057 909a | 7602 0000 | 4883 86a0 | 0100 0001 | 498b d04c | 8b84 24b8 | 0000 000f 
  0x000002762b74c57c: ;   {static_call}
  0x000002762b74c57c: 1f40 00e8 

  0x000002762b74c580: ; ImmutableOopMap {[176]=Oop [184]=Oop [192]=Oop }
                      ;*invokestatic checkArgumentCount {reexecute=0 rethrow=0 return_oop=0}
                      ; - jdk.internal.reflect.DirectMethodHandleAccessor::invoke@17
  0x000002762b74c580: fccc 0500 

  0x000002762b74c584: ;   {other}
  0x000002762b74c584: 0f1f 8400 | 7407 0001 | 488b 9424 | b000 0000 

  0x000002762b74c594: ;   {metadata(method data for {method} {0x000002765919cf00} 'invoke' '(Ljava/lang/Object;[Ljava/lang/Object;)Ljava/lang/Object;' in 'jdk/internal/reflect/DirectMethodHandleAccessor')}
  0x000002762b74c594: 488b f248 | bf70 5790 | 9a76 0200 | 0048 8387 | b001 0000 

  0x000002762b74c5a8: ;   {metadata(method data for {method} {0x00000276593c8518} 'invokeImpl' '(Ljava/lang/Object;[Ljava/lang/Object;)Ljava/lang/Object;' in 'jdk/internal/reflect/DirectMethodHandleAccessor')}
  0x000002762b74c5a8: 0148 be00 | 5f90 9a76 | 0200 008b | becc 0000 | 0083 c702 | 89be cc00 | 0000 81e7 | feff 1f00 
  0x000002762b74c5c8: 85ff 0f84 | fe21 0000 

  0x000002762b74c5d0: ;   {metadata(method data for {method} {0x00000276593c8518} 'invokeImpl' '(Ljava/lang/Object;[Ljava/lang/Object;)Ljava/lang/Object;' in 'jdk/internal/reflect/DirectMethodHandleAccessor')}
  0x000002762b74c5d0: 8b72 0c48 | bf00 5f90 | 9a76 0200 | 0048 c7c3 | 1801 0000 | 85f6 488b | c348 c7c3 | 2801 0000 
  0x000002762b74c5f0: 480f 45d8 | 83fe 0148 | 8bc3 48c7 | c338 0100 | 0048 0f45 | d883 fe02 | 488b c348 | c7c3 4801 
  0x000002762b74c610: 0000 480f | 45d8 83fe | 0348 8bc3 | 48c7 c358 | 0100 0048 | 0f45 d848 | 8b04 1f49 | c7c2 0100 
  0x000002762b74c630: 0000 4903 | c248 8904 | 1f85 f60f | 846a 1600 | 0083 fe01 | 0f84 e811 | 0000 83fe | 020f 843f 
  0x000002762b74c650: 0b00 0083 | fe03 0f84 | 4f04 0000 | 4c8b 8424 | c000 0000 | 8b72 1848 | c1e6 0348 | 89b4 24c8 
  0x000002762b74c670: ;   {metadata(method data for {method} {0x00000276593c8518} 'invokeImpl' '(Ljava/lang/Object;[Ljava/lang/Object;)Ljava/lang/Object;' in 'jdk/internal/reflect/DirectMethodHandleAccessor')}
  0x000002762b74c670: 0000 0048 | bf00 5f90 | 9a76 0200 | 0048 8dbf | 9803 0000 | 4d85 c075 | 0ef6 4708 | 0175 53f0 
  0x000002762b74c690: 4883 4f08 | 01eb 4b41 | 8b58 0849 | ba00 0000 | 5976 0200 | 0049 03da | 4c8b d348 | 335f 0848 
  0x000002762b74c6b0: f7c3 fcff | ffff 742a | f6c3 0275 | 2548 f747 | 08fe ffff | ff74 1749 | 8bda 4833 | 5f08 48f7 
  0x000002762b74c6d0: c3fc ffff | ff74 0b48 | 834f 0802 | eb04 4889 

  0x000002762b74c6e0: ;   {metadata(method data for {method} {0x00000276590ae518} 'invokeExact_MT' '(Ljava/lang/Object;Ljava/lang/Object;Ljava/lang/Object;Ljava/lang/Object;)Ljava/lang/Object;' in 'java/lang/invoke/Invokers$Holder')}
  0x000002762b74c6e0: 5f08 48bf | 58f3 3f9a | 7602 0000 | 488d bfb8 | 0200 0048 | 85f6 750a | f607 0175 | 05f0 4883 
  0x000002762b74c700: 0f01 4d85 | c075 0cf6 | 4710 0175 | 06f0 4883 

  0x000002762b74c710: ;   {metadata(method data for {method} {0x00000276593c8518} 'invokeImpl' '(Ljava/lang/Object;[Ljava/lang/Object;)Ljava/lang/Object;' in 'jdk/internal/reflect/DirectMethodHandleAccessor')}
  0x000002762b74c710: 4f10 0148 | bf00 5f90 | 9a76 0200 | 0048 8387 | 6003 0000 

  0x000002762b74c724: ;   {metadata(method data for {method} {0x00000276590ae518} 'invokeExact_MT' '(Ljava/lang/Object;Ljava/lang/Object;Ljava/lang/Object;Ljava/lang/Object;)Ljava/lang/Object;' in 'java/lang/invoke/Invokers$Holder')}
  0x000002762b74c724: 0148 bf58 | f33f 9a76 | 0200 008b | 9fcc 0000 | 0083 c302 | 899f cc00 | 0000 81e3 | feff 1f00 
  0x000002762b74c744: 85db 0f84 | a320 0000 

  0x000002762b74c74c: ;   {metadata(method data for {method} {0x00000276590ae518} 'invokeExact_MT' '(Ljava/lang/Object;Ljava/lang/Object;Ljava/lang/Object;Ljava/lang/Object;)Ljava/lang/Object;' in 'java/lang/invoke/Invokers$Holder')}
  0x000002762b74c74c: 48bf 58f3 | 3f9a 7602 | 0000 488d | bf90 0100 | 0048 85f6 | 750c f647 | 0801 7506 | f048 834f 
  0x000002762b74c76c: ;   {oop(a 'java/lang/invoke/MethodType'{0x000000060bd62990} = (Ljava/lang/Object;[Ljava/lang/Object;)Ljava/lang/Object;)}
  0x000002762b74c76c: 0801 48bb | 9029 d60b | 0600 0000 | 4885 db75 | 0cf6 4718 | 0175 06f0 | 4883 4f18 

  0x000002762b74c788: ;   {metadata(method data for {method} {0x00000276590ae518} 'invokeExact_MT' '(Ljava/lang/Object;Ljava/lang/Object;Ljava/lang/Object;Ljava/lang/Object;)Ljava/lang/Object;' in 'java/lang/invoke/Invokers$Holder')}
  0x000002762b74c788: 0148 bf58 | f33f 9a76 | 0200 0048 | 8387 8001 

  0x000002762b74c798: ;   {metadata(method data for {method} {0x00000276593dc408} 'checkExactType' '(Ljava/lang/invoke/MethodHandle;Ljava/lang/invoke/MethodType;)V' in 'java/lang/invoke/Invokers')}
  0x000002762b74c798: 0000 0148 | bf20 9d19 | 9a76 0200 | 008b 87cc | 0000 0083 | c002 8987 | cc00 0000 | 25fe ff1f 
  0x000002762b74c7b8: 0085 c00f | 844f 2000 | 0048 3b06 

  0x000002762b74c7c4: ;   {metadata(method data for {method} {0x00000276593dc408} 'checkExactType' '(Ljava/lang/invoke/MethodHandle;Ljava/lang/invoke/MethodType;)V' in 'java/lang/invoke/Invokers')}
  0x000002762b74c7c4: 488b fe48 | b820 9d19 | 9a76 0200 | 008b 7f08 | 49ba 0000 | 0059 7602 | 0000 4903 | fa48 3bb8 
  0x000002762b74c7e4: 2001 0000 | 750d 4883 | 8028 0100 | 0001 e960 | 0000 0048 | 3bb8 3001 | 0000 750d | 4883 8038 
  0x000002762b74c804: 0100 0001 | e94a 0000 | 0048 83b8 | 2001 0000 | 0075 1748 | 89b8 2001 | 0000 48c7 | 8028 0100 
  0x000002762b74c824: 0001 0000 | 00e9 2900 | 0000 4883 | b830 0100 | 0000 7517 | 4889 b830 | 0100 0048 | c780 3801 
  0x000002762b74c844: 0000 0100 | 0000 e908 | 0000 0048 | 8380 1001 | 0000 018b | 7e10 48c1 | e703 483b 

  0x000002762b74c860: ;   {metadata(method data for {method} {0x00000276593dc408} 'checkExactType' '(Ljava/lang/invoke/MethodHandle;Ljava/lang/invoke/MethodType;)V' in 'java/lang/invoke/Invokers')}
  0x000002762b74c860: fb48 bb20 | 9d19 9a76 | 0200 0048 | c7c0 5801 | 0000 7507 | 48c7 c048 | 0100 0048 | 8b0c 0348 
  0x000002762b74c880: 8d49 0148 | 890c 030f | 850a 1900 

  0x000002762b74c88c: ;   {metadata(method data for {method} {0x00000276590ae518} 'invokeExact_MT' '(Ljava/lang/Object;Ljava/lang/Object;Ljava/lang/Object;Ljava/lang/Object;)Ljava/lang/Object;' in 'java/lang/invoke/Invokers$Holder')}
  0x000002762b74c88c: 0048 bf58 | f33f 9a76 | 0200 0048 | 8387 b801 

  0x000002762b74c89c: ;   {metadata(method data for {method} {0x00000276593dc300} 'checkCustomized' '(Ljava/lang/invoke/MethodHandle;)V' in 'java/lang/invoke/Invokers')}
  0x000002762b74c89c: 0000 0148 | bf18 ef1f | 9a76 0200 | 008b 9fcc | 0000 0083 | c302 899f | cc00 0000 | 81e3 feff 
  0x000002762b74c8bc: 1f00 85db | 0f84 701f 

  0x000002762b74c8c4: ;   {metadata(method data for {method} {0x00000276593dc300} 'checkCustomized' '(Ljava/lang/invoke/MethodHandle;)V' in 'java/lang/invoke/Invokers')}
  0x000002762b74c8c4: 0000 48bf | 18ef 1f9a | 7602 0000 | 4883 8710 | 0100 0001 

  0x000002762b74c8d8: ;   {metadata(method data for {method} {0x00000276590944d8} 'isCompileConstant' '(Ljava/lang/Object;)Z' in 'java/lang/invoke/MethodHandleImpl')}
  0x000002762b74c8d8: 48bf c8f0 | 1f9a 7602 | 0000 8b9f | cc00 0000 | 83c3 0289 | 9fcc 0000 | 0081 e3fe | ff1f 0085 
  0x000002762b74c8f8: db0f 8458 

  0x000002762b74c8fc: ;   {metadata(method data for {method} {0x00000276593dc300} 'checkCustomized' '(Ljava/lang/invoke/MethodHandle;)V' in 'java/lang/invoke/Invokers')}
  0x000002762b74c8fc: 1f00 0048 | bf18 ef1f | 9a76 0200 | 00ff 8720 | 0100 008b | 7e14 48c1 | e703 8b7f | 1c48 c1e7 
  0x000002762b74c91c: 0348 85ff 

  0x000002762b74c920: ;   {metadata(method data for {method} {0x00000276593dc300} 'checkCustomized' '(Ljava/lang/invoke/MethodHandle;)V' in 'java/lang/invoke/Invokers')}
  0x000002762b74c920: 48bf 18ef | 1f9a 7602 | 0000 48c7 | c340 0100 | 0075 0748 | c7c3 5001 | 0000 488b | 041f 488d 
  0x000002762b74c940: 4001 4889 | 041f 0f85 | 2800 0000 

  0x000002762b74c94c: ;   {metadata(method data for {method} {0x00000276593dc300} 'checkCustomized' '(Ljava/lang/invoke/MethodHandle;)V' in 'java/lang/invoke/Invokers')}
  0x000002762b74c94c: 48bf 18ef | 1f9a 7602 | 0000 4883 | 8760 0100 | 0001 488b | d666 0f1f 

  0x000002762b74c964: ;   {static_call}
  0x000002762b74c964: 4400 00e8 

  0x000002762b74c968: ; ImmutableOopMap {[176]=Oop [184]=Oop [192]=Oop [200]=Oop }
                      ;*invokestatic maybeCustomize {reexecute=0 rethrow=0 return_oop=0}
                      ; - java.lang.invoke.Invokers::checkCustomized@19
                      ; - java.lang.invoke.Invokers$Holder::invokeExact_MT@14
                      ; - jdk.internal.reflect.DirectMethodHandleAccessor::invokeImpl@104
                      ; - jdk.internal.reflect.DirectMethodHandleAccessor::invoke@23
  0x000002762b74c968: 54f5 e4ff 

  0x000002762b74c96c: ;   {other}
  0x000002762b74c96c: 0f1f 8400 | 5c0b 0002 | 4c8b 8c24 | b800 0000 | 4c8b 8424 | c000 0000 

  0x000002762b74c984: ;   {metadata(method data for {method} {0x00000276590ae518} 'invokeExact_MT' '(Ljava/lang/Object;Ljava/lang/Object;Ljava/lang/Object;Ljava/lang/Object;)Ljava/lang/Object;' in 'java/lang/invoke/Invokers$Holder')}
  0x000002762b74c984: 48ba 58f3 | 3f9a 7602 | 0000 488d | 9218 0200 | 004d 85c0 | 750c f642 | 0801 7506 | f048 834a 
  0x000002762b74c9a4: 0801 4d85 | c975 0cf6 | 4218 0175 | 06f0 4883 | 4a18 0148 | 8bb4 24c8 

  0x000002762b74c9bc: ;   {metadata(method data for {method} {0x00000276590ae518} 'invokeExact_MT' '(Ljava/lang/Object;Ljava/lang/Object;Ljava/lang/Object;Ljava/lang/Object;)Ljava/lang/Object;' in 'java/lang/invoke/Invokers$Holder')}
  0x000002762b74c9bc: 0000 0048 | ba58 f33f | 9a76 0200 | 0048 8382 | e001 0000 | 0148 8b94 | 24c8 0000 | 0066 0f1f 
  0x000002762b74c9dc: ;   {optimized virtual_call}
  0x000002762b74c9dc: 4400 00e8 

  0x000002762b74c9e0: ; ImmutableOopMap {[176]=Oop }
                      ;*invokevirtual invokeBasic {reexecute=0 rethrow=0 return_oop=0}
                      ; - java.lang.invoke.Invokers$Holder::invokeExact_MT@20
                      ; - jdk.internal.reflect.DirectMethodHandleAccessor::invokeImpl@104
                      ; - jdk.internal.reflect.DirectMethodHandleAccessor::invoke@23
  0x000002762b74c9e0: 9c45 e10f 

  0x000002762b74c9e4: ;   {other}
  0x000002762b74c9e4: 0f1f 8400 | d40b 0003 

  0x000002762b74c9ec: ;   {metadata(method data for {method} {0x00000276590ae518} 'invokeExact_MT' '(Ljava/lang/Object;Ljava/lang/Object;Ljava/lang/Object;Ljava/lang/Object;)Ljava/lang/Object;' in 'java/lang/invoke/Invokers$Holder')}
  0x000002762b74c9ec: 48ba 58f3 | 3f9a 7602 | 0000 488d | 9238 0200 | 0048 85c0 | 7502 eb29 | 8b70 0849 | ba00 0000 
  0x000002762b74ca0c: 5976 0200 | 0049 03f2 | 4c8b d648 | 3332 48f7 | c6fc ffff | ff74 0a40 | f6c6 0275 | 0448 830a 
  0x000002762b74ca2c: ;   {metadata(method data for {method} {0x00000276593c8518} 'invokeImpl' '(Ljava/lang/Object;[Ljava/lang/Object;)Ljava/lang/Object;' in 'jdk/internal/reflect/DirectMethodHandleAccessor')}
  0x000002762b74ca2c: 0248 ba00 | 5f90 9a76 | 0200 0048 | 8d92 b803 | 0000 4885 | c075 0cf6 | 0201 754d | f048 830a 
  0x000002762b74ca4c: 01eb 468b | 7008 49ba | 0000 0059 | 7602 0000 | 4903 f24c | 8bd6 4833 | 3248 f7c6 | fcff ffff 
  0x000002762b74ca6c: 7427 40f6 | c602 7521 | 48f7 02fe | ffff ff74 | 1549 8bf2 | 4833 3248 | f7c6 fcff | ffff 7409 
  0x000002762b74ca8c: 4883 0a02 | eb03 4889 | 3248 81c4 | 7001 0000 

  0x000002762b74ca9c: ;   {poll_return}
  0x000002762b74ca9c: 5d49 3ba7 | 5004 0000 | 0f87 d31d | 0000 c34c | 8b8c 24b8 | 0000 004c | 8b84 24c0 | 0000 008b 
  0x000002762b74cabc: 7218 48c1 | e603 4889 | b424 d800 | 0000 4183 | 790c 000f | 86c8 1d00 | 0041 8b79 | 1048 c1e7 
  0x000002762b74cadc: 0348 89bc | 24d0 0000 | 0041 8379 | 0c01 0f86 | bf1d 0000 | 418b 5914 | 48c1 e303 | 4889 9c24 
  0x000002762b74cafc: e000 0000 | 4183 790c | 020f 86b6 | 1d00 0041 | 8b41 1848 | c1e0 0348 | 8984 24e8 

  0x000002762b74cb18: ;   {metadata(method data for {method} {0x00000276593c8518} 'invokeImpl' '(Ljava/lang/Object;[Ljava/lang/Object;)Ljava/lang/Object;' in 'jdk/internal/reflect/DirectMethodHandleAccessor')}
  0x000002762b74cb18: 0000 0048 | b900 5f90 | 9a76 0200 | 0048 8d89 | 1803 0000 | 4d85 c075 | 0ef6 4108 | 0175 54f0 
  0x000002762b74cb38: 4883 4908 | 01eb 4c45 | 8b48 0849 | ba00 0000 | 5976 0200 | 004d 03ca | 4d8b d14c | 3349 0849 
  0x000002762b74cb58: f7c1 fcff | ffff 742b | 41f6 c102 | 7525 48f7 | 4108 feff | ffff 7417 | 4d8b ca4c | 3349 0849 
  0x000002762b74cb78: f7c1 fcff | ffff 740b | 4883 4908 | 02eb 044c 

  0x000002762b74cb88: ;   {metadata(method data for {method} {0x000002769a6eeab8} 'invokeExact_MT' '(Ljava/lang/Object;Ljava/lang/Object;Ljava/lang/Object;Ljava/lang/Object;Ljava/lang/Object;Ljava/lang/Object;)Ljava/lang/Object;' in 'java/lang/invoke/LambdaForm$MH+0x000002765a0f4c00')}
  0x000002762b74cb88: 8949 0848 | b918 ed6e | 9a76 0200 | 0048 8d89 | c802 0000 | 4885 f675 | 0cf6 0101 | 754e f048 
  0x000002762b74cba8: 8309 01eb | 4744 8b4e | 0849 ba00 | 0000 5976 | 0200 004d | 03ca 4d8b | d14c 3309 | 49f7 c1fc 
  0x000002762b74cbc8: ffff ff74 | 2741 f6c1 | 0275 2148 | f701 feff | ffff 7415 | 4d8b ca4c | 3309 49f7 | c1fc ffff 
  0x000002762b74cbe8: ff74 0948 | 8309 02eb | 034c 8909 | 4d85 c075 | 0ef6 4110 | 0175 54f0 | 4883 4910 | 01eb 4c45 
  0x000002762b74cc08: 8b48 0849 | ba00 0000 | 5976 0200 | 004d 03ca | 4d8b d14c | 3349 1049 | f7c1 fcff | ffff 742b 
  0x000002762b74cc28: 41f6 c102 | 7525 48f7 | 4110 feff | ffff 7417 | 4d8b ca4c | 3349 1049 | f7c1 fcff | ffff 740b 
  0x000002762b74cc48: 4883 4910 | 02eb 044c 

  0x000002762b74cc50: ;   {metadata(method data for {method} {0x00000276593c8518} 'invokeImpl' '(Ljava/lang/Object;[Ljava/lang/Object;)Ljava/lang/Object;' in 'jdk/internal/reflect/DirectMethodHandleAccessor')}
  0x000002762b74cc50: 8949 1048 | b900 5f90 | 9a76 0200 | 0048 8381 | e002 0000 

  0x000002762b74cc64: ;   {metadata(method data for {method} {0x000002769a6eeab8} 'invokeExact_MT' '(Ljava/lang/Object;Ljava/lang/Object;Ljava/lang/Object;Ljava/lang/Object;Ljava/lang/Object;Ljava/lang/Object;)Ljava/lang/Object;' in 'java/lang/invoke/LambdaForm$MH+0x000002765a0f4c00')}
  0x000002762b74cc64: 0148 b918 | ed6e 9a76 | 0200 0044 | 8b89 cc00 | 0000 4183 | c102 4489 | 89cc 0000 | 0041 81e1 
  0x000002762b74cc84: feff 1f00 | 4585 c90f | 8442 1c00 

  0x000002762b74cc90: ;   {metadata(method data for {method} {0x000002769a6eeab8} 'invokeExact_MT' '(Ljava/lang/Object;Ljava/lang/Object;Ljava/lang/Object;Ljava/lang/Object;Ljava/lang/Object;Ljava/lang/Object;)Ljava/lang/Object;' in 'java/lang/invoke/LambdaForm$MH+0x000002765a0f4c00')}
  0x000002762b74cc90: 0048 b918 | ed6e 9a76 | 0200 0048 | 8d89 9001 | 0000 4885 | f675 0ef6 | 4108 0175 | 54f0 4883 
  0x000002762b74ccb0: 4908 01eb | 4c44 8b4e | 0849 ba00 | 0000 5976 | 0200 004d | 03ca 4d8b | d14c 3349 | 0849 f7c1 
  0x000002762b74ccd0: fcff ffff | 742b 41f6 | c102 7525 | 48f7 4108 | feff ffff | 7417 4d8b | ca4c 3349 | 0849 f7c1 
  0x000002762b74ccf0: fcff ffff | 740b 4883 | 4908 02eb | 044c 8949 

  0x000002762b74cd00: ;   {oop(a 'java/lang/invoke/MethodType'{0x000000060cc0f6a0} = (Ljava/lang/Object;Ljava/lang/Object;Ljava/lang/Object;Ljava/lang/Object;)Ljava/lang/Object;)}
  0x000002762b74cd00: 0849 b9a0 | f6c0 0c06 | 0000 004d | 85c9 750c | f641 1801 | 7506 f048 | 8349 1801 

  0x000002762b74cd1c: ;   {metadata(method data for {method} {0x000002769a6eeab8} 'invokeExact_MT' '(Ljava/lang/Object;Ljava/lang/Object;Ljava/lang/Object;Ljava/lang/Object;Ljava/lang/Object;Ljava/lang/Object;)Ljava/lang/Object;' in 'java/lang/invoke/LambdaForm$MH+0x000002765a0f4c00')}
  0x000002762b74cd1c: 48b9 18ed | 6e9a 7602 | 0000 4883 | 8180 0100 

  0x000002762b74cd2c: ;   {metadata(method data for {method} {0x00000276593dc408} 'checkExactType' '(Ljava/lang/invoke/MethodHandle;Ljava/lang/invoke/MethodType;)V' in 'java/lang/invoke/Invokers')}
  0x000002762b74cd2c: 0001 48b9 | 209d 199a | 7602 0000 | 448b 99cc | 0000 0041 | 83c3 0244 | 8999 cc00 | 0000 4181 
  0x000002762b74cd4c: e3fe ff1f | 0045 85db | 0f84 9a1b | 0000 483b | 0648 8bce 

  0x000002762b74cd60: ;   {metadata(method data for {method} {0x00000276593dc408} 'checkExactType' '(Ljava/lang/invoke/MethodHandle;Ljava/lang/invoke/MethodType;)V' in 'java/lang/invoke/Invokers')}
  0x000002762b74cd60: 49bb 209d | 199a 7602 | 0000 8b49 | 0849 ba00 | 0000 5976 | 0200 0049 | 03ca 493b | 8b20 0100 
  0x000002762b74cd80: 0075 0d49 | 8383 2801 | 0000 01e9 | 6000 0000 | 493b 8b30 | 0100 0075 | 0d49 8383 | 3801 0000 
  0x000002762b74cda0: 01e9 4a00 | 0000 4983 | bb20 0100 | 0000 7517 | 4989 8b20 | 0100 0049 | c783 2801 | 0000 0100 
  0x000002762b74cdc0: 0000 e929 | 0000 0049 | 83bb 3001 | 0000 0075 | 1749 898b | 3001 0000 | 49c7 8338 | 0100 0001 
  0x000002762b74cde0: 0000 00e9 | 0800 0000 | 4983 8310 | 0100 0001 | 8b4e 1048 | c1e1 0349 

  0x000002762b74cdf8: ;   {metadata(method data for {method} {0x00000276593dc408} 'checkExactType' '(Ljava/lang/invoke/MethodHandle;Ljava/lang/invoke/MethodType;)V' in 'java/lang/invoke/Invokers')}
  0x000002762b74cdf8: 3bc9 49b9 | 209d 199a | 7602 0000 | 49c7 c358 | 0100 0075 | 0749 c7c3 | 4801 0000 | 4f8b 2c19 
  0x000002762b74ce18: 4d8d 6d01 | 4f89 2c19 | 0f85 3113 

  0x000002762b74ce24: ;   {metadata(method data for {method} {0x000002769a6eeab8} 'invokeExact_MT' '(Ljava/lang/Object;Ljava/lang/Object;Ljava/lang/Object;Ljava/lang/Object;Ljava/lang/Object;Ljava/lang/Object;)Ljava/lang/Object;' in 'java/lang/invoke/LambdaForm$MH+0x000002765a0f4c00')}
  0x000002762b74ce24: 0000 48b9 | 18ed 6e9a | 7602 0000 | 488d 89c8 | 0100 0044 | 8b4e 0849 | ba00 0000 | 5976 0200 
  0x000002762b74ce44: 004d 03ca | 4d8b d14c | 3349 0849 | f7c1 fcff | ffff 742b | 41f6 c102 | 7525 48f7 | 4108 feff 
  0x000002762b74ce64: ffff 7417 | 4d8b ca4c | 3349 0849 | f7c1 fcff | ffff 740b | 4883 4908 | 02eb 044c 

  0x000002762b74ce80: ;   {metadata(method data for {method} {0x000002769a6eeab8} 'invokeExact_MT' '(Ljava/lang/Object;Ljava/lang/Object;Ljava/lang/Object;Ljava/lang/Object;Ljava/lang/Object;Ljava/lang/Object;)Ljava/lang/Object;' in 'java/lang/invoke/LambdaForm$MH+0x000002765a0f4c00')}
  0x000002762b74ce80: 8949 0848 | b918 ed6e | 9a76 0200 | 0048 8381 | b801 0000 

  0x000002762b74ce94: ;   {metadata(method data for {method} {0x00000276593dc300} 'checkCustomized' '(Ljava/lang/invoke/MethodHandle;)V' in 'java/lang/invoke/Invokers')}
  0x000002762b74ce94: 0148 b918 | ef1f 9a76 | 0200 0044 | 8b89 cc00 | 0000 4183 | c102 4489 | 89cc 0000 | 0041 81e1 
  0x000002762b74ceb4: feff 1f00 | 4585 c90f | 8459 1a00 

  0x000002762b74cec0: ;   {metadata(method data for {method} {0x00000276593dc300} 'checkCustomized' '(Ljava/lang/invoke/MethodHandle;)V' in 'java/lang/invoke/Invokers')}
  0x000002762b74cec0: 0048 b918 | ef1f 9a76 | 0200 0048 | 8381 1001 

  0x000002762b74ced0: ;   {metadata(method data for {method} {0x00000276590944d8} 'isCompileConstant' '(Ljava/lang/Object;)Z' in 'java/lang/invoke/MethodHandleImpl')}
  0x000002762b74ced0: 0000 0148 | b9c8 f01f | 9a76 0200 | 0044 8b89 | cc00 0000 | 4183 c102 | 4489 89cc | 0000 0041 
  0x000002762b74cef0: 81e1 feff | 1f00 4585 | c90f 843c 

  0x000002762b74cefc: ;   {metadata(method data for {method} {0x00000276593dc300} 'checkCustomized' '(Ljava/lang/invoke/MethodHandle;)V' in 'java/lang/invoke/Invokers')}
  0x000002762b74cefc: 1a00 0048 | b918 ef1f | 9a76 0200 | 00ff 8120 | 0100 008b | 4e14 48c1 | e103 8b49 | 1c48 c1e1 
  0x000002762b74cf1c: 0348 85c9 

  0x000002762b74cf20: ;   {metadata(method data for {method} {0x00000276593dc300} 'checkCustomized' '(Ljava/lang/invoke/MethodHandle;)V' in 'java/lang/invoke/Invokers')}
  0x000002762b74cf20: 48b9 18ef | 1f9a 7602 | 0000 49c7 | c140 0100 | 0075 0749 | c7c1 5001 | 0000 4e8b | 1c09 4d8d 
  0x000002762b74cf40: 5b01 4e89 | 1c09 0f85 | 2800 0000 

  0x000002762b74cf4c: ;   {metadata(method data for {method} {0x00000276593dc300} 'checkCustomized' '(Ljava/lang/invoke/MethodHandle;)V' in 'java/lang/invoke/Invokers')}
  0x000002762b74cf4c: 48b9 18ef | 1f9a 7602 | 0000 4883 | 8160 0100 | 0001 488b | d666 0f1f 

  0x000002762b74cf64: ;   {static_call}
  0x000002762b74cf64: 4400 00e8 

  0x000002762b74cf68: ; ImmutableOopMap {[176]=Oop [192]=Oop [208]=Oop [216]=Oop [224]=Oop [232]=Oop }
                      ;*invokestatic maybeCustomize {reexecute=0 rethrow=0 return_oop=0}
                      ; - java.lang.invoke.Invokers::checkCustomized@19
                      ; - java.lang.invoke.LambdaForm$MH/0x000002765a0f4c00::invokeExact_MT@15
                      ; - jdk.internal.reflect.DirectMethodHandleAccessor::invokeImpl@92
                      ; - jdk.internal.reflect.DirectMethodHandleAccessor::invoke@23
  0x000002762b74cf68: 54ef e4ff 

  0x000002762b74cf6c: ;   {other}
  0x000002762b74cf6c: 0f1f 8400 | 5c11 0004 | 488b bc24 | d000 0000 | 4c8b 8424 | c000 0000 

  0x000002762b74cf84: ;   {metadata(method data for {method} {0x000002769a6eeab8} 'invokeExact_MT' '(Ljava/lang/Object;Ljava/lang/Object;Ljava/lang/Object;Ljava/lang/Object;Ljava/lang/Object;Ljava/lang/Object;)Ljava/lang/Object;' in 'java/lang/invoke/LambdaForm$MH+0x000002765a0f4c00')}
  0x000002762b74cf84: 49b9 18ed | 6e9a 7602 | 0000 4d8d | 8918 0200 | 004d 85c0 | 750f 41f6 | 4108 0175 | 54f0 4983 
  0x000002762b74cfa4: 4908 01eb | 4c41 8b70 | 0849 ba00 | 0000 5976 | 0200 0049 | 03f2 4c8b | d649 3371 | 0848 f7c6 
  0x000002762b74cfc4: fcff ffff | 742b 40f6 | c602 7525 | 49f7 4108 | feff ffff | 7417 498b | f249 3371 | 0848 f7c6 
  0x000002762b74cfe4: fcff ffff | 740b 4983 | 4908 02eb | 0449 8971 | 0848 85ff | 750f 41f6 | 4118 0175 | 53f0 4983 
  0x000002762b74d004: 4918 01eb | 4b8b 7708 | 49ba 0000 | 0059 7602 | 0000 4903 | f24c 8bd6 | 4933 7118 | 48f7 c6fc 
  0x000002762b74d024: ffff ff74 | 2b40 f6c6 | 0275 2549 | f741 18fe | ffff ff74 | 1749 8bf2 | 4933 7118 | 48f7 c6fc 
  0x000002762b74d044: ffff ff74 | 0b49 8349 | 1802 eb04 | 4989 7118 | 488b b424 | d800 0000 

  0x000002762b74d05c: ;   {metadata(method data for {method} {0x000002769a6eeab8} 'invokeExact_MT' '(Ljava/lang/Object;Ljava/lang/Object;Ljava/lang/Object;Ljava/lang/Object;Ljava/lang/Object;Ljava/lang/Object;)Ljava/lang/Object;' in 'java/lang/invoke/LambdaForm$MH+0x000002765a0f4c00')}
  0x000002762b74d05c: 49b9 18ed | 6e9a 7602 | 0000 4983 | 81e0 0100 | 0001 4c8b | cf48 8bbc | 24e0 0000 | 0048 8bb4 
  0x000002762b74d07c: 24e8 0000 | 0048 8b94 | 24d8 0000 | 0066 0f1f 

  0x000002762b74d08c: ;   {optimized virtual_call}
  0x000002762b74d08c: 4400 00e8 

  0x000002762b74d090: ; ImmutableOopMap {[176]=Oop }
                      ;*invokevirtual invokeBasic {reexecute=0 rethrow=0 return_oop=0}
                      ; - java.lang.invoke.LambdaForm$MH/0x000002765a0f4c00::invokeExact_MT@24
                      ; - jdk.internal.reflect.DirectMethodHandleAccessor::invokeImpl@92
                      ; - jdk.internal.reflect.DirectMethodHandleAccessor::invoke@23
  0x000002762b74d090: 6c4e e10f 

  0x000002762b74d094: ;   {other}
  0x000002762b74d094: 0f1f 8400 | 8412 0005 

  0x000002762b74d09c: ;   {metadata(method data for {method} {0x000002769a6eeab8} 'invokeExact_MT' '(Ljava/lang/Object;Ljava/lang/Object;Ljava/lang/Object;Ljava/lang/Object;Ljava/lang/Object;Ljava/lang/Object;)Ljava/lang/Object;' in 'java/lang/invoke/LambdaForm$MH+0x000002765a0f4c00')}
  0x000002762b74d09c: 48ba 18ed | 6e9a 7602 | 0000 488d | 9238 0200 | 0048 85c0 | 750c f602 | 0175 4df0 | 4883 0a01 
  0x000002762b74d0bc: eb46 8b70 | 0849 ba00 | 0000 5976 | 0200 0049 | 03f2 4c8b | d648 3332 | 48f7 c6fc | ffff ff74 
  0x000002762b74d0dc: 2740 f6c6 | 0275 2148 | f702 feff | ffff 7415 | 498b f248 | 3332 48f7 | c6fc ffff | ff74 0948 
  0x000002762b74d0fc: 830a 02eb | 0348 8932 

  0x000002762b74d104: ;   {metadata(method data for {method} {0x00000276593c8518} 'invokeImpl' '(Ljava/lang/Object;[Ljava/lang/Object;)Ljava/lang/Object;' in 'jdk/internal/reflect/DirectMethodHandleAccessor')}
  0x000002762b74d104: 48ba 005f | 909a 7602 | 0000 488d | 9238 0300 | 0048 85c0 | 750c f602 | 0175 4df0 | 4883 0a01 
  0x000002762b74d124: eb46 8b70 | 0849 ba00 | 0000 5976 | 0200 0049 | 03f2 4c8b | d648 3332 | 48f7 c6fc | ffff ff74 
  0x000002762b74d144: 2740 f6c6 | 0275 2148 | f702 feff | ffff 7415 | 498b f248 | 3332 48f7 | c6fc ffff | ff74 0948 
  0x000002762b74d164: 830a 02eb | 0348 8932 

  0x000002762b74d16c: ;   {metadata(method data for {method} {0x00000276593c8518} 'invokeImpl' '(Ljava/lang/Object;[Ljava/lang/Object;)Ljava/lang/Object;' in 'jdk/internal/reflect/DirectMethodHandleAccessor')}
  0x000002762b74d16c: 48ba 005f | 909a 7602 | 0000 ff82 | 4803 0000 | 4881 c470 | 0100 005d 

  0x000002762b74d184: ;   {poll_return}
  0x000002762b74d184: 493b a750 | 0400 000f | 87d0 1700 | 00c3 4c8b | 8c24 b800 | 0000 4c8b | 8424 c000 | 0000 8b72 
  0x000002762b74d1a4: 1848 c1e6 | 0348 89b4 | 24f8 0000 | 0041 8379 | 0c00 0f86 | c517 0000 | 418b 7910 | 48c1 e703 
  0x000002762b74d1c4: 4889 bc24 | f000 0000 | 4183 790c | 010f 86bc | 1700 0041 | 8b59 1448 | c1e3 0348 | 899c 2400 
  0x000002762b74d1e4: ;   {metadata(method data for {method} {0x00000276593c8518} 'invokeImpl' '(Ljava/lang/Object;[Ljava/lang/Object;)Ljava/lang/Object;' in 'jdk/internal/reflect/DirectMethodHandleAccessor')}
  0x000002762b74d1e4: 0100 0048 | b800 5f90 | 9a76 0200 | 0048 8d80 | 9802 0000 | 4d85 c075 | 0ef6 4008 | 0175 53f0 
  0x000002762b74d204: 4883 4808 | 01eb 4b41 | 8b48 0849 | ba00 0000 | 5976 0200 | 0049 03ca | 4c8b d148 | 3348 0848 
  0x000002762b74d224: f7c1 fcff | ffff 742a | f6c1 0275 | 2548 f740 | 08fe ffff | ff74 1749 | 8bca 4833 | 4808 48f7 
  0x000002762b74d244: c1fc ffff | ff74 0b48 | 8348 0802 | eb04 4889 

  0x000002762b74d254: ;   {metadata(method data for {method} {0x000002769a4052b8} 'invokeExact_MT' '(Ljava/lang/Object;Ljava/lang/Object;Ljava/lang/Object;Ljava/lang/Object;Ljava/lang/Object;)Ljava/lang/Object;' in 'java/lang/invoke/LambdaForm$MH+0x000002765a002800')}
  0x000002762b74d254: 4808 48b8 | 1855 409a | 7602 0000 | 488d 80c0 | 0200 0048 | 85f6 750c | f600 0175 | 4cf0 4883 
  0x000002762b74d274: 0801 eb45 | 8b4e 0849 | ba00 0000 | 5976 0200 | 0049 03ca | 4c8b d148 | 3308 48f7 | c1fc ffff 
  0x000002762b74d294: ff74 26f6 | c102 7521 | 48f7 00fe | ffff ff74 | 1549 8bca | 4833 0848 | f7c1 fcff | ffff 7409 
  0x000002762b74d2b4: 4883 0802 | eb03 4889 | 084d 85c0 | 750e f640 | 1001 7553 | f048 8348 | 1001 eb4b | 418b 4808 
  0x000002762b74d2d4: 49ba 0000 | 0059 7602 | 0000 4903 | ca4c 8bd1 | 4833 4810 | 48f7 c1fc | ffff ff74 | 2af6 c102 
  0x000002762b74d2f4: 7525 48f7 | 4010 feff | ffff 7417 | 498b ca48 | 3348 1048 | f7c1 fcff | ffff 740b | 4883 4810 
  0x000002762b74d314: 02eb 0448 

  0x000002762b74d318: ;   {metadata(method data for {method} {0x00000276593c8518} 'invokeImpl' '(Ljava/lang/Object;[Ljava/lang/Object;)Ljava/lang/Object;' in 'jdk/internal/reflect/DirectMethodHandleAccessor')}
  0x000002762b74d318: 8948 1048 | b800 5f90 | 9a76 0200 | 0048 8380 | 6002 0000 

  0x000002762b74d32c: ;   {metadata(method data for {method} {0x000002769a4052b8} 'invokeExact_MT' '(Ljava/lang/Object;Ljava/lang/Object;Ljava/lang/Object;Ljava/lang/Object;Ljava/lang/Object;)Ljava/lang/Object;' in 'java/lang/invoke/LambdaForm$MH+0x000002765a002800')}
  0x000002762b74d32c: 0148 b818 | 5540 9a76 | 0200 008b | 88cc 0000 | 0083 c102 | 8988 cc00 | 0000 81e1 | feff 1f00 
  0x000002762b74d34c: 85c9 0f84 | 5116 0000 

  0x000002762b74d354: ;   {metadata(method data for {method} {0x000002769a4052b8} 'invokeExact_MT' '(Ljava/lang/Object;Ljava/lang/Object;Ljava/lang/Object;Ljava/lang/Object;Ljava/lang/Object;)Ljava/lang/Object;' in 'java/lang/invoke/LambdaForm$MH+0x000002765a002800')}
  0x000002762b74d354: 48b8 1855 | 409a 7602 | 0000 488d | 8090 0100 | 0048 85f6 | 750e f640 | 0801 7552 | f048 8348 
  0x000002762b74d374: 0801 eb4a | 8b4e 0849 | ba00 0000 | 5976 0200 | 0049 03ca | 4c8b d148 | 3348 0848 | f7c1 fcff 
  0x000002762b74d394: ffff 742a | f6c1 0275 | 2548 f740 | 08fe ffff | ff74 1749 | 8bca 4833 | 4808 48f7 | c1fc ffff 
  0x000002762b74d3b4: ff74 0b48 | 8348 0802 | eb04 4889 

  0x000002762b74d3c0: ;   {oop(a 'java/lang/invoke/MethodType'{0x000000060cc240c8} = (Ljava/lang/Object;Ljava/lang/Object;Ljava/lang/Object;)Ljava/lang/Object;)}
  0x000002762b74d3c0: 4808 48b9 | c840 c20c | 0600 0000 | 4885 c975 | 0cf6 4018 | 0175 06f0 | 4883 4818 

  0x000002762b74d3dc: ;   {metadata(method data for {method} {0x000002769a4052b8} 'invokeExact_MT' '(Ljava/lang/Object;Ljava/lang/Object;Ljava/lang/Object;Ljava/lang/Object;Ljava/lang/Object;)Ljava/lang/Object;' in 'java/lang/invoke/LambdaForm$MH+0x000002765a002800')}
  0x000002762b74d3dc: 0148 b818 | 5540 9a76 | 0200 0048 | 8380 8001 

  0x000002762b74d3ec: ;   {metadata(method data for {method} {0x00000276593dc408} 'checkExactType' '(Ljava/lang/invoke/MethodHandle;Ljava/lang/invoke/MethodType;)V' in 'java/lang/invoke/Invokers')}
  0x000002762b74d3ec: 0000 0148 | b820 9d19 | 9a76 0200 | 0044 8b88 | cc00 0000 | 4183 c102 | 4489 88cc | 0000 0041 
  0x000002762b74d40c: 81e1 feff | 1f00 4585 | c90f 84ab | 1500 0048 | 3b06 488b 

  0x000002762b74d420: ;   {metadata(method data for {method} {0x00000276593dc408} 'checkExactType' '(Ljava/lang/invoke/MethodHandle;Ljava/lang/invoke/MethodType;)V' in 'java/lang/invoke/Invokers')}
  0x000002762b74d420: c649 b920 | 9d19 9a76 | 0200 008b | 4008 49ba | 0000 0059 | 7602 0000 | 4903 c249 | 3b81 2001 
  0x000002762b74d440: 0000 750d | 4983 8128 | 0100 0001 | e960 0000 | 0049 3b81 | 3001 0000 | 750d 4983 | 8138 0100 
  0x000002762b74d460: 0001 e94a | 0000 0049 | 83b9 2001 | 0000 0075 | 1749 8981 | 2001 0000 | 49c7 8128 | 0100 0001 
  0x000002762b74d480: 0000 00e9 | 2900 0000 | 4983 b930 | 0100 0000 | 7517 4989 | 8130 0100 | 0049 c781 | 3801 0000 
  0x000002762b74d4a0: 0100 0000 | e908 0000 | 0049 8381 | 1001 0000 | 018b 4610 | 48c1 e003 

  0x000002762b74d4b8: ;   {metadata(method data for {method} {0x00000276593dc408} 'checkExactType' '(Ljava/lang/invoke/MethodHandle;Ljava/lang/invoke/MethodType;)V' in 'java/lang/invoke/Invokers')}
  0x000002762b74d4b8: 483b c148 | b920 9d19 | 9a76 0200 | 0049 c7c1 | 5801 0000 | 7507 49c7 | c148 0100 | 004e 8b1c 
  0x000002762b74d4d8: 094d 8d5b | 014e 891c | 090f 8530 

  0x000002762b74d4e4: ;   {metadata(method data for {method} {0x000002769a4052b8} 'invokeExact_MT' '(Ljava/lang/Object;Ljava/lang/Object;Ljava/lang/Object;Ljava/lang/Object;Ljava/lang/Object;)Ljava/lang/Object;' in 'java/lang/invoke/LambdaForm$MH+0x000002765a002800')}
  0x000002762b74d4e4: 0c00 0048 | b818 5540 | 9a76 0200 | 0048 8d80 | c801 0000 | 8b4e 0849 | ba00 0000 | 5976 0200 
  0x000002762b74d504: 0049 03ca | 4c8b d148 | 3348 0848 | f7c1 fcff | ffff 742a | f6c1 0275 | 2548 f740 | 08fe ffff 
  0x000002762b74d524: ff74 1749 | 8bca 4833 | 4808 48f7 | c1fc ffff | ff74 0b48 | 8348 0802 | eb04 4889 

  0x000002762b74d540: ;   {metadata(method data for {method} {0x000002769a4052b8} 'invokeExact_MT' '(Ljava/lang/Object;Ljava/lang/Object;Ljava/lang/Object;Ljava/lang/Object;Ljava/lang/Object;)Ljava/lang/Object;' in 'java/lang/invoke/LambdaForm$MH+0x000002765a002800')}
  0x000002762b74d540: 4808 48b8 | 1855 409a | 7602 0000 | 4883 80b8 | 0100 0001 

  0x000002762b74d554: ;   {metadata(method data for {method} {0x00000276593dc300} 'checkCustomized' '(Ljava/lang/invoke/MethodHandle;)V' in 'java/lang/invoke/Invokers')}
  0x000002762b74d554: 48b8 18ef | 1f9a 7602 | 0000 8b88 | cc00 0000 | 83c1 0289 | 88cc 0000 | 0081 e1fe | ff1f 0085 
  0x000002762b74d574: c90f 8471 

  0x000002762b74d578: ;   {metadata(method data for {method} {0x00000276593dc300} 'checkCustomized' '(Ljava/lang/invoke/MethodHandle;)V' in 'java/lang/invoke/Invokers')}
  0x000002762b74d578: 1400 0048 | b818 ef1f | 9a76 0200 | 0048 8380 | 1001 0000 

  0x000002762b74d58c: ;   {metadata(method data for {method} {0x00000276590944d8} 'isCompileConstant' '(Ljava/lang/Object;)Z' in 'java/lang/invoke/MethodHandleImpl')}
  0x000002762b74d58c: 0148 b8c8 | f01f 9a76 | 0200 008b | 88cc 0000 | 0083 c102 | 8988 cc00 | 0000 81e1 | feff 1f00 
  0x000002762b74d5ac: 85c9 0f84 | 5914 0000 

  0x000002762b74d5b4: ;   {metadata(method data for {method} {0x00000276593dc300} 'checkCustomized' '(Ljava/lang/invoke/MethodHandle;)V' in 'java/lang/invoke/Invokers')}
  0x000002762b74d5b4: 48b8 18ef | 1f9a 7602 | 0000 ff80 | 2001 0000 | 8b46 1448 | c1e0 038b | 401c 48c1 | e003 4885 
  0x000002762b74d5d4: ;   {metadata(method data for {method} {0x00000276593dc300} 'checkCustomized' '(Ljava/lang/invoke/MethodHandle;)V' in 'java/lang/invoke/Invokers')}
  0x000002762b74d5d4: c048 b818 | ef1f 9a76 | 0200 0048 | c7c1 4001 | 0000 7507 | 48c7 c150 | 0100 004c | 8b0c 084d 
  0x000002762b74d5f4: 8d49 014c | 890c 080f | 8523 0000 

  0x000002762b74d600: ;   {metadata(method data for {method} {0x00000276593dc300} 'checkCustomized' '(Ljava/lang/invoke/MethodHandle;)V' in 'java/lang/invoke/Invokers')}
  0x000002762b74d600: 0048 b818 | ef1f 9a76 | 0200 0048 | 8380 6001 | 0000 0148 

  0x000002762b74d614: ;   {static_call}
  0x000002762b74d614: 8bd6 90e8 

  0x000002762b74d618: ; ImmutableOopMap {[176]=Oop [192]=Oop [240]=Oop [248]=Oop [256]=Oop }
                      ;*invokestatic maybeCustomize {reexecute=0 rethrow=0 return_oop=0}
                      ; - java.lang.invoke.Invokers::checkCustomized@19
                      ; - java.lang.invoke.LambdaForm$MH/0x000002765a002800::invokeExact_MT@15
                      ; - jdk.internal.reflect.DirectMethodHandleAccessor::invokeImpl@72
                      ; - jdk.internal.reflect.DirectMethodHandleAccessor::invoke@23
  0x000002762b74d618: a4e8 e4ff 

  0x000002762b74d61c: ;   {other}
  0x000002762b74d61c: 0f1f 8400 | 0c18 0006 | 488b bc24 | f000 0000 | 4c8b 8424 | c000 0000 

  0x000002762b74d634: ;   {metadata(method data for {method} {0x000002769a4052b8} 'invokeExact_MT' '(Ljava/lang/Object;Ljava/lang/Object;Ljava/lang/Object;Ljava/lang/Object;Ljava/lang/Object;)Ljava/lang/Object;' in 'java/lang/invoke/LambdaForm$MH+0x000002765a002800')}
  0x000002762b74d634: 49b9 1855 | 409a 7602 | 0000 4d8d | 8918 0200 | 004d 85c0 | 750f 41f6 | 4108 0175 | 53f0 4983 
  0x000002762b74d654: 4908 01eb | 4b41 8b50 | 0849 ba00 | 0000 5976 | 0200 0049 | 03d2 4c8b | d249 3351 | 0848 f7c2 
  0x000002762b74d674: fcff ffff | 742a f6c2 | 0275 2549 | f741 08fe | ffff ff74 | 1749 8bd2 | 4933 5108 | 48f7 c2fc 
  0x000002762b74d694: ffff ff74 | 0b49 8349 | 0802 eb04 | 4989 5108 | 4885 ff75 | 0f41 f641 | 1801 7552 | f049 8349 
  0x000002762b74d6b4: 1801 eb4a | 8b57 0849 | ba00 0000 | 5976 0200 | 0049 03d2 | 4c8b d249 | 3351 1848 | f7c2 fcff 
  0x000002762b74d6d4: ffff 742a | f6c2 0275 | 2549 f741 | 18fe ffff | ff74 1749 | 8bd2 4933 | 5118 48f7 | c2fc ffff 
  0x000002762b74d6f4: ff74 0b49 | 8349 1802 | eb04 4989 | 5118 488b | b424 f800 

  0x000002762b74d708: ;   {metadata(method data for {method} {0x000002769a4052b8} 'invokeExact_MT' '(Ljava/lang/Object;Ljava/lang/Object;Ljava/lang/Object;Ljava/lang/Object;Ljava/lang/Object;)Ljava/lang/Object;' in 'java/lang/invoke/LambdaForm$MH+0x000002765a002800')}
  0x000002762b74d708: 0000 49b9 | 1855 409a | 7602 0000 | 4983 81e0 | 0100 0001 | 4c8b cf48 | 8bbc 2400 | 0100 0048 
  0x000002762b74d728: 8b94 24f8 

  0x000002762b74d72c: ;   {optimized virtual_call}
  0x000002762b74d72c: 0000 00e8 

  0x000002762b74d730: ; ImmutableOopMap {[176]=Oop }
                      ;*invokevirtual invokeBasic {reexecute=0 rethrow=0 return_oop=0}
                      ; - java.lang.invoke.LambdaForm$MH/0x000002765a002800::invokeExact_MT@22
                      ; - jdk.internal.reflect.DirectMethodHandleAccessor::invokeImpl@72
                      ; - jdk.internal.reflect.DirectMethodHandleAccessor::invoke@23
  0x000002762b74d730: cc5b e10f 

  0x000002762b74d734: ;   {other}
  0x000002762b74d734: 0f1f 8400 | 2419 0007 

  0x000002762b74d73c: ;   {metadata(method data for {method} {0x000002769a4052b8} 'invokeExact_MT' '(Ljava/lang/Object;Ljava/lang/Object;Ljava/lang/Object;Ljava/lang/Object;Ljava/lang/Object;)Ljava/lang/Object;' in 'java/lang/invoke/LambdaForm$MH+0x000002765a002800')}
  0x000002762b74d73c: 48ba 1855 | 409a 7602 | 0000 488d | 9238 0200 | 0048 85c0 | 750c f602 | 0175 4df0 | 4883 0a01 
  0x000002762b74d75c: eb46 8b70 | 0849 ba00 | 0000 5976 | 0200 0049 | 03f2 4c8b | d648 3332 | 48f7 c6fc | ffff ff74 
  0x000002762b74d77c: 2740 f6c6 | 0275 2148 | f702 feff | ffff 7415 | 498b f248 | 3332 48f7 | c6fc ffff | ff74 0948 
  0x000002762b74d79c: 830a 02eb | 0348 8932 

  0x000002762b74d7a4: ;   {metadata(method data for {method} {0x00000276593c8518} 'invokeImpl' '(Ljava/lang/Object;[Ljava/lang/Object;)Ljava/lang/Object;' in 'jdk/internal/reflect/DirectMethodHandleAccessor')}
  0x000002762b74d7a4: 48ba 005f | 909a 7602 | 0000 488d | 92b8 0200 | 0048 85c0 | 750c f602 | 0175 4df0 | 4883 0a01 
  0x000002762b74d7c4: eb46 8b70 | 0849 ba00 | 0000 5976 | 0200 0049 | 03f2 4c8b | d648 3332 | 48f7 c6fc | ffff ff74 
  0x000002762b74d7e4: 2740 f6c6 | 0275 2148 | f702 feff | ffff 7415 | 498b f248 | 3332 48f7 | c6fc ffff | ff74 0948 
  0x000002762b74d804: 830a 02eb | 0348 8932 

  0x000002762b74d80c: ;   {metadata(method data for {method} {0x00000276593c8518} 'invokeImpl' '(Ljava/lang/Object;[Ljava/lang/Object;)Ljava/lang/Object;' in 'jdk/internal/reflect/DirectMethodHandleAccessor')}
  0x000002762b74d80c: 48ba 005f | 909a 7602 | 0000 ff82 | c802 0000 | 4881 c470 | 0100 005d 

  0x000002762b74d824: ;   {poll_return}
  0x000002762b74d824: 493b a750 | 0400 000f | 8702 1200 | 00c3 4c8b | 8c24 b800 | 0000 4c8b | 8424 c000 | 0000 8b72 
  0x000002762b74d844: 1848 c1e6 | 0348 89b4 | 2410 0100 | 0041 8379 | 0c00 0f86 | f711 0000 | 418b 7910 | 48c1 e703 
  0x000002762b74d864: 4889 bc24 | 0801 0000 

  0x000002762b74d86c: ;   {metadata(method data for {method} {0x00000276593c8518} 'invokeImpl' '(Ljava/lang/Object;[Ljava/lang/Object;)Ljava/lang/Object;' in 'jdk/internal/reflect/DirectMethodHandleAccessor')}
  0x000002762b74d86c: 48bb 005f | 909a 7602 | 0000 488d | 9b18 0200 | 004d 85c0 | 750e f643 | 0801 7550 | f048 834b 
  0x000002762b74d88c: 0801 eb48 | 418b 4008 | 49ba 0000 | 0059 7602 | 0000 4903 | c24c 8bd0 | 4833 4308 | 48a9 fcff 
  0x000002762b74d8ac: ffff 7428 | a802 7524 | 48f7 4308 | feff ffff | 7416 498b | c248 3343 | 0848 a9fc | ffff ff74 
  0x000002762b74d8cc: 0b48 834b | 0802 eb04 | 4889 4308 

  0x000002762b74d8d8: ;   {metadata(method data for {method} {0x00000276590ae518} 'invokeExact_MT' '(Ljava/lang/Object;Ljava/lang/Object;Ljava/lang/Object;Ljava/lang/Object;)Ljava/lang/Object;' in 'java/lang/invoke/Invokers$Holder')}
  0x000002762b74d8d8: 48bb 58f3 | 3f9a 7602 | 0000 488d | 9bb8 0200 | 0048 85f6 | 750a f603 | 0175 05f0 | 4883 0b01 
  0x000002762b74d8f8: 4d85 c075 | 0cf6 4310 | 0175 06f0 | 4883 4b10 

  0x000002762b74d908: ;   {metadata(method data for {method} {0x00000276593c8518} 'invokeImpl' '(Ljava/lang/Object;[Ljava/lang/Object;)Ljava/lang/Object;' in 'jdk/internal/reflect/DirectMethodHandleAccessor')}
  0x000002762b74d908: 0148 bb00 | 5f90 9a76 | 0200 0048 | 8383 e001 

  0x000002762b74d918: ;   {metadata(method data for {method} {0x00000276590ae518} 'invokeExact_MT' '(Ljava/lang/Object;Ljava/lang/Object;Ljava/lang/Object;Ljava/lang/Object;)Ljava/lang/Object;' in 'java/lang/invoke/Invokers$Holder')}
  0x000002762b74d918: 0000 0148 | bb58 f33f | 9a76 0200 | 008b 83cc | 0000 0083 | c002 8983 | cc00 0000 | 25fe ff1f 
  0x000002762b74d938: 0085 c00f | 8424 1100 

  0x000002762b74d940: ;   {metadata(method data for {method} {0x00000276590ae518} 'invokeExact_MT' '(Ljava/lang/Object;Ljava/lang/Object;Ljava/lang/Object;Ljava/lang/Object;)Ljava/lang/Object;' in 'java/lang/invoke/Invokers$Holder')}
  0x000002762b74d940: 0048 bb58 | f33f 9a76 | 0200 0048 | 8d9b 9001 | 0000 4885 | f675 0cf6 | 4308 0175 | 06f0 4883 
  0x000002762b74d960: ;   {oop(a 'java/lang/invoke/MethodType'{0x000000060cc23fa8} = (Ljava/lang/Object;Ljava/lang/Object;)Ljava/lang/Object;)}
  0x000002762b74d960: 4b08 0148 | b8a8 3fc2 | 0c06 0000 | 0048 85c0 | 750c f643 | 1801 7506 | f048 834b 

  0x000002762b74d97c: ;   {metadata(method data for {method} {0x00000276590ae518} 'invokeExact_MT' '(Ljava/lang/Object;Ljava/lang/Object;Ljava/lang/Object;Ljava/lang/Object;)Ljava/lang/Object;' in 'java/lang/invoke/Invokers$Holder')}
  0x000002762b74d97c: 1801 48bb | 58f3 3f9a | 7602 0000 | 4883 8380 | 0100 0001 

  0x000002762b74d990: ;   {metadata(method data for {method} {0x00000276593dc408} 'checkExactType' '(Ljava/lang/invoke/MethodHandle;Ljava/lang/invoke/MethodType;)V' in 'java/lang/invoke/Invokers')}
  0x000002762b74d990: 48bb 209d | 199a 7602 | 0000 8b8b | cc00 0000 | 83c1 0289 | 8bcc 0000 | 0081 e1fe | ff1f 0085 
  0x000002762b74d9b0: c90f 84cf | 1000 0048 | 3b06 488b 

  0x000002762b74d9bc: ;   {metadata(method data for {method} {0x00000276593dc408} 'checkExactType' '(Ljava/lang/invoke/MethodHandle;Ljava/lang/invoke/MethodType;)V' in 'java/lang/invoke/Invokers')}
  0x000002762b74d9bc: de48 b920 | 9d19 9a76 | 0200 008b | 5b08 49ba | 0000 0059 | 7602 0000 | 4903 da48 | 3b99 2001 
  0x000002762b74d9dc: 0000 750d | 4883 8128 | 0100 0001 | e960 0000 | 0048 3b99 | 3001 0000 | 750d 4883 | 8138 0100 
  0x000002762b74d9fc: 0001 e94a | 0000 0048 | 83b9 2001 | 0000 0075 | 1748 8999 | 2001 0000 | 48c7 8128 | 0100 0001 
  0x000002762b74da1c: 0000 00e9 | 2900 0000 | 4883 b930 | 0100 0000 | 7517 4889 | 9930 0100 | 0048 c781 | 3801 0000 
  0x000002762b74da3c: 0100 0000 | e908 0000 | 0048 8381 | 1001 0000 | 018b 5e10 | 48c1 e303 

  0x000002762b74da54: ;   {metadata(method data for {method} {0x00000276593dc408} 'checkExactType' '(Ljava/lang/invoke/MethodHandle;Ljava/lang/invoke/MethodType;)V' in 'java/lang/invoke/Invokers')}
  0x000002762b74da54: 483b d848 | b820 9d19 | 9a76 0200 | 0048 c7c1 | 5801 0000 | 7507 48c7 | c148 0100 | 004c 8b0c 
  0x000002762b74da74: 084d 8d49 | 014c 890c | 080f 8554 

  0x000002762b74da80: ;   {metadata(method data for {method} {0x00000276590ae518} 'invokeExact_MT' '(Ljava/lang/Object;Ljava/lang/Object;Ljava/lang/Object;Ljava/lang/Object;)Ljava/lang/Object;' in 'java/lang/invoke/Invokers$Holder')}
  0x000002762b74da80: 0600 0048 | bb58 f33f | 9a76 0200 | 0048 8383 | b801 0000 

  0x000002762b74da94: ;   {metadata(method data for {method} {0x00000276593dc300} 'checkCustomized' '(Ljava/lang/invoke/MethodHandle;)V' in 'java/lang/invoke/Invokers')}
  0x000002762b74da94: 0148 bb18 | ef1f 9a76 | 0200 008b | 83cc 0000 | 0083 c002 | 8983 cc00 | 0000 25fe | ff1f 0085 
  0x000002762b74dab4: c00f 84f1 

  0x000002762b74dab8: ;   {metadata(method data for {method} {0x00000276593dc300} 'checkCustomized' '(Ljava/lang/invoke/MethodHandle;)V' in 'java/lang/invoke/Invokers')}
  0x000002762b74dab8: 0f00 0048 | bb18 ef1f | 9a76 0200 | 0048 8383 | 1001 0000 

  0x000002762b74dacc: ;   {metadata(method data for {method} {0x00000276590944d8} 'isCompileConstant' '(Ljava/lang/Object;)Z' in 'java/lang/invoke/MethodHandleImpl')}
  0x000002762b74dacc: 0148 bbc8 | f01f 9a76 | 0200 008b | 83cc 0000 | 0083 c002 | 8983 cc00 | 0000 25fe | ff1f 0085 
  0x000002762b74daec: c00f 84da 

  0x000002762b74daf0: ;   {metadata(method data for {method} {0x00000276593dc300} 'checkCustomized' '(Ljava/lang/invoke/MethodHandle;)V' in 'java/lang/invoke/Invokers')}
  0x000002762b74daf0: 0f00 0048 | bb18 ef1f | 9a76 0200 | 00ff 8320 | 0100 008b | 5e14 48c1 | e303 8b5b | 1c48 c1e3 
  0x000002762b74db10: 0348 85db 

  0x000002762b74db14: ;   {metadata(method data for {method} {0x00000276593dc300} 'checkCustomized' '(Ljava/lang/invoke/MethodHandle;)V' in 'java/lang/invoke/Invokers')}
  0x000002762b74db14: 48bb 18ef | 1f9a 7602 | 0000 48c7 | c040 0100 | 0075 0748 | c7c0 5001 | 0000 488b | 0c03 488d 
  0x000002762b74db34: 4901 4889 | 0c03 0f85 | 2400 0000 

  0x000002762b74db40: ;   {metadata(method data for {method} {0x00000276593dc300} 'checkCustomized' '(Ljava/lang/invoke/MethodHandle;)V' in 'java/lang/invoke/Invokers')}
  0x000002762b74db40: 48bb 18ef | 1f9a 7602 | 0000 4883 | 8360 0100 | 0001 488b 

  0x000002762b74db54: ;   {static_call}
  0x000002762b74db54: d666 90e8 

  0x000002762b74db58: ; ImmutableOopMap {[176]=Oop [192]=Oop [264]=Oop [272]=Oop }
                      ;*invokestatic maybeCustomize {reexecute=0 rethrow=0 return_oop=0}
                      ; - java.lang.invoke.Invokers::checkCustomized@19
                      ; - java.lang.invoke.Invokers$Holder::invokeExact_MT@14
                      ; - jdk.internal.reflect.DirectMethodHandleAccessor::invokeImpl@55
                      ; - jdk.internal.reflect.DirectMethodHandleAccessor::invoke@23
  0x000002762b74db58: 64e3 e4ff 

  0x000002762b74db5c: ;   {other}
  0x000002762b74db5c: 0f1f 8400 | 4c1d 0008 | 488b bc24 | 0801 0000 | 4c8b 8424 | c000 0000 

  0x000002762b74db74: ;   {metadata(method data for {method} {0x00000276590ae518} 'invokeExact_MT' '(Ljava/lang/Object;Ljava/lang/Object;Ljava/lang/Object;Ljava/lang/Object;)Ljava/lang/Object;' in 'java/lang/invoke/Invokers$Holder')}
  0x000002762b74db74: 49b9 58f3 | 3f9a 7602 | 0000 4d8d | 8918 0200 | 004d 85c0 | 750d 41f6 | 4108 0175 | 06f0 4983 
  0x000002762b74db94: 4908 0148 | 85ff 750d | 41f6 4118 | 0175 06f0 | 4983 4918 | 0148 8bb4 | 2410 0100 

  0x000002762b74dbb0: ;   {metadata(method data for {method} {0x00000276590ae518} 'invokeExact_MT' '(Ljava/lang/Object;Ljava/lang/Object;Ljava/lang/Object;Ljava/lang/Object;)Ljava/lang/Object;' in 'java/lang/invoke/Invokers$Holder')}
  0x000002762b74dbb0: 0049 b958 | f33f 9a76 | 0200 0049 | 8381 e001 | 0000 014c | 8bcf 488b | 9424 1001 

  0x000002762b74dbcc: ;   {optimized virtual_call}
  0x000002762b74dbcc: 0000 90e8 

  0x000002762b74dbd0: ; ImmutableOopMap {[176]=Oop }
                      ;*invokevirtual invokeBasic {reexecute=0 rethrow=0 return_oop=0}
                      ; - java.lang.invoke.Invokers$Holder::invokeExact_MT@20
                      ; - jdk.internal.reflect.DirectMethodHandleAccessor::invokeImpl@55
                      ; - jdk.internal.reflect.DirectMethodHandleAccessor::invoke@23
  0x000002762b74dbd0: ac33 e10f 

  0x000002762b74dbd4: ;   {other}
  0x000002762b74dbd4: 0f1f 8400 | c41d 0009 

  0x000002762b74dbdc: ;   {metadata(method data for {method} {0x00000276590ae518} 'invokeExact_MT' '(Ljava/lang/Object;Ljava/lang/Object;Ljava/lang/Object;Ljava/lang/Object;)Ljava/lang/Object;' in 'java/lang/invoke/Invokers$Holder')}
  0x000002762b74dbdc: 48ba 58f3 | 3f9a 7602 | 0000 488d | 9238 0200 | 0048 85c0 | 7502 eb29 | 8b70 0849 | ba00 0000 
  0x000002762b74dbfc: 5976 0200 | 0049 03f2 | 4c8b d648 | 3332 48f7 | c6fc ffff | ff74 0a40 | f6c6 0275 | 0448 830a 
  0x000002762b74dc1c: ;   {metadata(method data for {method} {0x00000276593c8518} 'invokeImpl' '(Ljava/lang/Object;[Ljava/lang/Object;)Ljava/lang/Object;' in 'jdk/internal/reflect/DirectMethodHandleAccessor')}
  0x000002762b74dc1c: 0248 ba00 | 5f90 9a76 | 0200 0048 | 8d92 3802 | 0000 4885 | c075 0cf6 | 0201 754d | f048 830a 
  0x000002762b74dc3c: 01eb 468b | 7008 49ba | 0000 0059 | 7602 0000 | 4903 f24c | 8bd6 4833 | 3248 f7c6 | fcff ffff 
  0x000002762b74dc5c: 7427 40f6 | c602 7521 | 48f7 02fe | ffff ff74 | 1549 8bf2 | 4833 3248 | f7c6 fcff | ffff 7409 
  0x000002762b74dc7c: 4883 0a02 | eb03 4889 

  0x000002762b74dc84: ;   {metadata(method data for {method} {0x00000276593c8518} 'invokeImpl' '(Ljava/lang/Object;[Ljava/lang/Object;)Ljava/lang/Object;' in 'jdk/internal/reflect/DirectMethodHandleAccessor')}
  0x000002762b74dc84: 3248 ba00 | 5f90 9a76 | 0200 00ff | 8248 0200 | 0048 81c4 | 7001 0000 

  0x000002762b74dc9c: ;   {poll_return}
  0x000002762b74dc9c: 5d49 3ba7 | 5004 0000 | 0f87 490e | 0000 c34c | 8b84 24c0 | 0000 008b | 7218 48c1 | e603 4889 
  0x000002762b74dcbc: b424 1801 

  0x000002762b74dcc0: ;   {metadata(method data for {method} {0x00000276593c8518} 'invokeImpl' '(Ljava/lang/Object;[Ljava/lang/Object;)Ljava/lang/Object;' in 'jdk/internal/reflect/DirectMethodHandleAccessor')}
  0x000002762b74dcc0: 0000 48bf | 005f 909a | 7602 0000 | 488d bfa8 | 0100 004d | 85c0 750e | f647 0801 | 7553 f048 
  0x000002762b74dce0: 834f 0801 | eb4b 418b | 5808 49ba | 0000 0059 | 7602 0000 | 4903 da4c | 8bd3 4833 | 5f08 48f7 
  0x000002762b74dd00: c3fc ffff | ff74 2af6 | c302 7525 | 48f7 4708 | feff ffff | 7417 498b | da48 335f | 0848 f7c3 
  0x000002762b74dd20: fcff ffff | 740b 4883 | 4f08 02eb | 0448 895f 

  0x000002762b74dd30: ;   {metadata(method data for {method} {0x00000276590ae5c8} 'invokeExact_MT' '(Ljava/lang/Object;Ljava/lang/Object;Ljava/lang/Object;)Ljava/lang/Object;' in 'java/lang/invoke/Invokers$Holder')}
  0x000002762b74dd30: 0848 bf68 | a920 9a76 | 0200 0048 | 8dbf a002 | 0000 4885 | f675 0af6 | 0701 7505 | f048 830f 
  0x000002762b74dd50: ;   {metadata(method data for {method} {0x00000276593c8518} 'invokeImpl' '(Ljava/lang/Object;[Ljava/lang/Object;)Ljava/lang/Object;' in 'jdk/internal/reflect/DirectMethodHandleAccessor')}
  0x000002762b74dd50: 0148 bf00 | 5f90 9a76 | 0200 0048 | 8387 7001 

  0x000002762b74dd60: ;   {metadata(method data for {method} {0x00000276590ae5c8} 'invokeExact_MT' '(Ljava/lang/Object;Ljava/lang/Object;Ljava/lang/Object;)Ljava/lang/Object;' in 'java/lang/invoke/Invokers$Holder')}
  0x000002762b74dd60: 0000 0148 | bf68 a920 | 9a76 0200 | 008b 9fcc | 0000 0083 | c302 899f | cc00 0000 | 81e3 feff 
  0x000002762b74dd80: 1f00 85db | 0f84 7f0d 

  0x000002762b74dd88: ;   {metadata(method data for {method} {0x00000276590ae5c8} 'invokeExact_MT' '(Ljava/lang/Object;Ljava/lang/Object;Ljava/lang/Object;)Ljava/lang/Object;' in 'java/lang/invoke/Invokers$Holder')}
  0x000002762b74dd88: 0000 48bf | 68a9 209a | 7602 0000 | 488d bf90 | 0100 0048 | 85f6 750c | f647 0801 | 7506 f048 
  0x000002762b74dda8: 834f 0801 

  0x000002762b74ddac: ;   {oop(a 'java/lang/invoke/MethodType'{0x000000060cc23e90} = (Ljava/lang/Object;)Ljava/lang/Object;)}
  0x000002762b74ddac: 48bb 903e | c20c 0600 | 0000 4885 | db75 0cf6 | 4718 0175 | 06f0 4883 

  0x000002762b74ddc4: ;   {metadata(method data for {method} {0x00000276590ae5c8} 'invokeExact_MT' '(Ljava/lang/Object;Ljava/lang/Object;Ljava/lang/Object;)Ljava/lang/Object;' in 'java/lang/invoke/Invokers$Holder')}
  0x000002762b74ddc4: 4f18 0148 | bf68 a920 | 9a76 0200 | 0048 8387 | 8001 0000 

  0x000002762b74ddd8: ;   {metadata(method data for {method} {0x00000276593dc408} 'checkExactType' '(Ljava/lang/invoke/MethodHandle;Ljava/lang/invoke/MethodType;)V' in 'java/lang/invoke/Invokers')}
  0x000002762b74ddd8: 0148 bf20 | 9d19 9a76 | 0200 008b | 87cc 0000 | 0083 c002 | 8987 cc00 | 0000 25fe | ff1f 0085 
  0x000002762b74ddf8: c00f 842b | 0d00 0048 | 3b06 488b 

  0x000002762b74de04: ;   {metadata(method data for {method} {0x00000276593dc408} 'checkExactType' '(Ljava/lang/invoke/MethodHandle;Ljava/lang/invoke/MethodType;)V' in 'java/lang/invoke/Invokers')}
  0x000002762b74de04: fe48 b820 | 9d19 9a76 | 0200 008b | 7f08 49ba | 0000 0059 | 7602 0000 | 4903 fa48 | 3bb8 2001 
  0x000002762b74de24: 0000 750d | 4883 8028 | 0100 0001 | e960 0000 | 0048 3bb8 | 3001 0000 | 750d 4883 | 8038 0100 
  0x000002762b74de44: 0001 e94a | 0000 0048 | 83b8 2001 | 0000 0075 | 1748 89b8 | 2001 0000 | 48c7 8028 | 0100 0001 
  0x000002762b74de64: 0000 00e9 | 2900 0000 | 4883 b830 | 0100 0000 | 7517 4889 | b830 0100 | 0048 c780 | 3801 0000 
  0x000002762b74de84: 0100 0000 | e908 0000 | 0048 8380 | 1001 0000 | 018b 7e10 | 48c1 e703 

  0x000002762b74de9c: ;   {metadata(method data for {method} {0x00000276593dc408} 'checkExactType' '(Ljava/lang/invoke/MethodHandle;Ljava/lang/invoke/MethodType;)V' in 'java/lang/invoke/Invokers')}
  0x000002762b74de9c: 483b fb48 | bb20 9d19 | 9a76 0200 | 0048 c7c0 | 5801 0000 | 7507 48c7 | c048 0100 | 0048 8b0c 
  0x000002762b74debc: 0348 8d49 | 0148 890c | 030f 85c8 

  0x000002762b74dec8: ;   {metadata(method data for {method} {0x00000276590ae5c8} 'invokeExact_MT' '(Ljava/lang/Object;Ljava/lang/Object;Ljava/lang/Object;)Ljava/lang/Object;' in 'java/lang/invoke/Invokers$Holder')}
  0x000002762b74dec8: 0100 0048 | bf68 a920 | 9a76 0200 | 0048 8387 | b801 0000 

  0x000002762b74dedc: ;   {metadata(method data for {method} {0x00000276593dc300} 'checkCustomized' '(Ljava/lang/invoke/MethodHandle;)V' in 'java/lang/invoke/Invokers')}
  0x000002762b74dedc: 0148 bf18 | ef1f 9a76 | 0200 008b | 9fcc 0000 | 0083 c302 | 899f cc00 | 0000 81e3 | feff 1f00 
  0x000002762b74defc: 85db 0f84 | 4c0c 0000 

  0x000002762b74df04: ;   {metadata(method data for {method} {0x00000276593dc300} 'checkCustomized' '(Ljava/lang/invoke/MethodHandle;)V' in 'java/lang/invoke/Invokers')}
  0x000002762b74df04: 48bf 18ef | 1f9a 7602 | 0000 4883 | 8710 0100 

  0x000002762b74df14: ;   {metadata(method data for {method} {0x00000276590944d8} 'isCompileConstant' '(Ljava/lang/Object;)Z' in 'java/lang/invoke/MethodHandleImpl')}
  0x000002762b74df14: 0001 48bf | c8f0 1f9a | 7602 0000 | 8b9f cc00 | 0000 83c3 | 0289 9fcc | 0000 0081 | e3fe ff1f 
  0x000002762b74df34: 0085 db0f | 8434 0c00 

  0x000002762b74df3c: ;   {metadata(method data for {method} {0x00000276593dc300} 'checkCustomized' '(Ljava/lang/invoke/MethodHandle;)V' in 'java/lang/invoke/Invokers')}
  0x000002762b74df3c: 0048 bf18 | ef1f 9a76 | 0200 00ff | 8720 0100 | 008b 7e14 | 48c1 e703 

  0x000002762b74df54: ; implicit exception: dispatches to 0x000002762b74eb92
  0x000002762b74df54: 8b7f 1c48 | c1e7 0348 

  0x000002762b74df5c: ;   {metadata(method data for {method} {0x00000276593dc300} 'checkCustomized' '(Ljava/lang/invoke/MethodHandle;)V' in 'java/lang/invoke/Invokers')}
  0x000002762b74df5c: 85ff 48bf | 18ef 1f9a | 7602 0000 | 48c7 c340 | 0100 0075 | 0748 c7c3 | 5001 0000 | 488b 041f 
  0x000002762b74df7c: 488d 4001 | 4889 041f | 0f85 2200 

  0x000002762b74df88: ;   {metadata(method data for {method} {0x00000276593dc300} 'checkCustomized' '(Ljava/lang/invoke/MethodHandle;)V' in 'java/lang/invoke/Invokers')}
  0x000002762b74df88: 0000 48bf | 18ef 1f9a | 7602 0000 | 4883 8760 | 0100 0001 

  0x000002762b74df9c: ;   {static_call}
  0x000002762b74df9c: 488b d6e8 

  0x000002762b74dfa0: ; ImmutableOopMap {[176]=Oop [192]=Oop [280]=Oop }
                      ;*invokestatic maybeCustomize {reexecute=0 rethrow=0 return_oop=0}
                      ; - java.lang.invoke.Invokers::checkCustomized@19
                      ; - java.lang.invoke.Invokers$Holder::invokeExact_MT@14
                      ; - jdk.internal.reflect.DirectMethodHandleAccessor::invokeImpl@41
                      ; - jdk.internal.reflect.DirectMethodHandleAccessor::invoke@23
  0x000002762b74dfa0: 1cdf e4ff 

  0x000002762b74dfa4: ;   {other}
  0x000002762b74dfa4: 0f1f 8400 | 9421 000a | 488b b424 | 1801 0000 

  0x000002762b74dfb4: ;   {metadata(method data for {method} {0x00000276590ae5c8} 'invokeExact_MT' '(Ljava/lang/Object;Ljava/lang/Object;Ljava/lang/Object;)Ljava/lang/Object;' in 'java/lang/invoke/Invokers$Holder')}
  0x000002762b74dfb4: 49b8 68a9 | 209a 7602 | 0000 4983 | 80e0 0100 | 0001 4c8b | 8424 c000 | 0000 488b | 9424 1801 
  0x000002762b74dfd4: ;   {optimized virtual_call}
  0x000002762b74dfd4: 0000 90e8 

  0x000002762b74dfd8: ; ImmutableOopMap {[176]=Oop }
                      ;*invokevirtual invokeBasic {reexecute=0 rethrow=0 return_oop=0}
                      ; - java.lang.invoke.Invokers$Holder::invokeExact_MT@19
                      ; - jdk.internal.reflect.DirectMethodHandleAccessor::invokeImpl@41
                      ; - jdk.internal.reflect.DirectMethodHandleAccessor::invoke@23
  0x000002762b74dfd8: 244c e00f 

  0x000002762b74dfdc: ;   {other}
  0x000002762b74dfdc: 0f1f 8400 | cc21 000b 

  0x000002762b74dfe4: ;   {metadata(method data for {method} {0x00000276590ae5c8} 'invokeExact_MT' '(Ljava/lang/Object;Ljava/lang/Object;Ljava/lang/Object;)Ljava/lang/Object;' in 'java/lang/invoke/Invokers$Holder')}
  0x000002762b74dfe4: 48ba 68a9 | 209a 7602 | 0000 488d | 9228 0200 | 0048 85c0 | 750a f602 | 0175 05f0 | 4883 0a01 
  0x000002762b74e004: ;   {metadata(method data for {method} {0x00000276593c8518} 'invokeImpl' '(Ljava/lang/Object;[Ljava/lang/Object;)Ljava/lang/Object;' in 'jdk/internal/reflect/DirectMethodHandleAccessor')}
  0x000002762b74e004: 48ba 005f | 909a 7602 | 0000 488d | 92b8 0100 | 0048 85c0 | 750c f602 | 0175 4ef0 | 4883 0a01 
  0x000002762b74e024: eb47 448b | 4008 49ba | 0000 0059 | 7602 0000 | 4d03 c24d | 8bd0 4c33 | 0249 f7c0 | fcff ffff 
  0x000002762b74e044: 7427 41f6 | c002 7521 | 48f7 02fe | ffff ff74 | 154d 8bc2 | 4c33 0249 | f7c0 fcff | ffff 7409 
  0x000002762b74e064: 4883 0a02 | eb03 4c89 

  0x000002762b74e06c: ;   {metadata(method data for {method} {0x00000276593c8518} 'invokeImpl' '(Ljava/lang/Object;[Ljava/lang/Object;)Ljava/lang/Object;' in 'jdk/internal/reflect/DirectMethodHandleAccessor')}
  0x000002762b74e06c: 0248 ba00 | 5f90 9a76 | 0200 00ff | 82c8 0100 | 0048 81c4 | 7001 0000 

  0x000002762b74e084: ;   {poll_return}
  0x000002762b74e084: 5d49 3ba7 | 5004 0000 | 0f87 050b 

  0x000002762b74e090: ;   {metadata(method data for {method} {0x00000276593dc408} 'checkExactType' '(Ljava/lang/invoke/MethodHandle;Ljava/lang/invoke/MethodType;)V' in 'java/lang/invoke/Invokers')}
  0x000002762b74e090: 0000 c348 | ba20 9d19 | 9a76 0200 | 0048 8382 | 6801 0000 

  0x000002762b74e0a4: ;   {oop(a 'java/lang/invoke/MethodType'{0x000000060cc23e90} = (Ljava/lang/Object;)Ljava/lang/Object;)}
  0x000002762b74e0a4: 0149 b890 | 3ec2 0c06 | 0000 0048 | 8bd7 0f1f 

  0x000002762b74e0b4: ;   {static_call}
  0x000002762b74e0b4: 4400 00e8 

  0x000002762b74e0b8: ; ImmutableOopMap {[176]=Oop [192]=Oop [280]=Oop }
                      ;*invokestatic newWrongMethodTypeException {reexecute=0 rethrow=0 return_oop=0}
                      ; - java.lang.invoke.Invokers::checkExactType@12
                      ; - java.lang.invoke.Invokers$Holder::invokeExact_MT@10
                      ; - jdk.internal.reflect.DirectMethodHandleAccessor::invokeImpl@41
                      ; - jdk.internal.reflect.DirectMethodHandleAccessor::invoke@23
  0x000002762b74e0b8: c417 8b0f 

  0x000002762b74e0bc: ;   {other}
  0x000002762b74e0bc: 0f1f 8400 | ac22 000c 

  0x000002762b74e0c4: ; implicit exception: dispatches to 0x000002762b74ebad
                      ; ImmutableOopMap {rax=Oop [176]=Oop [192]=Oop [280]=Oop }
                      ;*athrow {reexecute=1 rethrow=0 return_oop=0}
                      ; - (reexecute) java.lang.invoke.Invokers::checkExactType@15
                      ; - java.lang.invoke.Invokers$Holder::invokeExact_MT@10
                      ; - jdk.internal.reflect.DirectMethodHandleAccessor::invokeImpl@41
                      ; - jdk.internal.reflect.DirectMethodHandleAccessor::invoke@23
                      ;   {section_word}
  0x000002762b74e0c4: 483b 0048 | bac7 e074 | 2b76 0200 

  0x000002762b74e0d0: ;   {runtime_call handle_exception_nofpu Runtime1 stub}
  0x000002762b74e0d0: 00e8 aa73 

  0x000002762b74e0d4: ;   {metadata(method data for {method} {0x00000276593dc408} 'checkExactType' '(Ljava/lang/invoke/MethodHandle;Ljava/lang/invoke/MethodType;)V' in 'java/lang/invoke/Invokers')}
  0x000002762b74e0d4: 900f 9048 | ba20 9d19 | 9a76 0200 | 0048 8382 | 6801 0000 

  0x000002762b74e0e8: ;   {oop(a 'java/lang/invoke/MethodType'{0x000000060cc23fa8} = (Ljava/lang/Object;Ljava/lang/Object;)Ljava/lang/Object;)}
  0x000002762b74e0e8: 0149 b8a8 | 3fc2 0c06 | 0000 0048 

  0x000002762b74e0f4: ;   {static_call}
  0x000002762b74e0f4: 8bd3 90e8 

  0x000002762b74e0f8: ; ImmutableOopMap {[176]=Oop [192]=Oop [264]=Oop [272]=Oop }
                      ;*invokestatic newWrongMethodTypeException {reexecute=0 rethrow=0 return_oop=0}
                      ; - java.lang.invoke.Invokers::checkExactType@12
                      ; - java.lang.invoke.Invokers$Holder::invokeExact_MT@10
                      ; - jdk.internal.reflect.DirectMethodHandleAccessor::invokeImpl@55
                      ; - jdk.internal.reflect.DirectMethodHandleAccessor::invoke@23
  0x000002762b74e0f8: 8417 8b0f 

  0x000002762b74e0fc: ;   {other}
  0x000002762b74e0fc: 0f1f 8400 | ec22 000e 

  0x000002762b74e104: ; implicit exception: dispatches to 0x000002762b74ebb2
                      ; ImmutableOopMap {rax=Oop [176]=Oop [192]=Oop [264]=Oop [272]=Oop }
                      ;*athrow {reexecute=1 rethrow=0 return_oop=0}
                      ; - (reexecute) java.lang.invoke.Invokers::checkExactType@15
                      ; - java.lang.invoke.Invokers$Holder::invokeExact_MT@10
                      ; - jdk.internal.reflect.DirectMethodHandleAccessor::invokeImpl@55
                      ; - jdk.internal.reflect.DirectMethodHandleAccessor::invoke@23
                      ;   {section_word}
  0x000002762b74e104: 483b 0048 | ba07 e174 | 2b76 0200 

  0x000002762b74e110: ;   {runtime_call handle_exception_nofpu Runtime1 stub}
  0x000002762b74e110: 00e8 6a73 

  0x000002762b74e114: ;   {metadata(method data for {method} {0x00000276593dc408} 'checkExactType' '(Ljava/lang/invoke/MethodHandle;Ljava/lang/invoke/MethodType;)V' in 'java/lang/invoke/Invokers')}
  0x000002762b74e114: 900f 9048 | ba20 9d19 | 9a76 0200 | 0048 8382 | 6801 0000 

  0x000002762b74e128: ;   {oop(a 'java/lang/invoke/MethodType'{0x000000060cc240c8} = (Ljava/lang/Object;Ljava/lang/Object;Ljava/lang/Object;)Ljava/lang/Object;)}
  0x000002762b74e128: 0149 b8c8 | 40c2 0c06 | 0000 0048 

  0x000002762b74e134: ;   {static_call}
  0x000002762b74e134: 8bd0 90e8 

  0x000002762b74e138: ; ImmutableOopMap {[176]=Oop [192]=Oop [240]=Oop [248]=Oop [256]=Oop }
                      ;*invokestatic newWrongMethodTypeException {reexecute=0 rethrow=0 return_oop=0}
                      ; - java.lang.invoke.Invokers::checkExactType@12
                      ; - java.lang.invoke.LambdaForm$MH/0x000002765a002800::invokeExact_MT@11
                      ; - jdk.internal.reflect.DirectMethodHandleAccessor::invokeImpl@72
                      ; - jdk.internal.reflect.DirectMethodHandleAccessor::invoke@23
  0x000002762b74e138: 4417 8b0f 

  0x000002762b74e13c: ;   {other}
  0x000002762b74e13c: 0f1f 8400 | 2c23 0010 

  0x000002762b74e144: ; implicit exception: dispatches to 0x000002762b74ebb7
                      ; ImmutableOopMap {rax=Oop [176]=Oop [192]=Oop [240]=Oop [248]=Oop [256]=Oop }
                      ;*athrow {reexecute=1 rethrow=0 return_oop=0}
                      ; - (reexecute) java.lang.invoke.Invokers::checkExactType@15
                      ; - java.lang.invoke.LambdaForm$MH/0x000002765a002800::invokeExact_MT@11
                      ; - jdk.internal.reflect.DirectMethodHandleAccessor::invokeImpl@72
                      ; - jdk.internal.reflect.DirectMethodHandleAccessor::invoke@23
                      ;   {section_word}
  0x000002762b74e144: 483b 0048 | ba47 e174 | 2b76 0200 

  0x000002762b74e150: ;   {runtime_call handle_exception_nofpu Runtime1 stub}
  0x000002762b74e150: 00e8 2a73 

  0x000002762b74e154: ;   {metadata(method data for {method} {0x00000276593dc408} 'checkExactType' '(Ljava/lang/invoke/MethodHandle;Ljava/lang/invoke/MethodType;)V' in 'java/lang/invoke/Invokers')}
  0x000002762b74e154: 900f 9048 | ba20 9d19 | 9a76 0200 | 0048 8382 | 6801 0000 

  0x000002762b74e168: ;   {oop(a 'java/lang/invoke/MethodType'{0x000000060cc0f6a0} = (Ljava/lang/Object;Ljava/lang/Object;Ljava/lang/Object;Ljava/lang/Object;)Ljava/lang/Object;)}
  0x000002762b74e168: 0149 b8a0 | f6c0 0c06 | 0000 0048 

  0x000002762b74e174: ;   {static_call}
  0x000002762b74e174: 8bd1 90e8 

  0x000002762b74e178: ; ImmutableOopMap {[176]=Oop [192]=Oop [208]=Oop [216]=Oop [224]=Oop [232]=Oop }
                      ;*invokestatic newWrongMethodTypeException {reexecute=0 rethrow=0 return_oop=0}
                      ; - java.lang.invoke.Invokers::checkExactType@12
                      ; - java.lang.invoke.LambdaForm$MH/0x000002765a0f4c00::invokeExact_MT@11
                      ; - jdk.internal.reflect.DirectMethodHandleAccessor::invokeImpl@92
                      ; - jdk.internal.reflect.DirectMethodHandleAccessor::invoke@23
  0x000002762b74e178: 0417 8b0f 

  0x000002762b74e17c: ;   {other}
  0x000002762b74e17c: 0f1f 8400 | 6c23 0012 

  0x000002762b74e184: ; implicit exception: dispatches to 0x000002762b74ebbc
                      ; ImmutableOopMap {rax=Oop [176]=Oop [192]=Oop [208]=Oop [216]=Oop [224]=Oop [232]=Oop }
                      ;*athrow {reexecute=1 rethrow=0 return_oop=0}
                      ; - (reexecute) java.lang.invoke.Invokers::checkExactType@15
                      ; - java.lang.invoke.LambdaForm$MH/0x000002765a0f4c00::invokeExact_MT@11
                      ; - jdk.internal.reflect.DirectMethodHandleAccessor::invokeImpl@92
                      ; - jdk.internal.reflect.DirectMethodHandleAccessor::invoke@23
                      ;   {section_word}
  0x000002762b74e184: 483b 0048 | ba87 e174 | 2b76 0200 

  0x000002762b74e190: ;   {runtime_call handle_exception_nofpu Runtime1 stub}
  0x000002762b74e190: 00e8 ea72 

  0x000002762b74e194: ;   {metadata(method data for {method} {0x00000276593dc408} 'checkExactType' '(Ljava/lang/invoke/MethodHandle;Ljava/lang/invoke/MethodType;)V' in 'java/lang/invoke/Invokers')}
  0x000002762b74e194: 900f 9048 | ba20 9d19 | 9a76 0200 | 0048 8382 | 6801 0000 

  0x000002762b74e1a8: ;   {oop(a 'java/lang/invoke/MethodType'{0x000000060bd62990} = (Ljava/lang/Object;[Ljava/lang/Object;)Ljava/lang/Object;)}
  0x000002762b74e1a8: 0149 b890 | 29d6 0b06 | 0000 0048 

  0x000002762b74e1b4: ;   {static_call}
  0x000002762b74e1b4: 8bd7 90e8 

  0x000002762b74e1b8: ; ImmutableOopMap {[176]=Oop [184]=Oop [192]=Oop [200]=Oop }
                      ;*invokestatic newWrongMethodTypeException {reexecute=0 rethrow=0 return_oop=0}
                      ; - java.lang.invoke.Invokers::checkExactType@12
                      ; - java.lang.invoke.Invokers$Holder::invokeExact_MT@10
                      ; - jdk.internal.reflect.DirectMethodHandleAccessor::invokeImpl@104
                      ; - jdk.internal.reflect.DirectMethodHandleAccessor::invoke@23
  0x000002762b74e1b8: c416 8b0f 

  0x000002762b74e1bc: ;   {other}
  0x000002762b74e1bc: 0f1f 8400 | ac23 0014 

  0x000002762b74e1c4: ; implicit exception: dispatches to 0x000002762b74ebc1
                      ; ImmutableOopMap {rax=Oop [176]=Oop [184]=Oop [192]=Oop [200]=Oop }
                      ;*athrow {reexecute=1 rethrow=0 return_oop=0}
                      ; - (reexecute) java.lang.invoke.Invokers::checkExactType@15
                      ; - java.lang.invoke.Invokers$Holder::invokeExact_MT@10
                      ; - jdk.internal.reflect.DirectMethodHandleAccessor::invokeImpl@104
                      ; - jdk.internal.reflect.DirectMethodHandleAccessor::invoke@23
                      ;   {section_word}
  0x000002762b74e1c4: 483b 0048 | bac7 e174 | 2b76 0200 

  0x000002762b74e1d0: ;   {runtime_call handle_exception_nofpu Runtime1 stub}
  0x000002762b74e1d0: 00e8 aa72 | 900f 9049 | 8b87 0005 | 0000 4d33 | d24d 8997 | 0005 0000 | 4d33 d24d | 8997 0805 
  0x000002762b74e1f0: 0000 488b | 9424 b000 

  0x000002762b74e1f8: ;   {metadata(method data for {method} {0x000002765919cf00} 'invoke' '(Ljava/lang/Object;[Ljava/lang/Object;)Ljava/lang/Object;' in 'jdk/internal/reflect/DirectMethodHandleAccessor')}
  0x000002762b74e1f8: 0000 49b8 | 7057 909a | 7602 0000 | 4983 8060 | 0200 0001 

  0x000002762b74e20c: ;   {metadata(method data for {method} {0x00000276593c84c0} 'isIllegalArgument' '(Ljava/lang/RuntimeException;)Z' in 'jdk/internal/reflect/DirectMethodHandleAccessor')}
  0x000002762b74e20c: 48ba 1863 | 909a 7602 | 0000 448b | 82cc 0000 | 0041 83c0 | 0244 8982 | cc00 0000 | 4181 e0fe 
  0x000002762b74e22c: ff1f 0045 | 85c0 0f84 | 8e09 0000 

  0x000002762b74e238: ;   {oop(a 'java/lang/Class'{0x000000060c9287d0} = 'jdk/internal/reflect/DirectMethodHandleAccessor')}
  0x000002762b74e238: 48ba d087 | 920c 0600 | 0000 4c8b | c048 8984 | 2420 0100 

  0x000002762b74e24c: ;   {static_call}
  0x000002762b74e24c: 0066 90e8 

  0x000002762b74e250: ; ImmutableOopMap {[288]=Oop }
                      ;*invokestatic isIllegalArgument {reexecute=0 rethrow=0 return_oop=0}
                      ; - jdk.internal.reflect.DirectMethodHandleAccessor::isIllegalArgument@3
                      ; - jdk.internal.reflect.DirectMethodHandleAccessor::invoke@58
  0x000002762b74e250: 2c16 8b0f 

  0x000002762b74e254: ;   {other}
  0x000002762b74e254: 0f1f 8400 | 4424 0016 | 83e0 0185 

  0x000002762b74e260: ;   {metadata(method data for {method} {0x000002765919cf00} 'invoke' '(Ljava/lang/Object;[Ljava/lang/Object;)Ljava/lang/Object;' in 'jdk/internal/reflect/DirectMethodHandleAccessor')}
  0x000002762b74e260: c048 b870 | 5790 9a76 | 0200 0048 | c7c2 9802 | 0000 7407 | 48c7 c2a8 | 0200 004c | 8b04 104d 
  0x000002762b74e280: 8d40 014c | 8904 100f | 84bc 0200 | 00e9 0f02 | 0000 498b | 8700 0500 | 004d 33d2 | 4d89 9700 
  0x000002762b74e2a0: 0500 004d | 33d2 4d89 | 9708 0500 | 0048 8b94 | 24b0 0000 

  0x000002762b74e2b4: ;   {metadata(method data for {method} {0x000002765919cf00} 'invoke' '(Ljava/lang/Object;[Ljava/lang/Object;)Ljava/lang/Object;' in 'jdk/internal/reflect/DirectMethodHandleAccessor')}
  0x000002762b74e2b4: 0049 b870 | 5790 9a76 | 0200 0049 | 8380 e801 

  0x000002762b74e2c4: ;   {metadata(method data for {method} {0x00000276593c84c0} 'isIllegalArgument' '(Ljava/lang/RuntimeException;)Z' in 'jdk/internal/reflect/DirectMethodHandleAccessor')}
  0x000002762b74e2c4: 0000 0148 | ba18 6390 | 9a76 0200 | 0044 8b82 | cc00 0000 | 4183 c002 | 4489 82cc | 0000 0041 
  0x000002762b74e2e4: 81e0 feff | 1f00 4585 | c00f 84f4 

  0x000002762b74e2f0: ;   {oop(a 'java/lang/Class'{0x000000060c9287d0} = 'jdk/internal/reflect/DirectMethodHandleAccessor')}
  0x000002762b74e2f0: 0800 0048 | bad0 8792 | 0c06 0000 | 004c 8bc0 | 4889 8424 | 2801 0000 | 0f1f 8000 

  0x000002762b74e30c: ;   {static_call}
  0x000002762b74e30c: 0000 00e8 

  0x000002762b74e310: ; ImmutableOopMap {[296]=Oop }
                      ;*invokestatic isIllegalArgument {reexecute=0 rethrow=0 return_oop=0}
                      ; - jdk.internal.reflect.DirectMethodHandleAccessor::isIllegalArgument@3
                      ; - jdk.internal.reflect.DirectMethodHandleAccessor::invoke@30
  0x000002762b74e310: 6c15 8b0f 

  0x000002762b74e314: ;   {other}
  0x000002762b74e314: 0f1f 8400 | 0425 0017 | 83e0 0185 

  0x000002762b74e320: ;   {metadata(method data for {method} {0x000002765919cf00} 'invoke' '(Ljava/lang/Object;[Ljava/lang/Object;)Ljava/lang/Object;' in 'jdk/internal/reflect/DirectMethodHandleAccessor')}
  0x000002762b74e320: c048 ba70 | 5790 9a76 | 0200 0048 | c7c6 2002 | 0000 7407 | 48c7 c630 | 0200 0048 | 8b3c 3248 
  0x000002762b74e340: 8d7f 0148 | 893c 320f | 84a4 0000 | 0066 6690 

  0x000002762b74e350: ;   {no_reloc}
  0x000002762b74e350: e9c2 0800 | 0000 0000 | 0000 498b | 87b8 0100 | 0048 8d78 | 2849 3bbf | c801 0000 | 0f87 af08 
  0x000002762b74e370: 0000 4989 | bfb8 0100 | 0048 c700 | 0100 0000 | 488b ca49 | ba00 0000 | 5976 0200 | 0049 2bca 
  0x000002762b74e390: 8948 0848 | 33c9 8948 | 0c48 33c9 | 4889 4810 | 4889 4818 | 4889 4820 

  0x000002762b74e3a8: ;   {metadata(method data for {method} {0x000002765919cf00} 'invoke' '(Ljava/lang/Object;[Ljava/lang/Object;)Ljava/lang/Object;' in 'jdk/internal/reflect/DirectMethodHandleAccessor')}
  0x000002762b74e3a8: 4c8b c048 | ba70 5790 | 9a76 0200 | 0048 8382 | 4002 0000 

  0x000002762b74e3bc: ;   {oop("argument type mismatch"{0x000000060e967540})}
  0x000002762b74e3bc: 0149 b840 | 7596 0e06 | 0000 0048 | 8bd0 4889 | 8424 3001 | 0000 0f1f 

  0x000002762b74e3d4: ;   {optimized virtual_call}
  0x000002762b74e3d4: 4400 00e8 

  0x000002762b74e3d8: ; ImmutableOopMap {[304]=Oop }
                      ;*invokespecial <init> {reexecute=0 rethrow=0 return_oop=0}
                      ; - jdk.internal.reflect.DirectMethodHandleAccessor::invoke@42
  0x000002762b74e3d8: a40a 8b0f 

  0x000002762b74e3dc: ;   {other}
  0x000002762b74e3dc: 0f1f 8400 | cc25 0018 | 488b 8424 | 3001 0000 | e927 0900 | 004c 8b84 | 2428 0100 | 000f 1f80 
  0x000002762b74e3fc: 0000 0000 

  0x000002762b74e400: ;   {no_reloc}
  0x000002762b74e400: e938 0800 | 0000 0000 | 0000 80ba | 3101 0000 | 040f 8535 | 0800 0049 | 8b87 b801 | 0000 488d 
  0x000002762b74e420: 7828 493b | bfc8 0100 | 000f 871d | 0800 0049 | 89bf b801 | 0000 48c7 | 0001 0000 | 0048 8bca 
  0x000002762b74e440: 49ba 0000 | 0059 7602 | 0000 492b | ca89 4808 | 4833 c989 | 480c 4833 | c948 8948 | 1048 8948 
  0x000002762b74e460: 1848 8948 | 2048 8bd0 

  0x000002762b74e468: ;   {metadata(method data for {method} {0x000002765919cf00} 'invoke' '(Ljava/lang/Object;[Ljava/lang/Object;)Ljava/lang/Object;' in 'jdk/internal/reflect/DirectMethodHandleAccessor')}
  0x000002762b74e468: 48be 7057 | 909a 7602 | 0000 4883 | 8650 0200 | 0001 488b | d048 8984 | 2438 0100 

  0x000002762b74e484: ;   {optimized virtual_call}
  0x000002762b74e484: 0066 90e8 

  0x000002762b74e488: ; ImmutableOopMap {[312]=Oop }
                      ;*invokespecial <init> {reexecute=0 rethrow=0 return_oop=0}
                      ; - jdk.internal.reflect.DirectMethodHandleAccessor::invoke@51
  0x000002762b74e488: f409 8b0f 

  0x000002762b74e48c: ;   {other}
  0x000002762b74e48c: 0f1f 8400 | 7c26 0019 | 488b 8424 | 3801 0000 | e977 0800 | 000f 1f80 | 0000 0000 

  0x000002762b74e4a8: ;   {no_reloc}
  0x000002762b74e4a8: e9bb 0700 | 0000 0000 | 0000 498b | 87b8 0100 | 0048 8d78 | 2849 3bbf | c801 0000 | 0f87 a807 
  0x000002762b74e4c8: 0000 4989 | bfb8 0100 | 0048 c700 | 0100 0000 | 488b ca49 | ba00 0000 | 5976 0200 | 0049 2bca 
  0x000002762b74e4e8: 8948 0848 | 33c9 8948 | 0c48 33c9 | 4889 4810 | 4889 4818 | 4889 4820 

  0x000002762b74e500: ;   {metadata(method data for {method} {0x000002765919cf00} 'invoke' '(Ljava/lang/Object;[Ljava/lang/Object;)Ljava/lang/Object;' in 'jdk/internal/reflect/DirectMethodHandleAccessor')}
  0x000002762b74e500: 4c8b c048 | ba70 5790 | 9a76 0200 | 0048 8382 | b802 0000 | 014c 8b84 | 2420 0100 | 0048 8bd0 
  0x000002762b74e520: 4889 8424 | 4001 0000 | 0f1f 8000 

  0x000002762b74e52c: ;   {optimized virtual_call}
  0x000002762b74e52c: 0000 00e8 

  0x000002762b74e530: ; ImmutableOopMap {[320]=Oop }
                      ;*invokespecial <init> {reexecute=0 rethrow=0 return_oop=0}
                      ; - jdk.internal.reflect.DirectMethodHandleAccessor::invoke@69
  0x000002762b74e530: 4c09 8b0f 

  0x000002762b74e534: ;   {other}
  0x000002762b74e534: 0f1f 8400 | 2427 001a | 488b 8424 | 4001 0000 | e9cf 0700 | 004c 8b84 | 2420 0100 | 000f 1f80 
  0x000002762b74e554: 0000 0000 

  0x000002762b74e558: ;   {no_reloc}
  0x000002762b74e558: e931 0700 | 0000 0000 | 0000 80ba | 3101 0000 | 040f 852e | 0700 0049 | 8b87 b801 | 0000 488d 
  0x000002762b74e578: 7828 493b | bfc8 0100 | 000f 8716 | 0700 0049 | 89bf b801 | 0000 48c7 | 0001 0000 | 0048 8bca 
  0x000002762b74e598: 49ba 0000 | 0059 7602 | 0000 492b | ca89 4808 | 4833 c989 | 480c 4833 | c948 8948 | 1048 8948 
  0x000002762b74e5b8: 1848 8948 | 2048 8bd0 

  0x000002762b74e5c0: ;   {metadata(method data for {method} {0x000002765919cf00} 'invoke' '(Ljava/lang/Object;[Ljava/lang/Object;)Ljava/lang/Object;' in 'jdk/internal/reflect/DirectMethodHandleAccessor')}
  0x000002762b74e5c0: 48be 7057 | 909a 7602 | 0000 4883 | 86c8 0200 | 0001 488b | d048 8984 | 2448 0100 

  0x000002762b74e5dc: ;   {optimized virtual_call}
  0x000002762b74e5dc: 0066 90e8 

  0x000002762b74e5e0: ; ImmutableOopMap {[328]=Oop }
                      ;*invokespecial <init> {reexecute=0 rethrow=0 return_oop=0}
                      ; - jdk.internal.reflect.DirectMethodHandleAccessor::invoke@78
  0x000002762b74e5e0: 9c08 8b0f 

  0x000002762b74e5e4: ;   {other}
  0x000002762b74e5e4: 0f1f 8400 | d427 001b | 488b 8424 | 4801 0000 | e91f 0700 | 000f 1f80 | 0000 0000 

  0x000002762b74e600: ;   {no_reloc}
  0x000002762b74e600: e9b4 0600 | 0000 0000 | 0000 498b | 87b8 0100 | 0048 8d78 | 2849 3bbf | c801 0000 | 0f87 a106 
  0x000002762b74e620: 0000 4989 | bfb8 0100 | 0048 c700 | 0100 0000 | 488b ca49 | ba00 0000 | 5976 0200 | 0049 2bca 
  0x000002762b74e640: 8948 0848 | 33c9 8948 | 0c48 33c9 | 4889 4810 | 4889 4818 | 4889 4820 

  0x000002762b74e658: ;   {metadata(method data for {method} {0x00000276593c86d0} 'checkReceiver' '(Ljava/lang/Object;)V' in 'jdk/internal/reflect/DirectMethodHandleAccessor')}
  0x000002762b74e658: 488b d048 | be60 ea3f | 9a76 0200 | 0048 8386 | a001 0000 

  0x000002762b74e66c: ;   {oop("object is not an instance of declaring class"{0x000000060e9680a8})}
  0x000002762b74e66c: 0149 b8a8 | 8096 0e06 | 0000 0048 | 8bd0 4889 | 8424 5001 | 0000 0f1f 

  0x000002762b74e684: ;   {optimized virtual_call}
  0x000002762b74e684: 4400 00e8 

  0x000002762b74e688: ; ImmutableOopMap {[176]=Oop [184]=Oop [192]=Oop [336]=Oop }
                      ;*invokespecial <init> {reexecute=0 rethrow=0 return_oop=0}
                      ; - jdk.internal.reflect.DirectMethodHandleAccessor::checkReceiver@20
                      ; - jdk.internal.reflect.DirectMethodHandleAccessor::invoke@9
  0x000002762b74e688: f407 8b0f 

  0x000002762b74e68c: ;   {other}
  0x000002762b74e68c: 0f1f 8400 | 7c28 001c | 488b 8424 | 5001 0000 | e977 0600 | 0049 8b87 | 0005 0000 | 4d33 d24d 
  0x000002762b74e6ac: 8997 0005 | 0000 4d33 | d24d 8997 | 0805 0000 | 4c8b c090 

  0x000002762b74e6c0: ;   {no_reloc}
  0x000002762b74e6c0: e91a 0600 | 0000 0000 | 0000 80ba | 3101 0000 | 040f 8517 | 0600 0049 | 8b87 b801 | 0000 488d 
  0x000002762b74e6e0: 7828 493b | bfc8 0100 | 000f 87ff | 0500 0049 | 89bf b801 | 0000 48c7 | 0001 0000 | 0048 8bca 
  0x000002762b74e700: 49ba 0000 | 0059 7602 | 0000 492b | ca89 4808 | 4833 c989 | 480c 4833 | c948 8948 | 1048 8948 
  0x000002762b74e720: 1848 8948 | 2048 8bd0 

  0x000002762b74e728: ;   {metadata(method data for {method} {0x000002765919cf00} 'invoke' '(Ljava/lang/Object;[Ljava/lang/Object;)Ljava/lang/Object;' in 'jdk/internal/reflect/DirectMethodHandleAccessor')}
  0x000002762b74e728: 48be 7057 | 909a 7602 | 0000 4883 | 86d8 0200 | 0001 488b | d048 8984 | 2458 0100 

  0x000002762b74e744: ;   {optimized virtual_call}
  0x000002762b74e744: 0066 90e8 

  0x000002762b74e748: ; ImmutableOopMap {[344]=Oop }
                      ;*invokespecial <init> {reexecute=0 rethrow=0 return_oop=0}
                      ; - jdk.internal.reflect.DirectMethodHandleAccessor::invoke@88
  0x000002762b74e748: 3407 8b0f 

  0x000002762b74e74c: ;   {other}
  0x000002762b74e74c: 0f1f 8400 | 3c29 001d | 488b 8424 | 5801 0000 | e9b7 0500 

  0x000002762b74e760: ;   {metadata({method} {0x000002765919cf00} 'invoke' '(Ljava/lang/Object;[Ljava/lang/Object;)Ljava/lang/Object;' in 'jdk/internal/reflect/DirectMethodHandleAccessor')}
  0x000002762b74e760: 0049 baf8 | ce19 5976 | 0200 004c | 8954 2408 | 48c7 0424 | ffff ffff 

  0x000002762b74e778: ;   {runtime_call counter_overflow Runtime1 stub}
  0x000002762b74e778: e803 de99 

  0x000002762b74e77c: ; ImmutableOopMap {rdx=Oop r8=Oop r9=Oop [176]=Oop [184]=Oop [192]=Oop }
                      ;*synchronization entry
                      ; - jdk.internal.reflect.DirectMethodHandleAccessor::invoke@-1
  0x000002762b74e77c: 0fe9 3cdc 

  0x000002762b74e780: ;   {metadata({method} {0x00000276593c8780} 'isStatic' '()Z' in 'jdk/internal/reflect/DirectMethodHandleAccessor')}
  0x000002762b74e780: ffff 49ba | 7887 3c59 | 7602 0000 | 4c89 5424 | 0848 c704 | 24ff ffff 

  0x000002762b74e798: ;   {runtime_call counter_overflow Runtime1 stub}
  0x000002762b74e798: ffe8 e2dd 

  0x000002762b74e79c: ; ImmutableOopMap {rdx=Oop r8=Oop r9=Oop [176]=Oop [184]=Oop [192]=Oop }
                      ;*synchronization entry
                      ; - jdk.internal.reflect.DirectMethodHandleAccessor::isStatic@-1
                      ; - jdk.internal.reflect.DirectMethodHandleAccessor::invoke@1
  0x000002762b74e79c: 990f e957 

  0x000002762b74e7a0: ;   {metadata({method} {0x00000276593c86d0} 'checkReceiver' '(Ljava/lang/Object;)V' in 'jdk/internal/reflect/DirectMethodHandleAccessor')}
  0x000002762b74e7a0: dcff ff49 | bac8 863c | 5976 0200 | 004c 8954 | 2408 48c7 | 0424 ffff 

  0x000002762b74e7b8: ;   {runtime_call counter_overflow Runtime1 stub}
  0x000002762b74e7b8: ffff e8c1 

  0x000002762b74e7bc: ; ImmutableOopMap {rdx=Oop r8=Oop [176]=Oop [184]=Oop [192]=Oop }
                      ;*synchronization entry
                      ; - jdk.internal.reflect.DirectMethodHandleAccessor::checkReceiver@-1
                      ; - jdk.internal.reflect.DirectMethodHandleAccessor::invoke@9
  0x000002762b74e7bc: dd99 0fe9 | fddc ffff 

  0x000002762b74e7c4: ;   {runtime_call throw_null_pointer_exception Runtime1 stub}
  0x000002762b74e7c4: e857 8d90 

  0x000002762b74e7c8: ; ImmutableOopMap {rdx=Oop r8=Oop rsi=Oop [176]=Oop [184]=Oop [192]=Oop }
                      ;*invokevirtual getClass {reexecute=0 rethrow=0 return_oop=0}
                      ; - jdk.internal.reflect.DirectMethodHandleAccessor::checkReceiver@5
                      ; - jdk.internal.reflect.DirectMethodHandleAccessor::invoke@9
                      ;   {runtime_call throw_null_pointer_exception Runtime1 stub}
  0x000002762b74e7c8: 0fe8 528d 

  0x000002762b74e7cc: ; ImmutableOopMap {rdx=Oop r8=Oop rsi=Oop rdi=Oop [176]=Oop [184]=Oop [192]=Oop }
                      ;*invokevirtual isAssignableFrom {reexecute=0 rethrow=0 return_oop=0}
                      ; - jdk.internal.reflect.DirectMethodHandleAccessor::checkReceiver@8
                      ; - jdk.internal.reflect.DirectMethodHandleAccessor::invoke@9
                      ;   {metadata({method} {0x00000276593c8518} 'invokeImpl' '(Ljava/lang/Object;[Ljava/lang/Object;)Ljava/lang/Object;' in 'jdk/internal/reflect/DirectMethodHandleAccessor')}
  0x000002762b74e7cc: 900f 49ba | 1085 3c59 | 7602 0000 | 4c89 5424 | 0848 c704 | 24ff ffff 

  0x000002762b74e7e4: ;   {runtime_call counter_overflow Runtime1 stub}
  0x000002762b74e7e4: ffe8 96dd 

  0x000002762b74e7e8: ; ImmutableOopMap {rdx=Oop [176]=Oop [184]=Oop [192]=Oop }
                      ;*synchronization entry
                      ; - jdk.internal.reflect.DirectMethodHandleAccessor::invokeImpl@-1
                      ; - jdk.internal.reflect.DirectMethodHandleAccessor::invoke@23
  0x000002762b74e7e8: 990f e9e1 

  0x000002762b74e7ec: ;   {metadata({method} {0x00000276590ae518} 'invokeExact_MT' '(Ljava/lang/Object;Ljava/lang/Object;Ljava/lang/Object;Ljava/lang/Object;)Ljava/lang/Object;' in 'java/lang/invoke/Invokers$Holder')}
  0x000002762b74e7ec: ddff ff49 | ba10 e50a | 5976 0200 | 004c 8954 | 2408 48c7 | 0424 ffff 

  0x000002762b74e804: ;   {runtime_call counter_overflow Runtime1 stub}
  0x000002762b74e804: ffff e875 

  0x000002762b74e808: ; ImmutableOopMap {rdx=Oop r8=Oop rsi=Oop [176]=Oop [184]=Oop [192]=Oop [200]=Oop }
                      ;*synchronization entry
                      ; - java.lang.invoke.Invokers$Holder::invokeExact_MT@-1
                      ; - jdk.internal.reflect.DirectMethodHandleAccessor::invokeImpl@104
                      ; - jdk.internal.reflect.DirectMethodHandleAccessor::invoke@23
  0x000002762b74e808: dd99 0fe9 | 3cdf ffff 

  0x000002762b74e810: ;   {metadata({method} {0x00000276593dc408} 'checkExactType' '(Ljava/lang/invoke/MethodHandle;Ljava/lang/invoke/MethodType;)V' in 'java/lang/invoke/Invokers')}
  0x000002762b74e810: 49ba 00c4 | 3d59 7602 | 0000 4c89 | 5424 0848 | c704 24ff 

  0x000002762b74e824: ;   {runtime_call counter_overflow Runtime1 stub}
  0x000002762b74e824: ffff ffe8 

  0x000002762b74e828: ; ImmutableOopMap {rdx=Oop r8=Oop rsi=Oop rbx=Oop [176]=Oop [184]=Oop [192]=Oop [200]=Oop }
                      ;*synchronization entry
                      ; - java.lang.invoke.Invokers::checkExactType@-1
                      ; - java.lang.invoke.Invokers$Holder::invokeExact_MT@10
                      ; - jdk.internal.reflect.DirectMethodHandleAccessor::invokeImpl@104
                      ; - jdk.internal.reflect.DirectMethodHandleAccessor::invoke@23
  0x000002762b74e828: 54dd 990f | e990 dfff 

  0x000002762b74e830: ;   {runtime_call throw_null_pointer_exception Runtime1 stub}
  0x000002762b74e830: ffe8 ea8c 

  0x000002762b74e834: ; ImmutableOopMap {rdx=Oop r8=Oop rsi=Oop rbx=Oop [176]=Oop [184]=Oop [192]=Oop [200]=Oop }
                      ;*invokevirtual type {reexecute=0 rethrow=0 return_oop=0}
                      ; - java.lang.invoke.Invokers::checkExactType@1
                      ; - java.lang.invoke.Invokers$Holder::invokeExact_MT@10
                      ; - jdk.internal.reflect.DirectMethodHandleAccessor::invokeImpl@104
                      ; - jdk.internal.reflect.DirectMethodHandleAccessor::invoke@23
                      ;   {metadata({method} {0x00000276593dc300} 'checkCustomized' '(Ljava/lang/invoke/MethodHandle;)V' in 'java/lang/invoke/Invokers')}
  0x000002762b74e834: 900f 49ba | f8c2 3d59 | 7602 0000 | 4c89 5424 | 0848 c704 | 24ff ffff 

  0x000002762b74e84c: ;   {runtime_call counter_overflow Runtime1 stub}
  0x000002762b74e84c: ffe8 2edd 

  0x000002762b74e850: ; ImmutableOopMap {rdx=Oop r8=Oop rsi=Oop [176]=Oop [184]=Oop [192]=Oop [200]=Oop }
                      ;*synchronization entry
                      ; - java.lang.invoke.Invokers::checkCustomized@-1
                      ; - java.lang.invoke.Invokers$Holder::invokeExact_MT@14
                      ; - jdk.internal.reflect.DirectMethodHandleAccessor::invokeImpl@104
                      ; - jdk.internal.reflect.DirectMethodHandleAccessor::invoke@23
  0x000002762b74e850: 990f e96f 

  0x000002762b74e854: ;   {metadata({method} {0x00000276590944d8} 'isCompileConstant' '(Ljava/lang/Object;)Z' in 'java/lang/invoke/MethodHandleImpl')}
  0x000002762b74e854: e0ff ff49 | bad0 4409 | 5976 0200 | 004c 8954 | 2408 48c7 | 0424 ffff 

  0x000002762b74e86c: ;   {runtime_call counter_overflow Runtime1 stub}
  0x000002762b74e86c: ffff e80d 

  0x000002762b74e870: ; ImmutableOopMap {rdx=Oop r8=Oop rsi=Oop [176]=Oop [184]=Oop [192]=Oop [200]=Oop }
                      ;*synchronization entry
                      ; - java.lang.invoke.MethodHandleImpl::isCompileConstant@-1
                      ; - java.lang.invoke.Invokers::checkCustomized@1
                      ; - java.lang.invoke.Invokers$Holder::invokeExact_MT@14
                      ; - jdk.internal.reflect.DirectMethodHandleAccessor::invokeImpl@104
                      ; - jdk.internal.reflect.DirectMethodHandleAccessor::invoke@23
  0x000002762b74e870: dd99 0fe9 | 87e0 ffff 

  0x000002762b74e878: ;   {runtime_call throw_null_pointer_exception Runtime1 stub}
  0x000002762b74e878: e8a3 8c90 

  0x000002762b74e87c: ; ImmutableOopMap {rdx=Oop r8=Oop rsi=Oop [176]=Oop [184]=Oop [192]=Oop [200]=Oop }
                      ;*getfield customized {reexecute=1 rethrow=0 return_oop=0}
                      ; - (reexecute) java.lang.invoke.Invokers::checkCustomized@12
                      ; - java.lang.invoke.Invokers$Holder::invokeExact_MT@14
                      ; - jdk.internal.reflect.DirectMethodHandleAccessor::invokeImpl@104
                      ; - jdk.internal.reflect.DirectMethodHandleAccessor::invoke@23
                      ;   {internal_word}
  0x000002762b74e87c: 0f49 ba9d | ca74 2b76 | 0200 004d | 8997 6804 

  0x000002762b74e88c: ;   {runtime_call SafepointBlob}
  0x000002762b74e88c: 0000 e9ed 

  0x000002762b74e890: ;   {runtime_call throw_null_pointer_exception Runtime1 stub}
  0x000002762b74e890: 808b 0fe8 

  0x000002762b74e894: ; ImmutableOopMap {rdx=Oop r9=Oop r8=Oop rsi=Oop [176]=Oop [184]=Oop [192]=Oop [216]=Oop }
                      ;*aaload {reexecute=0 rethrow=0 return_oop=0}
                      ; - jdk.internal.reflect.DirectMethodHandleAccessor::invokeImpl@85
                      ; - jdk.internal.reflect.DirectMethodHandleAccessor::invoke@23
  0x000002762b74e894: 888c 900f 

  0x000002762b74e898: ;   {runtime_call throw_null_pointer_exception Runtime1 stub}
  0x000002762b74e898: e883 8c90 

  0x000002762b74e89c: ; ImmutableOopMap {rdx=Oop r9=Oop r8=Oop rsi=Oop [176]=Oop [184]=Oop [192]=Oop [216]=Oop }
                      ;*aaload {reexecute=0 rethrow=0 return_oop=0}
                      ; - jdk.internal.reflect.DirectMethodHandleAccessor::invokeImpl@85
                      ; - jdk.internal.reflect.DirectMethodHandleAccessor::invoke@23
  0x000002762b74e89c: 0f48 c704 | 2400 0000 | 004c 894c 

  0x000002762b74e8a8: ;   {runtime_call throw_range_check_failed Runtime1 stub}
  0x000002762b74e8a8: 2408 e871 

  0x000002762b74e8ac: ; ImmutableOopMap {rdx=Oop r9=Oop r8=Oop rsi=Oop [176]=Oop [184]=Oop [192]=Oop [216]=Oop }
                      ;*aaload {reexecute=0 rethrow=0 return_oop=0}
                      ; - jdk.internal.reflect.DirectMethodHandleAccessor::invokeImpl@85
                      ; - jdk.internal.reflect.DirectMethodHandleAccessor::invoke@23
  0x000002762b74e8ac: 9590 0f48 | c704 2401 | 0000 004c | 894c 2408 

  0x000002762b74e8bc: ;   {runtime_call throw_range_check_failed Runtime1 stub}
  0x000002762b74e8bc: e85f 9590 

  0x000002762b74e8c0: ; ImmutableOopMap {rdx=Oop r9=Oop r8=Oop rsi=Oop rdi=Oop [176]=Oop [184]=Oop [192]=Oop [208]=Oop [216]=Oop }
                      ;*aaload {reexecute=0 rethrow=0 return_oop=0}
                      ; - jdk.internal.reflect.DirectMethodHandleAccessor::invokeImpl@88
                      ; - jdk.internal.reflect.DirectMethodHandleAccessor::invoke@23
  0x000002762b74e8c0: 0f48 c704 | 2402 0000 | 004c 894c 

  0x000002762b74e8cc: ;   {runtime_call throw_range_check_failed Runtime1 stub}
  0x000002762b74e8cc: 2408 e84d 

  0x000002762b74e8d0: ; ImmutableOopMap {rdx=Oop r9=Oop r8=Oop rsi=Oop rdi=Oop rbx=Oop [176]=Oop [184]=Oop [192]=Oop [208]=Oop [216]=Oop [224]=Oop }
                      ;*aaload {reexecute=0 rethrow=0 return_oop=0}
                      ; - jdk.internal.reflect.DirectMethodHandleAccessor::invokeImpl@91
                      ; - jdk.internal.reflect.DirectMethodHandleAccessor::invoke@23
                      ;   {metadata({method} {0x000002769a6eeab8} 'invokeExact_MT' '(Ljava/lang/Object;Ljava/lang/Object;Ljava/lang/Object;Ljava/lang/Object;Ljava/lang/Object;Ljava/lang/Object;)Ljava/lang/Object;' in 'java/lang/invoke/LambdaForm$MH+0x000002765a0f4c00')}
  0x000002762b74e8d0: 9590 0f49 | bab0 ea6e | 9a76 0200 | 004c 8954 | 2408 48c7 | 0424 ffff 

  0x000002762b74e8e8: ;   {runtime_call counter_overflow Runtime1 stub}
  0x000002762b74e8e8: ffff e891 

  0x000002762b74e8ec: ; ImmutableOopMap {rdx=Oop r8=Oop rsi=Oop rdi=Oop rbx=Oop rax=Oop [176]=Oop [192]=Oop [208]=Oop [216]=Oop [224]=Oop [232]=Oop }
                      ;*synchronization entry
                      ; - java.lang.invoke.LambdaForm$MH/0x000002765a0f4c00::invokeExact_MT@-1
                      ; - jdk.internal.reflect.DirectMethodHandleAccessor::invokeImpl@92
                      ; - jdk.internal.reflect.DirectMethodHandleAccessor::invoke@23
  0x000002762b74e8ec: dc99 0fe9 | 9de3 ffff 

  0x000002762b74e8f4: ;   {metadata({method} {0x00000276593dc408} 'checkExactType' '(Ljava/lang/invoke/MethodHandle;Ljava/lang/invoke/MethodType;)V' in 'java/lang/invoke/Invokers')}
  0x000002762b74e8f4: 49ba 00c4 | 3d59 7602 | 0000 4c89 | 5424 0848 | c704 24ff 

  0x000002762b74e908: ;   {runtime_call counter_overflow Runtime1 stub}
  0x000002762b74e908: ffff ffe8 

  0x000002762b74e90c: ; ImmutableOopMap {rdx=Oop r8=Oop rsi=Oop rdi=Oop rbx=Oop rax=Oop r9=Oop [176]=Oop [192]=Oop [208]=Oop [216]=Oop [224]=Oop [232]=Oop }
                      ;*synchronization entry
                      ; - java.lang.invoke.Invokers::checkExactType@-1
                      ; - java.lang.invoke.LambdaForm$MH/0x000002765a0f4c00::invokeExact_MT@11
                      ; - jdk.internal.reflect.DirectMethodHandleAccessor::invokeImpl@92
                      ; - jdk.internal.reflect.DirectMethodHandleAccessor::invoke@23
  0x000002762b74e90c: 70dc 990f | e945 e4ff 

  0x000002762b74e914: ;   {runtime_call throw_null_pointer_exception Runtime1 stub}
  0x000002762b74e914: ffe8 068c 

  0x000002762b74e918: ; ImmutableOopMap {rdx=Oop r8=Oop rsi=Oop rdi=Oop rbx=Oop rax=Oop r9=Oop [176]=Oop [192]=Oop [208]=Oop [216]=Oop [224]=Oop [232]=Oop }
                      ;*invokevirtual type {reexecute=0 rethrow=0 return_oop=0}
                      ; - java.lang.invoke.Invokers::checkExactType@1
                      ; - java.lang.invoke.LambdaForm$MH/0x000002765a0f4c00::invokeExact_MT@11
                      ; - jdk.internal.reflect.DirectMethodHandleAccessor::invokeImpl@92
                      ; - jdk.internal.reflect.DirectMethodHandleAccessor::invoke@23
                      ;   {metadata({method} {0x00000276593dc300} 'checkCustomized' '(Ljava/lang/invoke/MethodHandle;)V' in 'java/lang/invoke/Invokers')}
  0x000002762b74e918: 900f 49ba | f8c2 3d59 | 7602 0000 | 4c89 5424 | 0848 c704 | 24ff ffff 

  0x000002762b74e930: ;   {runtime_call counter_overflow Runtime1 stub}
  0x000002762b74e930: ffe8 4adc 

  0x000002762b74e934: ; ImmutableOopMap {rdx=Oop r8=Oop rsi=Oop rdi=Oop rbx=Oop rax=Oop [176]=Oop [192]=Oop [208]=Oop [216]=Oop [224]=Oop [232]=Oop }
                      ;*synchronization entry
                      ; - java.lang.invoke.Invokers::checkCustomized@-1
                      ; - java.lang.invoke.LambdaForm$MH/0x000002765a0f4c00::invokeExact_MT@15
                      ; - jdk.internal.reflect.DirectMethodHandleAccessor::invokeImpl@92
                      ; - jdk.internal.reflect.DirectMethodHandleAccessor::invoke@23
  0x000002762b74e934: 990f e986 

  0x000002762b74e938: ;   {metadata({method} {0x00000276590944d8} 'isCompileConstant' '(Ljava/lang/Object;)Z' in 'java/lang/invoke/MethodHandleImpl')}
  0x000002762b74e938: e5ff ff49 | bad0 4409 | 5976 0200 | 004c 8954 | 2408 48c7 | 0424 ffff 

  0x000002762b74e950: ;   {runtime_call counter_overflow Runtime1 stub}
  0x000002762b74e950: ffff e829 

  0x000002762b74e954: ; ImmutableOopMap {rdx=Oop r8=Oop rsi=Oop rdi=Oop rbx=Oop rax=Oop [176]=Oop [192]=Oop [208]=Oop [216]=Oop [224]=Oop [232]=Oop }
                      ;*synchronization entry
                      ; - java.lang.invoke.MethodHandleImpl::isCompileConstant@-1
                      ; - java.lang.invoke.Invokers::checkCustomized@1
                      ; - java.lang.invoke.LambdaForm$MH/0x000002765a0f4c00::invokeExact_MT@15
                      ; - jdk.internal.reflect.DirectMethodHandleAccessor::invokeImpl@92
                      ; - jdk.internal.reflect.DirectMethodHandleAccessor::invoke@23
  0x000002762b74e954: dc99 0fe9 | a3e5 ffff 

  0x000002762b74e95c: ;   {runtime_call throw_null_pointer_exception Runtime1 stub}
  0x000002762b74e95c: e8bf 8b90 

  0x000002762b74e960: ; ImmutableOopMap {rdx=Oop r8=Oop rsi=Oop rdi=Oop rbx=Oop rax=Oop [176]=Oop [192]=Oop [208]=Oop [216]=Oop [224]=Oop [232]=Oop }
                      ;*getfield customized {reexecute=1 rethrow=0 return_oop=0}
                      ; - (reexecute) java.lang.invoke.Invokers::checkCustomized@12
                      ; - java.lang.invoke.LambdaForm$MH/0x000002765a0f4c00::invokeExact_MT@15
                      ; - jdk.internal.reflect.DirectMethodHandleAccessor::invokeImpl@92
                      ; - jdk.internal.reflect.DirectMethodHandleAccessor::invoke@23
                      ;   {internal_word}
  0x000002762b74e960: 0f49 ba84 | d174 2b76 | 0200 004d | 8997 6804 

  0x000002762b74e970: ;   {runtime_call SafepointBlob}
  0x000002762b74e970: 0000 e909 

  0x000002762b74e974: ;   {runtime_call throw_null_pointer_exception Runtime1 stub}
  0x000002762b74e974: 808b 0fe8 

  0x000002762b74e978: ; ImmutableOopMap {rdx=Oop r9=Oop r8=Oop rsi=Oop [176]=Oop [184]=Oop [192]=Oop [248]=Oop }
                      ;*aaload {reexecute=0 rethrow=0 return_oop=0}
                      ; - jdk.internal.reflect.DirectMethodHandleAccessor::invokeImpl@68
                      ; - jdk.internal.reflect.DirectMethodHandleAccessor::invoke@23
  0x000002762b74e978: a48b 900f 

  0x000002762b74e97c: ;   {runtime_call throw_null_pointer_exception Runtime1 stub}
  0x000002762b74e97c: e89f 8b90 

  0x000002762b74e980: ; ImmutableOopMap {rdx=Oop r9=Oop r8=Oop rsi=Oop [176]=Oop [184]=Oop [192]=Oop [248]=Oop }
                      ;*aaload {reexecute=0 rethrow=0 return_oop=0}
                      ; - jdk.internal.reflect.DirectMethodHandleAccessor::invokeImpl@68
                      ; - jdk.internal.reflect.DirectMethodHandleAccessor::invoke@23
  0x000002762b74e980: 0f48 c704 | 2400 0000 | 004c 894c 

  0x000002762b74e98c: ;   {runtime_call throw_range_check_failed Runtime1 stub}
  0x000002762b74e98c: 2408 e88d 

  0x000002762b74e990: ; ImmutableOopMap {rdx=Oop r9=Oop r8=Oop rsi=Oop [176]=Oop [184]=Oop [192]=Oop [248]=Oop }
                      ;*aaload {reexecute=0 rethrow=0 return_oop=0}
                      ; - jdk.internal.reflect.DirectMethodHandleAccessor::invokeImpl@68
                      ; - jdk.internal.reflect.DirectMethodHandleAccessor::invoke@23
  0x000002762b74e990: 9490 0f48 | c704 2401 | 0000 004c | 894c 2408 

  0x000002762b74e9a0: ;   {runtime_call throw_range_check_failed Runtime1 stub}
  0x000002762b74e9a0: e87b 9490 

  0x000002762b74e9a4: ; ImmutableOopMap {rdx=Oop r9=Oop r8=Oop rsi=Oop rdi=Oop [176]=Oop [184]=Oop [192]=Oop [240]=Oop [248]=Oop }
                      ;*aaload {reexecute=0 rethrow=0 return_oop=0}
                      ; - jdk.internal.reflect.DirectMethodHandleAccessor::invokeImpl@71
                      ; - jdk.internal.reflect.DirectMethodHandleAccessor::invoke@23
                      ;   {metadata({method} {0x000002769a4052b8} 'invokeExact_MT' '(Ljava/lang/Object;Ljava/lang/Object;Ljava/lang/Object;Ljava/lang/Object;Ljava/lang/Object;)Ljava/lang/Object;' in 'java/lang/invoke/LambdaForm$MH+0x000002765a002800')}
  0x000002762b74e9a4: 0f49 bab0 | 5240 9a76 | 0200 004c | 8954 2408 | 48c7 0424 | ffff ffff 

  0x000002762b74e9bc: ;   {runtime_call counter_overflow Runtime1 stub}
  0x000002762b74e9bc: e8bf db99 

  0x000002762b74e9c0: ; ImmutableOopMap {rdx=Oop r8=Oop rsi=Oop rdi=Oop rbx=Oop [176]=Oop [192]=Oop [240]=Oop [248]=Oop [256]=Oop }
                      ;*synchronization entry
                      ; - java.lang.invoke.LambdaForm$MH/0x000002765a002800::invokeExact_MT@-1
                      ; - jdk.internal.reflect.DirectMethodHandleAccessor::invokeImpl@72
                      ; - jdk.internal.reflect.DirectMethodHandleAccessor::invoke@23
  0x000002762b74e9c0: 0fe9 8ee9 

  0x000002762b74e9c4: ;   {metadata({method} {0x00000276593dc408} 'checkExactType' '(Ljava/lang/invoke/MethodHandle;Ljava/lang/invoke/MethodType;)V' in 'java/lang/invoke/Invokers')}
  0x000002762b74e9c4: ffff 49ba | 00c4 3d59 | 7602 0000 | 4c89 5424 | 0848 c704 | 24ff ffff 

  0x000002762b74e9dc: ;   {runtime_call counter_overflow Runtime1 stub}
  0x000002762b74e9dc: ffe8 9edb 

  0x000002762b74e9e0: ; ImmutableOopMap {rdx=Oop r8=Oop rsi=Oop rdi=Oop rbx=Oop rcx=Oop [176]=Oop [192]=Oop [240]=Oop [248]=Oop [256]=Oop }
                      ;*synchronization entry
                      ; - java.lang.invoke.Invokers::checkExactType@-1
                      ; - java.lang.invoke.LambdaForm$MH/0x000002765a002800::invokeExact_MT@11
                      ; - jdk.internal.reflect.DirectMethodHandleAccessor::invokeImpl@72
                      ; - jdk.internal.reflect.DirectMethodHandleAccessor::invoke@23
  0x000002762b74e9e0: 990f e934 

  0x000002762b74e9e4: ;   {runtime_call throw_null_pointer_exception Runtime1 stub}
  0x000002762b74e9e4: eaff ffe8 

  0x000002762b74e9e8: ; ImmutableOopMap {rdx=Oop r8=Oop rsi=Oop rdi=Oop rbx=Oop rcx=Oop [176]=Oop [192]=Oop [240]=Oop [248]=Oop [256]=Oop }
                      ;*invokevirtual type {reexecute=0 rethrow=0 return_oop=0}
                      ; - java.lang.invoke.Invokers::checkExactType@1
                      ; - java.lang.invoke.LambdaForm$MH/0x000002765a002800::invokeExact_MT@11
                      ; - jdk.internal.reflect.DirectMethodHandleAccessor::invokeImpl@72
                      ; - jdk.internal.reflect.DirectMethodHandleAccessor::invoke@23
  0x000002762b74e9e8: 348b 900f 

  0x000002762b74e9ec: ;   {metadata({method} {0x00000276593dc300} 'checkCustomized' '(Ljava/lang/invoke/MethodHandle;)V' in 'java/lang/invoke/Invokers')}
  0x000002762b74e9ec: 49ba f8c2 | 3d59 7602 | 0000 4c89 | 5424 0848 | c704 24ff 

  0x000002762b74ea00: ;   {runtime_call counter_overflow Runtime1 stub}
  0x000002762b74ea00: ffff ffe8 

  0x000002762b74ea04: ; ImmutableOopMap {rdx=Oop r8=Oop rsi=Oop rdi=Oop rbx=Oop [176]=Oop [192]=Oop [240]=Oop [248]=Oop [256]=Oop }
                      ;*synchronization entry
                      ; - java.lang.invoke.Invokers::checkCustomized@-1
                      ; - java.lang.invoke.LambdaForm$MH/0x000002765a002800::invokeExact_MT@15
                      ; - jdk.internal.reflect.DirectMethodHandleAccessor::invokeImpl@72
                      ; - jdk.internal.reflect.DirectMethodHandleAccessor::invoke@23
  0x000002762b74ea04: 78db 990f | e96e ebff 

  0x000002762b74ea0c: ;   {metadata({method} {0x00000276590944d8} 'isCompileConstant' '(Ljava/lang/Object;)Z' in 'java/lang/invoke/MethodHandleImpl')}
  0x000002762b74ea0c: ff49 bad0 | 4409 5976 | 0200 004c | 8954 2408 | 48c7 0424 | ffff ffff 

  0x000002762b74ea24: ;   {runtime_call counter_overflow Runtime1 stub}
  0x000002762b74ea24: e857 db99 

  0x000002762b74ea28: ; ImmutableOopMap {rdx=Oop r8=Oop rsi=Oop rdi=Oop rbx=Oop [176]=Oop [192]=Oop [240]=Oop [248]=Oop [256]=Oop }
                      ;*synchronization entry
                      ; - java.lang.invoke.MethodHandleImpl::isCompileConstant@-1
                      ; - java.lang.invoke.Invokers::checkCustomized@1
                      ; - java.lang.invoke.LambdaForm$MH/0x000002765a002800::invokeExact_MT@15
                      ; - jdk.internal.reflect.DirectMethodHandleAccessor::invokeImpl@72
                      ; - jdk.internal.reflect.DirectMethodHandleAccessor::invoke@23
  0x000002762b74ea28: 0fe9 86eb 

  0x000002762b74ea2c: ;   {runtime_call throw_null_pointer_exception Runtime1 stub}
  0x000002762b74ea2c: ffff e8ed 

  0x000002762b74ea30: ; ImmutableOopMap {rdx=Oop r8=Oop rsi=Oop rdi=Oop rbx=Oop [176]=Oop [192]=Oop [240]=Oop [248]=Oop [256]=Oop }
                      ;*getfield customized {reexecute=1 rethrow=0 return_oop=0}
                      ; - (reexecute) java.lang.invoke.Invokers::checkCustomized@12
                      ; - java.lang.invoke.LambdaForm$MH/0x000002765a002800::invokeExact_MT@15
                      ; - jdk.internal.reflect.DirectMethodHandleAccessor::invokeImpl@72
                      ; - jdk.internal.reflect.DirectMethodHandleAccessor::invoke@23
                      ;   {internal_word}
  0x000002762b74ea30: 8a90 0f49 | ba24 d874 | 2b76 0200 | 004d 8997 | 6804 0000 

  0x000002762b74ea44: ;   {runtime_call SafepointBlob}
  0x000002762b74ea44: e937 7f8b 

  0x000002762b74ea48: ;   {runtime_call throw_null_pointer_exception Runtime1 stub}
  0x000002762b74ea48: 0fe8 d28a 

  0x000002762b74ea4c: ; ImmutableOopMap {rdx=Oop r9=Oop r8=Oop rsi=Oop [176]=Oop [184]=Oop [192]=Oop [272]=Oop }
                      ;*aaload {reexecute=0 rethrow=0 return_oop=0}
                      ; - jdk.internal.reflect.DirectMethodHandleAccessor::invokeImpl@54
                      ; - jdk.internal.reflect.DirectMethodHandleAccessor::invoke@23
                      ;   {runtime_call throw_null_pointer_exception Runtime1 stub}
  0x000002762b74ea4c: 900f e8cd 

  0x000002762b74ea50: ; ImmutableOopMap {rdx=Oop r9=Oop r8=Oop rsi=Oop [176]=Oop [184]=Oop [192]=Oop [272]=Oop }
                      ;*aaload {reexecute=0 rethrow=0 return_oop=0}
                      ; - jdk.internal.reflect.DirectMethodHandleAccessor::invokeImpl@54
                      ; - jdk.internal.reflect.DirectMethodHandleAccessor::invoke@23
  0x000002762b74ea50: 8a90 0f48 | c704 2400 | 0000 004c | 894c 2408 

  0x000002762b74ea60: ;   {runtime_call throw_range_check_failed Runtime1 stub}
  0x000002762b74ea60: e8bb 9390 

  0x000002762b74ea64: ; ImmutableOopMap {rdx=Oop r9=Oop r8=Oop rsi=Oop [176]=Oop [184]=Oop [192]=Oop [272]=Oop }
                      ;*aaload {reexecute=0 rethrow=0 return_oop=0}
                      ; - jdk.internal.reflect.DirectMethodHandleAccessor::invokeImpl@54
                      ; - jdk.internal.reflect.DirectMethodHandleAccessor::invoke@23
                      ;   {metadata({method} {0x00000276590ae518} 'invokeExact_MT' '(Ljava/lang/Object;Ljava/lang/Object;Ljava/lang/Object;Ljava/lang/Object;)Ljava/lang/Object;' in 'java/lang/invoke/Invokers$Holder')}
  0x000002762b74ea64: 0f49 ba10 | e50a 5976 | 0200 004c | 8954 2408 | 48c7 0424 | ffff ffff 

  0x000002762b74ea7c: ;   {runtime_call counter_overflow Runtime1 stub}
  0x000002762b74ea7c: e8ff da99 

  0x000002762b74ea80: ; ImmutableOopMap {rdx=Oop r8=Oop rsi=Oop rdi=Oop [176]=Oop [192]=Oop [264]=Oop [272]=Oop }
                      ;*synchronization entry
                      ; - java.lang.invoke.Invokers$Holder::invokeExact_MT@-1
                      ; - jdk.internal.reflect.DirectMethodHandleAccessor::invokeImpl@55
                      ; - jdk.internal.reflect.DirectMethodHandleAccessor::invoke@23
  0x000002762b74ea80: 0fe9 bbee 

  0x000002762b74ea84: ;   {metadata({method} {0x00000276593dc408} 'checkExactType' '(Ljava/lang/invoke/MethodHandle;Ljava/lang/invoke/MethodType;)V' in 'java/lang/invoke/Invokers')}
  0x000002762b74ea84: ffff 49ba | 00c4 3d59 | 7602 0000 | 4c89 5424 | 0848 c704 | 24ff ffff 

  0x000002762b74ea9c: ;   {runtime_call counter_overflow Runtime1 stub}
  0x000002762b74ea9c: ffe8 deda 

  0x000002762b74eaa0: ; ImmutableOopMap {rdx=Oop r8=Oop rsi=Oop rdi=Oop rax=Oop [176]=Oop [192]=Oop [264]=Oop [272]=Oop }
                      ;*synchronization entry
                      ; - java.lang.invoke.Invokers::checkExactType@-1
                      ; - java.lang.invoke.Invokers$Holder::invokeExact_MT@10
                      ; - jdk.internal.reflect.DirectMethodHandleAccessor::invokeImpl@55
                      ; - jdk.internal.reflect.DirectMethodHandleAccessor::invoke@23
  0x000002762b74eaa0: 990f e910 

  0x000002762b74eaa4: ;   {runtime_call throw_null_pointer_exception Runtime1 stub}
  0x000002762b74eaa4: efff ffe8 

  0x000002762b74eaa8: ; ImmutableOopMap {rdx=Oop r8=Oop rsi=Oop rdi=Oop rax=Oop [176]=Oop [192]=Oop [264]=Oop [272]=Oop }
                      ;*invokevirtual type {reexecute=0 rethrow=0 return_oop=0}
                      ; - java.lang.invoke.Invokers::checkExactType@1
                      ; - java.lang.invoke.Invokers$Holder::invokeExact_MT@10
                      ; - jdk.internal.reflect.DirectMethodHandleAccessor::invokeImpl@55
                      ; - jdk.internal.reflect.DirectMethodHandleAccessor::invoke@23
  0x000002762b74eaa8: 748a 900f 

  0x000002762b74eaac: ;   {metadata({method} {0x00000276593dc300} 'checkCustomized' '(Ljava/lang/invoke/MethodHandle;)V' in 'java/lang/invoke/Invokers')}
  0x000002762b74eaac: 49ba f8c2 | 3d59 7602 | 0000 4c89 | 5424 0848 | c704 24ff 

  0x000002762b74eac0: ;   {runtime_call counter_overflow Runtime1 stub}
  0x000002762b74eac0: ffff ffe8 

  0x000002762b74eac4: ; ImmutableOopMap {rdx=Oop r8=Oop rsi=Oop rdi=Oop [176]=Oop [192]=Oop [264]=Oop [272]=Oop }
                      ;*synchronization entry
                      ; - java.lang.invoke.Invokers::checkCustomized@-1
                      ; - java.lang.invoke.Invokers$Holder::invokeExact_MT@14
                      ; - jdk.internal.reflect.DirectMethodHandleAccessor::invokeImpl@55
                      ; - jdk.internal.reflect.DirectMethodHandleAccessor::invoke@23
  0x000002762b74eac4: b8da 990f | e9ee efff 

  0x000002762b74eacc: ;   {metadata({method} {0x00000276590944d8} 'isCompileConstant' '(Ljava/lang/Object;)Z' in 'java/lang/invoke/MethodHandleImpl')}
  0x000002762b74eacc: ff49 bad0 | 4409 5976 | 0200 004c | 8954 2408 | 48c7 0424 | ffff ffff 

  0x000002762b74eae4: ;   {runtime_call counter_overflow Runtime1 stub}
  0x000002762b74eae4: e897 da99 

  0x000002762b74eae8: ; ImmutableOopMap {rdx=Oop r8=Oop rsi=Oop rdi=Oop [176]=Oop [192]=Oop [264]=Oop [272]=Oop }
                      ;*synchronization entry
                      ; - java.lang.invoke.MethodHandleImpl::isCompileConstant@-1
                      ; - java.lang.invoke.Invokers::checkCustomized@1
                      ; - java.lang.invoke.Invokers$Holder::invokeExact_MT@14
                      ; - jdk.internal.reflect.DirectMethodHandleAccessor::invokeImpl@55
                      ; - jdk.internal.reflect.DirectMethodHandleAccessor::invoke@23
  0x000002762b74eae8: 0fe9 05f0 

  0x000002762b74eaec: ;   {runtime_call throw_null_pointer_exception Runtime1 stub}
  0x000002762b74eaec: ffff e82d 

  0x000002762b74eaf0: ; ImmutableOopMap {rdx=Oop r8=Oop rsi=Oop rdi=Oop [176]=Oop [192]=Oop [264]=Oop [272]=Oop }
                      ;*getfield customized {reexecute=1 rethrow=0 return_oop=0}
                      ; - (reexecute) java.lang.invoke.Invokers::checkCustomized@12
                      ; - java.lang.invoke.Invokers$Holder::invokeExact_MT@14
                      ; - jdk.internal.reflect.DirectMethodHandleAccessor::invokeImpl@55
                      ; - jdk.internal.reflect.DirectMethodHandleAccessor::invoke@23
                      ;   {internal_word}
  0x000002762b74eaf0: 8a90 0f49 | ba9d dc74 | 2b76 0200 | 004d 8997 | 6804 0000 

  0x000002762b74eb04: ;   {runtime_call SafepointBlob}
  0x000002762b74eb04: e977 7e8b 

  0x000002762b74eb08: ;   {metadata({method} {0x00000276590ae5c8} 'invokeExact_MT' '(Ljava/lang/Object;Ljava/lang/Object;Ljava/lang/Object;)Ljava/lang/Object;' in 'java/lang/invoke/Invokers$Holder')}
  0x000002762b74eb08: 0f49 bac0 | e50a 5976 | 0200 004c | 8954 2408 | 48c7 0424 | ffff ffff 

  0x000002762b74eb20: ;   {runtime_call counter_overflow Runtime1 stub}
  0x000002762b74eb20: e85b da99 

  0x000002762b74eb24: ; ImmutableOopMap {rdx=Oop r8=Oop rsi=Oop [176]=Oop [192]=Oop [280]=Oop }
                      ;*synchronization entry
                      ; - java.lang.invoke.Invokers$Holder::invokeExact_MT@-1
                      ; - jdk.internal.reflect.DirectMethodHandleAccessor::invokeImpl@41
                      ; - jdk.internal.reflect.DirectMethodHandleAccessor::invoke@23
  0x000002762b74eb24: 0fe9 60f2 

  0x000002762b74eb28: ;   {metadata({method} {0x00000276593dc408} 'checkExactType' '(Ljava/lang/invoke/MethodHandle;Ljava/lang/invoke/MethodType;)V' in 'java/lang/invoke/Invokers')}
  0x000002762b74eb28: ffff 49ba | 00c4 3d59 | 7602 0000 | 4c89 5424 | 0848 c704 | 24ff ffff 

  0x000002762b74eb40: ;   {runtime_call counter_overflow Runtime1 stub}
  0x000002762b74eb40: ffe8 3ada 

  0x000002762b74eb44: ; ImmutableOopMap {rdx=Oop r8=Oop rsi=Oop rbx=Oop [176]=Oop [192]=Oop [280]=Oop }
                      ;*synchronization entry
                      ; - java.lang.invoke.Invokers::checkExactType@-1
                      ; - java.lang.invoke.Invokers$Holder::invokeExact_MT@10
                      ; - jdk.internal.reflect.DirectMethodHandleAccessor::invokeImpl@41
                      ; - jdk.internal.reflect.DirectMethodHandleAccessor::invoke@23
  0x000002762b74eb44: 990f e9b4 

  0x000002762b74eb48: ;   {runtime_call throw_null_pointer_exception Runtime1 stub}
  0x000002762b74eb48: f2ff ffe8 

  0x000002762b74eb4c: ; ImmutableOopMap {rdx=Oop r8=Oop rsi=Oop rbx=Oop [176]=Oop [192]=Oop [280]=Oop }
                      ;*invokevirtual type {reexecute=0 rethrow=0 return_oop=0}
                      ; - java.lang.invoke.Invokers::checkExactType@1
                      ; - java.lang.invoke.Invokers$Holder::invokeExact_MT@10
                      ; - jdk.internal.reflect.DirectMethodHandleAccessor::invokeImpl@41
                      ; - jdk.internal.reflect.DirectMethodHandleAccessor::invoke@23
  0x000002762b74eb4c: d089 900f 

  0x000002762b74eb50: ;   {metadata({method} {0x00000276593dc300} 'checkCustomized' '(Ljava/lang/invoke/MethodHandle;)V' in 'java/lang/invoke/Invokers')}
  0x000002762b74eb50: 49ba f8c2 | 3d59 7602 | 0000 4c89 | 5424 0848 | c704 24ff 

  0x000002762b74eb64: ;   {runtime_call counter_overflow Runtime1 stub}
  0x000002762b74eb64: ffff ffe8 

  0x000002762b74eb68: ; ImmutableOopMap {rdx=Oop r8=Oop rsi=Oop [176]=Oop [192]=Oop [280]=Oop }
                      ;*synchronization entry
                      ; - java.lang.invoke.Invokers::checkCustomized@-1
                      ; - java.lang.invoke.Invokers$Holder::invokeExact_MT@14
                      ; - jdk.internal.reflect.DirectMethodHandleAccessor::invokeImpl@41
                      ; - jdk.internal.reflect.DirectMethodHandleAccessor::invoke@23
  0x000002762b74eb68: 14da 990f | e993 f3ff 

  0x000002762b74eb70: ;   {metadata({method} {0x00000276590944d8} 'isCompileConstant' '(Ljava/lang/Object;)Z' in 'java/lang/invoke/MethodHandleImpl')}
  0x000002762b74eb70: ff49 bad0 | 4409 5976 | 0200 004c | 8954 2408 | 48c7 0424 | ffff ffff 

  0x000002762b74eb88: ;   {runtime_call counter_overflow Runtime1 stub}
  0x000002762b74eb88: e8f3 d999 

  0x000002762b74eb8c: ; ImmutableOopMap {rdx=Oop r8=Oop rsi=Oop [176]=Oop [192]=Oop [280]=Oop }
                      ;*synchronization entry
                      ; - java.lang.invoke.MethodHandleImpl::isCompileConstant@-1
                      ; - java.lang.invoke.Invokers::checkCustomized@1
                      ; - java.lang.invoke.Invokers$Holder::invokeExact_MT@14
                      ; - jdk.internal.reflect.DirectMethodHandleAccessor::invokeImpl@41
                      ; - jdk.internal.reflect.DirectMethodHandleAccessor::invoke@23
  0x000002762b74eb8c: 0fe9 abf3 

  0x000002762b74eb90: ;   {runtime_call throw_null_pointer_exception Runtime1 stub}
  0x000002762b74eb90: ffff e889 

  0x000002762b74eb94: ; ImmutableOopMap {rdx=Oop r8=Oop rsi=Oop [176]=Oop [192]=Oop [280]=Oop }
                      ;*getfield customized {reexecute=1 rethrow=0 return_oop=0}
                      ; - (reexecute) java.lang.invoke.Invokers::checkCustomized@12
                      ; - java.lang.invoke.Invokers$Holder::invokeExact_MT@14
                      ; - jdk.internal.reflect.DirectMethodHandleAccessor::invokeImpl@41
                      ; - jdk.internal.reflect.DirectMethodHandleAccessor::invoke@23
                      ;   {internal_word}
  0x000002762b74eb94: 8990 0f49 | ba85 e074 | 2b76 0200 | 004d 8997 | 6804 0000 

  0x000002762b74eba8: ;   {runtime_call SafepointBlob}
  0x000002762b74eba8: e9d3 7d8b 

  0x000002762b74ebac: ;   {runtime_call throw_null_pointer_exception Runtime1 stub}
  0x000002762b74ebac: 0fe8 6e89 

  0x000002762b74ebb0: ; ImmutableOopMap {rax=Oop [176]=Oop [192]=Oop [280]=Oop }
                      ;*athrow {reexecute=1 rethrow=0 return_oop=0}
                      ; - (reexecute) java.lang.invoke.Invokers::checkExactType@15
                      ; - java.lang.invoke.Invokers$Holder::invokeExact_MT@10
                      ; - jdk.internal.reflect.DirectMethodHandleAccessor::invokeImpl@41
                      ; - jdk.internal.reflect.DirectMethodHandleAccessor::invoke@23
                      ;   {runtime_call throw_null_pointer_exception Runtime1 stub}
  0x000002762b74ebb0: 900f e869 

  0x000002762b74ebb4: ; ImmutableOopMap {rax=Oop [176]=Oop [192]=Oop [264]=Oop [272]=Oop }
                      ;*athrow {reexecute=1 rethrow=0 return_oop=0}
                      ; - (reexecute) java.lang.invoke.Invokers::checkExactType@15
                      ; - java.lang.invoke.Invokers$Holder::invokeExact_MT@10
                      ; - jdk.internal.reflect.DirectMethodHandleAccessor::invokeImpl@55
                      ; - jdk.internal.reflect.DirectMethodHandleAccessor::invoke@23
                      ;   {runtime_call throw_null_pointer_exception Runtime1 stub}
  0x000002762b74ebb4: 8990 0fe8 

  0x000002762b74ebb8: ; ImmutableOopMap {rax=Oop [176]=Oop [192]=Oop [240]=Oop [248]=Oop [256]=Oop }
                      ;*athrow {reexecute=1 rethrow=0 return_oop=0}
                      ; - (reexecute) java.lang.invoke.Invokers::checkExactType@15
                      ; - java.lang.invoke.LambdaForm$MH/0x000002765a002800::invokeExact_MT@11
                      ; - jdk.internal.reflect.DirectMethodHandleAccessor::invokeImpl@72
                      ; - jdk.internal.reflect.DirectMethodHandleAccessor::invoke@23
  0x000002762b74ebb8: 6489 900f 

  0x000002762b74ebbc: ;   {runtime_call throw_null_pointer_exception Runtime1 stub}
  0x000002762b74ebbc: e85f 8990 

  0x000002762b74ebc0: ; ImmutableOopMap {rax=Oop [176]=Oop [192]=Oop [208]=Oop [216]=Oop [224]=Oop [232]=Oop }
                      ;*athrow {reexecute=1 rethrow=0 return_oop=0}
                      ; - (reexecute) java.lang.invoke.Invokers::checkExactType@15
                      ; - java.lang.invoke.LambdaForm$MH/0x000002765a0f4c00::invokeExact_MT@11
                      ; - jdk.internal.reflect.DirectMethodHandleAccessor::invokeImpl@92
                      ; - jdk.internal.reflect.DirectMethodHandleAccessor::invoke@23
                      ;   {runtime_call throw_null_pointer_exception Runtime1 stub}
  0x000002762b74ebc0: 0fe8 5a89 

  0x000002762b74ebc4: ; ImmutableOopMap {rax=Oop [176]=Oop [184]=Oop [192]=Oop [200]=Oop }
                      ;*athrow {reexecute=1 rethrow=0 return_oop=0}
                      ; - (reexecute) java.lang.invoke.Invokers::checkExactType@15
                      ; - java.lang.invoke.Invokers$Holder::invokeExact_MT@10
                      ; - jdk.internal.reflect.DirectMethodHandleAccessor::invokeImpl@104
                      ; - jdk.internal.reflect.DirectMethodHandleAccessor::invoke@23
                      ;   {metadata({method} {0x00000276593c84c0} 'isIllegalArgument' '(Ljava/lang/RuntimeException;)Z' in 'jdk/internal/reflect/DirectMethodHandleAccessor')}
  0x000002762b74ebc4: 900f 49ba | b884 3c59 | 7602 0000 | 4c89 5424 | 0848 c704 | 24ff ffff 

  0x000002762b74ebdc: ;   {runtime_call counter_overflow Runtime1 stub}
  0x000002762b74ebdc: ffe8 9ed9 

  0x000002762b74ebe0: ; ImmutableOopMap {rax=Oop }
                      ;*synchronization entry
                      ; - jdk.internal.reflect.DirectMethodHandleAccessor::isIllegalArgument@-1
                      ; - jdk.internal.reflect.DirectMethodHandleAccessor::invoke@58
  0x000002762b74ebe0: 990f e951 

  0x000002762b74ebe4: ;   {metadata({method} {0x00000276593c84c0} 'isIllegalArgument' '(Ljava/lang/RuntimeException;)Z' in 'jdk/internal/reflect/DirectMethodHandleAccessor')}
  0x000002762b74ebe4: f6ff ff49 | bab8 843c | 5976 0200 | 004c 8954 | 2408 48c7 | 0424 ffff 

  0x000002762b74ebfc: ;   {runtime_call counter_overflow Runtime1 stub}
  0x000002762b74ebfc: ffff e87d 

  0x000002762b74ec00: ; ImmutableOopMap {rax=Oop }
                      ;*synchronization entry
                      ; - jdk.internal.reflect.DirectMethodHandleAccessor::isIllegalArgument@-1
                      ; - jdk.internal.reflect.DirectMethodHandleAccessor::invoke@30
  0x000002762b74ec00: d999 0fe9 | ebf6 ffff 

  0x000002762b74ec08: ;   {metadata(nullptr)}
  0x000002762b74ec08: 48ba 0000 | 0000 0000 | 0000 b800 

  0x000002762b74ec14: ;   {runtime_call load_klass_patching Runtime1 stub}
  0x000002762b74ec14: 0f05 0ae8 

  0x000002762b74ec18: ; ImmutableOopMap {}
                      ;*new {reexecute=1 rethrow=0 return_oop=0}
                      ; - (reexecute) jdk.internal.reflect.DirectMethodHandleAccessor::invoke@36
  0x000002762b74ec18: e4c2 990f | e92f f7ff | ff48 8bd2 

  0x000002762b74ec24: ;   {runtime_call fast_new_instance Runtime1 stub}
  0x000002762b74ec24: e8d7 7c90 

  0x000002762b74ec28: ; ImmutableOopMap {}
                      ;*new {reexecute=0 rethrow=0 return_oop=0}
                      ; - jdk.internal.reflect.DirectMethodHandleAccessor::invoke@36
  0x000002762b74ec28: 0fe9 7af7 

  0x000002762b74ec2c: ;   {metadata(nullptr)}
  0x000002762b74ec2c: ffff 48ba | 0000 0000 | 0000 0000 | b800 0f05 

  0x000002762b74ec3c: ;   {runtime_call load_klass_patching Runtime1 stub}
  0x000002762b74ec3c: 0ae8 bec2 

  0x000002762b74ec40: ; ImmutableOopMap {r8=Oop }
                      ;*new {reexecute=1 rethrow=0 return_oop=0}
                      ; - (reexecute) jdk.internal.reflect.DirectMethodHandleAccessor::invoke@46
  0x000002762b74ec40: 990f e9b9 

  0x000002762b74ec44: ;   {runtime_call throw_null_pointer_exception Runtime1 stub}
  0x000002762b74ec44: f7ff ffe8 

  0x000002762b74ec48: ; ImmutableOopMap {r8=Oop }
                      ;*new {reexecute=0 rethrow=0 return_oop=0}
                      ; - jdk.internal.reflect.DirectMethodHandleAccessor::invoke@46
  0x000002762b74ec48: d488 900f 

  0x000002762b74ec4c: ;   {runtime_call fast_new_instance_init_check Runtime1 stub}
  0x000002762b74ec4c: 488b d2e8 

  0x000002762b74ec50: ; ImmutableOopMap {r8=Oop }
                      ;*new {reexecute=0 rethrow=0 return_oop=0}
                      ; - jdk.internal.reflect.DirectMethodHandleAccessor::invoke@46
  0x000002762b74ec50: ac78 900f | e90c f8ff 

  0x000002762b74ec58: ;   {metadata(nullptr)}
  0x000002762b74ec58: ff48 ba00 | 0000 0000 | 0000 00b8 | 000f 050a 

  0x000002762b74ec68: ;   {runtime_call load_klass_patching Runtime1 stub}
  0x000002762b74ec68: e893 c299 

  0x000002762b74ec6c: ; ImmutableOopMap {[288]=Oop }
                      ;*new {reexecute=1 rethrow=0 return_oop=0}
                      ; - (reexecute) jdk.internal.reflect.DirectMethodHandleAccessor::invoke@64
  0x000002762b74ec6c: 0fe9 36f8 | ffff 488b 

  0x000002762b74ec74: ;   {runtime_call fast_new_instance Runtime1 stub}
  0x000002762b74ec74: d2e8 867c 

  0x000002762b74ec78: ; ImmutableOopMap {[288]=Oop }
                      ;*new {reexecute=0 rethrow=0 return_oop=0}
                      ; - jdk.internal.reflect.DirectMethodHandleAccessor::invoke@64
  0x000002762b74ec78: 900f e981 

  0x000002762b74ec7c: ;   {metadata(nullptr)}
  0x000002762b74ec7c: f8ff ff48 | ba00 0000 | 0000 0000 | 00b8 000f 

  0x000002762b74ec8c: ;   {runtime_call load_klass_patching Runtime1 stub}
  0x000002762b74ec8c: 050a e86d 

  0x000002762b74ec90: ; ImmutableOopMap {r8=Oop }
                      ;*new {reexecute=1 rethrow=0 return_oop=0}
                      ; - (reexecute) jdk.internal.reflect.DirectMethodHandleAccessor::invoke@73
  0x000002762b74ec90: c299 0fe9 | c0f8 ffff 

  0x000002762b74ec98: ;   {runtime_call throw_null_pointer_exception Runtime1 stub}
  0x000002762b74ec98: e883 8890 

  0x000002762b74ec9c: ; ImmutableOopMap {r8=Oop }
                      ;*new {reexecute=0 rethrow=0 return_oop=0}
                      ; - jdk.internal.reflect.DirectMethodHandleAccessor::invoke@73
  0x000002762b74ec9c: 0f48 8bd2 

  0x000002762b74eca0: ;   {runtime_call fast_new_instance_init_check Runtime1 stub}
  0x000002762b74eca0: e85b 7890 

  0x000002762b74eca4: ; ImmutableOopMap {r8=Oop }
                      ;*new {reexecute=0 rethrow=0 return_oop=0}
                      ; - jdk.internal.reflect.DirectMethodHandleAccessor::invoke@73
  0x000002762b74eca4: 0fe9 13f9 

  0x000002762b74eca8: ;   {metadata(nullptr)}
  0x000002762b74eca8: ffff 48ba | 0000 0000 | 0000 0000 | b800 0f05 

  0x000002762b74ecb8: ;   {runtime_call load_klass_patching Runtime1 stub}
  0x000002762b74ecb8: 0ae8 42c2 

  0x000002762b74ecbc: ; ImmutableOopMap {[176]=Oop [184]=Oop [192]=Oop }
                      ;*new {reexecute=1 rethrow=0 return_oop=0}
                      ; - (reexecute) jdk.internal.reflect.DirectMethodHandleAccessor::checkReceiver@14
                      ; - jdk.internal.reflect.DirectMethodHandleAccessor::invoke@9
  0x000002762b74ecbc: 990f e93d | f9ff ff48 

  0x000002762b74ecc4: ;   {runtime_call fast_new_instance Runtime1 stub}
  0x000002762b74ecc4: 8bd2 e835 

  0x000002762b74ecc8: ; ImmutableOopMap {[176]=Oop [184]=Oop [192]=Oop }
                      ;*new {reexecute=0 rethrow=0 return_oop=0}
                      ; - jdk.internal.reflect.DirectMethodHandleAccessor::checkReceiver@14
                      ; - jdk.internal.reflect.DirectMethodHandleAccessor::invoke@9
  0x000002762b74ecc8: 7c90 0fe9 | 88f9 ffff 

  0x000002762b74ecd0: ;   {metadata(nullptr)}
  0x000002762b74ecd0: 48ba 0000 | 0000 0000 | 0000 b800 

  0x000002762b74ecdc: ;   {runtime_call load_klass_patching Runtime1 stub}
  0x000002762b74ecdc: 0f05 0ae8 

  0x000002762b74ece0: ; ImmutableOopMap {r8=Oop }
                      ;*new {reexecute=1 rethrow=0 return_oop=0}
                      ; - (reexecute) jdk.internal.reflect.DirectMethodHandleAccessor::invoke@83
  0x000002762b74ece0: 1cc2 990f | e9d7 f9ff 

  0x000002762b74ece8: ;   {runtime_call throw_null_pointer_exception Runtime1 stub}
  0x000002762b74ece8: ffe8 3288 

  0x000002762b74ecec: ; ImmutableOopMap {r8=Oop }
                      ;*new {reexecute=0 rethrow=0 return_oop=0}
                      ; - jdk.internal.reflect.DirectMethodHandleAccessor::invoke@83
  0x000002762b74ecec: 900f 488b 

  0x000002762b74ecf0: ;   {runtime_call fast_new_instance_init_check Runtime1 stub}
  0x000002762b74ecf0: d2e8 0a78 

  0x000002762b74ecf4: ; ImmutableOopMap {r8=Oop }
                      ;*new {reexecute=0 rethrow=0 return_oop=0}
                      ; - jdk.internal.reflect.DirectMethodHandleAccessor::invoke@83
  0x000002762b74ecf4: 900f e92a | faff ff49 | 8b87 0005 | 0000 49c7 | 8700 0500 | 0000 0000 | 0049 c787 | 0805 0000 
  0x000002762b74ed14: 0000 0000 | 4881 c470 | 0100 005d 

  0x000002762b74ed20: ;   {runtime_call unwind_exception Runtime1 stub}
  0x000002762b74ed20: e9db 9690 | 0ff4 f4f4 
[Stub Code]
  0x000002762b74ed28: ;   {no_reloc}
  0x000002762b74ed28: 0f1f 4400 

  0x000002762b74ed2c: ;   {static_stub}
  0x000002762b74ed2c: 0048 bb00 | 0000 0000 

  0x000002762b74ed34: ;   {runtime_call nmethod}
  0x000002762b74ed34: 0000 00e9 | fbff ffff 

  0x000002762b74ed3c: ;   {static_stub}
  0x000002762b74ed3c: 9048 bb00 | 0000 0000 

  0x000002762b74ed44: ;   {runtime_call nmethod}
  0x000002762b74ed44: 0000 00e9 | fbff ffff 

  0x000002762b74ed4c: ;   {static_stub}
  0x000002762b74ed4c: 9048 bb00 | 0000 0000 

  0x000002762b74ed54: ;   {runtime_call nmethod}
  0x000002762b74ed54: 0000 00e9 | fbff ffff 

  0x000002762b74ed5c: ;   {static_stub}
  0x000002762b74ed5c: 9048 bb00 | 0000 0000 

  0x000002762b74ed64: ;   {runtime_call nmethod}
  0x000002762b74ed64: 0000 00e9 | fbff ffff 

  0x000002762b74ed6c: ;   {static_stub}
  0x000002762b74ed6c: 9048 bb00 | 0000 0000 

  0x000002762b74ed74: ;   {runtime_call nmethod}
  0x000002762b74ed74: 0000 00e9 | fbff ffff 

  0x000002762b74ed7c: ;   {static_stub}
  0x000002762b74ed7c: 48bb 0000 | 0000 0000 

  0x000002762b74ed84: ;   {runtime_call nmethod}
  0x000002762b74ed84: 0000 e9fb 

  0x000002762b74ed88: ;   {static_stub}
  0x000002762b74ed88: ffff ff48 | bb00 0000 | 0000 0000 

  0x000002762b74ed94: ;   {runtime_call nmethod}
  0x000002762b74ed94: 00e9 fbff 

  0x000002762b74ed98: ;   {static_stub}
  0x000002762b74ed98: ffff 48bb | 0000 0000 | 0000 0000 

  0x000002762b74eda4: ;   {runtime_call nmethod}
  0x000002762b74eda4: e9fb ffff 

  0x000002762b74eda8: ;   {static_stub}
  0x000002762b74eda8: ff48 bb00 | 0000 0000 

  0x000002762b74edb0: ;   {runtime_call nmethod}
  0x000002762b74edb0: 0000 00e9 | fbff ffff 

  0x000002762b74edb8: ;   {static_stub}
  0x000002762b74edb8: 48bb 0000 | 0000 0000 

  0x000002762b74edc0: ;   {runtime_call nmethod}
  0x000002762b74edc0: 0000 e9fb 

  0x000002762b74edc4: ;   {static_stub}
  0x000002762b74edc4: ffff ff48 | bb00 0000 | 0000 0000 

  0x000002762b74edd0: ;   {runtime_call nmethod}
  0x000002762b74edd0: 00e9 fbff 

  0x000002762b74edd4: ;   {static_stub}
  0x000002762b74edd4: ffff 48bb | 0000 0000 | 0000 0000 

  0x000002762b74ede0: ;   {runtime_call nmethod}
  0x000002762b74ede0: e9fb ffff 

  0x000002762b74ede4: ;   {static_stub}
  0x000002762b74ede4: ff48 bb00 | 0000 0000 

  0x000002762b74edec: ;   {runtime_call nmethod}
  0x000002762b74edec: 0000 00e9 | fbff ffff 

  0x000002762b74edf4: ;   {static_stub}
  0x000002762b74edf4: 48bb 0000 | 0000 0000 

  0x000002762b74edfc: ;   {runtime_call nmethod}
  0x000002762b74edfc: 0000 e9fb 

  0x000002762b74ee00: ;   {static_stub}
  0x000002762b74ee00: ffff ff48 | bb08 843c | 5976 0200 

  0x000002762b74ee0c: ;   {runtime_call I2C/C2I adapters}
  0x000002762b74ee0c: 00e9 d413 

  0x000002762b74ee10: ;   {runtime_call handle_exception_from_callee Runtime1 stub}
  0x000002762b74ee10: 890f e8e9 

  0x000002762b74ee14: ;   {external_word}
  0x000002762b74ee14: 9a99 0f48 | b950 631c | 0cf9 7f00 | 0048 83e4 

  0x000002762b74ee24: ;   {runtime_call}
  0x000002762b74ee24: f048 b8c0 | c9de 0bf9 | 7f00 00ff 

  0x000002762b74ee30: ;   {section_word}
  0x000002762b74ee30: d0f4 49ba | 32ee 742b | 7602 0000 

  0x000002762b74ee3c: ;   {runtime_call DeoptimizationBlob}
  0x000002762b74ee3c: 4152 e9dd 

  0x000002762b74ee40: ;   {section_word}
  0x000002762b74ee40: 8f8b 0f49 | ba43 ee74 | 2b76 0200 

  0x000002762b74ee4c: ;   {runtime_call DeoptimizationBlob}
  0x000002762b74ee4c: 0041 52e9 | cc8f 8b0f | f4f4 f4f4 
[/MachCode]


Compiled method (c1) 247952 2535       3       java.lang.reflect.Method::invoke (108 bytes)
 total in heap  [0x000002762b74b310,0x000002762b74bd88] = 2680
 relocation     [0x000002762b74b470,0x000002762b74b530] = 192
 main code      [0x000002762b74b540,0x000002762b74bb28] = 1512
 stub code      [0x000002762b74bb28,0x000002762b74bbc0] = 152
 metadata       [0x000002762b74bbc0,0x000002762b74bbd0] = 16
 scopes data    [0x000002762b74bbd0,0x000002762b74bc90] = 192
 scopes pcs     [0x000002762b74bc90,0x000002762b74bd60] = 208
 dependencies   [0x000002762b74bd60,0x000002762b74bd68] = 8
 nul chk table  [0x000002762b74bd68,0x000002762b74bd88] = 32

[Constant Pool (empty)]

[MachCode]
[Entry Point]
  # {method} {0x0000027659044978} 'invoke' '(Ljava/lang/Object;[Ljava/lang/Object;)Ljava/lang/Object;' in 'java/lang/reflect/Method'
  # this:     rdx:rdx   = 'java/lang/reflect/Method'
  # parm0:    r8:r8     = 'java/lang/Object'
  # parm1:    r9:r9     = '[Ljava/lang/Object;'
  #           [sp+0x90]  (sp of caller)
  0x000002762b74b540: 448b 5208 | 49bb 0000 | 0059 7602 | 0000 4d03 | d34c 3bd0 

  0x000002762b74b554: ;   {runtime_call ic_miss_stub}
  0x000002762b74b554: 0f85 2634 | 8b0f 660f | 1f44 0000 
[Verified Entry Point]
  0x000002762b74b560: 8984 2400 | 80ff ff55 | 4881 ec80 | 0000 0090 | 4181 7f20 | 0100 0000 

  0x000002762b74b578: ;   {runtime_call StubRoutines (final stubs)}
  0x000002762b74b578: 7405 e861 | cd89 0f48 | 8954 2448 | 4c89 4424 

  0x000002762b74b588: ;   {metadata(method data for {method} {0x0000027659044978} 'invoke' '(Ljava/lang/Object;[Ljava/lang/Object;)Ljava/lang/Object;' in 'java/lang/reflect/Method')}
  0x000002762b74b588: 5048 bee0 | 5090 9a76 | 0200 008b | becc 0000 | 0083 c702 | 89be cc00 | 0000 81e7 | fe07 0000 
  0x000002762b74b5a8: 85ff 0f84 | ca04 0000 | 4c89 4c24 | 5848 8bf2 

  0x000002762b74b5b8: ;   {metadata(method data for {method} {0x0000027659044978} 'invoke' '(Ljava/lang/Object;[Ljava/lang/Object;)Ljava/lang/Object;' in 'java/lang/reflect/Method')}
  0x000002762b74b5b8: 48bf e050 | 909a 7602 | 0000 4883 | 8710 0100 | 0001 488b | f248 8bd6 | 0f1f 8000 

  0x000002762b74b5d4: ;   {optimized virtual_call}
  0x000002762b74b5d4: 0000 00e8 

  0x000002762b74b5d8: ; ImmutableOopMap {[72]=Oop [80]=Oop [88]=Oop }
                      ;*invokevirtual isCallerSensitive {reexecute=0 rethrow=0 return_oop=0}
                      ; - java.lang.reflect.Method::invoke@1
  0x000002762b74b5d8: 2463 f3ff 

  0x000002762b74b5dc: ;   {other}
  0x000002762b74b5dc: 0f1f 8400 | cc02 0000 | 488b 5424 | 480f be72 

  0x000002762b74b5ec: ;   {metadata(method data for {method} {0x0000027659044978} 'invoke' '(Ljava/lang/Object;[Ljava/lang/Object;)Ljava/lang/Object;' in 'java/lang/reflect/Method')}
  0x000002762b74b5ec: 0c85 f648 | bee0 5090 | 9a76 0200 | 0048 c7c7 | 4801 0000 | 7407 48c7 | c758 0100 | 0048 8b1c 
  0x000002762b74b60c: 3e48 8d5b | 0148 891c | 3e0f 8441 | 0000 0085 

  0x000002762b74b61c: ;   {metadata(method data for {method} {0x0000027659044978} 'invoke' '(Ljava/lang/Object;[Ljava/lang/Object;)Ljava/lang/Object;' in 'java/lang/reflect/Method')}
  0x000002762b74b61c: c048 bee0 | 5090 9a76 | 0200 0048 | c7c7 7801 | 0000 7507 | 48c7 c768 | 0100 0048 | 8b1c 3e48 
  0x000002762b74b63c: 8d5b 0148 | 891c 3e0f | 8513 0000 

  0x000002762b74b648: ;   {oop(nullptr)}
  0x000002762b74b648: 0048 bb00 | 0000 0000 | 0000 0089 | 4424 60e9 | 3000 0000 | 8944 2460 

  0x000002762b74b660: ;   {metadata(method data for {method} {0x0000027659044978} 'invoke' '(Ljava/lang/Object;[Ljava/lang/Object;)Ljava/lang/Object;' in 'java/lang/reflect/Method')}
  0x000002762b74b660: 48be e050 | 909a 7602 | 0000 4883 | 8688 0100 | 0001 0f1f 

  0x000002762b74b674: ;   {static_call}
  0x000002762b74b674: 4400 00e8 

  0x000002762b74b678: ; ImmutableOopMap {[72]=Oop [80]=Oop [88]=Oop }
                      ;*invokestatic getCallerClass {reexecute=0 rethrow=0 return_oop=0}
                      ; - java.lang.reflect.Method::invoke@19
  0x000002762b74b678: 0442 8b0f 

  0x000002762b74b67c: ;   {other}
  0x000002762b74b67c: 0f1f 8400 | 6c03 0001 | 488b d848 | 8b54 2448 | 440f be42 | 0c45 85c0 

  0x000002762b74b694: ;   {metadata(method data for {method} {0x0000027659044978} 'invoke' '(Ljava/lang/Object;[Ljava/lang/Object;)Ljava/lang/Object;' in 'java/lang/reflect/Method')}
  0x000002762b74b694: 49b8 e050 | 909a 7602 | 0000 49c7 | c1a8 0100 | 0074 0749 | c7c1 9801 | 0000 4b8b | 3c08 488d 
  0x000002762b74b6b4: 7f01 4b89 | 3c08 0f84 | 0a00 0000 | 4889 5c24 | 68e9 5f01 | 0000 448b | 4a24 49c1 | e103 8b72 
  0x000002762b74b6d4: ;   {metadata(method data for {method} {0x0000027659044978} 'invoke' '(Ljava/lang/Object;[Ljava/lang/Object;)Ljava/lang/Object;' in 'java/lang/reflect/Method')}
  0x000002762b74b6d4: 2049 b8e0 | 5090 9a76 | 0200 0049 | 8380 b801 

  0x000002762b74b6e4: ;   {metadata(method data for {method} {0x00000276593defc0} 'isStatic' '(I)Z' in 'java/lang/reflect/Modifier')}
  0x000002762b74b6e4: 0000 0149 | b810 5911 | 9a76 0200 | 0041 8bb8 | cc00 0000 | 83c7 0241 | 89b8 cc00 | 0000 81e7 
  0x000002762b74b704: feff 1f00 | 85ff 0f84 | 8b03 0000 | 4c8b c641 | 83e0 0845 

  0x000002762b74b718: ;   {metadata(method data for {method} {0x00000276593defc0} 'isStatic' '(I)Z' in 'java/lang/reflect/Modifier')}
  0x000002762b74b718: 85c0 49b8 | 1059 119a | 7602 0000 | 48c7 c710 | 0100 0074 | 0748 c7c7 | 2001 0000 | 498b 0438 
  0x000002762b74b738: 488d 4001 | 4989 0438 | 0f84 1c00 

  0x000002762b74b744: ;   {metadata(method data for {method} {0x00000276593defc0} 'isStatic' '(I)Z' in 'java/lang/reflect/Modifier')}
  0x000002762b74b744: 0000 49b8 | 1059 119a | 7602 0000 | 41ff 8030 | 0100 0041 | b801 0000 | 00e9 0600 | 0000 41b8 
  0x000002762b74b764: 0000 0000 | 4183 e001 

  0x000002762b74b76c: ;   {metadata(method data for {method} {0x0000027659044978} 'invoke' '(Ljava/lang/Object;[Ljava/lang/Object;)Ljava/lang/Object;' in 'java/lang/reflect/Method')}
  0x000002762b74b76c: 4585 c049 | b8e0 5090 | 9a76 0200 | 0048 c7c7 | c801 0000 | 7407 48c7 | c7d8 0100 | 0049 8b04 
  0x000002762b74b78c: 3848 8d40 | 0149 8904 | 380f 8420 

  0x000002762b74b798: ;   {metadata(method data for {method} {0x0000027659044978} 'invoke' '(Ljava/lang/Object;[Ljava/lang/Object;)Ljava/lang/Object;' in 'java/lang/reflect/Method')}
  0x000002762b74b798: 0000 0049 | b8e0 5090 | 9a76 0200 | 0041 ff80 | e801 0000 

  0x000002762b74b7ac: ;   {oop(nullptr)}
  0x000002762b74b7ac: 48bf 0000 | 0000 0000 | 0000 e935 | 0000 004c | 8b44 2450 

  0x000002762b74b7c0: ; implicit exception: dispatches to 0x000002762b74babc
  0x000002762b74b7c0: 493b 0049 

  0x000002762b74b7c4: ;   {metadata(method data for {method} {0x0000027659044978} 'invoke' '(Ljava/lang/Object;[Ljava/lang/Object;)Ljava/lang/Object;' in 'java/lang/reflect/Method')}
  0x000002762b74b7c4: 8bf8 48b8 | e050 909a | 7602 0000 | 4883 8000 | 0200 0001 | 418b 7808 | 49ba 0000 | 0059 7602 
  0x000002762b74b7e4: 0000 4903 | fa48 8b7f | 7048 8b3f 

  0x000002762b74b7f0: ;   {metadata(method data for {method} {0x0000027659044978} 'invoke' '(Ljava/lang/Object;[Ljava/lang/Object;)Ljava/lang/Object;' in 'java/lang/reflect/Method')}
  0x000002762b74b7f0: 488b c248 | b9e0 5090 | 9a76 0200 | 0048 8381 | 3802 0000 | 014c 8bc3 | 488b ca48 | 8bd1 4889 
  0x000002762b74b810: 5c24 680f 

  0x000002762b74b814: ;   {optimized virtual_call}
  0x000002762b74b814: 1f40 00e8 

  0x000002762b74b818: ; ImmutableOopMap {[72]=Oop [80]=Oop [88]=Oop [104]=Oop }
                      ;*invokevirtual checkAccess {reexecute=0 rethrow=0 return_oop=0}
                      ; - java.lang.reflect.Method::invoke@60
  0x000002762b74b818: 6436 8b0f 

  0x000002762b74b81c: ;   {other}
  0x000002762b74b81c: 0f1f 8400 | 0c05 0002 | 488b 5424 | 488b 724c | 48c1 e603 

  0x000002762b74b830: ;   {metadata(method data for {method} {0x0000027659044978} 'invoke' '(Ljava/lang/Object;[Ljava/lang/Object;)Ljava/lang/Object;' in 'java/lang/reflect/Method')}
  0x000002762b74b830: 4885 f648 | bfe0 5090 | 9a76 0200 | 0048 c7c3 | 7002 0000 | 7507 48c7 | c380 0200 | 0048 8b04 
  0x000002762b74b850: 1f48 8d40 | 0148 8904 | 1f0f 8528 | 0000 0048 

  0x000002762b74b860: ;   {metadata(method data for {method} {0x0000027659044978} 'invoke' '(Ljava/lang/Object;[Ljava/lang/Object;)Ljava/lang/Object;' in 'java/lang/reflect/Method')}
  0x000002762b74b860: 8bf2 48bf | e050 909a | 7602 0000 | 4883 8790 | 0200 0001 

  0x000002762b74b874: ;   {optimized virtual_call}
  0x000002762b74b874: 6666 90e8 

  0x000002762b74b878: ; ImmutableOopMap {[80]=Oop [88]=Oop [104]=Oop }
                      ;*invokevirtual acquireMethodAccessor {reexecute=0 rethrow=0 return_oop=0}
                      ; - java.lang.reflect.Method::invoke@75
  0x000002762b74b878: fd02 0000 

  0x000002762b74b87c: ;   {other}
  0x000002762b74b87c: 0f1f 8400 | 6c05 0003 | 488b f08b | 4424 6085 

  0x000002762b74b88c: ;   {metadata(method data for {method} {0x0000027659044978} 'invoke' '(Ljava/lang/Object;[Ljava/lang/Object;)Ljava/lang/Object;' in 'java/lang/reflect/Method')}
  0x000002762b74b88c: c049 b8e0 | 5090 9a76 | 0200 0049 | c7c1 c802 | 0000 7407 | 49c7 c1d8 | 0200 004b | 8b3c 0848 
  0x000002762b74b8ac: 8d7f 014b | 893c 080f | 84ea 0000 | 0048 8b5c | 2468 483b | 064c 8bc6 

  0x000002762b74b8c4: ;   {metadata(method data for {method} {0x0000027659044978} 'invoke' '(Ljava/lang/Object;[Ljava/lang/Object;)Ljava/lang/Object;' in 'java/lang/reflect/Method')}
  0x000002762b74b8c4: 49b9 e050 | 909a 7602 | 0000 458b | 4008 49ba | 0000 0059 | 7602 0000 | 4d03 c24d | 3b81 f802 
  0x000002762b74b8e4: 0000 750d | 4983 8100 | 0300 0001 | e960 0000 | 004d 3b81 | 0803 0000 | 750d 4983 | 8110 0300 
  0x000002762b74b904: 0001 e94a | 0000 0049 | 83b9 f802 | 0000 0075 | 174d 8981 | f802 0000 | 49c7 8100 | 0300 0001 
  0x000002762b74b924: 0000 00e9 | 2900 0000 | 4983 b908 | 0300 0000 | 7517 4d89 | 8108 0300 | 0049 c781 | 1003 0000 
  0x000002762b74b944: 0100 0000 | e908 0000 | 0049 8381 | e802 0000 | 014c 8b44 | 2450 4c8b | 4c24 5848 | 8bfb 488b 
  0x000002762b74b964: d648 b8ff | ffff ffff 

  0x000002762b74b96c: ;   {virtual_call}
  0x000002762b74b96c: ffff ffe8 

  0x000002762b74b970: ; ImmutableOopMap {}
                      ;*invokeinterface invoke {reexecute=0 rethrow=0 return_oop=0}
                      ; - java.lang.reflect.Method::invoke@90
  0x000002762b74b970: 0c3a 8b0f 

  0x000002762b74b974: ;   {other}
  0x000002762b74b974: 0f1f 8400 | 6406 0004 

  0x000002762b74b97c: ;   {metadata(method data for {method} {0x0000027659044978} 'invoke' '(Ljava/lang/Object;[Ljava/lang/Object;)Ljava/lang/Object;' in 'java/lang/reflect/Method')}
  0x000002762b74b97c: 49b8 e050 | 909a 7602 | 0000 41ff | 8020 0300 | 0048 81c4 | 8000 0000 

  0x000002762b74b994: ;   {poll_return}
  0x000002762b74b994: 5d49 3ba7 | 5004 0000 | 0f87 2401 | 0000 c34c | 8b4c 2458 | 4c8b 4424 | 5048 3b06 

  0x000002762b74b9b0: ;   {metadata(method data for {method} {0x0000027659044978} 'invoke' '(Ljava/lang/Object;[Ljava/lang/Object;)Ljava/lang/Object;' in 'java/lang/reflect/Method')}
  0x000002762b74b9b0: 488b d648 | bfe0 5090 | 9a76 0200 | 008b 5208 | 49ba 0000 | 0059 7602 | 0000 4903 | d248 3b97 
  0x000002762b74b9d0: 4803 0000 | 750d 4883 | 8750 0300 | 0001 e960 | 0000 0048 | 3b97 5803 | 0000 750d | 4883 8760 
  0x000002762b74b9f0: 0300 0001 | e94a 0000 | 0048 83bf | 4803 0000 | 0075 1748 | 8997 4803 | 0000 48c7 | 8750 0300 
  0x000002762b74ba10: 0001 0000 | 00e9 2900 | 0000 4883 | bf58 0300 | 0000 7517 | 4889 9758 | 0300 0048 | c787 6003 
  0x000002762b74ba30: 0000 0100 | 0000 e908 | 0000 0048 | 8387 3803 | 0000 0148 | 8bd6 0f1f | 8000 0000 | 0048 b8b8 
  0x000002762b74ba50: cc19 5976 

  0x000002762b74ba54: ;   {virtual_call}
  0x000002762b74ba54: 0200 00e8 

  0x000002762b74ba58: ; ImmutableOopMap {}
                      ;*invokeinterface invoke {reexecute=0 rethrow=0 return_oop=0}
                      ; - java.lang.reflect.Method::invoke@102
  0x000002762b74ba58: e408 0000 

  0x000002762b74ba5c: ;   {other}
  0x000002762b74ba5c: 0f1f 8400 | 4c07 0005 | 4881 c480 | 0000 005d 

  0x000002762b74ba6c: ;   {poll_return}
  0x000002762b74ba6c: 493b a750 | 0400 000f | 8768 0000 

  0x000002762b74ba78: ;   {metadata({method} {0x0000027659044978} 'invoke' '(Ljava/lang/Object;[Ljava/lang/Object;)Ljava/lang/Object;' in 'java/lang/reflect/Method')}
  0x000002762b74ba78: 00c3 49ba | 7049 0459 | 7602 0000 | 4c89 5424 | 0848 c704 | 24ff ffff 

  0x000002762b74ba90: ;   {runtime_call counter_overflow Runtime1 stub}
  0x000002762b74ba90: ffe8 ea0a 

  0x000002762b74ba94: ; ImmutableOopMap {rdx=Oop r8=Oop r9=Oop [72]=Oop [80]=Oop }
                      ;*synchronization entry
                      ; - java.lang.reflect.Method::invoke@-1
  0x000002762b74ba94: 9a0f e915 

  0x000002762b74ba98: ;   {metadata({method} {0x00000276593defc0} 'isStatic' '(I)Z' in 'java/lang/reflect/Modifier')}
  0x000002762b74ba98: fbff ff49 | bab8 ef3d | 5976 0200 | 004c 8954 | 2408 48c7 | 0424 ffff 

  0x000002762b74bab0: ;   {runtime_call counter_overflow Runtime1 stub}
  0x000002762b74bab0: ffff e8c9 

  0x000002762b74bab4: ; ImmutableOopMap {rbx=Oop rdx=Oop r9=Oop [72]=Oop [80]=Oop [88]=Oop }
                      ;*synchronization entry
                      ; - java.lang.reflect.Modifier::isStatic@-1
                      ; - java.lang.reflect.Method::invoke@42
  0x000002762b74bab4: 0a9a 0fe9 | 54fc ffff 

  0x000002762b74babc: ;   {runtime_call throw_null_pointer_exception Runtime1 stub}
  0x000002762b74babc: e85f ba90 

  0x000002762b74bac0: ; ImmutableOopMap {rbx=Oop rdx=Oop r9=Oop r8=Oop [72]=Oop [80]=Oop [88]=Oop }
                      ;*invokevirtual getClass {reexecute=0 rethrow=0 return_oop=0}
                      ; - java.lang.reflect.Method::invoke@53
                      ;   {runtime_call throw_null_pointer_exception Runtime1 stub}
  0x000002762b74bac0: 0fe8 5aba 

  0x000002762b74bac4: ; ImmutableOopMap {rsi=Oop rbx=Oop [80]=Oop [88]=Oop }
                      ;*invokeinterface invoke {reexecute=0 rethrow=0 return_oop=0}
                      ; - java.lang.reflect.Method::invoke@90
                      ;   {internal_word}
  0x000002762b74bac4: 900f 49ba | 95b9 742b | 7602 0000 | 4d89 9768 

  0x000002762b74bad4: ;   {runtime_call SafepointBlob}
  0x000002762b74bad4: 0400 00e9 | a4ae 8b0f 

  0x000002762b74badc: ;   {runtime_call throw_null_pointer_exception Runtime1 stub}
  0x000002762b74badc: e83f ba90 

  0x000002762b74bae0: ; ImmutableOopMap {r9=Oop r8=Oop rsi=Oop [80]=Oop }
                      ;*invokeinterface invoke {reexecute=0 rethrow=0 return_oop=0}
                      ; - java.lang.reflect.Method::invoke@102
                      ;   {internal_word}
  0x000002762b74bae0: 0f49 ba6c | ba74 2b76 | 0200 004d | 8997 6804 

  0x000002762b74baf0: ;   {runtime_call SafepointBlob}
  0x000002762b74baf0: 0000 e989 | ae8b 0f49 | 8b87 0005 | 0000 49c7 | 8700 0500 | 0000 0000 | 0049 c787 | 0805 0000 
  0x000002762b74bb10: 0000 0000 | 4881 c480 | 0000 005d 

  0x000002762b74bb1c: ;   {runtime_call unwind_exception Runtime1 stub}
  0x000002762b74bb1c: e9df c890 | 0ff4 f4f4 | f4f4 f4f4 
[Stub Code]
  0x000002762b74bb28: ;   {no_reloc}
  0x000002762b74bb28: 0f1f 4400 

  0x000002762b74bb2c: ;   {static_stub}
  0x000002762b74bb2c: 0048 bb00 | 0000 0000 

  0x000002762b74bb34: ;   {runtime_call nmethod}
  0x000002762b74bb34: 0000 00e9 | fbff ffff 

  0x000002762b74bb3c: ;   {static_stub}
  0x000002762b74bb3c: 9048 bb00 | 0000 0000 

  0x000002762b74bb44: ;   {runtime_call nmethod}
  0x000002762b74bb44: 0000 00e9 | fbff ffff 

  0x000002762b74bb4c: ;   {static_stub}
  0x000002762b74bb4c: 48bb 0000 | 0000 0000 

  0x000002762b74bb54: ;   {runtime_call nmethod}
  0x000002762b74bb54: 0000 e9fb 

  0x000002762b74bb58: ;   {static_stub}
  0x000002762b74bb58: ffff ff48 | bb00 0000 | 0000 0000 

  0x000002762b74bb64: ;   {runtime_call nmethod}
  0x000002762b74bb64: 00e9 fbff 

  0x000002762b74bb68: ;   {static_stub}
  0x000002762b74bb68: ffff 48bb | 0000 0000 | 0000 0000 

  0x000002762b74bb74: ;   {runtime_call nmethod}
  0x000002762b74bb74: e9fb ffff 

  0x000002762b74bb78: ;   {static_stub}
  0x000002762b74bb78: ff48 bbe8 | 4d04 5976 

  0x000002762b74bb80: ;   {runtime_call I2C/C2I adapters}
  0x000002762b74bb80: 0200 00e9 | db82 8b0f 
[Exception Handler]
  0x000002762b74bb88: ;   {runtime_call handle_exception_from_callee Runtime1 stub}
  0x000002762b74bb88: e873 cd99 

  0x000002762b74bb8c: ;   {external_word}
  0x000002762b74bb8c: 0f48 b950 | 631c 0cf9 | 7f00 0048 

  0x000002762b74bb98: ;   {runtime_call}
  0x000002762b74bb98: 83e4 f048 | b8c0 c9de | 0bf9 7f00 | 00ff d0f4 
[Deopt Handler Code]
  0x000002762b74bba8: ;   {section_word}
  0x000002762b74bba8: 49ba a8bb | 742b 7602 | 0000 4152 

  0x000002762b74bbb4: ;   {runtime_call DeoptimizationBlob}
  0x000002762b74bbb4: e967 c28b | 0ff4 f4f4 | f4f4 f4f4 
[/MachCode]


---------------  P R O C E S S  ---------------

Threads class SMR info:
_java_thread_list=0x000002765884dff0, length=21, elements={
0x00000276280807c0, 0x0000027657aa1260, 0x0000027657aa3f90, 0x0000027657aa6370,
0x0000027657aa91e0, 0x0000027657aa9c40, 0x0000027657aaa6a0, 0x0000027657aab430,
0x0000027657aace10, 0x000002765835fd60, 0x000002765845a1f0, 0x000002769ed83930,
0x0000027658403270, 0x0000027658860ca0, 0x0000027658489220, 0x0000027658489890,
0x0000027658d2f630, 0x000002769f96c520, 0x000002769ed29f70, 0x000002769ed2b9b0,
0x000002769ed28530
}

Java Threads: ( => current thread )
  0x00000276280807c0 JavaThread "main"                              [_thread_blocked, id=38256, stack(0x000000b59b300000,0x000000b59b400000) (1024K)]
  0x0000027657aa1260 JavaThread "Reference Handler"          daemon [_thread_blocked, id=40352, stack(0x000000b59bc00000,0x000000b59bd00000) (1024K)]
  0x0000027657aa3f90 JavaThread "Finalizer"                  daemon [_thread_blocked, id=40356, stack(0x000000b59bd00000,0x000000b59be00000) (1024K)]
  0x0000027657aa6370 JavaThread "Signal Dispatcher"          daemon [_thread_blocked, id=40360, stack(0x000000b59be00000,0x000000b59bf00000) (1024K)]
  0x0000027657aa91e0 JavaThread "Attach Listener"            daemon [_thread_blocked, id=40364, stack(0x000000b59bf00000,0x000000b59c000000) (1024K)]
  0x0000027657aa9c40 JavaThread "Service Thread"             daemon [_thread_blocked, id=40368, stack(0x000000b59c000000,0x000000b59c100000) (1024K)]
  0x0000027657aaa6a0 JavaThread "Monitor Deflation Thread"   daemon [_thread_blocked, id=40372, stack(0x000000b59c100000,0x000000b59c200000) (1024K)]
  0x0000027657aab430 JavaThread "C2 CompilerThread0"         daemon [_thread_blocked, id=40376, stack(0x000000b59c200000,0x000000b59c300000) (1024K)]
  0x0000027657aace10 JavaThread "C1 CompilerThread0"         daemon [_thread_blocked, id=40868, stack(0x000000b59c300000,0x000000b59c400000) (1024K)]
  0x000002765835fd60 JavaThread "Common-Cleaner"             daemon [_thread_blocked, id=41324, stack(0x000000b59c400000,0x000000b59c500000) (1024K)]
  0x000002765845a1f0 JavaThread "Notification Thread"        daemon [_thread_blocked, id=41412, stack(0x000000b59c500000,0x000000b59c600000) (1024K)]
  0x000002769ed83930 JavaThread "Daemon health stats"               [_thread_blocked, id=29428, stack(0x000000b59b400000,0x000000b59b500000) (1024K)]
  0x0000027658403270 JavaThread "Incoming local TCP Connector on port 53047"        [_thread_in_native, id=21356, stack(0x000000b59cc00000,0x000000b59cd00000) (1024K)]
  0x0000027658860ca0 JavaThread "Daemon periodic checks"            [_thread_in_native, id=12568, stack(0x000000b59cd00000,0x000000b59ce00000) (1024K)]
  0x0000027658489220 JavaThread "Daemon"                            [_thread_blocked, id=31236, stack(0x000000b59ce00000,0x000000b59cf00000) (1024K)]
  0x0000027658489890 JavaThread "Handler for socket connection from /127.0.0.1:53047 to /127.0.0.1:60305"        [_thread_in_native, id=1640, stack(0x000000b59cf00000,0x000000b59d000000) (1024K)]
  0x0000027658d2f630 JavaThread "Cancel handler"                    [_thread_blocked, id=26556, stack(0x000000b59d000000,0x000000b59d100000) (1024K)]
=>0x000002769f96c520 JavaThread "Daemon worker"                     [_thread_in_vm, id=43364, stack(0x000000b59b200000,0x000000b59b300000) (1024K)]
  0x000002769ed29f70 JavaThread "Asynchronous log dispatcher for DefaultDaemonConnection: socket connection from /127.0.0.1:53047 to /127.0.0.1:60305"        [_thread_blocked, id=18656, stack(0x000000b59cb00000,0x000000b59cc00000) (1024K)]
  0x000002769ed2b9b0 JavaThread "Stdin handler"                     [_thread_blocked, id=43308, stack(0x000000b59d100000,0x000000b59d200000) (1024K)]
  0x000002769ed28530 JavaThread "Daemon client event forwarder"        [_thread_blocked, id=22472, stack(0x000000b59d200000,0x000000b59d300000) (1024K)]
Total: 21

Other Threads:
  0x0000027657a87890 VMThread "VM Thread"                           [id=40012, stack(0x000000b59bb00000,0x000000b59bc00000) (1024K)] _threads_hazard_ptr=0x000002765884dff0
  0x0000027657a74680 WatcherThread "VM Periodic Task Thread"        [id=39916, stack(0x000000b59ba00000,0x000000b59bb00000) (1024K)]
  0x0000027628126db0 WorkerThread "GC Thread#0"                     [id=39104, stack(0x000000b59b500000,0x000000b59b600000) (1024K)]
  0x00000276582c23e0 WorkerThread "GC Thread#1"                     [id=29384, stack(0x000000b59c600000,0x000000b59c700000) (1024K)]
  0x00000276585eef70 WorkerThread "GC Thread#2"                     [id=37152, stack(0x000000b59c700000,0x000000b59c800000) (1024K)]
  0x00000276585f7310 WorkerThread "GC Thread#3"                     [id=14616, stack(0x000000b59c800000,0x000000b59c900000) (1024K)]
  0x00000276585f76c0 WorkerThread "GC Thread#4"                     [id=35992, stack(0x000000b59c900000,0x000000b59ca00000) (1024K)]
  0x00000276585f7a70 WorkerThread "GC Thread#5"                     [id=26196, stack(0x000000b59ca00000,0x000000b59cb00000) (1024K)]
  0x0000027628137da0 ConcurrentGCThread "G1 Main Marker"            [id=39108, stack(0x000000b59b600000,0x000000b59b700000) (1024K)]
  0x00000276281398c0 WorkerThread "G1 Conc#0"                       [id=39112, stack(0x000000b59b700000,0x000000b59b800000) (1024K)]
  0x0000027657943330 ConcurrentGCThread "G1 Refine#0"               [id=39196, stack(0x000000b59b800000,0x000000b59b900000) (1024K)]
  0x0000027657943eb0 ConcurrentGCThread "G1 Service"                [id=39200, stack(0x000000b59b900000,0x000000b59ba00000) (1024K)]
Total: 12

Threads with active compile tasks:
Total: 0

VM state: synchronizing (normal execution)

VM Mutex/Monitor currently owned by a thread:  ([mutex/lock_event])
[0x00007ff90c47d530] Metaspace_lock - owner thread: 0x000002769f96c520
[0x00007ff90c47f5b0] Threads_lock - owner thread: 0x0000027657a87890

Heap address: 0x0000000600000000, size: 8192 MB, Compressed Oops mode: Zero based, Oop shift amount: 3

CDS archive(s) mapped at: [0x0000027659000000-0x0000027659ba0000-0x0000027659ba0000), size 12189696, SharedBaseAddress: 0x0000027659000000, ArchiveRelocationMode: 1.
Compressed class space mapped at: 0x000002765a000000-0x000002769a000000, reserved size: 1073741824
Narrow klass base: 0x0000027659000000, Narrow klass shift: 0, Narrow klass range: 0x100000000

GC Precious Log:
 CardTable entry size: 512
 Card Set container configuration: InlinePtr #cards 4 size 8 Array Of Cards #cards 32 size 80 Howl #buckets 8 coarsen threshold 7372 Howl Bitmap #cards 1024 size 144 coarsen threshold 921 Card regions per heap region 1 cards per card region 8192
 CPUs: 8 total, 8 available
 Memory: 16082M
 Large Page Support: Disabled
 NUMA Support: Disabled
 Compressed Oops: Enabled (Zero based)
 Heap Region Size: 4M
 Heap Min Capacity: 8M
 Heap Initial Capacity: 252M
 Heap Max Capacity: 8G
 Pre-touch: Disabled
 Parallel Workers: 8
 Concurrent Workers: 2
 Concurrent Refinement Workers: 8
 Periodic GC: Disabled

Heap:
 garbage-first heap   total 258048K, used 101886K [0x0000000600000000, 0x0000000800000000)
  region size 4096K, 26 young (106496K), 2 survivors (8192K)
 Metaspace       used 13532K, committed 13888K, reserved 1114112K
  class space    used 1835K, committed 2048K, reserved 1048576K

Heap Regions: E=young(eden), S=young(survivor), O=old, HS=humongous(starts), HC=humongous(continues), CS=collection set, F=free, TAMS=top-at-mark-start, PB=parsable bottom
|   0|0x0000000600000000, 0x0000000600400000, 0x0000000600400000|100%|HS|  |TAMS 0x0000000600000000| PB 0x0000000600000000| Complete 
|   1|0x0000000600400000, 0x0000000600400000, 0x0000000600800000|  0%| F|  |TAMS 0x0000000600400000| PB 0x0000000600400000| Untracked 
|   2|0x0000000600800000, 0x0000000600800000, 0x0000000600c00000|  0%| F|  |TAMS 0x0000000600800000| PB 0x0000000600800000| Untracked 
|   3|0x0000000600c00000, 0x0000000600c00000, 0x0000000601000000|  0%| F|  |TAMS 0x0000000600c00000| PB 0x0000000600c00000| Untracked 
|   4|0x0000000601000000, 0x0000000601000000, 0x0000000601400000|  0%| F|  |TAMS 0x0000000601000000| PB 0x0000000601000000| Untracked 
|   5|0x0000000601400000, 0x0000000601400000, 0x0000000601800000|  0%| F|  |TAMS 0x0000000601400000| PB 0x0000000601400000| Untracked 
|   6|0x0000000601800000, 0x0000000601800000, 0x0000000601c00000|  0%| F|  |TAMS 0x0000000601800000| PB 0x0000000601800000| Untracked 
|   7|0x0000000601c00000, 0x0000000601c00000, 0x0000000602000000|  0%| F|  |TAMS 0x0000000601c00000| PB 0x0000000601c00000| Untracked 
|   8|0x0000000602000000, 0x0000000602000000, 0x0000000602400000|  0%| F|  |TAMS 0x0000000602000000| PB 0x0000000602000000| Untracked 
|   9|0x0000000602400000, 0x0000000602400000, 0x0000000602800000|  0%| F|  |TAMS 0x0000000602400000| PB 0x0000000602400000| Untracked 
|  10|0x0000000602800000, 0x0000000602800000, 0x0000000602c00000|  0%| F|  |TAMS 0x0000000602800000| PB 0x0000000602800000| Untracked 
|  11|0x0000000602c00000, 0x0000000602c00000, 0x0000000603000000|  0%| F|  |TAMS 0x0000000602c00000| PB 0x0000000602c00000| Untracked 
|  12|0x0000000603000000, 0x0000000603000000, 0x0000000603400000|  0%| F|  |TAMS 0x0000000603000000| PB 0x0000000603000000| Untracked 
|  13|0x0000000603400000, 0x0000000603400000, 0x0000000603800000|  0%| F|  |TAMS 0x0000000603400000| PB 0x0000000603400000| Untracked 
|  14|0x0000000603800000, 0x0000000603800000, 0x0000000603c00000|  0%| F|  |TAMS 0x0000000603800000| PB 0x0000000603800000| Untracked 
|  15|0x0000000603c00000, 0x0000000603c00000, 0x0000000604000000|  0%| F|  |TAMS 0x0000000603c00000| PB 0x0000000603c00000| Untracked 
|  16|0x0000000604000000, 0x0000000604000000, 0x0000000604400000|  0%| F|  |TAMS 0x0000000604000000| PB 0x0000000604000000| Untracked 
|  17|0x0000000604400000, 0x0000000604400000, 0x0000000604800000|  0%| F|  |TAMS 0x0000000604400000| PB 0x0000000604400000| Untracked 
|  18|0x0000000604800000, 0x0000000604800000, 0x0000000604c00000|  0%| F|  |TAMS 0x0000000604800000| PB 0x0000000604800000| Untracked 
|  19|0x0000000604c00000, 0x0000000604c00000, 0x0000000605000000|  0%| F|  |TAMS 0x0000000604c00000| PB 0x0000000604c00000| Untracked 
|  20|0x0000000605000000, 0x0000000605000000, 0x0000000605400000|  0%| F|  |TAMS 0x0000000605000000| PB 0x0000000605000000| Untracked 
|  21|0x0000000605400000, 0x0000000605400000, 0x0000000605800000|  0%| F|  |TAMS 0x0000000605400000| PB 0x0000000605400000| Untracked 
|  22|0x0000000605800000, 0x0000000605800000, 0x0000000605c00000|  0%| F|  |TAMS 0x0000000605800000| PB 0x0000000605800000| Untracked 
|  23|0x0000000605c00000, 0x0000000605c00000, 0x0000000606000000|  0%| F|  |TAMS 0x0000000605c00000| PB 0x0000000605c00000| Untracked 
|  24|0x0000000606000000, 0x0000000606000000, 0x0000000606400000|  0%| F|  |TAMS 0x0000000606000000| PB 0x0000000606000000| Untracked 
|  25|0x0000000606400000, 0x0000000606400000, 0x0000000606800000|  0%| F|  |TAMS 0x0000000606400000| PB 0x0000000606400000| Untracked 
|  26|0x0000000606800000, 0x0000000606800000, 0x0000000606c00000|  0%| F|  |TAMS 0x0000000606800000| PB 0x0000000606800000| Untracked 
|  27|0x0000000606c00000, 0x0000000606c00000, 0x0000000607000000|  0%| F|  |TAMS 0x0000000606c00000| PB 0x0000000606c00000| Untracked 
|  28|0x0000000607000000, 0x0000000607000000, 0x0000000607400000|  0%| F|  |TAMS 0x0000000607000000| PB 0x0000000607000000| Untracked 
|  29|0x0000000607400000, 0x0000000607400000, 0x0000000607800000|  0%| F|  |TAMS 0x0000000607400000| PB 0x0000000607400000| Untracked 
|  30|0x0000000607800000, 0x0000000607800000, 0x0000000607c00000|  0%| F|  |TAMS 0x0000000607800000| PB 0x0000000607800000| Untracked 
|  31|0x0000000607c00000, 0x0000000607c00000, 0x0000000608000000|  0%| F|  |TAMS 0x0000000607c00000| PB 0x0000000607c00000| Untracked 
|  32|0x0000000608000000, 0x0000000608000000, 0x0000000608400000|  0%| F|  |TAMS 0x0000000608000000| PB 0x0000000608000000| Untracked 
|  33|0x0000000608400000, 0x0000000608400000, 0x0000000608800000|  0%| F|  |TAMS 0x0000000608400000| PB 0x0000000608400000| Untracked 
|  34|0x0000000608800000, 0x0000000608800000, 0x0000000608c00000|  0%| F|  |TAMS 0x0000000608800000| PB 0x0000000608800000| Untracked 
|  35|0x0000000608c00000, 0x0000000608c00000, 0x0000000609000000|  0%| F|  |TAMS 0x0000000608c00000| PB 0x0000000608c00000| Untracked 
|  36|0x0000000609000000, 0x0000000609000000, 0x0000000609400000|  0%| F|  |TAMS 0x0000000609000000| PB 0x0000000609000000| Untracked 
|  37|0x0000000609400000, 0x0000000609628ff0, 0x0000000609800000| 54%| E|  |TAMS 0x0000000609400000| PB 0x0000000609400000| Complete 
|  38|0x0000000609800000, 0x0000000609c00000, 0x0000000609c00000|100%| E|CS|TAMS 0x0000000609800000| PB 0x0000000609800000| Complete 
|  39|0x0000000609c00000, 0x000000060a000000, 0x000000060a000000|100%| E|CS|TAMS 0x0000000609c00000| PB 0x0000000609c00000| Complete 
|  40|0x000000060a000000, 0x000000060a400000, 0x000000060a400000|100%| E|CS|TAMS 0x000000060a000000| PB 0x000000060a000000| Complete 
|  41|0x000000060a400000, 0x000000060a800000, 0x000000060a800000|100%| E|CS|TAMS 0x000000060a400000| PB 0x000000060a400000| Complete 
|  42|0x000000060a800000, 0x000000060ac00000, 0x000000060ac00000|100%| E|CS|TAMS 0x000000060a800000| PB 0x000000060a800000| Complete 
|  43|0x000000060ac00000, 0x000000060b000000, 0x000000060b000000|100%| E|CS|TAMS 0x000000060ac00000| PB 0x000000060ac00000| Complete 
|  44|0x000000060b000000, 0x000000060b400000, 0x000000060b400000|100%| E|CS|TAMS 0x000000060b000000| PB 0x000000060b000000| Complete 
|  45|0x000000060b400000, 0x000000060b800000, 0x000000060b800000|100%| E|CS|TAMS 0x000000060b400000| PB 0x000000060b400000| Complete 
|  46|0x000000060b800000, 0x000000060bc00000, 0x000000060bc00000|100%| E|CS|TAMS 0x000000060b800000| PB 0x000000060b800000| Complete 
|  47|0x000000060bc00000, 0x000000060c000000, 0x000000060c000000|100%| E|CS|TAMS 0x000000060bc00000| PB 0x000000060bc00000| Complete 
|  48|0x000000060c000000, 0x000000060c400000, 0x000000060c400000|100%| E|CS|TAMS 0x000000060c000000| PB 0x000000060c000000| Complete 
|  49|0x000000060c400000, 0x000000060c800000, 0x000000060c800000|100%| E|CS|TAMS 0x000000060c400000| PB 0x000000060c400000| Complete 
|  50|0x000000060c800000, 0x000000060cb7fa20, 0x000000060cc00000| 87%| S|CS|TAMS 0x000000060c800000| PB 0x000000060c800000| Complete 
|  51|0x000000060cc00000, 0x000000060d000000, 0x000000060d000000|100%| S|CS|TAMS 0x000000060cc00000| PB 0x000000060cc00000| Complete 
|  52|0x000000060d000000, 0x000000060d400000, 0x000000060d400000|100%| E|CS|TAMS 0x000000060d000000| PB 0x000000060d000000| Complete 
|  53|0x000000060d400000, 0x000000060d800000, 0x000000060d800000|100%| E|CS|TAMS 0x000000060d400000| PB 0x000000060d400000| Complete 
|  54|0x000000060d800000, 0x000000060dc00000, 0x000000060dc00000|100%| E|CS|TAMS 0x000000060d800000| PB 0x000000060d800000| Complete 
|  55|0x000000060dc00000, 0x000000060e000000, 0x000000060e000000|100%| E|  |TAMS 0x000000060dc00000| PB 0x000000060dc00000| Complete 
|  56|0x000000060e000000, 0x000000060e400000, 0x000000060e400000|100%| E|CS|TAMS 0x000000060e000000| PB 0x000000060e000000| Complete 
|  57|0x000000060e400000, 0x000000060e800000, 0x000000060e800000|100%| E|CS|TAMS 0x000000060e400000| PB 0x000000060e400000| Complete 
|  58|0x000000060e800000, 0x000000060ec00000, 0x000000060ec00000|100%| E|CS|TAMS 0x000000060e800000| PB 0x000000060e800000| Complete 
|  59|0x000000060ec00000, 0x000000060f000000, 0x000000060f000000|100%| E|CS|TAMS 0x000000060ec00000| PB 0x000000060ec00000| Complete 
|  60|0x000000060f000000, 0x000000060f400000, 0x000000060f400000|100%| E|CS|TAMS 0x000000060f000000| PB 0x000000060f000000| Complete 
|  61|0x000000060f400000, 0x000000060f800000, 0x000000060f800000|100%| E|CS|TAMS 0x000000060f400000| PB 0x000000060f400000| Complete 
|  62|0x000000060f800000, 0x000000060fc00000, 0x000000060fc00000|100%| E|CS|TAMS 0x000000060f800000| PB 0x000000060f800000| Complete 

Card table byte_map: [0x000002764c7d0000,0x000002764d7d0000] _byte_map_base: 0x00000276497d0000

Marking Bits: (CMBitMap*) 0x00000276281274c0
 Bits: [0x000002764d7d0000, 0x00000276557d0000)

Polling page: 0x0000027625ee0000

Metaspace:

Usage:
  Non-class:     11.42 MB used.
      Class:      1.79 MB used.
       Both:     13.22 MB used.

Virtual space:
  Non-class space:       64.00 MB reserved,      11.56 MB ( 18%) committed,  1 nodes.
      Class space:        1.00 GB reserved,       2.00 MB ( <1%) committed,  1 nodes.
             Both:        1.06 GB reserved,      13.56 MB (  1%) committed. 

Chunk freelists:
   Non-Class:  4.23 MB
       Class:  14.03 MB
        Both:  18.27 MB

MaxMetaspaceSize: 4.00 GB
CompressedClassSpaceSize: 1.00 GB
Initial GC threshold: 21.00 MB
Current GC threshold: 21.00 MB
CDS: on
 - commit_granule_bytes: 65536.
 - commit_granule_words: 8192.
 - virtual_space_node_default_size: 8388608.
 - enlarge_chunks_in_place: 1.
 - use_allocation_guard: 0.


Internal statistics:

num_allocs_failed_limit: 0.
num_arena_births: 412.
num_arena_deaths: 0.
num_vsnodes_births: 2.
num_vsnodes_deaths: 0.
num_space_committed: 217.
num_space_uncommitted: 0.
num_chunks_returned_to_freelist: 0.
num_chunks_taken_from_freelist: 853.
num_chunk_merges: 0.
num_chunk_splits: 546.
num_chunks_enlarged: 379.
num_inconsistent_stats: 0.

CodeHeap 'non-profiled nmethods': size=259264Kb used=1484Kb max_used=1484Kb free=257779Kb
 bounds [0x000002763b550000, 0x000002763b7c0000, 0x000002764b280000]
CodeHeap 'profiled nmethods': size=259264Kb used=5960Kb max_used=5960Kb free=253303Kb
 bounds [0x000002762b280000, 0x000002762b860000, 0x000002763afb0000]
CodeHeap 'non-nmethods': size=5760Kb used=1512Kb max_used=1528Kb free=4247Kb
 bounds [0x000002763afb0000, 0x000002763b220000, 0x000002763b550000]
CodeCache: size=524288Kb, used=8956Kb, max_used=8972Kb, free=515329Kb
 total_blobs=3579, nmethods=3034, adapters=449, full_count=0
Compilation: enabled, stopped_count=0, restarted_count=0

Compilation events (20 events):
Event: 243.704 Thread 0x0000027657aace10 nmethod 3026 0x000002762b846910 code [0x000002762b846ac0, 0x000002762b846ca8]
Event: 243.704 Thread 0x0000027657aace10 3029       3       java.lang.invoke.MethodHandleImpl::computeValueConversions (121 bytes)
Event: 243.705 Thread 0x0000027657aace10 nmethod 3029 0x000002762b846e10 code [0x000002762b847020, 0x000002762b847818]
Event: 243.705 Thread 0x0000027657aace10 3028       3       java.lang.invoke.MethodHandleImpl::makePairwiseConvertByEditor (617 bytes)
Event: 243.710 Thread 0x0000027657aace10 nmethod 3028 0x000002762b847b90 code [0x000002762b8483a0, 0x000002762b84d4c8]
Event: 243.710 Thread 0x0000027657aace10 3030       3       java.lang.invoke.MethodHandleImpl::countNonNull (42 bytes)
Event: 243.711 Thread 0x0000027657aace10 nmethod 3030 0x000002762b84f390 code [0x000002762b84f540, 0x000002762b84f778]
Event: 243.711 Thread 0x0000027657aace10 3027       3       java.lang.invoke.MethodHandleImpl::makePairwiseConvert (22 bytes)
Event: 243.711 Thread 0x0000027657aace10 nmethod 3027 0x000002762b84f890 code [0x000002762b84fa40, 0x000002762b84fc50]
Event: 243.711 Thread 0x0000027657aace10 3031       3       jdk.internal.org.objectweb.asm.ClassWriter::<init> (7 bytes)
Event: 243.711 Thread 0x0000027657aace10 nmethod 3031 0x000002762b84fd10 code [0x000002762b84fec0, 0x000002762b850008]
Event: 243.711 Thread 0x0000027657aace10 3032       3       jdk.internal.org.objectweb.asm.ClassWriter::<init> (73 bytes)
Event: 243.711 Thread 0x0000027657aace10 nmethod 3032 0x000002762b850090 code [0x000002762b850280, 0x000002762b850720]
Event: 243.711 Thread 0x0000027657aace10 3033       3       jdk.internal.org.objectweb.asm.ClassVisitor::<init> (7 bytes)
Event: 243.711 Thread 0x0000027657aace10 nmethod 3033 0x000002762b850890 code [0x000002762b850a40, 0x000002762b850b88]
Event: 243.711 Thread 0x0000027657aab430 3036       4       java.lang.StringBuilder::append (8 bytes)
Event: 243.711 Thread 0x0000027657aace10 3034       3       jdk.internal.org.objectweb.asm.ClassVisitor::<init> (78 bytes)
Event: 243.712 Thread 0x0000027657aace10 nmethod 3034 0x000002762b850c10 code [0x000002762b850e40, 0x000002762b8515e0]
Event: 243.712 Thread 0x0000027657aace10 3035       3       jdk.internal.org.objectweb.asm.SymbolTable::<init> (41 bytes)
Event: 243.712 Thread 0x0000027657aace10 nmethod 3035 0x000002762b851890 code [0x000002762b851a60, 0x000002762b851fe8]

GC Heap History (4 events):
Event: 14.512 GC heap before
{Heap before GC invocations=0 (full 0):
 garbage-first heap   total 258048K, used 20480K [0x0000000600000000, 0x0000000800000000)
  region size 4096K, 5 young (20480K), 0 survivors (0K)
 Metaspace       used 875K, committed 1024K, reserved 1114112K
  class space    used 72K, committed 128K, reserved 1048576K
}
Event: 15.328 GC heap after
{Heap after GC invocations=1 (full 0):
 garbage-first heap   total 258048K, used 1535K [0x0000000600000000, 0x0000000800000000)
  region size 4096K, 1 young (4096K), 1 survivors (4096K)
 Metaspace       used 875K, committed 1024K, reserved 1114112K
  class space    used 72K, committed 128K, reserved 1048576K
}
Event: 52.221 GC heap before
{Heap before GC invocations=1 (full 0):
 garbage-first heap   total 258048K, used 42495K [0x0000000600000000, 0x0000000800000000)
  region size 4096K, 11 young (45056K), 1 survivors (4096K)
 Metaspace       used 4412K, committed 4608K, reserved 1114112K
  class space    used 558K, committed 640K, reserved 1048576K
}
Event: 52.227 GC heap after
{Heap after GC invocations=2 (full 0):
 garbage-first heap   total 258048K, used 11774K [0x0000000600000000, 0x0000000800000000)
  region size 4096K, 2 young (8192K), 2 survivors (8192K)
 Metaspace       used 4412K, committed 4608K, reserved 1114112K
  class space    used 558K, committed 640K, reserved 1048576K
}

Dll operation events (20 events):
Event: 7.236 Attempting to load shared library C:\Users\Lenovo E14\.vscode\extensions\redhat.java-1.56.0-win32-x64\jre\21.0.12.1-win32-x86_64\bin\nio.dll
Event: 7.236 Loaded shared library C:\Users\Lenovo E14\.vscode\extensions\redhat.java-1.56.0-win32-x64\jre\21.0.12.1-win32-x86_64\bin\nio.dll
Event: 7.249 Attempting to load shared library C:\Users\Lenovo E14\.vscode\extensions\redhat.java-1.56.0-win32-x64\jre\21.0.12.1-win32-x86_64\bin\zip.dll
Event: 7.249 Loaded shared library C:\Users\Lenovo E14\.vscode\extensions\redhat.java-1.56.0-win32-x64\jre\21.0.12.1-win32-x86_64\bin\zip.dll
Event: 15.352 Attempting to load shared library C:\Users\Lenovo E14\.vscode\extensions\redhat.java-1.56.0-win32-x64\jre\21.0.12.1-win32-x86_64\bin\jimage.dll
Event: 15.352 Loaded shared library C:\Users\Lenovo E14\.vscode\extensions\redhat.java-1.56.0-win32-x64\jre\21.0.12.1-win32-x86_64\bin\jimage.dll
Event: 20.541 Attempting to load shared library C:\Users\Lenovo E14\.vscode\extensions\redhat.java-1.56.0-win32-x64\jre\21.0.12.1-win32-x86_64\bin\verify.dll
Event: 20.541 Loaded shared library C:\Users\Lenovo E14\.vscode\extensions\redhat.java-1.56.0-win32-x64\jre\21.0.12.1-win32-x86_64\bin\verify.dll
Event: 23.219 Attempting to load shared library C:\Users\Lenovo E14\.gradle\native\1def1411415f61bf3af743bc5b6707747c0891f09f0c88961ee8f79bc544acac\windows-amd64\native-platform.dll
Event: 23.221 Loaded shared library C:\Users\Lenovo E14\.gradle\native\1def1411415f61bf3af743bc5b6707747c0891f09f0c88961ee8f79bc544acac\windows-amd64\native-platform.dll
Event: 24.208 Attempting to load shared library C:\Users\Lenovo E14\.gradle\native\0.2.7\x86_64-windows-gnu\gradle-fileevents.dll
Event: 24.208 Loaded shared library C:\Users\Lenovo E14\.gradle\native\0.2.7\x86_64-windows-gnu\gradle-fileevents.dll
Event: 72.517 Attempting to load shared library C:\Users\Lenovo E14\.vscode\extensions\redhat.java-1.56.0-win32-x64\jre\21.0.12.1-win32-x86_64\bin\management.dll
Event: 72.521 Loaded shared library C:\Users\Lenovo E14\.vscode\extensions\redhat.java-1.56.0-win32-x64\jre\21.0.12.1-win32-x86_64\bin\management.dll
Event: 72.584 Attempting to load shared library C:\Users\Lenovo E14\.vscode\extensions\redhat.java-1.56.0-win32-x64\jre\21.0.12.1-win32-x86_64\bin\management_ext.dll
Event: 72.585 Loaded shared library C:\Users\Lenovo E14\.vscode\extensions\redhat.java-1.56.0-win32-x64\jre\21.0.12.1-win32-x86_64\bin\management_ext.dll
Event: 74.517 Attempting to load shared library C:\Users\Lenovo E14\.vscode\extensions\redhat.java-1.56.0-win32-x64\jre\21.0.12.1-win32-x86_64\bin\extnet.dll
Event: 74.518 Loaded shared library C:\Users\Lenovo E14\.vscode\extensions\redhat.java-1.56.0-win32-x64\jre\21.0.12.1-win32-x86_64\bin\extnet.dll
Event: 140.781 Attempting to load shared library C:\Users\Lenovo E14\.vscode\extensions\redhat.java-1.56.0-win32-x64\jre\21.0.12.1-win32-x86_64\bin\sunmscapi.dll
Event: 141.436 Loaded shared library C:\Users\Lenovo E14\.vscode\extensions\redhat.java-1.56.0-win32-x64\jre\21.0.12.1-win32-x86_64\bin\sunmscapi.dll

Deoptimization events (20 events):
Event: 237.483 Thread 0x000002769f96c520 Uncommon trap: trap_request=0xffffffc6 fr.pc=0x000002763b6900dc relative=0x000000000000043c
Event: 237.483 Thread 0x000002769f96c520 Uncommon trap: reason=bimorphic_or_optimized_type_check action=maybe_recompile pc=0x000002763b6900dc method=java.util.HashMap.putVal(ILjava/lang/Object;Ljava/lang/Object;ZZ)Ljava/lang/Object; @ 253 c2
Event: 237.484 Thread 0x000002769f96c520 DEOPT PACKING pc=0x000002763b6900dc sp=0x000000b59b2fe9f0
Event: 237.484 Thread 0x000002769f96c520 DEOPT UNPACKING pc=0x000002763b007ba2 sp=0x000000b59b2fe970 mode 2
Event: 238.508 Thread 0x000002769f96c520 Uncommon trap: trap_request=0xffffffcc fr.pc=0x000002763b67ea1c relative=0x000000000000035c
Event: 238.508 Thread 0x000002769f96c520 Uncommon trap: reason=intrinsic_or_type_checked_inlining action=make_not_entrant pc=0x000002763b67ea1c method=java.util.Arrays.copyOf([Ljava/lang/Object;ILjava/lang/Class;)[Ljava/lang/Object; @ 35 c2
Event: 238.508 Thread 0x000002769f96c520 DEOPT PACKING pc=0x000002763b67ea1c sp=0x000000b59b2fe040
Event: 238.508 Thread 0x000002769f96c520 DEOPT UNPACKING pc=0x000002763b007ba2 sp=0x000000b59b2fdfe8 mode 2
Event: 242.986 Thread 0x000002769f96c520 Uncommon trap: trap_request=0xffffff45 fr.pc=0x000002763b602584 relative=0x0000000000000324
Event: 242.986 Thread 0x000002769f96c520 Uncommon trap: reason=unstable_if action=reinterpret pc=0x000002763b602584 method=java.util.HashMap.getNode(Ljava/lang/Object;)Ljava/util/HashMap$Node; @ 66 c2
Event: 242.986 Thread 0x000002769f96c520 DEOPT PACKING pc=0x000002763b602584 sp=0x000000b59b2fc110
Event: 242.986 Thread 0x000002769f96c520 DEOPT UNPACKING pc=0x000002763b007ba2 sp=0x000000b59b2fc030 mode 2
Event: 242.986 Thread 0x000002769f96c520 Uncommon trap: trap_request=0xffffff45 fr.pc=0x000002763b5de118 relative=0x00000000000002b8
Event: 242.986 Thread 0x000002769f96c520 Uncommon trap: reason=unstable_if action=reinterpret pc=0x000002763b5de118 method=java.util.HashMap.getNode(Ljava/lang/Object;)Ljava/util/HashMap$Node; @ 66 c2
Event: 242.986 Thread 0x000002769f96c520 DEOPT PACKING pc=0x000002763b5de118 sp=0x000000b59b2fc0b0
Event: 242.986 Thread 0x000002769f96c520 DEOPT UNPACKING pc=0x000002763b007ba2 sp=0x000000b59b2fc030 mode 2
Event: 243.102 Thread 0x000002769f96c520 Uncommon trap: trap_request=0xffffff45 fr.pc=0x000002763b5e6a60 relative=0x00000000000002a0
Event: 243.102 Thread 0x000002769f96c520 Uncommon trap: reason=unstable_if action=reinterpret pc=0x000002763b5e6a60 method=java.util.concurrent.ConcurrentHashMap.get(Ljava/lang/Object;)Ljava/lang/Object; @ 76 c2
Event: 243.102 Thread 0x000002769f96c520 DEOPT PACKING pc=0x000002763b5e6a60 sp=0x000000b59b2fb670
Event: 243.102 Thread 0x000002769f96c520 DEOPT UNPACKING pc=0x000002763b007ba2 sp=0x000000b59b2fb5e8 mode 2

Classes loaded (20 events):
Event: 242.996 Loading class sun/reflect/generics/tree/Wildcard
Event: 242.996 Loading class sun/reflect/generics/tree/Wildcard done
Event: 242.997 Loading class sun/reflect/generics/reflectiveObjects/WildcardTypeImpl
Event: 242.997 Loading class sun/reflect/generics/reflectiveObjects/WildcardTypeImpl done
Event: 243.101 Loading class jdk/internal/vm/annotation/IntrinsicCandidate
Event: 243.101 Loading class jdk/internal/vm/annotation/IntrinsicCandidate done
Event: 243.106 Loading class java/util/stream/MatchOps$MatchKind
Event: 243.106 Loading class java/util/stream/MatchOps$MatchKind done
Event: 243.107 Loading class java/util/stream/MatchOps
Event: 243.107 Loading class java/util/stream/MatchOps done
Event: 243.107 Loading class java/util/stream/MatchOps$MatchOp
Event: 243.108 Loading class java/util/stream/MatchOps$MatchOp done
Event: 243.109 Loading class java/util/stream/MatchOps$BooleanTerminalSink
Event: 243.110 Loading class java/util/stream/MatchOps$BooleanTerminalSink done
Event: 243.112 Loading class java/util/stream/MatchOps$1MatchSink
Event: 243.113 Loading class java/util/stream/MatchOps$1MatchSink done
Event: 243.195 Loading class java/lang/TypeNotPresentException
Event: 243.195 Loading class java/lang/TypeNotPresentException done
Event: 243.721 Loading class java/util/ConcurrentModificationException
Event: 243.721 Loading class java/util/ConcurrentModificationException done

Classes unloaded (0 events):
No events

Classes redefined (0 events):
No events

Internal exceptions (20 events):
Event: 72.820 Thread 0x00000276280807c0 Exception <a 'java/lang/NoSuchMethodError'{0x000000060bf863a0}: 'java.lang.Object java.lang.invoke.DelegatingMethodHandle$Holder.reinvoke_L(java.lang.Object, java.lang.Object, java.lang.Object, java.lang.Object, java.lang.Object, java.lang.Object, java.lang.Object, java.lang.Object, java.lang.Object, java.lang.Object, java.lang.Object, java.lang.Object, java.lang.Object, java.lang.Object)'> (0x000000060bf863a0) 
thrown [s\src\hotspot\share\interpreter\linkResolver.cpp, line 773]
Event: 72.830 Thread 0x00000276280807c0 Exception <a 'java/lang/NoSuchMethodError'{0x000000060bfd3350}: 'java.lang.Object java.lang.invoke.DirectMethodHandle$Holder.invokeStatic(java.lang.Object, java.lang.Object, java.lang.Object, java.lang.Object, java.lang.Object, java.lang.Object, java.lang.Object, java.lang.Object, java.lang.Object, java.lang.Object, java.lang.Object, java.lang.Object, java.lang.Object)'> (0x000000060bfd3350) 
thrown [s\src\hotspot\share\interpreter\linkResolver.cpp, line 773]
Event: 72.833 Thread 0x00000276280807c0 Exception <a 'java/lang/NoSuchMethodError'{0x000000060bff2958}: 'java.lang.Object java.lang.invoke.DirectMethodHandle$Holder.invokeStatic(java.lang.Object, java.lang.Object, java.lang.Object, java.lang.Object, java.lang.Object, java.lang.Object, java.lang.Object, java.lang.Object, java.lang.Object, java.lang.Object, java.lang.Object, java.lang.Object, java.lang.Object, java.lang.Object)'> (0x000000060bff2958) 
thrown [s\src\hotspot\share\interpreter\linkResolver.cpp, line 773]
Event: 72.837 Thread 0x00000276280807c0 Exception <a 'java/lang/NoSuchMethodError'{0x000000060b813528}: 'java.lang.Object java.lang.invoke.DirectMethodHandle$Holder.invokeStatic(java.lang.Object, java.lang.Object, java.lang.Object, java.lang.Object, java.lang.Object, java.lang.Object, java.lang.Object, java.lang.Object, java.lang.Object, java.lang.Object, java.lang.Object, java.lang.Object, java.lang.Object, java.lang.Object, java.lang.Object)'> (0x000000060b813528) 
thrown [s\src\hotspot\share\interpreter\linkResolver.cpp, line 773]
Event: 72.859 Thread 0x00000276280807c0 Exception <a 'java/lang/NoSuchMethodError'{0x000000060b8360f8}: 'java.lang.Object java.lang.invoke.DirectMethodHandle$Holder.invokeStatic(java.lang.Object, java.lang.Object, java.lang.Object, java.lang.Object, java.lang.Object, java.lang.Object, java.lang.Object, java.lang.Object, java.lang.Object, java.lang.Object, java.lang.Object, java.lang.Object, java.lang.Object, java.lang.Object, java.lang.Object, java.lang.Object)'> (0x000000060b8360f8) 
thrown [s\src\hotspot\share\interpreter\linkResolver.cpp, lin
Event: 74.836 Thread 0x00000276280807c0 Exception <a 'java/lang/NoSuchMethodError'{0x000000060bbe0ec0}: 'java.lang.Object java.lang.invoke.DirectMethodHandle$Holder.invokeVirtual(java.lang.Object, java.lang.Object, java.lang.Object, java.lang.Object, java.lang.Object, java.lang.Object, java.lang.Object)'> (0x000000060bbe0ec0) 
thrown [s\src\hotspot\share\interpreter\linkResolver.cpp, line 773]
Event: 74.863 Thread 0x00000276280807c0 Exception <a 'java/lang/NoSuchMethodError'{0x000000060b46e900}: 'java.lang.Object java.lang.invoke.DirectMethodHandle$Holder.invokeVirtual(java.lang.Object, java.lang.Object, java.lang.Object, java.lang.Object, java.lang.Object, java.lang.Object, java.lang.Object, java.lang.Object, java.lang.Object)'> (0x000000060b46e900) 
thrown [s\src\hotspot\share\interpreter\linkResolver.cpp, line 773]
Event: 74.966 Thread 0x00000276280807c0 Exception <a 'java/lang/NoSuchMethodError'{0x000000060b60a3e0}: 'java.lang.Object java.lang.invoke.DirectMethodHandle$Holder.invokeStaticInit(java.lang.Object, int, int, int, int)'> (0x000000060b60a3e0) 
thrown [s\src\hotspot\share\interpreter\linkResolver.cpp, line 773]
Event: 75.455 Thread 0x00000276280807c0 Exception <a 'java/lang/NoSuchMethodError'{0x000000060b6da860}: 'java.lang.Object java.lang.invoke.DirectMethodHandle$Holder.invokeStaticInit(java.lang.Object, java.lang.Object, int, int, int, int)'> (0x000000060b6da860) 
thrown [s\src\hotspot\share\interpreter\linkResolver.cpp, line 773]
Event: 84.001 Thread 0x00000276280807c0 Exception <a 'java/io/IOException'{0x000000060b24a850}> (0x000000060b24a850) 
thrown [s\src\hotspot\share\prims\jni.cpp, line 520]
Event: 84.023 Thread 0x00000276280807c0 Implicit null exception at 0x000002763b5a4224 to 0x000002763b5a4900
Event: 84.071 Thread 0x00000276280807c0 Exception <a 'java/lang/NoSuchMethodError'{0x000000060b2ba6d0}: 'java.lang.Object java.lang.invoke.DirectMethodHandle$Holder.newInvokeSpecial(java.lang.Object, java.lang.Object, java.lang.Object, java.lang.Object, java.lang.Object)'> (0x000000060b2ba6d0) 
thrown [s\src\hotspot\share\interpreter\linkResolver.cpp, line 773]
Event: 96.609 Thread 0x0000027658860ca0 Implicit null exception at 0x000002763b5a6020 to 0x000002763b5a66f0
Event: 236.227 Thread 0x0000027658489220 Exception <a 'java/lang/NoSuchMethodError'{0x000000060a6389e0}: 'void java.lang.invoke.DirectMethodHandle$Holder.invokeSpecial(java.lang.Object, java.lang.Object, java.lang.Object)'> (0x000000060a6389e0) 
thrown [s\src\hotspot\share\interpreter\linkResolver.cpp, line 773]
Event: 240.695 Thread 0x000002769f96c520 Exception <a 'java/lang/NoSuchMethodError'{0x000000060a3e1df0}: 'long java.lang.invoke.DirectMethodHandle$Holder.invokeInterface(java.lang.Object, java.lang.Object)'> (0x000000060a3e1df0) 
thrown [s\src\hotspot\share\interpreter\linkResolver.cpp, line 773]
Event: 242.373 Thread 0x000002769f96c520 Exception <a 'java/lang/NoSuchMethodError'{0x0000000609813920}: 'void java.lang.invoke.DirectMethodHandle$Holder.invokeStatic(java.lang.Object, java.lang.Object)'> (0x0000000609813920) 
thrown [s\src\hotspot\share\interpreter\linkResolver.cpp, line 773]
Event: 242.687 Thread 0x000002769f96c520 Exception <a 'java/lang/NoSuchMethodError'{0x000000060985bf70}: 'java.lang.Object java.lang.invoke.DirectMethodHandle$Holder.invokeVirtual(java.lang.Object, java.lang.Object, java.lang.Object, java.lang.Object, java.lang.Object, java.lang.Object, java.lang.Object, java.lang.Object, java.lang.Object, java.lang.Object, java.lang.Object, java.lang.Object)'> (0x000000060985bf70) 
thrown [s\src\hotspot\share\interpreter\linkResolver.cpp, line 773]
Event: 242.689 Thread 0x000002769f96c520 Exception <a 'java/lang/NoSuchMethodError'{0x0000000609860f98}: 'java.lang.Object java.lang.invoke.DirectMethodHandle$Holder.invokeSpecial(java.lang.Object, java.lang.Object, java.lang.Object, java.lang.Object, java.lang.Object, java.lang.Object, java.lang.Object, java.lang.Object, java.lang.Object, java.lang.Object, java.lang.Object, java.lang.Object, java.lang.Object)'> (0x0000000609860f98) 
thrown [s\src\hotspot\share\interpreter\linkResolver.cpp, line 773]
Event: 243.119 Thread 0x000002769f96c520 Exception <a 'java/lang/NoSuchMethodError'{0x0000000609aca300}: 'int java.lang.invoke.DirectMethodHandle$Holder.invokeVirtual(java.lang.Object, java.lang.Object, java.lang.Object)'> (0x0000000609aca300) 
thrown [s\src\hotspot\share\interpreter\linkResolver.cpp, line 773]
Event: 243.382 Thread 0x000002769f96c520 Exception <a 'java/lang/NoSuchMethodError'{0x000000060953c498}: 'java.lang.Object java.lang.invoke.DirectMethodHandle$Holder.newInvokeSpecial(java.lang.Object, java.lang.Object, java.lang.Object, java.lang.Object, java.lang.Object, java.lang.Object)'> (0x000000060953c498) 
thrown [s\src\hotspot\share\interpreter\linkResolver.cpp, line 773]

ZGC Phase Switch (0 events):
No events

VM Operations (20 events):
Event: 235.559 Executing safepoint VM operation: Cleanup
Event: 235.842 Executing safepoint VM operation: Cleanup done
Event: 236.843 Executing safepoint VM operation: Cleanup
Event: 236.998 Executing safepoint VM operation: Cleanup done
Event: 237.999 Executing safepoint VM operation: Cleanup
Event: 238.029 Executing safepoint VM operation: Cleanup done
Event: 238.029 Executing non-safepoint VM operation: HandshakeAllThreads (Deoptimize)
Event: 238.031 Executing non-safepoint VM operation: HandshakeAllThreads (Deoptimize) done
Event: 239.031 Executing safepoint VM operation: Cleanup
Event: 239.032 Executing safepoint VM operation: Cleanup done
Event: 240.032 Executing safepoint VM operation: Cleanup
Event: 240.032 Executing safepoint VM operation: Cleanup done
Event: 241.033 Executing safepoint VM operation: Cleanup
Event: 241.207 Executing safepoint VM operation: Cleanup done
Event: 242.208 Executing safepoint VM operation: Cleanup
Event: 242.208 Executing safepoint VM operation: Cleanup done
Event: 243.209 Executing safepoint VM operation: Cleanup
Event: 243.209 Executing safepoint VM operation: Cleanup done
Event: 243.215 Executing non-safepoint VM operation: HandshakeAllThreads (Deoptimize)
Event: 243.215 Executing non-safepoint VM operation: HandshakeAllThreads (Deoptimize) done

Memory protections (0 events):
No events

Nmethod flushes (0 events):
No events

Events (20 events):
Event: 6.986 Thread 0x00000276280807c0 Thread added: 0x000002765835fd60
Event: 7.298 Thread 0x00000276280807c0 Thread added: 0x000002765845a1f0
Event: 16.584 Thread 0x0000027657aace10 Thread added: 0x00000276584787b0
Event: 17.759 Thread 0x00000276584787b0 Thread exited: 0x00000276584787b0
Event: 22.372 Thread 0x0000027657aace10 Thread added: 0x00000276585e9da0
Event: 23.225 Thread 0x00000276585e9da0 Thread exited: 0x00000276585e9da0
Event: 70.445 Thread 0x0000027657aace10 Thread added: 0x000002769ed83930
Event: 70.887 Thread 0x000002769ed83930 Thread exited: 0x000002769ed83930
Event: 72.810 Thread 0x00000276280807c0 Thread added: 0x000002769ed83930
Event: 72.835 Thread 0x0000027657aace10 Thread added: 0x000002769e104c40
Event: 72.995 Thread 0x000002769e104c40 Thread exited: 0x000002769e104c40
Event: 75.641 Thread 0x00000276280807c0 Thread added: 0x0000027658403270
Event: 84.078 Thread 0x00000276280807c0 Thread added: 0x0000027658860ca0
Event: 141.490 Thread 0x0000027658403270 Thread added: 0x0000027658489220
Event: 142.045 Thread 0x0000027658489220 Thread added: 0x0000027658489890
Event: 143.037 Thread 0x0000027658489220 Thread added: 0x0000027658d2f630
Event: 236.807 Thread 0x0000027658489220 Thread added: 0x000002769f96c520
Event: 238.051 Thread 0x000002769f96c520 Thread added: 0x000002769ed29f70
Event: 238.422 Thread 0x000002769f96c520 Thread added: 0x000002769ed2b9b0
Event: 238.472 Thread 0x000002769f96c520 Thread added: 0x000002769ed28530


Dynamic libraries:
0x00007ff6b6000000 - 0x00007ff6b600e000 	C:\Users\Lenovo E14\.vscode\extensions\redhat.java-1.56.0-win32-x64\jre\21.0.12.1-win32-x86_64\bin\java.exe
0x00007ff9bbd10000 - 0x00007ff9bbf28000 	C:\Windows\SYSTEM32\ntdll.dll
0x00007ff9bab90000 - 0x00007ff9bac54000 	C:\Windows\System32\KERNEL32.DLL
0x00007ff9b90f0000 - 0x00007ff9b94c3000 	C:\Windows\System32\KERNELBASE.dll
0x00007ff9b9890000 - 0x00007ff9b99a1000 	C:\Windows\System32\ucrtbase.dll
0x00007ff9569c0000 - 0x00007ff9569d8000 	C:\Users\Lenovo E14\.vscode\extensions\redhat.java-1.56.0-win32-x64\jre\21.0.12.1-win32-x86_64\bin\jli.dll
0x00007ff9bb080000 - 0x00007ff9bb232000 	C:\Windows\System32\USER32.dll
0x00007ff9b97e0000 - 0x00007ff9b9806000 	C:\Windows\System32\win32u.dll
0x00007ff9bb050000 - 0x00007ff9bb079000 	C:\Windows\System32\GDI32.dll
0x00007ff9b96c0000 - 0x00007ff9b97db000 	C:\Windows\System32\gdi32full.dll
0x00007ff9b8e50000 - 0x00007ff9b8eea000 	C:\Windows\System32\msvcp_win.dll
0x00007ff9569a0000 - 0x00007ff9569be000 	C:\Users\Lenovo E14\.vscode\extensions\redhat.java-1.56.0-win32-x64\jre\21.0.12.1-win32-x86_64\bin\VCRUNTIME140.dll
0x00007ff9a7b50000 - 0x00007ff9a7dec000 	C:\Windows\WinSxS\amd64_microsoft.windows.common-controls_6595b64144ccf1df_6.0.22621.6060_none_2712eda17382d24b\COMCTL32.dll
0x00007ff9ba8e0000 - 0x00007ff9ba987000 	C:\Windows\System32\msvcrt.dll
0x00007ff9ba780000 - 0x00007ff9ba7b1000 	C:\Windows\System32\IMM32.DLL
0x00007ff9a8910000 - 0x00007ff9a891c000 	C:\Users\Lenovo E14\.vscode\extensions\redhat.java-1.56.0-win32-x64\jre\21.0.12.1-win32-x86_64\bin\vcruntime140_1.dll
0x00007ff9563f0000 - 0x00007ff95647d000 	C:\Users\Lenovo E14\.vscode\extensions\redhat.java-1.56.0-win32-x64\jre\21.0.12.1-win32-x86_64\bin\msvcp140.dll
0x00007ff90b7c0000 - 0x00007ff90c562000 	C:\Users\Lenovo E14\.vscode\extensions\redhat.java-1.56.0-win32-x64\jre\21.0.12.1-win32-x86_64\bin\server\jvm.dll
0x00007ff9baee0000 - 0x00007ff9baf91000 	C:\Windows\System32\ADVAPI32.dll
0x00007ff9bafa0000 - 0x00007ff9bb048000 	C:\Windows\System32\sechost.dll
0x00007ff9b8e20000 - 0x00007ff9b8e48000 	C:\Windows\System32\bcrypt.dll
0x00007ff9bbb90000 - 0x00007ff9bbca8000 	C:\Windows\System32\RPCRT4.dll
0x00007ff9ba4c0000 - 0x00007ff9ba531000 	C:\Windows\System32\WS2_32.dll
0x00007ff9b85a0000 - 0x00007ff9b85ed000 	C:\Windows\SYSTEM32\POWRPROF.dll
0x00007ff9b23f0000 - 0x00007ff9b2424000 	C:\Windows\SYSTEM32\WINMM.dll
0x00007ff9b2060000 - 0x00007ff9b206a000 	C:\Windows\SYSTEM32\VERSION.dll
0x00007ff9b8530000 - 0x00007ff9b8543000 	C:\Windows\SYSTEM32\UMPDC.dll
0x00007ff9b7e30000 - 0x00007ff9b7e48000 	C:\Windows\SYSTEM32\kernel.appcore.dll
0x00007ff97cd10000 - 0x00007ff97cd1a000 	C:\Users\Lenovo E14\.vscode\extensions\redhat.java-1.56.0-win32-x64\jre\21.0.12.1-win32-x86_64\bin\jimage.dll
0x00007ff9b67d0000 - 0x00007ff9b6a03000 	C:\Windows\SYSTEM32\DBGHELP.DLL
0x00007ff9b9fc0000 - 0x00007ff9ba351000 	C:\Windows\System32\combase.dll
0x00007ff9bac60000 - 0x00007ff9bad38000 	C:\Windows\System32\OLEAUT32.dll
0x00007ff9acea0000 - 0x00007ff9aced2000 	C:\Windows\SYSTEM32\dbgcore.DLL
0x00007ff9b94d0000 - 0x00007ff9b954b000 	C:\Windows\System32\bcryptPrimitives.dll
0x00007ff975da0000 - 0x00007ff975daf000 	C:\Users\Lenovo E14\.vscode\extensions\redhat.java-1.56.0-win32-x64\jre\21.0.12.1-win32-x86_64\bin\instrument.dll
0x00007ff956980000 - 0x00007ff9569a0000 	C:\Users\Lenovo E14\.vscode\extensions\redhat.java-1.56.0-win32-x64\jre\21.0.12.1-win32-x86_64\bin\java.dll
0x00007ff9bb260000 - 0x00007ff9bbafc000 	C:\Windows\System32\SHELL32.dll
0x00007ff9b8ef0000 - 0x00007ff9b902f000 	C:\Windows\System32\wintypes.dll
0x00007ff9b6cd0000 - 0x00007ff9b75ea000 	C:\Windows\SYSTEM32\windows.storage.dll
0x00007ff9ba7c0000 - 0x00007ff9ba8c4000 	C:\Windows\System32\SHCORE.dll
0x00007ff9b9a60000 - 0x00007ff9b9ac9000 	C:\Windows\System32\shlwapi.dll
0x00007ff9b8d50000 - 0x00007ff9b8d75000 	C:\Windows\SYSTEM32\profapi.dll
0x00007ff99cc60000 - 0x00007ff99cc78000 	C:\Users\Lenovo E14\.vscode\extensions\redhat.java-1.56.0-win32-x64\jre\21.0.12.1-win32-x86_64\bin\zip.dll
0x00007ff99bb40000 - 0x00007ff99bb50000 	C:\Users\Lenovo E14\.vscode\extensions\redhat.java-1.56.0-win32-x64\jre\21.0.12.1-win32-x86_64\bin\net.dll
0x00007ff9b55d0000 - 0x00007ff9b56fc000 	C:\Windows\SYSTEM32\WINHTTP.dll
0x00007ff9b82f0000 - 0x00007ff9b8359000 	C:\Windows\system32\mswsock.dll
0x00007ff99bb20000 - 0x00007ff99bb36000 	C:\Users\Lenovo E14\.vscode\extensions\redhat.java-1.56.0-win32-x64\jre\21.0.12.1-win32-x86_64\bin\nio.dll
0x00007ff956b40000 - 0x00007ff956b50000 	C:\Users\Lenovo E14\.vscode\extensions\redhat.java-1.56.0-win32-x64\jre\21.0.12.1-win32-x86_64\bin\verify.dll
0x00007ff99df10000 - 0x00007ff99df37000 	C:\Users\Lenovo E14\.gradle\native\1def1411415f61bf3af743bc5b6707747c0891f09f0c88961ee8f79bc544acac\windows-amd64\native-platform.dll
0x00007ff973490000 - 0x00007ff973508000 	C:\Users\Lenovo E14\.gradle\native\0.2.7\x86_64-windows-gnu\gradle-fileevents.dll
0x00007ff9b25b0000 - 0x00007ff9b25ba000 	C:\Users\Lenovo E14\.vscode\extensions\redhat.java-1.56.0-win32-x64\jre\21.0.12.1-win32-x86_64\bin\management.dll
0x00007ff9b10e0000 - 0x00007ff9b10ec000 	C:\Users\Lenovo E14\.vscode\extensions\redhat.java-1.56.0-win32-x64\jre\21.0.12.1-win32-x86_64\bin\management_ext.dll
0x00007ff9bb240000 - 0x00007ff9bb248000 	C:\Windows\System32\PSAPI.DLL
0x00007ff9b7890000 - 0x00007ff9b78bd000 	C:\Windows\SYSTEM32\IPHLPAPI.DLL
0x00007ff9ba8d0000 - 0x00007ff9ba8d9000 	C:\Windows\System32\NSI.dll
0x00007ff9b2590000 - 0x00007ff9b2599000 	C:\Users\Lenovo E14\.vscode\extensions\redhat.java-1.56.0-win32-x64\jre\21.0.12.1-win32-x86_64\bin\extnet.dll
0x00007ff9b86c0000 - 0x00007ff9b86db000 	C:\Windows\SYSTEM32\CRYPTSP.dll
0x00007ff9b7d20000 - 0x00007ff9b7d57000 	C:\Windows\system32\rsaenh.dll
0x00007ff9b8390000 - 0x00007ff9b83b8000 	C:\Windows\SYSTEM32\USERENV.dll
0x00007ff9b86a0000 - 0x00007ff9b86ac000 	C:\Windows\SYSTEM32\CRYPTBASE.dll
0x00007ff9b25a0000 - 0x00007ff9b25ae000 	C:\Users\Lenovo E14\.vscode\extensions\redhat.java-1.56.0-win32-x64\jre\21.0.12.1-win32-x86_64\bin\sunmscapi.dll
0x00007ff9b9550000 - 0x00007ff9b96b8000 	C:\Windows\System32\CRYPT32.dll
0x00007ff9b87e0000 - 0x00007ff9b880e000 	C:\Windows\SYSTEM32\ncrypt.dll
0x00007ff9b87a0000 - 0x00007ff9b87d7000 	C:\Windows\SYSTEM32\NTASN1.dll
0x00007ff97e570000 - 0x00007ff97e578000 	C:\Windows\system32\wshunix.dll

JVMTI agents:
C:\Users\Lenovo E14\.gradle\wrapper\dists\gradle-8.14-all\c2qonpi39x1mddn7hk5gh9iqj\gradle-8.14\lib\agents\gradle-instrumentation-agent-8.14.jar path:C:\Users\Lenovo E14\.vscode\extensions\redhat.java-1.56.0-win32-x64\jre\21.0.12.1-win32-x86_64\bin\instrument.dll, loaded, initialized, instrumentlib options:none

dbghelp: loaded successfully - version: 4.0.5 - missing functions: none
symbol engine: initialized successfully - sym options: 0x614 - pdb path: .;C:\Users\Lenovo E14\.vscode\extensions\redhat.java-1.56.0-win32-x64\jre\21.0.12.1-win32-x86_64\bin;C:\Windows\SYSTEM32;C:\Windows\WinSxS\amd64_microsoft.windows.common-controls_6595b64144ccf1df_6.0.22621.6060_none_2712eda17382d24b;C:\Users\Lenovo E14\.vscode\extensions\redhat.java-1.56.0-win32-x64\jre\21.0.12.1-win32-x86_64\bin\server;C:\Users\Lenovo E14\.gradle\native\1def1411415f61bf3af743bc5b6707747c0891f09f0c88961ee8f79bc544acac\windows-amd64;C:\Users\Lenovo E14\.gradle\native\0.2.7\x86_64-windows-gnu

VM Arguments:
jvm_args: --add-opens=java.base/java.lang=ALL-UNNAMED --add-opens=java.base/java.lang.invoke=ALL-UNNAMED --add-opens=java.base/java.util=ALL-UNNAMED --add-opens=java.prefs/java.util.prefs=ALL-UNNAMED --add-exports=jdk.compiler/com.sun.tools.javac.api=ALL-UNNAMED --add-exports=jdk.compiler/com.sun.tools.javac.util=ALL-UNNAMED --add-opens=java.base/java.util=ALL-UNNAMED --add-opens=java.prefs/java.util.prefs=ALL-UNNAMED --add-opens=java.base/java.nio.charset=ALL-UNNAMED --add-opens=java.base/java.net=ALL-UNNAMED --add-opens=java.base/java.util.concurrent.atomic=ALL-UNNAMED --add-opens=java.xml/javax.xml.namespace=ALL-UNNAMED -XX:MaxMetaspaceSize=4G -XX:ReservedCodeCacheSize=512m -XX:+HeapDumpOnOutOfMemoryError -Xmx8G -Dfile.encoding=UTF-8 -Duser.country=US -Duser.language=en -Duser.variant -javaagent:C:\Users\Lenovo E14\.gradle\wrapper\dists\gradle-8.14-all\c2qonpi39x1mddn7hk5gh9iqj\gradle-8.14\lib\agents\gradle-instrumentation-agent-8.14.jar 
java_command: org.gradle.launcher.daemon.bootstrap.GradleDaemon 8.14
java_class_path (initial): C:\Users\Lenovo E14\.gradle\wrapper\dists\gradle-8.14-all\c2qonpi39x1mddn7hk5gh9iqj\gradle-8.14\lib\gradle-daemon-main-8.14.jar
Launcher Type: SUN_STANDARD

[Global flags]
     intx CICompilerCount                          = 4                                         {product} {ergonomic}
     uint ConcGCThreads                            = 2                                         {product} {ergonomic}
     uint G1ConcRefinementThreads                  = 8                                         {product} {ergonomic}
   size_t G1HeapRegionSize                         = 4194304                                   {product} {ergonomic}
    uintx GCDrainStackTargetSize                   = 64                                        {product} {ergonomic}
     bool HeapDumpOnOutOfMemoryError               = true                                   {manageable} {command line}
   size_t InitialHeapSize                          = 264241152                                 {product} {ergonomic}
   size_t MarkStackSize                            = 4194304                                   {product} {ergonomic}
   size_t MaxHeapSize                              = 8589934592                                {product} {command line}
   size_t MaxMetaspaceSize                         = 4294967296                                {product} {command line}
   size_t MaxNewSize                               = 5150605312                                {product} {ergonomic}
   size_t MinHeapDeltaBytes                        = 4194304                                   {product} {ergonomic}
   size_t MinHeapSize                              = 8388608                                   {product} {ergonomic}
    uintx NonNMethodCodeHeapSize                   = 5839372                                {pd product} {ergonomic}
    uintx NonProfiledCodeHeapSize                  = 265515770                              {pd product} {ergonomic}
    uintx ProfiledCodeHeapSize                     = 265515770                              {pd product} {ergonomic}
    uintx ReservedCodeCacheSize                    = 536870912                              {pd product} {command line}
     bool SegmentedCodeCache                       = true                                      {product} {ergonomic}
   size_t SoftMaxHeapSize                          = 8589934592                             {manageable} {ergonomic}
     bool UseCompressedOops                        = true                           {product lp64_product} {ergonomic}
     bool UseG1GC                                  = true                                      {product} {ergonomic}
     bool UseLargePagesIndividualAllocation        = false                                  {pd product} {ergonomic}

Logging:
Log output configuration:
 #0: stdout all=warning uptime,level,tags foldmultilines=false
 #1: stderr all=off uptime,level,tags foldmultilines=false

Release file:
JAVA_VERSION="21.0.12.1" 
MODULES="java.base java.compiler java.datatransfer java.xml java.prefs java.desktop java.instrument java.logging java.management java.security.sasl java.naming java.rmi java.management.rmi java.net.http java.scripting java.security.jgss java.transaction.xa java.sql java.sql.rowset java.xml.crypto java.se java.smartcardio jdk.accessibility jdk.internal.jvmstat jdk.attach jdk.charsets jdk.internal.opt jdk.zipfs jdk.compiler jdk.crypto.ec jdk.crypto.cryptoki jdk.crypto.mscapi jdk.dynalink jdk.internal.ed jdk.editpad jdk.hotspot.agent jdk.httpserver jdk.internal.le jdk.internal.vm.ci jdk.internal.vm.compiler jdk.internal.vm.compiler.management jdk.jartool jdk.javadoc jdk.jcmd jdk.management jdk.management.agent jdk.jconsole jdk.jdeps jdk.jdwp.agent jdk.jdi jdk.jfr jdk.jshell jdk.jsobject jdk.jstatd jdk.localedata jdk.management.jfr jdk.naming.dns jdk.naming.rmi jdk.net jdk.nio.mapmode jdk.random jdk.sctp jdk.security.auth jdk.security.jgss jdk.unsupported jdk.unsupported.desktop jdk.xml.dom" 

Environment Variables:
PATH=C:\Program Files\Common Files\Oracle\Java\javapath;C:\Windows\system32;C:\Windows;C:\Windows\System32\Wbem;C:\Windows\System32\WindowsPowerShell\v1.0\;C:\Windows\System32\OpenSSH\;C:\Windows\Microsoft.NET\Framework64\v4.0.30319;C:\Program Files\MongoDB\mongosh-2.5.8-win32-x64\bin;C:\Program Files\MongoDB\mongodb-database-tools-windows-x86_64-100.13.0\bin;C:\Program Files\MongoDB\Server\8.2\bin;C:\Program Files\MongoDB\Connector for BI\2.14\bin;C:\Program Files\MongoDB\ODBC\1.4\bin;C:\Program Files\nodejs\;C:\Program Files\Git\cmd;C:\Program Files\MySQL\MySQL Shell 8.0\bin;C:\Program Files\MySQL\MySQL Server 8.0\bin;C:\Program Files\MySQL\MySQL Router 8.0\bin;C:\Program Files\dotnet\;C:\flutter\bin;C:\Android\cmdline-tools\latest\bin;C:\Android\platform-tools;C:\Android\platforms;C:\Android\emulator;C:\Program Files\MySQL\MySQL Shell 8.0\bin\;C:\Users\Lenovo E14\AppData\Local\Programs\Python\Python314\Scripts\;C:\Users\Lenovo E14\AppData\Local\Programs\Python\Python314\;C:\Users\Lenovo E14\AppData\Local\Microsoft\WindowsApps;C:\Users\Lenovo E14\AppData\Local\Programs\Microsoft VS Code\bin;C:\Users\Lenovo E14\AppData\Roaming\npm
USERNAME=Lenovo E14
OS=Windows_NT
PROCESSOR_IDENTIFIER=Intel64 Family 6 Model 140 Stepping 1, GenuineIntel
TMP=C:\Users\LENOVO~1\AppData\Local\Temp
TEMP=C:\Users\LENOVO~1\AppData\Local\Temp




Periodic native trim disabled

---------------  S Y S T E M  ---------------

OS:
 Windows 11 , 64 bit Build 22621 (10.0.22621.5415)
OS uptime: 0 days 0:24 hours
Hyper-V role detected

CPU: total 8 (initial active 8) (4 cores per cpu, 2 threads per core) family 6 model 140 stepping 1 microcode 0x86, cx8, cmov, fxsr, ht, mmx, 3dnowpref, sse, sse2, sse3, ssse3, sse4.1, sse4.2, popcnt, lzcnt, tsc, tscinvbit, avx, avx2, aes, erms, clmul, bmi1, bmi2, adx, avx512f, avx512dq, avx512cd, avx512bw, avx512vl, sha, fma, vzeroupper, avx512_vpopcntdq, avx512_vpclmulqdq, avx512_vaes, avx512_vnni, clflush, clflushopt, clwb, avx512_vbmi2, avx512_vbmi, hv, rdtscp, rdpid, fsrm, gfni, avx512_bitalg, f16c, cet_ibt, cet_ss, avx512_ifma
Processor Information for the first 8 processors :
  Max Mhz: 2419, Current Mhz: 2419, Mhz Limit: 2419

Memory: 4k page, system-wide physical 16082M (576M free)
TotalPageFile size 65234M (AvailPageFile size 1888M)
current process WorkingSet (physical memory assigned to process): 75M, peak: 138M
current process commit charge ("private bytes"): 380M, peak: 381M

vm_info: OpenJDK 64-Bit Server VM (21.0.12.1+1-LTS) for windows-amd64 JRE (21.0.12.1+1-LTS), built on 2026-08-18T00:00:00Z by "admin" with MS VC++ 17.12 (VS2022)

END.
