#
# There is insufficient memory for the Java Runtime Environment to continue.
# Native memory allocation (malloc) failed to allocate 1442416 bytes. Error detail: Chunk::new
# Possible reasons:
#   The system is out of physical RAM or swap space
#   This process is running with CompressedOops enabled, and the Java Heap may be blocking the growth of the native heap
# Possible solutions:
#   Reduce memory load on the system
#   Increase physical memory or swap space
#   Check if swap backing store is full
#   Decrease Java heap size (-Xmx/-Xms)
#   Decrease number of Java threads
#   Decrease Java thread stack sizes (-Xss)
#   Set larger code cache with -XX:ReservedCodeCacheSize=
#   JVM is running with Unscaled Compressed Oops mode in which the Java heap is
#     placed in the first 4GB address space. The Java Heap base address is the
#     maximum limit for the native heap growth. Please use -XX:HeapBaseMinAddress
#     to set the Java Heap base and to place the Java Heap above 4GB virtual address.
# This output file may be truncated or incomplete.
#
#  Out of Memory Error (arena.cpp:168), pid=4004, tid=8052
#
# JRE version: OpenJDK Runtime Environment Temurin-21.0.12.1+1 (21.0.12.1+1) (build 21.0.12.1+1-LTS)
# Java VM: OpenJDK 64-Bit Server VM Temurin-21.0.12.1+1 (21.0.12.1+1-LTS, mixed mode, sharing, tiered, compressed oops, compressed class ptrs, parallel gc, windows-amd64)
# No core dump will be written. Minidumps are not enabled by default on client versions of Windows
#

---------------  S U M M A R Y ------------

Command Line: --add-modules=ALL-SYSTEM --add-opens=java.base/java.util=ALL-UNNAMED --add-opens=java.base/java.lang=ALL-UNNAMED --add-opens=java.base/sun.nio.fs=ALL-UNNAMED -Declipse.application=org.eclipse.jdt.ls.core.id1 -Dosgi.bundles.defaultStartLevel=4 -Declipse.product=org.eclipse.jdt.ls.core.product -Djava.import.generatesMetadataFilesAtProjectRoot=false -Dm2e.project.cache.size=50 -DDetectVMInstallationsJob.disabled=true -Dfile.encoding=utf8 -XX:+UseParallelGC -XX:GCTimeRatio=4 -XX:AdaptiveSizePolicyWeight=90 -Dsun.zip.disableMemoryMapping=true -Xmx2G -Xms100m -Xlog:disable -javaagent:c:\Users\Lenovo E14\.vscode\extensions\redhat.java-1.56.0-win32-x64\lombok\lombok-1.18.39-4050.jar -XX:+HeapDumpOnOutOfMemoryError -XX:HeapDumpPath=c:\Users\Lenovo E14\AppData\Roaming\Code\User\workspaceStorage\ec339f7af8d5643ab16b547cea2a7f8c\redhat.java -Daether.dependencyCollector.impl=bf c:\Users\Lenovo E14\.vscode\extensions\redhat.java-1.56.0-win32-x64\server\plugins\org.eclipse.equinox.launcher_1.8.0.v20260804-1928.jar -configuration c:\Users\Lenovo E14\AppData\Roaming\Code\User\globalStorage\redhat.java\1.56.0\config_win -data c:\Users\Lenovo E14\AppData\Roaming\Code\User\workspaceStorage\ec339f7af8d5643ab16b547cea2a7f8c\redhat.java\jdt_ws --stdio

Host: 11th Gen Intel(R) Core(TM) i5-1135G7 @ 2.40GHz, 8 cores, 15G,  Windows 11 , 64 bit Build 22621 (10.0.22621.5415)
Time: Tue Oct  6 07:50:44 2026 W. Central Africa Standard Time elapsed time: 1360.951831 seconds (0d 0h 22m 40s)

---------------  T H R E A D  ---------------

Current thread (0x0000017b11b33e60):  JavaThread "C2 CompilerThread0" daemon [_thread_in_native, id=8052, stack(0x000000429e600000,0x000000429e700000) (1024K)]


Current CompileTask:
C2:1360951 19724   !   4       org.gradle.internal.serialize.kryo.KryoBackedDecoder::readNullableString (15 bytes)

Stack: [0x000000429e600000,0x000000429e700000]
Native frames: (J=compiled Java code, j=interpreted, Vv=VM code, C=native code)
V  [jvm.dll+0x6d83e9]
V  [jvm.dll+0x8b5736]
V  [jvm.dll+0x8b7cee]
V  [jvm.dll+0x8b83d3]
V  [jvm.dll+0x284596]
V  [jvm.dll+0xc685d]
V  [jvm.dll+0xc6da1]
V  [jvm.dll+0x3bf151]
V  [jvm.dll+0x38b6d2]
V  [jvm.dll+0x38ab1a]
V  [jvm.dll+0x24c700]
V  [jvm.dll+0x24bce0]
V  [jvm.dll+0x1cb4ae]
V  [jvm.dll+0x25baad]
V  [jvm.dll+0x25a03a]
V  [jvm.dll+0x3f8aae]
V  [jvm.dll+0x8600cd]
V  [jvm.dll+0x6d6c1d]
C  [ucrtbase.dll+0x29333]
C  [KERNEL32.DLL+0x1259d]
C  [ntdll.dll+0x5af78]


---------------  P R O C E S S  ---------------

Threads class SMR info:
_java_thread_list=0x0000017b00a77fb0, length=359, elements={
0x0000017b11bae3c0, 0x0000017b11b1e480, 0x0000017b11b21600, 0x0000017b11b23f00,
0x0000017b11b24c00, 0x0000017b11b2c300, 0x0000017b11b29ba0, 0x0000017b11b33e60,
0x0000017b6f044a70, 0x0000017b11b2d020, 0x0000017b11b2bc70, 0x0000017b11b2a230,
0x0000017b11b2a8c0, 0x0000017b11b2c990, 0x0000017b11b2b5e0, 0x0000017b70018120,
0x0000017b7001c950, 0x0000017b7001ea20, 0x0000017b700187b0, 0x0000017b7001c2c0,
0x0000017b7001dd00, 0x0000017b7001e390, 0x0000017b7001af10, 0x0000017b7001a880,
0x0000017b70019b60, 0x0000017b7001a1f0, 0x0000017b7001b5a0, 0x0000017b6fb30050,
0x0000017b6fb35c30, 0x0000017b6fb355a0, 0x0000017b6fb32120, 0x0000017b6fb32e40,
0x0000017b6fb2f330, 0x0000017b6fb31a90, 0x0000017b6fb362c0, 0x0000017b6fb327b0,
0x0000017b6fb2f9c0, 0x0000017b70482f70, 0x0000017b00c4e510, 0x0000017b71fed480,
0x0000017b71feeec0, 0x0000017b71fefbe0, 0x0000017b71fedb10, 0x0000017b71feb3b0,
0x0000017b71fec0d0, 0x0000017b71fec760, 0x0000017b71fea000, 0x0000017b71fead20,
0x0000017b6fd92780, 0x0000017b6fd90d40, 0x0000017b6fd98360, 0x0000017b6f6710d0,
0x0000017b7460c070, 0x0000017b7460cd90, 0x0000017b7460d420, 0x0000017b7460e7d0,
0x0000017b7f564280, 0x0000017b7f564910, 0x0000017b7f5621b0, 0x0000017b7f564fa0,
0x0000017b7f569140, 0x0000017b7f567700, 0x0000017b7f562ed0, 0x0000017b7f563560,
0x0000017b71ff0f90, 0x0000017b70483600, 0x0000017b704849b0, 0x0000017b6f670a40,
0x0000017b7460ee60, 0x0000017b7f563bf0, 0x0000017b7f5697d0, 0x0000017b71fee1a0,
0x0000017b6fd93b30, 0x0000017b6fd96290, 0x0000017b70481530, 0x0000017b7ef4b1f0,
0x0000017b7ef4b880, 0x0000017b7460e140, 0x0000017b740a19a0, 0x0000017b7409f240,
0x0000017b740a0c80, 0x0000017b6fb31400, 0x0000017b7ef4ab60, 0x0000017b6fb36950,
0x0000017b00a3e910, 0x0000017b00a3f630, 0x0000017b00a3c840, 0x0000017b00a3a770,
0x0000017b00a3b490, 0x0000017b00a3ae00, 0x0000017b00a43140, 0x0000017b00a41d90,
0x0000017b00a3e280, 0x0000017b00a48000, 0x0000017b00a42ab0, 0x0000017b00c48fc0,
0x0000017b00c4aa00, 0x0000017b6fb30d70, 0x0000017b00c4b090, 0x0000017b7460f4f0,
0x0000017b00c4d160, 0x0000017b7460dab0, 0x0000017b07271f50, 0x0000017b0726e440,
0x0000017b072725e0, 0x0000017b0726ead0, 0x0000017b0726f160, 0x0000017b07273300,
0x0000017b07270ba0, 0x0000017b07273990, 0x0000017b6fd94ee0, 0x0000017b6f66f690,
0x0000017b0726d090, 0x0000017b7460c700, 0x0000017b072718c0, 0x0000017b0d447e00,
0x0000017b0d4435d0, 0x0000017b0d4491b0, 0x0000017b0d442f40, 0x0000017b0d443c60,
0x0000017b0d4463c0, 0x0000017b0d449ed0, 0x0000017b704828e0, 0x0000017b00a3bb20,
0x0000017b7ef49120, 0x0000017b0d4442f0, 0x0000017b00c4d7f0, 0x0000017b740a1310,
0x0000017b7f272020, 0x0000017b7f2733d0, 0x0000017b7f271990, 0x0000017b7f278920,
0x0000017b7f2761c0, 0x0000017b7f272d40, 0x0000017b7f278fb0, 0x0000017b7f274e10,
0x0000017b7f2726b0, 0x0000017b7f276850, 0x0000017b7f2754a0, 0x0000017b7f279640,
0x0000017b7f279cd0, 0x0000017b7f27a9f0, 0x0000017b7f27b710, 0x0000017b7f2805d0,
0x0000017b7f27c430, 0x0000017b7f27b080, 0x0000017b7f275b30, 0x0000017b7f276ee0,
0x0000017b7f27e500, 0x0000017b00a3efa0, 0x0000017b00a3fcc0, 0x0000017b00a40350,
0x0000017b00a3d560, 0x0000017b00a409e0, 0x0000017b00a444f0, 0x0000017b00a437d0,
0x0000017b00a42420, 0x0000017b00a458a0, 0x0000017b00a46c50, 0x0000017b0d4456a0,
0x0000017b0d444980, 0x0000017b0d448b20, 0x0000017b0d4428b0, 0x0000017b0d446a50,
0x0000017b0d4470e0, 0x0000017b7f270c70, 0x0000017b7f27eb90, 0x0000017b7f278290,
0x0000017b7f2740f0, 0x0000017b7f273a60, 0x0000017b7f27f220, 0x0000017b7f27d7e0,
0x0000017b7f27de70, 0x0000017b7f271300, 0x0000017b7f27f8b0, 0x0000017b7f27d150,
0x0000017b6fd96fb0, 0x0000017b6fd94850, 0x0000017b6fd92e10, 0x0000017b7f566350,
0x0000017b7f565630, 0x0000017b7f5669e0, 0x0000017b7f567d90, 0x0000017b7f567070,
0x0000017b00a38d30, 0x0000017b00a393c0, 0x0000017b00a43e60, 0x0000017b00a3c1b0,
0x0000017b00a3dbf0, 0x0000017b71fee830, 0x0000017b71ff0270, 0x0000017b71fecdf0,
0x0000017b71fe9970, 0x0000017b71fef550, 0x0000017b71fea690, 0x0000017b0726d720,
0x0000017b0726ca00, 0x0000017b07270510, 0x0000017b0726fe80, 0x0000017b07272c70,
0x0000017b00c48930, 0x0000017b00c4cad0, 0x0000017b6fd96920, 0x0000017b6fd934a0,
0x0000017b6fd91a60, 0x0000017b7ef4a4d0, 0x0000017b7ef4c5a0, 0x0000017b6fb33b60,
0x0000017b6fb334d0, 0x0000017b6fb34f10, 0x0000017b7409ff60, 0x0000017b740a05f0,
0x0000017b7f27bda0, 0x0000017b0726c370, 0x0000017b0726ddb0, 0x0000017b0d448490,
0x0000017b0d449840, 0x0000017b7ef4bf10, 0x0000017b6fd941c0, 0x0000017b6fd920f0,
0x0000017b7001cfe0, 0x0000017b7ef49e40, 0x0000017b00c46ef0, 0x0000017b70482250,
0x0000017b7eaac5d0, 0x0000017b7eaaf3c0, 0x0000017b7eab0770, 0x0000017b7ef497b0,
0x0000017b7eabb570, 0x0000017b7eab8e10, 0x0000017b7e9f3ce0, 0x0000017b7e9f77f0,
0x0000017b7e9f0860, 0x0000017b7e9fc020, 0x0000017b7e9f8510, 0x0000017b7e9fb990,
0x0000017b7e9f9230, 0x0000017b7e9f8ba0, 0x0000017b7e9fe0f0, 0x0000017b7e9f98c0,
0x0000017b7e9f9f50, 0x0000017b7e9fcd40, 0x0000017b7e9f7e80, 0x0000017b7e9fe780,
0x0000017b7e9f5db0, 0x0000017b7e9eee20, 0x0000017b7e9f6440, 0x0000017b7e9f5090,
0x0000017b7e9ff4a0, 0x0000017b7e9fd3d0, 0x0000017b7e9ef4b0, 0x0000017b7ea00850,
0x0000017b7ea00ee0, 0x0000017b7ea01570, 0x0000017b7ea03640, 0x0000017b7ea03cd0,
0x0000017b7e9fc6b0, 0x0000017b7ea04360, 0x0000017b7ea049f0, 0x0000017b7ea05080,
0x0000017b7ea02290, 0x0000017b7ea06430, 0x0000017b7ea07150, 0x0000017b7ea077e0,
0x0000017b7e9f5720, 0x0000017b7e9f1580, 0x0000017b7e9ee790, 0x0000017b7ea05da0,
0x0000017b7e9f0ef0, 0x0000017b7e9ee100, 0x0000017b7e9f22a0, 0x0000017b7e9f1c10,
0x0000017b7e9fee10, 0x0000017b7ea09220, 0x0000017b7ea0c6a0, 0x0000017b7ea0b980,
0x0000017b7ea09f40, 0x0000017b7ea0cd30, 0x0000017b7ea0a5d0, 0x0000017b7ea098b0,
0x0000017b7ea08500, 0x0000017b7e9fb300, 0x0000017b7ea0b2f0, 0x0000017b7eaad2f0,
0x0000017b7eaaed30, 0x0000017b7eab3bf0, 0x0000017b7eab00e0, 0x0000017b7eab0e00,
0x0000017b7eab1b20, 0x0000017b7eab2840, 0x0000017b7eab2ed0, 0x0000017b7eabaee0,
0x0000017b7eab94a0, 0x0000017b7eab8780, 0x0000017b7eab66b0, 0x0000017b7eab5300,
0x0000017b7eaba850, 0x0000017b00a39a50, 0x0000017b00a465c0, 0x0000017b00a45210,
0x0000017b00a472e0, 0x0000017b00a41700, 0x0000017b6f672480, 0x0000017b6fd97640,
0x0000017b6fd95570, 0x0000017b7f277570, 0x0000017b6f672b10, 0x0000017b7e9f01d0,
0x0000017b7409ebb0, 0x0000017b00c49ce0, 0x0000017b7f568ab0, 0x0000017b7001d670,
0x0000017b07271230, 0x0000017b7e9f3650, 0x0000017b7eab6d40, 0x0000017b7eab1490,
0x0000017b7eabbc00, 0x0000017b7eab5990, 0x0000017b6f6703b0, 0x0000017b7eab7a60,
0x0000017b7eab73d0, 0x0000017b6fd913d0, 0x0000017b71feba40, 0x0000017b70481bc0,
0x0000017b6fb341f0, 0x0000017b7eab4c70, 0x0000017b7e9fda60, 0x0000017b7f27cac0,
0x0000017b08eebbc0, 0x0000017b08eef040, 0x0000017b08eee9b0, 0x0000017b08eec250,
0x0000017b08eecf70, 0x0000017b08eee320, 0x0000017b08ee9460, 0x0000017b08ef1110,
0x0000017b08eefd60, 0x0000017b08ef17a0, 0x0000017b08ef1e30, 0x0000017b08eeaea0,
0x0000017b08eeb530, 0x0000017b08ef4590, 0x0000017b08ef31e0, 0x0000017b08ef8dc0,
0x0000017b08ef80a0, 0x0000017b08ef3f00, 0x0000017b08ef5fd0, 0x0000017b08ef6cf0,
0x0000017b08efa170, 0x0000017b08ef7a10, 0x0000017b08ef8730, 0x0000017b08efbbb0,
0x0000017b08ef5940, 0x0000017b08ee9af0, 0x0000017b08ef03f0, 0x0000017b08ef0a80,
0x0000017b08ef24c0, 0x0000017b08eea180, 0x0000017b08ef3870
}

Java Threads: ( => current thread )
  0x0000017b11bae3c0 JavaThread "main"                              [_thread_blocked, id=3196, stack(0x000000429dc00000,0x000000429dd00000) (1024K)]
  0x0000017b11b1e480 JavaThread "Reference Handler"          daemon [_thread_blocked, id=3404, stack(0x000000429e000000,0x000000429e100000) (1024K)]
  0x0000017b11b21600 JavaThread "Finalizer"                  daemon [_thread_blocked, id=7104, stack(0x000000429e100000,0x000000429e200000) (1024K)]
  0x0000017b11b23f00 JavaThread "Signal Dispatcher"          daemon [_thread_blocked, id=2548, stack(0x000000429e200000,0x000000429e300000) (1024K)]
  0x0000017b11b24c00 JavaThread "Attach Listener"            daemon [_thread_blocked, id=3788, stack(0x000000429e300000,0x000000429e400000) (1024K)]
  0x0000017b11b2c300 JavaThread "Service Thread"             daemon [_thread_blocked, id=11372, stack(0x000000429e400000,0x000000429e500000) (1024K)]
  0x0000017b11b29ba0 JavaThread "Monitor Deflation Thread"   daemon [_thread_blocked, id=2244, stack(0x000000429e500000,0x000000429e600000) (1024K)]
=>0x0000017b11b33e60 JavaThread "C2 CompilerThread0"         daemon [_thread_in_native, id=8052, stack(0x000000429e600000,0x000000429e700000) (1024K)]
  0x0000017b6f044a70 JavaThread "C1 CompilerThread0"         daemon [_thread_blocked, id=5304, stack(0x000000429e700000,0x000000429e800000) (1024K)]
  0x0000017b11b2d020 JavaThread "Common-Cleaner"             daemon [_thread_blocked, id=14512, stack(0x000000429e900000,0x000000429ea00000) (1024K)]
  0x0000017b11b2bc70 JavaThread "Notification Thread"        daemon [_thread_blocked, id=15456, stack(0x000000429ea00000,0x000000429eb00000) (1024K)]
  0x0000017b11b2a230 JavaThread "Active Thread: Equinox Container: 8eef907e-ef83-4145-8657-3c57767c2499"        [_thread_blocked, id=19540, stack(0x000000429f200000,0x000000429f300000) (1024K)]
  0x0000017b11b2a8c0 JavaThread "Refresh Thread: Equinox Container: 8eef907e-ef83-4145-8657-3c57767c2499" daemon [_thread_blocked, id=2868, stack(0x000000429f300000,0x000000429f400000) (1024K)]
  0x0000017b11b2c990 JavaThread "Framework Event Dispatcher: Equinox Container: 8eef907e-ef83-4145-8657-3c57767c2499" daemon [_thread_blocked, id=236, stack(0x000000429f400000,0x000000429f500000) (1024K)]
  0x0000017b11b2b5e0 JavaThread "Start Level: Equinox Container: 8eef907e-ef83-4145-8657-3c57767c2499" daemon [_thread_blocked, id=8888, stack(0x000000429e800000,0x000000429e900000) (1024K)]
  0x0000017b70018120 JavaThread "Bundle File Closer"         daemon [_thread_blocked, id=6092, stack(0x000000429f600000,0x000000429f700000) (1024K)]
  0x0000017b7001c950 JavaThread "SCR Component Actor"        daemon [_thread_blocked, id=17608, stack(0x000000429f500000,0x000000429f600000) (1024K)]
  0x0000017b7001ea20 JavaThread "Worker-JM"                         [_thread_blocked, id=9276, stack(0x000000429f700000,0x000000429f800000) (1024K)]
  0x0000017b700187b0 JavaThread "JNA Cleaner"                daemon [_thread_blocked, id=2016, stack(0x000000429f800000,0x000000429f900000) (1024K)]
  0x0000017b7001c2c0 JavaThread "Worker-1: Initialize workspace"        [_thread_blocked, id=15220, stack(0x000000429fa00000,0x000000429fb00000) (1024K)]
  0x0000017b7001dd00 JavaThread "Worker-2: Initialize workspace"        [_thread_blocked, id=1784, stack(0x000000429fb00000,0x000000429fc00000) (1024K)]
  0x0000017b7001e390 JavaThread "Worker-3: Initialize workspace"        [_thread_blocked, id=14404, stack(0x000000429fc00000,0x000000429fd00000) (1024K)]
  0x0000017b7001af10 JavaThread "Java indexing"              daemon [_thread_blocked, id=19976, stack(0x00000042a0100000,0x00000042a0200000) (1024K)]
  0x0000017b7001a880 JavaThread "Worker-4: Initialize workspace"        [_thread_blocked, id=14888, stack(0x00000042a0200000,0x00000042a0300000) (1024K)]
  0x0000017b70019b60 JavaThread "Worker-6: Initialize workspace"        [_thread_blocked, id=11092, stack(0x00000042a0400000,0x00000042a0500000) (1024K)]
  0x0000017b7001a1f0 JavaThread "pool-2-thread-1"                   [_thread_blocked, id=4224, stack(0x00000042a0500000,0x00000042a0600000) (1024K)]
  0x0000017b7001b5a0 JavaThread "Timer-0"                           [_thread_blocked, id=20316, stack(0x00000042a0600000,0x00000042a0700000) (1024K)]
  0x0000017b6fb30050 JavaThread "Timer-1"                           [_thread_blocked, id=9000, stack(0x00000042a0700000,0x00000042a0800000) (1024K)]
  0x0000017b6fb35c30 JavaThread "WorkspaceEventsHandler"            [_thread_blocked, id=14408, stack(0x00000042a0900000,0x00000042a0a00000) (1024K)]
  0x0000017b6fb355a0 JavaThread "pool-1-thread-1"                   [_thread_blocked, id=14756, stack(0x00000042a0a00000,0x00000042a0b00000) (1024K)]
  0x0000017b6fb32120 JavaThread "PatternSearchJob-worker-1"  daemon [_thread_blocked, id=2404, stack(0x00000042a0c00000,0x00000042a0d00000) (1024K)]
  0x0000017b6fb32e40 JavaThread "PatternSearchJob-worker-2"  daemon [_thread_blocked, id=2356, stack(0x00000042a0d00000,0x00000042a0e00000) (1024K)]
  0x0000017b6fb2f330 JavaThread "PatternSearchJob-worker-3"  daemon [_thread_blocked, id=3040, stack(0x00000042a0e00000,0x00000042a0f00000) (1024K)]
  0x0000017b6fb31a90 JavaThread "PatternSearchJob-worker-4"  daemon [_thread_blocked, id=2216, stack(0x00000042a0f00000,0x00000042a1000000) (1024K)]
  0x0000017b6fb362c0 JavaThread "PatternSearchJob-worker-5"  daemon [_thread_blocked, id=4268, stack(0x00000042a1000000,0x00000042a1100000) (1024K)]
  0x0000017b6fb327b0 JavaThread "PatternSearchJob-worker-6"  daemon [_thread_blocked, id=2872, stack(0x00000042a1100000,0x00000042a1200000) (1024K)]
  0x0000017b6fb2f9c0 JavaThread "PatternSearchJob-worker-7"  daemon [_thread_blocked, id=2968, stack(0x00000042a1200000,0x00000042a1300000) (1024K)]
  0x0000017b70482f70 JavaThread "Worker-10: Initialize workspace"        [_thread_blocked, id=21192, stack(0x000000429fd00000,0x000000429fe00000) (1024K)]
  0x0000017b00c4e510 JavaThread "Worker-11: Initialize workspace"        [_thread_blocked, id=21400, stack(0x00000042a2900000,0x00000042a2a00000) (1024K)]
  0x0000017b71fed480 JavaThread "Worker-12: Initialize workspace"        [_thread_blocked, id=20596, stack(0x00000042a2a00000,0x00000042a2b00000) (1024K)]
  0x0000017b71feeec0 JavaThread "Connection worker"                 [_thread_in_native, id=20764, stack(0x00000042a2f00000,0x00000042a3000000) (1024K)]
  0x0000017b71fefbe0 JavaThread "Worker-13: Initialize workspace"        [_thread_blocked, id=18872, stack(0x00000042a2d00000,0x00000042a2e00000) (1024K)]
  0x0000017b71fedb10 JavaThread "Worker-14: Initialize workspace"        [_thread_blocked, id=21168, stack(0x00000042a3100000,0x00000042a3200000) (1024K)]
  0x0000017b71feb3b0 JavaThread "Worker-17: Initialize workspace"        [_thread_blocked, id=15820, stack(0x00000042a3600000,0x00000042a3700000) (1024K)]
  0x0000017b71fec0d0 JavaThread "Timer-2"                           [_thread_blocked, id=14264, stack(0x00000042a0b00000,0x00000042a0c00000) (1024K)]
  0x0000017b71fec760 JavaThread "Timer-3"                           [_thread_blocked, id=2184, stack(0x00000042a3900000,0x00000042a3a00000) (1024K)]
  0x0000017b71fea000 JavaThread "Timer-4"                           [_thread_blocked, id=21572, stack(0x00000042a3800000,0x00000042a3900000) (1024K)]
  0x0000017b71fead20 JavaThread "Connection worker"                 [_thread_in_native, id=1308, stack(0x00000042a3000000,0x00000042a3100000) (1024K)]
  0x0000017b6fd92780 JavaThread "Worker-23: Initialize workspace"        [_thread_blocked, id=24948, stack(0x00000042a3e00000,0x00000042a3f00000) (1024K)]
  0x0000017b6fd90d40 JavaThread "Worker-25: Initialize workspace"        [_thread_blocked, id=19796, stack(0x00000042a4a00000,0x00000042a4b00000) (1024K)]
  0x0000017b6fd98360 JavaThread "Worker-28: Initialize workspace"        [_thread_blocked, id=25304, stack(0x00000042a4c00000,0x00000042a4d00000) (1024K)]
  0x0000017b6f6710d0 JavaThread "Connection worker"                 [_thread_in_native, id=1744, stack(0x00000042a5000000,0x00000042a5100000) (1024K)]
  0x0000017b7460c070 JavaThread "Connection worker"                 [_thread_in_native, id=26572, stack(0x00000042a5600000,0x00000042a5700000) (1024K)]
  0x0000017b7460cd90 JavaThread "Worker-32: Initialize workspace"        [_thread_blocked, id=25668, stack(0x00000042a2300000,0x00000042a2400000) (1024K)]
  0x0000017b7460d420 JavaThread "Worker-33: Initialize workspace"        [_thread_blocked, id=24884, stack(0x00000042a5900000,0x00000042a5a00000) (1024K)]
  0x0000017b7460e7d0 JavaThread "Connection worker"                 [_thread_in_native, id=21988, stack(0x00000042a4f00000,0x00000042a5000000) (1024K)]
  0x0000017b7f564280 JavaThread "Worker-34: Initialize workspace"        [_thread_blocked, id=26928, stack(0x00000042a3f00000,0x00000042a4000000) (1024K)]
  0x0000017b7f564910 JavaThread "Worker-35: Initialize workspace"        [_thread_blocked, id=27008, stack(0x00000042a6100000,0x00000042a6200000) (1024K)]
  0x0000017b7f5621b0 JavaThread "Connection worker"                 [_thread_in_native, id=27464, stack(0x00000042a3400000,0x00000042a3500000) (1024K)]
  0x0000017b7f564fa0 JavaThread "Connection worker"                 [_thread_in_native, id=21044, stack(0x00000042a6600000,0x00000042a6700000) (1024K)]
  0x0000017b7f569140 JavaThread "Worker-36: Initialize workspace"        [_thread_blocked, id=21540, stack(0x00000042a4200000,0x00000042a4300000) (1024K)]
  0x0000017b7f567700 JavaThread "Connection worker"                 [_thread_in_native, id=23476, stack(0x00000042a3200000,0x00000042a3300000) (1024K)]
  0x0000017b7f562ed0 JavaThread "Connection worker"                 [_thread_in_native, id=21288, stack(0x00000042a4400000,0x00000042a4500000) (1024K)]
  0x0000017b7f563560 JavaThread "Connection worker"                 [_thread_in_native, id=27232, stack(0x00000042a3300000,0x00000042a3400000) (1024K)]
  0x0000017b71ff0f90 JavaThread "Connection worker"                 [_thread_in_native, id=648, stack(0x00000042a5a00000,0x00000042a5b00000) (1024K)]
  0x0000017b70483600 JavaThread "Connection worker"                 [_thread_in_native, id=3204, stack(0x00000042a5e00000,0x00000042a5f00000) (1024K)]
  0x0000017b704849b0 JavaThread "Connection worker"                 [_thread_in_native, id=22000, stack(0x00000042a6000000,0x00000042a6100000) (1024K)]
  0x0000017b6f670a40 JavaThread "Connection worker"                 [_thread_in_native, id=4340, stack(0x00000042a6900000,0x00000042a6a00000) (1024K)]
  0x0000017b7460ee60 JavaThread "Connection worker"                 [_thread_in_native, id=12760, stack(0x00000042a6e00000,0x00000042a6f00000) (1024K)]
  0x0000017b7f563bf0 JavaThread "Worker-42: Initialize workspace"        [_thread_blocked, id=28524, stack(0x00000042a3500000,0x00000042a3600000) (1024K)]
  0x0000017b7f5697d0 JavaThread "Connection worker"                 [_thread_in_native, id=21980, stack(0x00000042a4500000,0x00000042a4600000) (1024K)]
  0x0000017b71fee1a0 JavaThread "Connection worker"                 [_thread_in_native, id=28928, stack(0x00000042a5c00000,0x00000042a5d00000) (1024K)]
  0x0000017b6fd93b30 JavaThread "Connection worker"                 [_thread_in_native, id=29016, stack(0x00000042a5d00000,0x00000042a5e00000) (1024K)]
  0x0000017b6fd96290 JavaThread "Worker-44: Initialize workspace"        [_thread_blocked, id=29080, stack(0x00000042a6400000,0x00000042a6500000) (1024K)]
  0x0000017b70481530 JavaThread "Connection worker"                 [_thread_in_native, id=29092, stack(0x00000042a7100000,0x00000042a7200000) (1024K)]
  0x0000017b7ef4b1f0 JavaThread "Worker-46: Initialize workspace"        [_thread_blocked, id=29108, stack(0x00000042a7400000,0x00000042a7500000) (1024K)]
  0x0000017b7ef4b880 JavaThread "Worker-48: Initialize workspace"        [_thread_blocked, id=29208, stack(0x00000042a7700000,0x00000042a7800000) (1024K)]
  0x0000017b7460e140 JavaThread "Connection worker"                 [_thread_in_native, id=29336, stack(0x00000042a7c00000,0x00000042a7d00000) (1024K)]
  0x0000017b740a19a0 JavaThread "Connection worker"                 [_thread_in_native, id=29352, stack(0x00000042a7d00000,0x00000042a7e00000) (1024K)]
  0x0000017b7409f240 JavaThread "Worker-52: Initialize workspace"        [_thread_blocked, id=29488, stack(0x00000042a1700000,0x00000042a1800000) (1024K)]
  0x0000017b740a0c80 JavaThread "Worker-54: Initialize workspace"        [_thread_blocked, id=29528, stack(0x00000042a7b00000,0x00000042a7c00000) (1024K)]
  0x0000017b6fb31400 JavaThread "Connection worker"                 [_thread_in_native, id=29608, stack(0x00000042a7900000,0x00000042a7a00000) (1024K)]
  0x0000017b7ef4ab60 JavaThread "Worker-58: Initialize workspace"        [_thread_blocked, id=29688, stack(0x00000042a7f00000,0x00000042a8000000) (1024K)]
  0x0000017b6fb36950 JavaThread "Connection worker"                 [_thread_in_native, id=25924, stack(0x00000042a8400000,0x00000042a8500000) (1024K)]
  0x0000017b00a3e910 JavaThread "Worker-65: Initialize workspace"        [_thread_blocked, id=12268, stack(0x00000042a8600000,0x00000042a8700000) (1024K)]
  0x0000017b00a3f630 JavaThread "Worker-70: Initialize workspace"        [_thread_blocked, id=10852, stack(0x00000042a8200000,0x00000042a8300000) (1024K)]
  0x0000017b00a3c840 JavaThread "Worker-74: Initialize workspace"        [_thread_blocked, id=28984, stack(0x00000042a8800000,0x00000042a8900000) (1024K)]
  0x0000017b00a3a770 JavaThread "Worker-78: Initialize workspace"        [_thread_blocked, id=17796, stack(0x00000042a8700000,0x00000042a8800000) (1024K)]
  0x0000017b00a3b490 JavaThread "Connection worker"                 [_thread_in_native, id=29564, stack(0x00000042a8a00000,0x00000042a8b00000) (1024K)]
  0x0000017b00a3ae00 JavaThread "Connection worker"                 [_thread_in_native, id=29716, stack(0x00000042a1800000,0x00000042a1900000) (1024K)]
  0x0000017b00a43140 JavaThread "Connection worker"                 [_thread_in_native, id=30448, stack(0x00000042a8e00000,0x00000042a8f00000) (1024K)]
  0x0000017b00a41d90 JavaThread "Worker-88: Initialize workspace"        [_thread_blocked, id=5884, stack(0x00000042a6a00000,0x00000042a6b00000) (1024K)]
  0x0000017b00a3e280 JavaThread "Connection worker"                 [_thread_in_native, id=25568, stack(0x00000042a3b00000,0x00000042a3c00000) (1024K)]
  0x0000017b00a48000 JavaThread "Connection worker"                 [_thread_in_native, id=27564, stack(0x00000042a9300000,0x00000042a9400000) (1024K)]
  0x0000017b00a42ab0 JavaThread "Connection worker"                 [_thread_in_native, id=30824, stack(0x00000042a9700000,0x00000042a9800000) (1024K)]
  0x0000017b00c48fc0 JavaThread "Connection worker"                 [_thread_in_native, id=31104, stack(0x00000042a9e00000,0x00000042a9f00000) (1024K)]
  0x0000017b00c4aa00 JavaThread "Worker-109: Initialize workspace"        [_thread_blocked, id=31164, stack(0x00000042a1a00000,0x00000042a1b00000) (1024K)]
  0x0000017b6fb30d70 JavaThread "Worker-116: Initialize workspace"        [_thread_blocked, id=31396, stack(0x00000042a4600000,0x00000042a4700000) (1024K)]
  0x0000017b00c4b090 JavaThread "Connection worker"                 [_thread_in_native, id=31632, stack(0x00000042aa100000,0x00000042aa200000) (1024K)]
  0x0000017b7460f4f0 JavaThread "Worker-124: Initialize workspace"        [_thread_blocked, id=31680, stack(0x00000042aa300000,0x00000042aa400000) (1024K)]
  0x0000017b00c4d160 JavaThread "Connection worker"                 [_thread_in_native, id=31740, stack(0x00000042aa800000,0x00000042aa900000) (1024K)]
  0x0000017b7460dab0 JavaThread "Worker-129: Initialize workspace"        [_thread_blocked, id=14576, stack(0x00000042aa600000,0x00000042aa700000) (1024K)]
  0x0000017b07271f50 JavaThread "Worker-135: Initialize workspace"        [_thread_blocked, id=29748, stack(0x00000042aa900000,0x00000042aaa00000) (1024K)]
  0x0000017b0726e440 JavaThread "Connection worker"                 [_thread_in_native, id=31116, stack(0x00000042aad00000,0x00000042aae00000) (1024K)]
  0x0000017b072725e0 JavaThread "Worker-140: Initialize workspace"        [_thread_blocked, id=9060, stack(0x00000042aae00000,0x00000042aaf00000) (1024K)]
  0x0000017b0726ead0 JavaThread "Connection worker"                 [_thread_in_native, id=27436, stack(0x00000042aab00000,0x00000042aac00000) (1024K)]
  0x0000017b0726f160 JavaThread "Connection worker"                 [_thread_in_native, id=31140, stack(0x00000042ab300000,0x00000042ab400000) (1024K)]
  0x0000017b07273300 JavaThread "Worker-149: Initialize workspace"        [_thread_blocked, id=29760, stack(0x00000042aaf00000,0x00000042ab000000) (1024K)]
  0x0000017b07270ba0 JavaThread "Connection worker"                 [_thread_in_native, id=31404, stack(0x00000042ab500000,0x00000042ab600000) (1024K)]
  0x0000017b07273990 JavaThread "Worker-156: Initialize workspace"        [_thread_blocked, id=31568, stack(0x00000042ab800000,0x00000042ab900000) (1024K)]
  0x0000017b6fd94ee0 JavaThread "Connection worker"                 [_thread_in_native, id=31648, stack(0x00000042ab900000,0x00000042aba00000) (1024K)]
  0x0000017b6f66f690 JavaThread "Worker-162: Initialize workspace"        [_thread_blocked, id=29684, stack(0x00000042a5800000,0x00000042a5900000) (1024K)]
  0x0000017b0726d090 JavaThread "Worker-165: Initialize workspace"        [_thread_blocked, id=31372, stack(0x00000042ab200000,0x00000042ab300000) (1024K)]
  0x0000017b7460c700 JavaThread "Worker-171: Initialize workspace"        [_thread_blocked, id=26888, stack(0x00000042abd00000,0x00000042abe00000) (1024K)]
  0x0000017b072718c0 JavaThread "Connection worker"                 [_thread_in_native, id=16444, stack(0x00000042a2800000,0x00000042a2900000) (1024K)]
  0x0000017b0d447e00 JavaThread "Connection worker"                 [_thread_in_native, id=3604, stack(0x00000042ac000000,0x00000042ac100000) (1024K)]
  0x0000017b0d4435d0 JavaThread "Worker-180: Initialize workspace"        [_thread_blocked, id=4240, stack(0x00000042ac100000,0x00000042ac200000) (1024K)]
  0x0000017b0d4491b0 JavaThread "Connection worker"                 [_thread_in_native, id=21900, stack(0x00000042ac600000,0x00000042ac700000) (1024K)]
  0x0000017b0d442f40 JavaThread "Worker-188: Initialize workspace"        [_thread_blocked, id=5896, stack(0x00000042ac300000,0x00000042ac400000) (1024K)]
  0x0000017b0d443c60 JavaThread "Connection worker"                 [_thread_in_native, id=31488, stack(0x00000042ac900000,0x00000042aca00000) (1024K)]
  0x0000017b0d4463c0 JavaThread "Worker-194: Initialize workspace"        [_thread_blocked, id=31504, stack(0x00000042ac400000,0x00000042ac500000) (1024K)]
  0x0000017b0d449ed0 JavaThread "Worker-199: Initialize workspace"        [_thread_blocked, id=24648, stack(0x00000042ac800000,0x00000042ac900000) (1024K)]
  0x0000017b704828e0 JavaThread "Connection worker"                 [_thread_in_native, id=31472, stack(0x00000042a1900000,0x00000042a1a00000) (1024K)]
  0x0000017b00a3bb20 JavaThread "Connection worker"                 [_thread_in_native, id=31960, stack(0x00000042a4900000,0x00000042a4a00000) (1024K)]
  0x0000017b7ef49120 JavaThread "Connection worker"                 [_thread_in_native, id=32060, stack(0x00000042a8900000,0x00000042a8a00000) (1024K)]
  0x0000017b0d4442f0 JavaThread "Worker-213: Initialize workspace"        [_thread_blocked, id=32144, stack(0x00000042a8f00000,0x00000042a9000000) (1024K)]
  0x0000017b00c4d7f0 JavaThread "Connection worker"                 [_thread_in_native, id=32616, stack(0x00000042acf00000,0x00000042ad000000) (1024K)]
  0x0000017b740a1310 JavaThread "Connection worker"                 [_thread_in_native, id=32708, stack(0x00000042ad000000,0x00000042ad100000) (1024K)]
  0x0000017b7f272020 JavaThread "Worker-237: Initialize workspace"        [_thread_blocked, id=32704, stack(0x000000429fe00000,0x000000429ff00000) (1024K)]
  0x0000017b7f2733d0 JavaThread "Worker-246: Initialize workspace"        [_thread_blocked, id=35668, stack(0x000000429f900000,0x000000429fa00000) (1024K)]
  0x0000017b7f271990 JavaThread "Connection worker"                 [_thread_in_native, id=32084, stack(0x00000042a1500000,0x00000042a1600000) (1024K)]
  0x0000017b7f278920 JavaThread "Worker-253: Initialize workspace"        [_thread_blocked, id=9628, stack(0x00000042a1b00000,0x00000042a1c00000) (1024K)]
  0x0000017b7f2761c0 JavaThread "Worker-256: Initialize workspace"        [_thread_blocked, id=8576, stack(0x00000042a1600000,0x00000042a1700000) (1024K)]
  0x0000017b7f272d40 JavaThread "Worker-259: Initialize workspace"        [_thread_blocked, id=31176, stack(0x00000042a1e00000,0x00000042a1f00000) (1024K)]
  0x0000017b7f278fb0 JavaThread "Connection worker"                 [_thread_in_native, id=26976, stack(0x00000042a1d00000,0x00000042a1e00000) (1024K)]
  0x0000017b7f274e10 JavaThread "Connection worker"                 [_thread_in_native, id=29260, stack(0x00000042a1f00000,0x00000042a2000000) (1024K)]
  0x0000017b7f2726b0 JavaThread "Worker-271: Initialize workspace"        [_thread_blocked, id=35296, stack(0x000000429ff00000,0x00000042a0000000) (1024K)]
  0x0000017b7f276850 JavaThread "Connection worker"                 [_thread_in_native, id=28708, stack(0x00000042a2200000,0x00000042a2300000) (1024K)]
  0x0000017b7f2754a0 JavaThread "Worker-276: Initialize workspace"        [_thread_blocked, id=29372, stack(0x00000042a2700000,0x00000042a2800000) (1024K)]
  0x0000017b7f279640 JavaThread "Worker-280: Initialize workspace"        [_thread_blocked, id=31428, stack(0x00000042a2600000,0x00000042a2700000) (1024K)]
  0x0000017b7f279cd0 JavaThread "Connection worker"                 [_thread_in_native, id=29028, stack(0x00000042a2000000,0x00000042a2100000) (1024K)]
  0x0000017b7f27a9f0 JavaThread "Connection worker"                 [_thread_in_native, id=35364, stack(0x00000042a4800000,0x00000042a4900000) (1024K)]
  0x0000017b7f27b710 JavaThread "Worker-289: Initialize workspace"        [_thread_blocked, id=35528, stack(0x00000042a5300000,0x00000042a5400000) (1024K)]
  0x0000017b7f2805d0 JavaThread "Connection worker"                 [_thread_in_native, id=35620, stack(0x00000042a6700000,0x00000042a6800000) (1024K)]
  0x0000017b7f27c430 JavaThread "Worker-296: Initialize workspace"        [_thread_blocked, id=35768, stack(0x00000042a2e00000,0x00000042a2f00000) (1024K)]
  0x0000017b7f27b080 JavaThread "Connection worker"                 [_thread_in_native, id=3080, stack(0x00000042a2b00000,0x00000042a2c00000) (1024K)]
  0x0000017b7f275b30 JavaThread "Connection worker"                 [_thread_in_native, id=23172, stack(0x00000042a6200000,0x00000042a6300000) (1024K)]
  0x0000017b7f276ee0 JavaThread "Worker-305: Initialize workspace"        [_thread_blocked, id=25212, stack(0x00000042a5400000,0x00000042a5500000) (1024K)]
  0x0000017b7f27e500 JavaThread "Worker-308: Initialize workspace"        [_thread_blocked, id=7860, stack(0x00000042a6f00000,0x00000042a7000000) (1024K)]
  0x0000017b00a3efa0 JavaThread "Connection worker"                 [_thread_in_native, id=35980, stack(0x00000042a2400000,0x00000042a2500000) (1024K)]
  0x0000017b00a3fcc0 JavaThread "Connection worker"                 [_thread_in_native, id=36524, stack(0x00000042a7600000,0x00000042a7700000) (1024K)]
  0x0000017b00a40350 JavaThread "Worker-317: Initialize workspace"        [_thread_blocked, id=29300, stack(0x00000042a7500000,0x00000042a7600000) (1024K)]
  0x0000017b00a3d560 JavaThread "Connection worker"                 [_thread_in_native, id=36948, stack(0x00000042a7800000,0x00000042a7900000) (1024K)]
  0x0000017b00a409e0 JavaThread "Connection worker"                 [_thread_in_native, id=37592, stack(0x00000042a8000000,0x00000042a8100000) (1024K)]
  0x0000017b00a444f0 JavaThread "Worker-331: Initialize workspace"        [_thread_blocked, id=30584, stack(0x000000429db00000,0x000000429dc00000) (1024K)]
  0x0000017b00a437d0 JavaThread "Worker-337: Initialize workspace"        [_thread_blocked, id=33100, stack(0x00000042a1c00000,0x00000042a1d00000) (1024K)]
  0x0000017b00a42420 JavaThread "Worker-344: Initialize workspace"        [_thread_blocked, id=31984, stack(0x00000042a5700000,0x00000042a5800000) (1024K)]
  0x0000017b00a458a0 JavaThread "Connection worker"                 [_thread_in_native, id=29332, stack(0x00000042a8b00000,0x00000042a8c00000) (1024K)]
  0x0000017b00a46c50 JavaThread "Connection worker"                 [_thread_in_native, id=37680, stack(0x00000042a9100000,0x00000042a9200000) (1024K)]
  0x0000017b0d4456a0 JavaThread "Worker-352: Initialize workspace"        [_thread_blocked, id=37536, stack(0x00000042a9200000,0x00000042a9300000) (1024K)]
  0x0000017b0d444980 JavaThread "Connection worker"                 [_thread_in_native, id=13724, stack(0x00000042a9000000,0x00000042a9100000) (1024K)]
  0x0000017b0d448b20 JavaThread "Worker-359: Initialize workspace"        [_thread_blocked, id=4496, stack(0x00000042a9400000,0x00000042a9500000) (1024K)]
  0x0000017b0d4428b0 JavaThread "Connection worker"                 [_thread_in_native, id=32776, stack(0x00000042a9500000,0x00000042a9600000) (1024K)]
  0x0000017b0d446a50 JavaThread "Worker-368: Initialize workspace"        [_thread_blocked, id=2484, stack(0x00000042a3d00000,0x00000042a3e00000) (1024K)]
  0x0000017b0d4470e0 JavaThread "Connection worker"                 [_thread_in_native, id=37528, stack(0x00000042a6c00000,0x00000042a6d00000) (1024K)]
  0x0000017b7f270c70 JavaThread "Worker-379: Initialize workspace"        [_thread_blocked, id=5804, stack(0x00000042a6300000,0x00000042a6400000) (1024K)]
  0x0000017b7f27eb90 JavaThread "Connection worker"                 [_thread_in_native, id=37504, stack(0x00000042a7300000,0x00000042a7400000) (1024K)]
  0x0000017b7f278290 JavaThread "Worker-384: Initialize workspace"        [_thread_blocked, id=12032, stack(0x00000042a5200000,0x00000042a5300000) (1024K)]
  0x0000017b7f2740f0 JavaThread "Connection worker"                 [_thread_in_native, id=21552, stack(0x00000042a7000000,0x00000042a7100000) (1024K)]
  0x0000017b7f273a60 JavaThread "Worker-392: Initialize workspace"        [_thread_blocked, id=28456, stack(0x00000042a6b00000,0x00000042a6c00000) (1024K)]
  0x0000017b7f27f220 JavaThread "Connection worker"                 [_thread_in_native, id=1740, stack(0x00000042a7e00000,0x00000042a7f00000) (1024K)]
  0x0000017b7f27d7e0 JavaThread "Worker-398: Initialize workspace"        [_thread_blocked, id=32852, stack(0x00000042a9a00000,0x00000042a9b00000) (1024K)]
  0x0000017b7f27de70 JavaThread "Connection worker"                 [_thread_in_native, id=32676, stack(0x00000042aa500000,0x00000042aa600000) (1024K)]
  0x0000017b7f271300 JavaThread "Worker-407: Initialize workspace"        [_thread_blocked, id=7920, stack(0x00000042ab000000,0x00000042ab100000) (1024K)]
  0x0000017b7f27f8b0 JavaThread "Connection worker"                 [_thread_in_native, id=33016, stack(0x00000042a2500000,0x00000042a2600000) (1024K)]
  0x0000017b7f27d150 JavaThread "Connection worker"                 [_thread_in_native, id=6508, stack(0x00000042a6800000,0x00000042a6900000) (1024K)]
  0x0000017b6fd96fb0 JavaThread "Worker-423: Initialize workspace"        [_thread_blocked, id=12716, stack(0x00000042a8500000,0x00000042a8600000) (1024K)]
  0x0000017b6fd94850 JavaThread "Worker-428: Initialize workspace"        [_thread_blocked, id=11440, stack(0x00000042a9900000,0x00000042a9a00000) (1024K)]
  0x0000017b6fd92e10 JavaThread "Worker-431: Initialize workspace"        [_thread_blocked, id=23780, stack(0x00000042a9b00000,0x00000042a9c00000) (1024K)]
  0x0000017b7f566350 JavaThread "Connection worker"                 [_thread_in_native, id=34392, stack(0x000000429da00000,0x000000429db00000) (1024K)]
  0x0000017b7f565630 JavaThread "Connection worker"                 [_thread_in_native, id=32344, stack(0x00000042a5f00000,0x00000042a6000000) (1024K)]
  0x0000017b7f5669e0 JavaThread "Worker-441: Initialize workspace"        [_thread_blocked, id=24616, stack(0x00000042a8100000,0x00000042a8200000) (1024K)]
  0x0000017b7f567d90 JavaThread "Connection worker"                 [_thread_in_native, id=32780, stack(0x00000042a8c00000,0x00000042a8d00000) (1024K)]
  0x0000017b7f567070 JavaThread "Worker-447: Initialize workspace"        [_thread_blocked, id=16968, stack(0x00000042a0000000,0x00000042a0100000) (1024K)]
  0x0000017b00a38d30 JavaThread "Connection worker"                 [_thread_in_native, id=34372, stack(0x00000042a2100000,0x00000042a2200000) (1024K)]
  0x0000017b00a393c0 JavaThread "Connection worker"                 [_thread_in_native, id=30588, stack(0x00000042a8d00000,0x00000042a8e00000) (1024K)]
  0x0000017b00a43e60 JavaThread "Worker-459: Initialize workspace"        [_thread_blocked, id=27064, stack(0x00000042a9c00000,0x00000042a9d00000) (1024K)]
  0x0000017b00a3c1b0 JavaThread "Worker-465: Initialize workspace"        [_thread_blocked, id=12844, stack(0x00000042a4000000,0x00000042a4100000) (1024K)]
  0x0000017b00a3dbf0 JavaThread "Worker-469: Initialize workspace"        [_thread_blocked, id=33064, stack(0x00000042a9f00000,0x00000042aa000000) (1024K)]
  0x0000017b71fee830 JavaThread "Worker-475: Initialize workspace"        [_thread_blocked, id=32888, stack(0x00000042aa000000,0x00000042aa100000) (1024K)]
  0x0000017b71ff0270 JavaThread "Connection worker"                 [_thread_in_native, id=1980, stack(0x00000042aa700000,0x00000042aa800000) (1024K)]
  0x0000017b71fecdf0 JavaThread "Connection worker"                 [_thread_in_native, id=34404, stack(0x00000042aa200000,0x00000042aa300000) (1024K)]
  0x0000017b71fe9970 JavaThread "Connection worker"                 [_thread_in_native, id=37820, stack(0x00000042ab100000,0x00000042ab200000) (1024K)]
  0x0000017b71fef550 JavaThread "Worker-487: Initialize workspace"        [_thread_blocked, id=33124, stack(0x00000042aac00000,0x00000042aad00000) (1024K)]
  0x0000017b71fea690 JavaThread "Connection worker"                 [_thread_in_native, id=14128, stack(0x00000042ab400000,0x00000042ab500000) (1024K)]
  0x0000017b0726d720 JavaThread "Worker-494: Initialize workspace"        [_thread_blocked, id=36136, stack(0x00000042aba00000,0x00000042abb00000) (1024K)]
  0x0000017b0726ca00 JavaThread "Worker-500: Initialize workspace"        [_thread_blocked, id=8084, stack(0x00000042aa400000,0x00000042aa500000) (1024K)]
  0x0000017b07270510 JavaThread "Connection worker"                 [_thread_in_native, id=33416, stack(0x00000042abb00000,0x00000042abc00000) (1024K)]
  0x0000017b0726fe80 JavaThread "Worker-507: Initialize workspace"        [_thread_blocked, id=27116, stack(0x00000042ab600000,0x00000042ab700000) (1024K)]
  0x0000017b07272c70 JavaThread "Connection worker"                 [_thread_in_native, id=29024, stack(0x00000042abe00000,0x00000042abf00000) (1024K)]
  0x0000017b00c48930 JavaThread "Connection worker"                 [_thread_in_native, id=35276, stack(0x00000042ac500000,0x00000042ac600000) (1024K)]
  0x0000017b6fd96920 JavaThread "Connection worker"                 [_thread_in_native, id=8456, stack(0x00000042acc00000,0x00000042acd00000) (1024K)]
  0x0000017b6fd934a0 JavaThread "Worker-523: Initialize workspace"        [_thread_blocked, id=36648, stack(0x00000042ac200000,0x00000042ac300000) (1024K)]
  0x0000017b6fd91a60 JavaThread "Worker-527: Initialize workspace"        [_thread_blocked, id=26612, stack(0x00000042acb00000,0x00000042acc00000) (1024K)]
  0x0000017b7ef4a4d0 JavaThread "Worker-530: Initialize workspace"        [_thread_blocked, id=27388, stack(0x00000042ace00000,0x00000042acf00000) (1024K)]
  0x0000017b7ef4c5a0 JavaThread "Worker-533: Initialize workspace"        [_thread_blocked, id=2496, stack(0x00000042acd00000,0x00000042ace00000) (1024K)]
  0x0000017b6fb33b60 JavaThread "Connection worker"                 [_thread_in_native, id=37612, stack(0x00000042ad200000,0x00000042ad300000) (1024K)]
  0x0000017b6fb334d0 JavaThread "Connection worker"                 [_thread_in_native, id=20660, stack(0x00000042ad100000,0x00000042ad200000) (1024K)]
  0x0000017b6fb34f10 JavaThread "Connection worker"                 [_thread_in_native, id=27256, stack(0x00000042ad400000,0x00000042ad500000) (1024K)]
  0x0000017b7409ff60 JavaThread "Worker-546: Initialize workspace"        [_thread_blocked, id=29240, stack(0x00000042ad300000,0x00000042ad400000) (1024K)]
  0x0000017b740a05f0 JavaThread "Connection worker"                 [_thread_in_native, id=31148, stack(0x00000042ad600000,0x00000042ad700000) (1024K)]
  0x0000017b0726c370 JavaThread "Connection worker"                 [_thread_in_native, id=26964, stack(0x00000042ad700000,0x00000042ad800000) (1024K)]
  0x0000017b0726ddb0 JavaThread "Worker-560: Initialize workspace"        [_thread_blocked, id=36888, stack(0x00000042ab700000,0x00000042ab800000) (1024K)]
  0x0000017b0d448490 JavaThread "Connection worker"                 [_thread_in_native, id=21124, stack(0x00000042ade00000,0x00000042adf00000) (1024K)]
  0x0000017b0d449840 JavaThread "Worker-573: Initialize workspace"        [_thread_blocked, id=36560, stack(0x00000042adc00000,0x00000042add00000) (1024K)]
  0x0000017b7ef4bf10 JavaThread "Worker-580: Initialize workspace"        [_thread_blocked, id=21944, stack(0x00000042a9800000,0x00000042a9900000) (1024K)]
  0x0000017b6fd941c0 JavaThread "Connection worker"                 [_thread_in_native, id=21312, stack(0x00000042adf00000,0x00000042ae000000) (1024K)]
  0x0000017b6fd920f0 JavaThread "Connection worker"                 [_thread_in_native, id=30048, stack(0x00000042a4e00000,0x00000042a4f00000) (1024K)]
  0x0000017b7001cfe0 JavaThread "Worker-599: Initialize workspace"        [_thread_blocked, id=36800, stack(0x00000042ae800000,0x00000042ae900000) (1024K)]
  0x0000017b7ef49e40 JavaThread "Worker-604: Initialize workspace"        [_thread_blocked, id=33036, stack(0x00000042aeb00000,0x00000042aec00000) (1024K)]
  0x0000017b00c46ef0 JavaThread "Connection worker"                 [_thread_in_native, id=24372, stack(0x00000042aec00000,0x00000042aed00000) (1024K)]
  0x0000017b70482250 JavaThread "Worker-612: Initialize workspace"        [_thread_blocked, id=35616, stack(0x00000042ae900000,0x00000042aea00000) (1024K)]
  0x0000017b7eaac5d0 JavaThread "Connection worker"                 [_thread_in_native, id=36456, stack(0x00000042aef00000,0x00000042af000000) (1024K)]
  0x0000017b7eaaf3c0 JavaThread "Worker-617: Initialize workspace"        [_thread_blocked, id=32804, stack(0x00000042af300000,0x00000042af400000) (1024K)]
  0x0000017b7eab0770 JavaThread "Connection worker"                 [_thread_in_native, id=38028, stack(0x00000042b0100000,0x00000042b0200000) (1024K)]
  0x0000017b7ef497b0 JavaThread "Worker-624: Initialize workspace"        [_thread_blocked, id=38104, stack(0x00000042b0500000,0x00000042b0600000) (1024K)]
  0x0000017b7eabb570 JavaThread "Worker-628: Initialize workspace"        [_thread_blocked, id=38300, stack(0x00000042b0700000,0x00000042b0800000) (1024K)]
  0x0000017b7eab8e10 JavaThread "Connection worker"                 [_thread_in_native, id=38592, stack(0x00000042b1400000,0x00000042b1500000) (1024K)]
  0x0000017b7e9f3ce0 JavaThread "Worker-634: Initialize workspace"        [_thread_blocked, id=38792, stack(0x00000042b1f00000,0x00000042b2000000) (1024K)]
  0x0000017b7e9f77f0 JavaThread "Connection worker"                 [_thread_in_native, id=39468, stack(0x00000042b2f00000,0x00000042b3000000) (1024K)]
  0x0000017b7e9f0860 JavaThread "Worker-640: Initialize workspace"        [_thread_blocked, id=39756, stack(0x00000042b2a00000,0x00000042b2b00000) (1024K)]
  0x0000017b7e9fc020 JavaThread "Connection worker"                 [_thread_in_native, id=41628, stack(0x00000042b3200000,0x00000042b3300000) (1024K)]
  0x0000017b7e9f8510 JavaThread "Worker-649: Initialize workspace"        [_thread_blocked, id=41788, stack(0x00000042b3600000,0x00000042b3700000) (1024K)]
  0x0000017b7e9fb990 JavaThread "Connection worker"                 [_thread_in_native, id=21924, stack(0x00000042b3700000,0x00000042b3800000) (1024K)]
  0x0000017b7e9f9230 JavaThread "Worker-655: Initialize workspace"        [_thread_blocked, id=34264, stack(0x00000042b3800000,0x00000042b3900000) (1024K)]
  0x0000017b7e9f8ba0 JavaThread "Connection worker"                 [_thread_in_native, id=22712, stack(0x00000042b3000000,0x00000042b3100000) (1024K)]
  0x0000017b7e9fe0f0 JavaThread "Connection worker"                 [_thread_in_native, id=35188, stack(0x00000042b3a00000,0x00000042b3b00000) (1024K)]
  0x0000017b7e9f98c0 JavaThread "Worker-663: Initialize workspace"        [_thread_blocked, id=37836, stack(0x00000042b3b00000,0x00000042b3c00000) (1024K)]
  0x0000017b7e9f9f50 JavaThread "Connection worker"                 [_thread_in_native, id=6960, stack(0x00000042b3900000,0x00000042b3a00000) (1024K)]
  0x0000017b7e9fcd40 JavaThread "Worker-670: Initialize workspace"        [_thread_blocked, id=42564, stack(0x00000042a4300000,0x00000042a4400000) (1024K)]
  0x0000017b7e9f7e80 JavaThread "Connection worker"                 [_thread_in_native, id=42628, stack(0x00000042ae600000,0x00000042ae700000) (1024K)]
  0x0000017b7e9fe780 JavaThread "Worker-677: Initialize workspace"        [_thread_blocked, id=42696, stack(0x00000042a6500000,0x00000042a6600000) (1024K)]
  0x0000017b7e9f5db0 JavaThread "Connection worker"                 [_thread_in_native, id=42836, stack(0x00000042ae300000,0x00000042ae400000) (1024K)]
  0x0000017b7e9eee20 JavaThread "Connection worker"                 [_thread_in_native, id=42988, stack(0x00000042ae200000,0x00000042ae300000) (1024K)]
  0x0000017b7e9f6440 Thread "Unknown thread"                        [id=35044, stack(0x00000042a0300000,0x00000042a0400000) (1024K)]
  0x0000017b7e9f5090 Thread "Unknown thread"                        [id=0, stack(0x00000042a4100000,0x00000042a4200000) (1024K)]
  0x0000017b7e9ff4a0 JavaThread "Worker-710: Initialize workspace"        [_thread_blocked, id=21276, stack(0x00000042af500000,0x00000042af600000) (1024K)]
  0x0000017b7e9fd3d0 JavaThread "Worker-716: Initialize workspace"        [_thread_blocked, id=41780, stack(0x00000042a5b00000,0x00000042a5c00000) (1024K)]
  0x0000017b7e9ef4b0 JavaThread "Worker-723: Initialize workspace"        [_thread_blocked, id=39632, stack(0x00000042a4d00000,0x00000042a4e00000) (1024K)]
  0x0000017b7ea00850 JavaThread "Connection worker"                 [_thread_in_native, id=15584, stack(0x00000042afc00000,0x00000042afd00000) (1024K)]
  0x0000017b7ea00ee0 JavaThread "Connection worker"                 [_thread_in_native, id=38596, stack(0x00000042af000000,0x00000042af100000) (1024K)]
  0x0000017b7ea01570 JavaThread "Connection worker"                 [_thread_in_native, id=38008, stack(0x00000042afe00000,0x00000042aff00000) (1024K)]
  0x0000017b7ea03640 JavaThread "Worker-747: Initialize workspace"        [_thread_blocked, id=11592, stack(0x00000042b0000000,0x00000042b0100000) (1024K)]
  0x0000017b7ea03cd0 JavaThread "Worker-754: Initialize workspace"        [_thread_blocked, id=8536, stack(0x00000042b0900000,0x00000042b0a00000) (1024K)]
  0x0000017b7e9fc6b0 JavaThread "Worker-760: Initialize workspace"        [_thread_blocked, id=24540, stack(0x00000042b0800000,0x00000042b0900000) (1024K)]
  0x0000017b7ea04360 JavaThread "Connection worker"                 [_thread_in_native, id=28112, stack(0x00000042b0a00000,0x00000042b0b00000) (1024K)]
  0x0000017b7ea049f0 JavaThread "Worker-766: Initialize workspace"        [_thread_blocked, id=20052, stack(0x00000042b0c00000,0x00000042b0d00000) (1024K)]
  0x0000017b7ea05080 JavaThread "Connection worker"                 [_thread_in_native, id=26500, stack(0x00000042aff00000,0x00000042b0000000) (1024K)]
  0x0000017b7ea02290 JavaThread "Connection worker"                 [_thread_in_native, id=39948, stack(0x00000042b0e00000,0x00000042b0f00000) (1024K)]
  0x0000017b7ea06430 JavaThread "Connection worker"                 [_thread_in_native, id=20560, stack(0x00000042b1600000,0x00000042b1700000) (1024K)]
  0x0000017b7ea07150 JavaThread "Worker-785: Initialize workspace"        [_thread_blocked, id=36228, stack(0x00000042b1100000,0x00000042b1200000) (1024K)]
  0x0000017b7ea077e0 Thread "Unknown thread"                        [id=25376, stack(0x00000042b1800000,0x00000042b1900000) (1024K)]
  0x0000017b7e9f5720 JavaThread "Connection worker"                 [_thread_in_native, id=36520, stack(0x00000042ae100000,0x00000042ae200000) (1024K)]
  0x0000017b7e9f1580 Thread "Unknown thread"                        [id=9180, stack(0x00000042af100000,0x00000042af200000) (1024K)]
  0x0000017b7e9ee790 JavaThread "Worker-810: Initialize workspace"        [_thread_blocked, id=29424, stack(0x00000042a5500000,0x00000042a5600000) (1024K)]
  0x0000017b7e9f0ef0 Thread "Unknown thread"                        [id=30700, stack(0x00000042ae400000,0x00000042ae500000) (1024K)]
  0x0000017b7e9ee100 JavaThread "Worker-829: Initialize workspace"        [_thread_blocked, id=27760, stack(0x00000042a4b00000,0x00000042a4c00000) (1024K)]
  0x0000017b7e9f22a0 JavaThread "Connection worker"                 [_thread_in_native, id=38632, stack(0x00000042aee00000,0x00000042aef00000) (1024K)]
  0x0000017b7e9f1c10 JavaThread "Worker-839: Initialize workspace"        [_thread_blocked, id=41508, stack(0x00000042a5100000,0x00000042a5200000) (1024K)]
  0x0000017b7e9fee10 JavaThread "Connection worker"                 [_thread_in_native, id=22184, stack(0x00000042b1000000,0x00000042b1100000) (1024K)]
  0x0000017b7ea09220 JavaThread "Connection worker"                 [_thread_in_native, id=18828, stack(0x00000042af900000,0x00000042afa00000) (1024K)]
  0x0000017b7ea0c6a0 Thread "Unknown thread"                        [id=31516, stack(0x00000042b1a00000,0x00000042b1b00000) (1024K)]
  0x0000017b7ea0b980 Thread "Unknown thread"                        [id=25496, stack(0x00000042ae700000,0x00000042ae800000) (1024K)]
  0x0000017b7ea09f40 JavaThread "Worker-868: Initialize workspace"        [_thread_blocked, id=37924, stack(0x00000042b1b00000,0x00000042b1c00000) (1024K)]
  0x0000017b7ea0a5d0 JavaThread "Connection worker"                 [_thread_in_native, id=42604, stack(0x00000042b2300000,0x00000042b2400000) (1024K)]
  0x0000017b7ea098b0 JavaThread "Worker-884: Initialize workspace"        [_thread_blocked, id=28268, stack(0x00000042b2100000,0x00000042b2200000) (1024K)]
  0x0000017b7ea08500 JavaThread "Worker-889: Initialize workspace"        [_thread_blocked, id=7688, stack(0x00000042aaa00000,0x00000042aab00000) (1024K)]
  0x0000017b7e9fb300 JavaThread "Worker-893: Initialize workspace"        [_thread_blocked, id=14468, stack(0x00000042b0600000,0x00000042b0700000) (1024K)]
  0x0000017b7ea0b2f0 JavaThread "Connection worker"                 [_thread_in_native, id=24380, stack(0x00000042b2000000,0x00000042b2100000) (1024K)]
  0x0000017b7eaad2f0 JavaThread "Connection worker"                 [_thread_in_native, id=20228, stack(0x00000042b0400000,0x00000042b0500000) (1024K)]
  0x0000017b7eaaed30 Thread "Unknown thread"                        [id=0, stack(0x00000042af800000,0x00000042af900000) (1024K)]
  0x0000017b7eab3bf0 JavaThread "Connection worker"                 [_thread_blocked, id=41604, stack(0x00000042b2600000,0x00000042b2700000) (1024K)]
  0x0000017b7eab00e0 Thread "Unknown thread"                        [id=17188, stack(0x00000042b1700000,0x00000042b1800000) (1024K)]
  0x0000017b7eab0e00 JavaThread "Worker-931: Initialize workspace"        [_thread_blocked, id=32272, stack(0x00000042b2c00000,0x00000042b2d00000) (1024K)]
  0x0000017b7eab1b20 JavaThread "Worker-937: Initialize workspace"        [_thread_blocked, id=37440, stack(0x00000042b2e00000,0x00000042b2f00000) (1024K)]
  0x0000017b7eab2840 JavaThread "Connection worker"                 [_thread_in_native, id=41816, stack(0x00000042b3100000,0x00000042b3200000) (1024K)]
  0x0000017b7eab2ed0 JavaThread "Worker-945: Initialize workspace"        [_thread_blocked, id=16436, stack(0x00000042b3300000,0x00000042b3400000) (1024K)]
  0x0000017b7eabaee0 JavaThread "Connection worker"                 [_thread_in_native, id=39228, stack(0x00000042b3500000,0x00000042b3600000) (1024K)]
  0x0000017b7eab94a0 JavaThread "Worker-952: Initialize workspace"        [_thread_blocked, id=36312, stack(0x00000042b1300000,0x00000042b1400000) (1024K)]
  0x0000017b7eab8780 JavaThread "Connection worker"                 [_thread_in_native, id=31260, stack(0x00000042b3d00000,0x00000042b3e00000) (1024K)]
  0x0000017b7eab66b0 JavaThread "Worker-960: Initialize workspace"        [_thread_blocked, id=22376, stack(0x00000042b4000000,0x00000042b4100000) (1024K)]
  0x0000017b7eab5300 JavaThread "Connection worker"                 [_thread_in_native, id=15308, stack(0x00000042b2d00000,0x00000042b2e00000) (1024K)]
  0x0000017b7eaba850 JavaThread "Worker-969: Initialize workspace"        [_thread_blocked, id=23116, stack(0x00000042b3c00000,0x00000042b3d00000) (1024K)]
  0x0000017b00a39a50 JavaThread "Connection worker"                 [_thread_in_native, id=31112, stack(0x00000042b4700000,0x00000042b4800000) (1024K)]
  0x0000017b00a465c0 JavaThread "Worker-976: Initialize workspace"        [_thread_blocked, id=32228, stack(0x00000042b2200000,0x00000042b2300000) (1024K)]
  0x0000017b00a45210 JavaThread "Connection worker"                 [_thread_in_native, id=14296, stack(0x00000042b4900000,0x00000042b4a00000) (1024K)]
  0x0000017b00a472e0 JavaThread "Worker-982: Initialize workspace"        [_thread_blocked, id=35016, stack(0x00000042b4a00000,0x00000042b4b00000) (1024K)]
  0x0000017b00a41700 JavaThread "Connection worker"                 [_thread_blocked, id=16544, stack(0x00000042b4c00000,0x00000042b4d00000) (1024K)]
  0x0000017b6f672480 JavaThread "Worker-988: Initialize workspace"        [_thread_blocked, id=24924, stack(0x00000042b4800000,0x00000042b4900000) (1024K)]
  0x0000017b6fd97640 JavaThread "Connection worker"                 [_thread_in_native, id=704, stack(0x00000042b4f00000,0x00000042b5000000) (1024K)]
  0x0000017b6fd95570 JavaThread "Worker-997: Initialize workspace"        [_thread_blocked, id=39428, stack(0x00000042b4b00000,0x00000042b4c00000) (1024K)]
  0x0000017b7f277570 JavaThread "Connection worker"                 [_thread_in_native, id=42012, stack(0x00000042b4e00000,0x00000042b4f00000) (1024K)]
  0x0000017b6f672b10 Thread "Unknown thread"                        [id=8124, stack(0x00000042b5300000,0x00000042b5400000) (1024K)]
  0x0000017b7e9f01d0 JavaThread "Connection worker"                 [_thread_blocked, id=36192, stack(0x00000042b5700000,0x00000042b5800000) (1024K)]
  0x0000017b7409ebb0 JavaThread "Worker-1010: Initialize workspace"        [_thread_blocked, id=37480, stack(0x00000042b5400000,0x00000042b5500000) (1024K)]
  0x0000017b00c49ce0 JavaThread "Worker-1018: Initialize workspace"        [_thread_blocked, id=31052, stack(0x00000042b4d00000,0x00000042b4e00000) (1024K)]
  0x0000017b7f568ab0 JavaThread "Connection worker"                 [_thread_in_native, id=23388, stack(0x00000042b5800000,0x00000042b5900000) (1024K)]
  0x0000017b7001d670 JavaThread "Connection worker"                 [_thread_blocked, id=37744, stack(0x00000042b5d00000,0x00000042b5e00000) (1024K)]
  0x0000017b07271230 JavaThread "Worker-1032: Initialize workspace"        [_thread_blocked, id=38264, stack(0x00000042b5a00000,0x00000042b5b00000) (1024K)]
  0x0000017b7e9f3650 JavaThread "Worker-1037: Initialize workspace"        [_thread_blocked, id=38076, stack(0x00000042b5f00000,0x00000042b6000000) (1024K)]
  0x0000017b7eab6d40 JavaThread "Connection worker"                 [_thread_blocked, id=29636, stack(0x00000042a6d00000,0x00000042a6e00000) (1024K)]
  0x0000017b7eab1490 JavaThread "Connection worker"                 [_thread_blocked, id=18860, stack(0x00000042b4200000,0x00000042b4300000) (1024K)]
  0x0000017b7eabbc00 Thread "Unknown thread"                        [id=41700, stack(0x00000042a8300000,0x00000042a8400000) (1024K)]
  0x0000017b7eab5990 Thread "Unknown thread"                        [id=42716, stack(0x00000042b4300000,0x00000042b4400000) (1024K)]
  0x0000017b6f6703b0 Thread "Unknown thread"                        [id=43604, stack(0x00000042b4100000,0x00000042b4200000) (1024K)]
  0x0000017b7eab7a60 Thread "Unknown thread"                        [id=25968, stack(0x00000042b3e00000,0x00000042b3f00000) (1024K)]
  0x0000017b7eab73d0 Thread "Unknown thread"                        [id=36768, stack(0x00000042b4600000,0x00000042b4700000) (1024K)]
  0x0000017b6fd913d0 JavaThread "Worker-1087: Initialize workspace"        [_thread_blocked, id=38380, stack(0x00000042b6500000,0x00000042b6600000) (1024K)]
  0x0000017b70481bc0 JavaThread "Connection worker"                 [_thread_blocked, id=43668, stack(0x00000042b5200000,0x00000042b5300000) (1024K)]
  0x0000017b6fb341f0 JavaThread "Worker-1099: Initialize workspace"        [_thread_blocked, id=1796, stack(0x00000042b6000000,0x00000042b6100000) (1024K)]
  0x0000017b7eab4c70 JavaThread "Worker-1104: Initialize workspace"        [_thread_blocked, id=43080, stack(0x00000042b6600000,0x00000042b6700000) (1024K)]
  0x0000017b7e9fda60 Thread "Unknown thread"                        [id=7100, stack(0x00000042b6700000,0x00000042b6800000) (1024K)]
  0x0000017b7f27cac0 JavaThread "Connection worker"                 [_thread_blocked, id=19572, stack(0x00000042b6900000,0x00000042b6a00000) (1024K)]
  0x0000017b08eebbc0 JavaThread "Worker-1117: Initialize workspace"        [_thread_blocked, id=36688, stack(0x00000042b6c00000,0x00000042b6d00000) (1024K)]
  0x0000017b08eef040 JavaThread "Connection worker"                 [_thread_blocked, id=43844, stack(0x00000042b6e00000,0x00000042b6f00000) (1024K)]
  0x0000017b08eee9b0 JavaThread "Worker-1125: Initialize workspace"        [_thread_blocked, id=36060, stack(0x00000042b6d00000,0x00000042b6e00000) (1024K)]
  0x0000017b08eec250 JavaThread "Connection worker"                 [_thread_blocked, id=42016, stack(0x00000042b6f00000,0x00000042b7000000) (1024K)]
  0x0000017b08eecf70 Thread "Unknown thread"                        [id=25752, stack(0x00000042b7000000,0x00000042b7100000) (1024K)]
  0x0000017b08eee320 JavaThread "Connection worker"                 [_thread_blocked, id=43796, stack(0x00000042b4400000,0x00000042b4500000) (1024K)]
  0x0000017b08ee9460 Thread "Unknown thread"                        [id=9016, stack(0x00000042b7400000,0x00000042b7500000) (1024K)]
  0x0000017b08ef1110 Thread "Unknown thread"                        [id=43572, stack(0x00000042b7800000,0x00000042b7900000) (1024K)]
  0x0000017b08eefd60 JavaThread "Worker-1157: Initialize workspace"        [_thread_blocked, id=42444, stack(0x00000042b7600000,0x00000042b7700000) (1024K)]
  0x0000017b08ef17a0 Thread "Unknown thread"                        [id=25320, stack(0x00000042b7900000,0x00000042b7a00000) (1024K)]
  0x0000017b08ef1e30 Thread "Unknown thread"                        [id=42840, stack(0x00000042b7a00000,0x00000042b7b00000) (1024K)]
  0x0000017b08eeaea0 Thread "Unknown thread"                        [id=43348, stack(0x00000042b7b00000,0x00000042b7c00000) (1024K)]
  0x0000017b08eeb530 Thread "Unknown thread"                        [id=36440, stack(0x00000042b7f00000,0x00000042b8000000) (1024K)]
  0x0000017b08ef4590 JavaThread "Connection worker"                 [_thread_blocked, id=24960, stack(0x00000042b7e00000,0x00000042b7f00000) (1024K)]
  0x0000017b08ef31e0 JavaThread "Worker-1197: Initialize workspace"        [_thread_blocked, id=26276, stack(0x00000042b3400000,0x00000042b3500000) (1024K)]
  0x0000017b08ef80a0 JavaThread "Connection worker"                 [_thread_blocked, id=43660, stack(0x00000042b8400000,0x00000042b8500000) (1024K)]
  0x0000017b08ef3f00 JavaThread "Worker-1213: Initialize workspace"        [_thread_blocked, id=25344, stack(0x00000042b8200000,0x00000042b8300000) (1024K)]
  0x0000017b08ef5fd0 Thread "Unknown thread"                        [id=28600, stack(0x00000042b8500000,0x00000042b8600000) (1024K)]
  0x0000017b08ef6cf0 JavaThread "Connection worker"                 [_thread_blocked, id=42712, stack(0x00000042b8300000,0x00000042b8400000) (1024K)]
  0x0000017b08efa170 JavaThread "Worker-1226: Initialize workspace"        [_thread_blocked, id=2160, stack(0x00000042b8800000,0x00000042b8900000) (1024K)]
  0x0000017b08ef7a10 JavaThread "Worker-1232: Initialize workspace"        [_thread_blocked, id=43152, stack(0x00000042b8900000,0x00000042b8a00000) (1024K)]
  0x0000017b08ef8730 JavaThread "Connection worker"                 [_thread_blocked, id=23616, stack(0x00000042b9000000,0x00000042b9100000) (1024K)]
  0x0000017b08efbbb0 JavaThread "Worker-1243: Initialize workspace"        [_thread_blocked, id=43784, stack(0x00000042b2900000,0x00000042b2a00000) (1024K)]
  0x0000017b08ef5940 JavaThread "Connection worker"                 [_thread_blocked, id=36004, stack(0x00000042b8a00000,0x00000042b8b00000) (1024K)]
  0x0000017b08ee9af0 JavaThread "Exec process"                      [_thread_in_native, id=18656, stack(0x00000042a1300000,0x00000042a1400000) (1024K)]
  0x0000017b08ef03f0 JavaThread "Exec process Thread 2"             [_thread_blocked, id=43560, stack(0x00000042a3700000,0x00000042a3800000) (1024K)]
  0x0000017b08ef0a80 JavaThread "Exec process"                      [_thread_in_native, id=10928, stack(0x00000042a1400000,0x00000042a1500000) (1024K)]
  0x0000017b08ef24c0 JavaThread "Exec process Thread 2"             [_thread_blocked, id=28996, stack(0x00000042a4700000,0x00000042a4800000) (1024K)]
  0x0000017b08eea180 JavaThread "Exec process"                      [_thread_in_native, id=44100, stack(0x00000042a7a00000,0x00000042a7b00000) (1024K)]
  0x0000017b08ef3870 JavaThread "Exec process Thread 2"             [_thread_blocked, id=44784, stack(0x00000042ad800000,0x00000042ad900000) (1024K)]
  0x0000017b08ef3870 JavaThread "Exec process Thread 2"             [_thread_blocked, id=44784, stack(0x00000042ad800000,0x00000042ad900000) (1024K)]
  0x0000017b08ef24c0 JavaThread "Exec process Thread 2"             [_thread_blocked, id=28996, stack(0x00000042a4700000,0x00000042a4800000) (1024K)]
  0x0000017b08eea180 JavaThread "Exec process"                      [_thread_in_native, id=44100, stack(0x00000042a7a00000,0x00000042a7b00000) (1024K)]
  0x0000017b08ef3870 JavaThread "Exec process Thread 2"             [_thread_blocked, id=44784, stack(0x00000042ad800000,0x00000042ad900000) (1024K)]
Total: 359

Other Threads:
  0x0000017b11c6e6e0 VMThread "VM Thread"                           [id=18876, stack(0x000000429df00000,0x000000429e000000) (1024K)]
  0x0000017b11c19350 WatcherThread "VM Periodic Task Thread"        [id=16952, stack(0x000000429de00000,0x000000429df00000) (1024K)]
  0x0000017b11bcd820 WorkerThread "GC Thread#0"                     [id=16956, stack(0x000000429dd00000,0x000000429de00000) (1024K)]
  0x0000017b6fabc170 WorkerThread "GC Thread#1"                     [id=2804, stack(0x000000429ec00000,0x000000429ed00000) (1024K)]
  0x0000017b6fabd3e0 WorkerThread "GC Thread#2"                     [id=6156, stack(0x000000429ed00000,0x000000429ee00000) (1024K)]
  0x0000017b6fabc520 WorkerThread "GC Thread#3"                     [id=7804, stack(0x000000429ee00000,0x000000429ef00000) (1024K)]
  0x0000017b6fabc8d0 WorkerThread "GC Thread#4"                     [id=8752, stack(0x000000429ef00000,0x000000429f000000) (1024K)]
  0x0000017b6fabcc80 WorkerThread "GC Thread#5"                     [id=10996, stack(0x000000429f000000,0x000000429f100000) (1024K)]
  0x0000017b6fabd030 WorkerThread "GC Thread#6"                     [id=13716, stack(0x000000429f100000,0x000000429f200000) (1024K)]
  0x0000017b6f694310 WorkerThread "GC Thread#7"                     [id=15152, stack(0x000000429eb00000,0x000000429ec00000) (1024K)]
Total: 10

Threads with active compile tasks:
C2 CompilerThread0  1361033 19724   !   4       org.gradle.internal.serialize.kryo.KryoBackedDecoder::readNullableString (15 bytes)
Total: 1

VM state: not at safepoint (normal execution)

VM Mutex/Monitor currently owned by a thread: None

Heap address: 0x0000000080000000, size: 2048 MB, Compressed Oops mode: 32-bit

CDS archive(s) mapped at: [0x0000017b29000000-0x0000017b29ba0000-0x0000017b29ba0000), size 12189696, SharedBaseAddress: 0x0000017b29000000, ArchiveRelocationMode: 1.
Compressed class space mapped at: 0x0000017b2a000000-0x0000017b6a000000, reserved size: 1073741824
Narrow klass base: 0x0000017b29000000, Narrow klass shift: 0, Narrow klass range: 0x100000000

GC Precious Log:
 CardTable entry size: 512
 CPUs: 8 total, 8 available
 Memory: 16082M
 Large Page Support: Disabled
 NUMA Support: Disabled
 Compressed Oops: Enabled (32-bit)
 Alignments: Space 512K, Generation 512K, Heap 2M
 Heap Min Capacity: 100M
 Heap Initial Capacity: 100M
 Heap Max Capacity: 2G
 Pre-touch: Disabled
 Parallel Workers: 8

Heap:
 PSYoungGen      total 2560K, used 1466K [0x00000000d5580000, 0x00000000d5900000, 0x0000000100000000)
  eden space 2048K, 59% used [0x00000000d5580000,0x00000000d56ae840,0x00000000d5780000)
  from space 512K, 50% used [0x00000000d5880000,0x00000000d58c0000,0x00000000d5900000)
  to   space 512K, 0% used [0x00000000d5800000,0x00000000d5800000,0x00000000d5880000)
 ParOldGen       total 163840K, used 155266K [0x0000000080000000, 0x000000008a000000, 0x00000000d5580000)
  object space 163840K, 94% used [0x0000000080000000,0x00000000897a0af8,0x000000008a000000)
 Metaspace       used 92052K, committed 95424K, reserved 1179648K
  class space    used 10976K, committed 12416K, reserved 1048576K

Card table byte_map: [0x0000017b11550000,0x0000017b11960000] _byte_map_base: 0x0000017b11150000

Marking Bits: (ParMarkBitMap*) 0x00007ff90c4844a0
 Begin Bits: [0x0000017b24060000, 0x0000017b26060000)
 End Bits:   [0x0000017b26060000, 0x0000017b28060000)

Polling page: 0x0000017b0fa50000

Metaspace:

Usage:
  Non-class:     79.18 MB used.
      Class:     10.72 MB used.
       Both:     89.89 MB used.

Virtual space:
  Non-class space:      128.00 MB reserved,      81.06 MB ( 63%) committed,  2 nodes.
      Class space:        1.00 GB reserved,      12.12 MB (  1%) committed,  1 nodes.
             Both:        1.12 GB reserved,      93.19 MB (  8%) committed. 

Chunk freelists:
   Non-Class:  15.55 MB
       Class:  4.07 MB
        Both:  19.62 MB

MaxMetaspaceSize: unlimited
CompressedClassSpaceSize: 1.00 GB
Initial GC threshold: 21.00 MB
Current GC threshold: 155.31 MB
CDS: on
 - commit_granule_bytes: 65536.
 - commit_granule_words: 8192.
 - virtual_space_node_default_size: 8388608.
 - enlarge_chunks_in_place: 1.
 - use_allocation_guard: 0.


Internal statistics:

num_allocs_failed_limit: 9.
num_arena_births: 3444.
num_arena_deaths: 588.
num_vsnodes_births: 3.
num_vsnodes_deaths: 0.
num_space_committed: 1491.
num_space_uncommitted: 0.
num_chunks_returned_to_freelist: 781.
num_chunks_taken_from_freelist: 8131.
num_chunk_merges: 334.
num_chunk_splits: 4968.
num_chunks_enlarged: 2579.
num_inconsistent_stats: 0.

CodeHeap 'non-profiled nmethods': size=120000Kb used=17435Kb max_used=17901Kb free=102565Kb
 bounds [0x0000017b1c880000, 0x0000017b1da00000, 0x0000017b23db0000]
CodeHeap 'profiled nmethods': size=120000Kb used=40066Kb max_used=41529Kb free=79933Kb
 bounds [0x0000017b14db0000, 0x0000017b17640000, 0x0000017b1c2e0000]
CodeHeap 'non-nmethods': size=5760Kb used=1495Kb max_used=1678Kb free=4264Kb
 bounds [0x0000017b1c2e0000, 0x0000017b1c550000, 0x0000017b1c880000]
CodeCache: size=245760Kb, used=58996Kb, max_used=61108Kb, free=186762Kb
 total_blobs=19085, nmethods=18283, adapters=707, full_count=0
Compilation: enabled, stopped_count=0, restarted_count=0

Compilation events (20 events):
Event: 1300.538 Thread 0x0000017b6f044a70 nmethod 19714 0x0000017b1d9fb390 code [0x0000017b1d9fb520, 0x0000017b1d9fb5e8]
Event: 1300.538 Thread 0x0000017b6f044a70 19715       3       org.gradle.tooling.internal.provider.action.BuildActionSerializer$BuildModelActionSerializer::write (10 bytes)
Event: 1300.539 Thread 0x0000017b6f044a70 nmethod 19715 0x0000017b17633890 code [0x0000017b17633a40, 0x0000017b17633c88]
Event: 1300.539 Thread 0x0000017b6f044a70 19716       3       org.gradle.tooling.internal.provider.action.BuildActionSerializer$BuildModelActionSerializer::write (49 bytes)
Event: 1300.541 Thread 0x0000017b6f044a70 nmethod 19716 0x0000017b17633d90 code [0x0000017b17633f80, 0x0000017b17634510]
Event: 1300.541 Thread 0x0000017b6f044a70 19717       3       org.gradle.internal.deprecation.Documentation$UpgradeGuide::<init> (7 bytes)
Event: 1300.542 Thread 0x0000017b6f044a70 nmethod 19717 0x0000017b17634690 code [0x0000017b176348e0, 0x0000017b17635158]
Event: 1300.542 Thread 0x0000017b6f044a70 19719       3       org.gradle.internal.deprecation.Documentation::upgradeGuide (11 bytes)
Event: 1300.542 Thread 0x0000017b6f044a70 nmethod 19719 0x0000017b17635510 code [0x0000017b17635740, 0x0000017b17635e00]
Event: 1300.543 Thread 0x0000017b6f044a70 19718       3       org.gradle.StartParameter::getSettingsFile (12 bytes)
Event: 1300.543 Thread 0x0000017b6f044a70 nmethod 19718 0x0000017b17636110 code [0x0000017b176362c0, 0x0000017b17636418]
Event: 1300.600 Thread 0x0000017b6f044a70 19720   !   3       org.gradle.internal.deprecation.DeprecationLogger::whileDisabled (21 bytes)
Event: 1300.601 Thread 0x0000017b6f044a70 nmethod 19720 0x0000017b17636510 code [0x0000017b17636840, 0x0000017b17637dd0]
Event: 1300.601 Thread 0x0000017b6f044a70 19721       3       org.gradle.internal.deprecation.DeprecationLogger::disable (24 bytes)
Event: 1300.602 Thread 0x0000017b6f044a70 nmethod 19721 0x0000017b17638410 code [0x0000017b17638640, 0x0000017b17638f98]
Event: 1300.602 Thread 0x0000017b6f044a70 19722       3       org.gradle.internal.deprecation.DeprecationLogger::nagUserWith (64 bytes)
Event: 1300.604 Thread 0x0000017b6f044a70 nmethod 19722 0x0000017b17639290 code [0x0000017b17639580, 0x0000017b1763a308]
Event: 1300.604 Thread 0x0000017b6f044a70 19723       3       sun.nio.ch.SocketChannelImpl::translateInterestOps (41 bytes)
Event: 1300.605 Thread 0x0000017b6f044a70 nmethod 19723 0x0000017b1763a810 code [0x0000017b1763a9c0, 0x0000017b1763ab80]
Event: 1301.336 Thread 0x0000017b11b33e60 19724   !   4       org.gradle.internal.serialize.kryo.KryoBackedDecoder::readNullableString (15 bytes)

GC Heap History (20 events):
Event: 1297.781 GC heap before
{Heap before GC invocations=3957 (full 3):
 PSYoungGen      total 3072K, used 2720K [0x00000000d5580000, 0x00000000d5a80000, 0x0000000100000000)
  eden space 2560K, 100% used [0x00000000d5580000,0x00000000d5800000,0x00000000d5800000)
  from space 512K, 31% used [0x00000000d5980000,0x00000000d59a8000,0x00000000d5a00000)
  to   space 512K, 0% used [0x00000000d5a00000,0x00000000d5a00000,0x00000000d5a80000)
 ParOldGen       total 1265152K, used 1264907K [0x0000000080000000, 0x00000000cd380000, 0x00000000d5580000)
  object space 1265152K, 99% used [0x0000000080000000,0x00000000cd342d30,0x00000000cd380000)
 Metaspace       used 92626K, committed 95360K, reserved 1179648K
  class space    used 11119K, committed 12416K, reserved 1048576K
}
Event: 1297.785 GC heap after
{Heap after GC invocations=3957 (full 3):
 PSYoungGen      total 3072K, used 448K [0x00000000d5580000, 0x00000000d5a80000, 0x0000000100000000)
  eden space 2560K, 0% used [0x00000000d5580000,0x00000000d5580000,0x00000000d5800000)
  from space 512K, 87% used [0x00000000d5a00000,0x00000000d5a70000,0x00000000d5a80000)
  to   space 512K, 0% used [0x00000000d5980000,0x00000000d5980000,0x00000000d5a00000)
 ParOldGen       total 1265152K, used 1264991K [0x0000000080000000, 0x00000000cd380000, 0x00000000d5580000)
  object space 1265152K, 99% used [0x0000000080000000,0x00000000cd357d40,0x00000000cd380000)
 Metaspace       used 92626K, committed 95360K, reserved 1179648K
  class space    used 11119K, committed 12416K, reserved 1048576K
}
Event: 1297.813 GC heap before
{Heap before GC invocations=3958 (full 3):
 PSYoungGen      total 3072K, used 3008K [0x00000000d5580000, 0x00000000d5a80000, 0x0000000100000000)
  eden space 2560K, 100% used [0x00000000d5580000,0x00000000d5800000,0x00000000d5800000)
  from space 512K, 87% used [0x00000000d5a00000,0x00000000d5a70000,0x00000000d5a80000)
  to   space 512K, 0% used [0x00000000d5980000,0x00000000d5980000,0x00000000d5a00000)
 ParOldGen       total 1265152K, used 1264991K [0x0000000080000000, 0x00000000cd380000, 0x00000000d5580000)
  object space 1265152K, 99% used [0x0000000080000000,0x00000000cd357d40,0x00000000cd380000)
 Metaspace       used 92626K, committed 95360K, reserved 1179648K
  class space    used 11119K, committed 12416K, reserved 1048576K
}
Event: 1297.820 GC heap after
{Heap after GC invocations=3958 (full 3):
 PSYoungGen      total 3072K, used 512K [0x00000000d5580000, 0x00000000d5a80000, 0x0000000100000000)
  eden space 2560K, 0% used [0x00000000d5580000,0x00000000d5580000,0x00000000d5800000)
  from space 512K, 100% used [0x00000000d5980000,0x00000000d5a00000,0x00000000d5a00000)
  to   space 512K, 0% used [0x00000000d5a00000,0x00000000d5a00000,0x00000000d5a80000)
 ParOldGen       total 1265664K, used 1265195K [0x0000000080000000, 0x00000000cd400000, 0x00000000d5580000)
  object space 1265664K, 99% used [0x0000000080000000,0x00000000cd38adf0,0x00000000cd400000)
 Metaspace       used 92626K, committed 95360K, reserved 1179648K
  class space    used 11119K, committed 12416K, reserved 1048576K
}
Event: 1297.835 GC heap before
{Heap before GC invocations=3959 (full 3):
 PSYoungGen      total 3072K, used 3072K [0x00000000d5580000, 0x00000000d5a80000, 0x0000000100000000)
  eden space 2560K, 100% used [0x00000000d5580000,0x00000000d5800000,0x00000000d5800000)
  from space 512K, 100% used [0x00000000d5980000,0x00000000d5a00000,0x00000000d5a00000)
  to   space 512K, 0% used [0x00000000d5a00000,0x00000000d5a00000,0x00000000d5a80000)
 ParOldGen       total 1265664K, used 1265195K [0x0000000080000000, 0x00000000cd400000, 0x00000000d5580000)
  object space 1265664K, 99% used [0x0000000080000000,0x00000000cd38adf0,0x00000000cd400000)
 Metaspace       used 92631K, committed 95360K, reserved 1179648K
  class space    used 11119K, committed 12416K, reserved 1048576K
}
Event: 1297.839 GC heap after
{Heap after GC invocations=3959 (full 3):
 PSYoungGen      total 3072K, used 224K [0x00000000d5580000, 0x00000000d5a80000, 0x0000000100000000)
  eden space 2560K, 0% used [0x00000000d5580000,0x00000000d5580000,0x00000000d5800000)
  from space 512K, 43% used [0x00000000d5a00000,0x00000000d5a38000,0x00000000d5a80000)
  to   space 512K, 0% used [0x00000000d5980000,0x00000000d5980000,0x00000000d5a00000)
 ParOldGen       total 1265664K, used 1265307K [0x0000000080000000, 0x00000000cd400000, 0x00000000d5580000)
  object space 1265664K, 99% used [0x0000000080000000,0x00000000cd3a6e10,0x00000000cd400000)
 Metaspace       used 92631K, committed 95360K, reserved 1179648K
  class space    used 11119K, committed 12416K, reserved 1048576K
}
Event: 1297.901 GC heap before
{Heap before GC invocations=3960 (full 3):
 PSYoungGen      total 3072K, used 2784K [0x00000000d5580000, 0x00000000d5a80000, 0x0000000100000000)
  eden space 2560K, 100% used [0x00000000d5580000,0x00000000d5800000,0x00000000d5800000)
  from space 512K, 43% used [0x00000000d5a00000,0x00000000d5a38000,0x00000000d5a80000)
  to   space 512K, 0% used [0x00000000d5980000,0x00000000d5980000,0x00000000d5a00000)
 ParOldGen       total 1265664K, used 1265307K [0x0000000080000000, 0x00000000cd400000, 0x00000000d5580000)
  object space 1265664K, 99% used [0x0000000080000000,0x00000000cd3a6e10,0x00000000cd400000)
 Metaspace       used 92631K, committed 95360K, reserved 1179648K
  class space    used 11119K, committed 12416K, reserved 1048576K
}
Event: 1297.906 GC heap after
{Heap after GC invocations=3960 (full 3):
 PSYoungGen      total 3072K, used 192K [0x00000000d5580000, 0x00000000d5a80000, 0x0000000100000000)
  eden space 2560K, 0% used [0x00000000d5580000,0x00000000d5580000,0x00000000d5800000)
  from space 512K, 37% used [0x00000000d5980000,0x00000000d59b0000,0x00000000d5a00000)
  to   space 512K, 0% used [0x00000000d5a00000,0x00000000d5a00000,0x00000000d5a80000)
 ParOldGen       total 1265664K, used 1265443K [0x0000000080000000, 0x00000000cd400000, 0x00000000d5580000)
  object space 1265664K, 99% used [0x0000000080000000,0x00000000cd3c8e30,0x00000000cd400000)
 Metaspace       used 92631K, committed 95360K, reserved 1179648K
  class space    used 11119K, committed 12416K, reserved 1048576K
}
Event: 1298.016 GC heap before
{Heap before GC invocations=3961 (full 3):
 PSYoungGen      total 3072K, used 2752K [0x00000000d5580000, 0x00000000d5a80000, 0x0000000100000000)
  eden space 2560K, 100% used [0x00000000d5580000,0x00000000d5800000,0x00000000d5800000)
  from space 512K, 37% used [0x00000000d5980000,0x00000000d59b0000,0x00000000d5a00000)
  to   space 512K, 0% used [0x00000000d5a00000,0x00000000d5a00000,0x00000000d5a80000)
 ParOldGen       total 1265664K, used 1265443K [0x0000000080000000, 0x00000000cd400000, 0x00000000d5580000)
  object space 1265664K, 99% used [0x0000000080000000,0x00000000cd3c8e30,0x00000000cd400000)
 Metaspace       used 92631K, committed 95360K, reserved 1179648K
  class space    used 11119K, committed 12416K, reserved 1048576K
}
Event: 1298.022 GC heap after
{Heap after GC invocations=3961 (full 3):
 PSYoungGen      total 3072K, used 512K [0x00000000d5580000, 0x00000000d5a80000, 0x0000000100000000)
  eden space 2560K, 0% used [0x00000000d5580000,0x00000000d5580000,0x00000000d5800000)
  from space 512K, 100% used [0x00000000d5a00000,0x00000000d5a80000,0x00000000d5a80000)
  to   space 1024K, 0% used [0x00000000d5880000,0x00000000d5880000,0x00000000d5980000)
 ParOldGen       total 1265664K, used 1265499K [0x0000000080000000, 0x00000000cd400000, 0x00000000d5580000)
  object space 1265664K, 99% used [0x0000000080000000,0x00000000cd3d6e30,0x00000000cd400000)
 Metaspace       used 92631K, committed 95360K, reserved 1179648K
  class space    used 11119K, committed 12416K, reserved 1048576K
}
Event: 1300.434 GC heap before
{Heap before GC invocations=3962 (full 3):
 PSYoungGen      total 3072K, used 3072K [0x00000000d5580000, 0x00000000d5a80000, 0x0000000100000000)
  eden space 2560K, 100% used [0x00000000d5580000,0x00000000d5800000,0x00000000d5800000)
  from space 512K, 100% used [0x00000000d5a00000,0x00000000d5a80000,0x00000000d5a80000)
  to   space 1024K, 0% used [0x00000000d5880000,0x00000000d5880000,0x00000000d5980000)
 ParOldGen       total 1265664K, used 1265499K [0x0000000080000000, 0x00000000cd400000, 0x00000000d5580000)
  object space 1265664K, 99% used [0x0000000080000000,0x00000000cd3d6e30,0x00000000cd400000)
 Metaspace       used 92631K, committed 95360K, reserved 1179648K
  class space    used 11119K, committed 12416K, reserved 1048576K
}
Event: 1300.439 GC heap after
{Heap after GC invocations=3962 (full 3):
 PSYoungGen      total 3584K, used 448K [0x00000000d5580000, 0x00000000d5a80000, 0x0000000100000000)
  eden space 2560K, 0% used [0x00000000d5580000,0x00000000d5580000,0x00000000d5800000)
  from space 1024K, 43% used [0x00000000d5880000,0x00000000d58f0000,0x00000000d5980000)
  to   space 512K, 0% used [0x00000000d5a00000,0x00000000d5a00000,0x00000000d5a80000)
 ParOldGen       total 1265664K, used 1265571K [0x0000000080000000, 0x00000000cd400000, 0x00000000d5580000)
  object space 1265664K, 99% used [0x0000000080000000,0x00000000cd3e8e30,0x00000000cd400000)
 Metaspace       used 92631K, committed 95360K, reserved 1179648K
  class space    used 11119K, committed 12416K, reserved 1048576K
}
Event: 1300.458 GC heap before
{Heap before GC invocations=3963 (full 3):
 PSYoungGen      total 3584K, used 3008K [0x00000000d5580000, 0x00000000d5a80000, 0x0000000100000000)
  eden space 2560K, 100% used [0x00000000d5580000,0x00000000d5800000,0x00000000d5800000)
  from space 1024K, 43% used [0x00000000d5880000,0x00000000d58f0000,0x00000000d5980000)
  to   space 512K, 0% used [0x00000000d5a00000,0x00000000d5a00000,0x00000000d5a80000)
 ParOldGen       total 1265664K, used 1265571K [0x0000000080000000, 0x00000000cd400000, 0x00000000d5580000)
  object space 1265664K, 99% used [0x0000000080000000,0x00000000cd3e8e30,0x00000000cd400000)
 Metaspace       used 92632K, committed 95360K, reserved 1179648K
  class space    used 11119K, committed 12416K, reserved 1048576K
}
Event: 1300.463 GC heap after
{Heap after GC invocations=3963 (full 3):
 PSYoungGen      total 3072K, used 512K [0x00000000d5580000, 0x00000000d5a80000, 0x0000000100000000)
  eden space 2560K, 0% used [0x00000000d5580000,0x00000000d5580000,0x00000000d5800000)
  from space 512K, 100% used [0x00000000d5a00000,0x00000000d5a80000,0x00000000d5a80000)
  to   space 1024K, 0% used [0x00000000d5880000,0x00000000d5880000,0x00000000d5980000)
 ParOldGen       total 1266176K, used 1265815K [0x0000000080000000, 0x00000000cd480000, 0x00000000d5580000)
  object space 1266176K, 99% used [0x0000000080000000,0x00000000cd425e80,0x00000000cd480000)
 Metaspace       used 92632K, committed 95360K, reserved 1179648K
  class space    used 11119K, committed 12416K, reserved 1048576K
}
Event: 1300.688 GC heap before
{Heap before GC invocations=3964 (full 3):
 PSYoungGen      total 3072K, used 3072K [0x00000000d5580000, 0x00000000d5a80000, 0x0000000100000000)
  eden space 2560K, 100% used [0x00000000d5580000,0x00000000d5800000,0x00000000d5800000)
  from space 512K, 100% used [0x00000000d5a00000,0x00000000d5a80000,0x00000000d5a80000)
  to   space 1024K, 0% used [0x00000000d5880000,0x00000000d5880000,0x00000000d5980000)
 ParOldGen       total 1266176K, used 1265815K [0x0000000080000000, 0x00000000cd480000, 0x00000000d5580000)
  object space 1266176K, 99% used [0x0000000080000000,0x00000000cd425e80,0x00000000cd480000)
 Metaspace       used 92670K, committed 95424K, reserved 1179648K
  class space    used 11120K, committed 12416K, reserved 1048576K
}
Event: 1300.695 GC heap after
{Heap after GC invocations=3964 (full 3):
 PSYoungGen      total 3584K, used 224K [0x00000000d5580000, 0x00000000d5a80000, 0x0000000100000000)
  eden space 2560K, 0% used [0x00000000d5580000,0x00000000d5580000,0x00000000d5800000)
  from space 1024K, 21% used [0x00000000d5880000,0x00000000d58b8000,0x00000000d5980000)
  to   space 512K, 0% used [0x00000000d5a00000,0x00000000d5a00000,0x00000000d5a80000)
 ParOldGen       total 1266176K, used 1266116K [0x0000000080000000, 0x00000000cd480000, 0x00000000d5580000)
  object space 1266176K, 99% used [0x0000000080000000,0x00000000cd4712b8,0x00000000cd480000)
 Metaspace       used 92670K, committed 95424K, reserved 1179648K
  class space    used 11120K, committed 12416K, reserved 1048576K
}
Event: 1301.410 GC heap before
{Heap before GC invocations=3965 (full 3):
 PSYoungGen      total 3584K, used 2784K [0x00000000d5580000, 0x00000000d5a80000, 0x0000000100000000)
  eden space 2560K, 100% used [0x00000000d5580000,0x00000000d5800000,0x00000000d5800000)
  from space 1024K, 21% used [0x00000000d5880000,0x00000000d58b8000,0x00000000d5980000)
  to   space 512K, 0% used [0x00000000d5a00000,0x00000000d5a00000,0x00000000d5a80000)
 ParOldGen       total 1266176K, used 1266116K [0x0000000080000000, 0x00000000cd480000, 0x00000000d5580000)
  object space 1266176K, 99% used [0x0000000080000000,0x00000000cd4712b8,0x00000000cd480000)
 Metaspace       used 92670K, committed 95424K, reserved 1179648K
  class space    used 11120K, committed 12416K, reserved 1048576K
}
Event: 1301.414 GC heap after
{Heap after GC invocations=3965 (full 3):
 PSYoungGen      total 3072K, used 512K [0x00000000d5580000, 0x00000000d5a80000, 0x0000000100000000)
  eden space 2560K, 0% used [0x00000000d5580000,0x00000000d5580000,0x00000000d5800000)
  from space 512K, 100% used [0x00000000d5a00000,0x00000000d5a80000,0x00000000d5a80000)
  to   space 1024K, 0% used [0x00000000d5880000,0x00000000d5880000,0x00000000d5980000)
 ParOldGen       total 1266688K, used 1266256K [0x0000000080000000, 0x00000000cd500000, 0x00000000d5580000)
  object space 1266688K, 99% used [0x0000000080000000,0x00000000cd4942e8,0x00000000cd500000)
 Metaspace       used 92670K, committed 95424K, reserved 1179648K
  class space    used 11120K, committed 12416K, reserved 1048576K
}
Event: 1301.524 GC heap before
{Heap before GC invocations=3966 (full 3):
 PSYoungGen      total 3072K, used 3072K [0x00000000d5580000, 0x00000000d5a80000, 0x0000000100000000)
  eden space 2560K, 100% used [0x00000000d5580000,0x00000000d5800000,0x00000000d5800000)
  from space 512K, 100% used [0x00000000d5a00000,0x00000000d5a80000,0x00000000d5a80000)
  to   space 1024K, 0% used [0x00000000d5880000,0x00000000d5880000,0x00000000d5980000)
 ParOldGen       total 1266688K, used 1266256K [0x0000000080000000, 0x00000000cd500000, 0x00000000d5580000)
  object space 1266688K, 99% used [0x0000000080000000,0x00000000cd4942e8,0x00000000cd500000)
 Metaspace       used 92670K, committed 95424K, reserved 1179648K
  class space    used 11120K, committed 12416K, reserved 1048576K
}
Event: 1301.529 GC heap after
{Heap after GC invocations=3966 (full 3):
 PSYoungGen      total 3584K, used 1024K [0x00000000d5580000, 0x00000000d5b00000, 0x0000000100000000)
  eden space 2560K, 0% used [0x00000000d5580000,0x00000000d5580000,0x00000000d5800000)
  from space 1024K, 100% used [0x00000000d5880000,0x00000000d5980000,0x00000000d5980000)
  to   space 1536K, 0% used [0x00000000d5980000,0x00000000d5980000,0x00000000d5b00000)
 ParOldGen       total 1266688K, used 1266360K [0x0000000080000000, 0x00000000cd500000, 0x00000000d5580000)
  object space 1266688K, 99% used [0x0000000080000000,0x00000000cd4ae328,0x00000000cd500000)
 Metaspace       used 92670K, committed 95424K, reserved 1179648K
  class space    used 11120K, committed 12416K, reserved 1048576K
}

Dll operation events (20 events):
Event: 0.842 Attempting to load shared library C:\Users\Lenovo E14\.vscode\extensions\redhat.java-1.56.0-win32-x64\jre\21.0.12.1-win32-x86_64\bin\zip.dll
Event: 0.842 Loaded shared library C:\Users\Lenovo E14\.vscode\extensions\redhat.java-1.56.0-win32-x64\jre\21.0.12.1-win32-x86_64\bin\zip.dll
Event: 1.014 Attempting to load shared library C:\Users\Lenovo E14\.vscode\extensions\redhat.java-1.56.0-win32-x64\jre\21.0.12.1-win32-x86_64\bin\jimage.dll
Event: 1.014 Loaded shared library C:\Users\Lenovo E14\.vscode\extensions\redhat.java-1.56.0-win32-x64\jre\21.0.12.1-win32-x86_64\bin\jimage.dll
Event: 1.139 Attempting to load shared library c:\Users\Lenovo E14\.vscode\extensions\redhat.java-1.56.0-win32-x64\jre\21.0.12.1-win32-x86_64\bin\verify.dll
Event: 1.140 Loaded shared library c:\Users\Lenovo E14\.vscode\extensions\redhat.java-1.56.0-win32-x64\jre\21.0.12.1-win32-x86_64\bin\verify.dll
Event: 3.866 Attempting to load shared library C:\Users\Lenovo E14\AppData\Roaming\Code\User\globalStorage\redhat.java\1.56.0\config_win\org.eclipse.equinox.launcher\org.eclipse.equinox.launcher.win32.win32.x86_64_1.3.100.v20260804-1928\eclipse_11924.dll
Event: 3.869 Loaded shared library C:\Users\Lenovo E14\AppData\Roaming\Code\User\globalStorage\redhat.java\1.56.0\config_win\org.eclipse.equinox.launcher\org.eclipse.equinox.launcher.win32.win32.x86_64_1.3.100.v20260804-1928\eclipse_11924.dll
Event: 11.276 Attempting to load shared library C:\Users\Lenovo E14\AppData\Local\Temp\jna-1726609627\jna9832847073121969918.dll
Event: 11.600 Loaded shared library C:\Users\Lenovo E14\AppData\Local\Temp\jna-1726609627\jna9832847073121969918.dll
Event: 25.004 Attempting to load shared library C:\Users\Lenovo E14\.vscode\extensions\redhat.java-1.56.0-win32-x64\jre\21.0.12.1-win32-x86_64\bin\sunmscapi.dll
Event: 25.007 Loaded shared library C:\Users\Lenovo E14\.vscode\extensions\redhat.java-1.56.0-win32-x64\jre\21.0.12.1-win32-x86_64\bin\sunmscapi.dll
Event: 26.046 Attempting to load shared library C:\Users\Lenovo E14\.vscode\extensions\redhat.java-1.56.0-win32-x64\jre\21.0.12.1-win32-x86_64\bin\extnet.dll
Event: 26.046 Loaded shared library C:\Users\Lenovo E14\.vscode\extensions\redhat.java-1.56.0-win32-x64\jre\21.0.12.1-win32-x86_64\bin\extnet.dll
Event: 48.194 Attempting to load shared library C:\Users\Lenovo E14\.gradle\native\1def1411415f61bf3af743bc5b6707747c0891f09f0c88961ee8f79bc544acac\windows-amd64\native-platform.dll
Event: 48.231 Loaded shared library C:\Users\Lenovo E14\.gradle\native\1def1411415f61bf3af743bc5b6707747c0891f09f0c88961ee8f79bc544acac\windows-amd64\native-platform.dll
Event: 488.663 Attempting to load shared library C:\Users\Lenovo E14\.vscode\extensions\redhat.java-1.56.0-win32-x64\jre\21.0.12.1-win32-x86_64\bin\management.dll
Event: 488.665 Loaded shared library C:\Users\Lenovo E14\.vscode\extensions\redhat.java-1.56.0-win32-x64\jre\21.0.12.1-win32-x86_64\bin\management.dll
Event: 488.669 Attempting to load shared library C:\Users\Lenovo E14\.vscode\extensions\redhat.java-1.56.0-win32-x64\jre\21.0.12.1-win32-x86_64\bin\management_ext.dll
Event: 488.676 Loaded shared library C:\Users\Lenovo E14\.vscode\extensions\redhat.java-1.56.0-win32-x64\jre\21.0.12.1-win32-x86_64\bin\management_ext.dll

Deoptimization events (20 events):
Event: 1250.260 Thread 0x0000017b08ef7a10 DEOPT PACKING pc=0x0000017b175f567d sp=0x00000042b89ff130
Event: 1250.261 Thread 0x0000017b08ef7a10 DEOPT UNPACKING pc=0x0000017b1c3378e2 sp=0x00000042b89fe5e0 mode 0
Event: 1250.712 Thread 0x0000017b6fd97cd0 Uncommon trap: trap_request=0xffffff45 fr.pc=0x0000017b1d7c09a8 relative=0x0000000000005208
Event: 1250.713 Thread 0x0000017b6fd97cd0 Uncommon trap: reason=unstable_if action=reinterpret pc=0x0000017b1d7c09a8 method=sun.nio.ch.WEPollSelectorImpl.toReadyOps(I)I @ 5 c2
Event: 1250.714 Thread 0x0000017b6fd97cd0 DEOPT PACKING pc=0x0000017b1d7c09a8 sp=0x00000042a96fe570
Event: 1250.714 Thread 0x0000017b6fd97cd0 DEOPT UNPACKING pc=0x0000017b1c336da2 sp=0x00000042a96fe038 mode 2
Event: 1251.314 Thread 0x0000017b00a45f30 Uncommon trap: trap_request=0xffffff45 fr.pc=0x0000017b1d7c09a8 relative=0x0000000000005208
Event: 1251.315 Thread 0x0000017b00a45f30 Uncommon trap: reason=unstable_if action=reinterpret pc=0x0000017b1d7c09a8 method=sun.nio.ch.WEPollSelectorImpl.toReadyOps(I)I @ 5 c2
Event: 1251.315 Thread 0x0000017b00a45f30 DEOPT PACKING pc=0x0000017b1d7c09a8 sp=0x00000042addfe1a0
Event: 1251.315 Thread 0x0000017b00a45f30 DEOPT UNPACKING pc=0x0000017b1c336da2 sp=0x00000042addfdc68 mode 2
Event: 1254.204 Thread 0x0000017b71ff0900 Uncommon trap: trap_request=0xffffff45 fr.pc=0x0000017b1d7c09a8 relative=0x0000000000005208
Event: 1254.204 Thread 0x0000017b71ff0900 Uncommon trap: reason=unstable_if action=reinterpret pc=0x0000017b1d7c09a8 method=sun.nio.ch.WEPollSelectorImpl.toReadyOps(I)I @ 5 c2
Event: 1254.204 Thread 0x0000017b71ff0900 DEOPT PACKING pc=0x0000017b1d7c09a8 sp=0x00000042aeafe180
Event: 1254.204 Thread 0x0000017b71ff0900 DEOPT UNPACKING pc=0x0000017b1c336da2 sp=0x00000042aeafdc48 mode 2
Event: 1254.769 Thread 0x0000017b00a3ced0 Uncommon trap: trap_request=0xffffff45 fr.pc=0x0000017b1d7c09a8 relative=0x0000000000005208
Event: 1254.769 Thread 0x0000017b00a3ced0 Uncommon trap: reason=unstable_if action=reinterpret pc=0x0000017b1d7c09a8 method=sun.nio.ch.WEPollSelectorImpl.toReadyOps(I)I @ 5 c2
Event: 1254.770 Thread 0x0000017b00a3ced0 DEOPT PACKING pc=0x0000017b1d7c09a8 sp=0x00000042a47fe080
Event: 1254.770 Thread 0x0000017b00a3ced0 DEOPT UNPACKING pc=0x0000017b1c336da2 sp=0x00000042a47fdb48 mode 2
Event: 1293.821 Thread 0x0000017b7e9f5720 DEOPT PACKING pc=0x0000017b1616b0e9 sp=0x00000042ae1fe310
Event: 1293.821 Thread 0x0000017b7e9f5720 DEOPT UNPACKING pc=0x0000017b1c3378e2 sp=0x00000042ae1fd7f8 mode 0

Classes loaded (20 events):
Event: 513.963 Loading class java/nio/channels/SelectionKey
Event: 513.963 Loading class java/nio/channels/SelectionKey done
Event: 513.963 Loading class java/nio/channels/spi/AbstractSelectionKey done
Event: 513.963 Loading class sun/nio/ch/SelectionKeyImpl done
Event: 513.963 Loading class java/lang/invoke/ConstantBootstraps
Event: 513.964 Loading class java/lang/invoke/ConstantBootstraps done
Event: 513.987 Loading class java/nio/channels/spi/AbstractSelector$1
Event: 513.988 Loading class java/nio/channels/spi/AbstractSelector$1 done
Event: 514.678 Loading class java/util/concurrent/Executors$AutoShutdownDelegatedExecutorService
Event: 514.678 Loading class java/util/concurrent/Executors$AutoShutdownDelegatedExecutorService done
Event: 522.028 Loading class java/net/DatagramPacket
Event: 522.029 Loading class java/net/DatagramPacket done
Event: 584.707 Loading class java/lang/UnsupportedClassVersionError
Event: 584.708 Loading class java/lang/UnsupportedClassVersionError done
Event: 616.450 Loading class java/util/concurrent/ConcurrentLinkedQueue$Itr
Event: 616.450 Loading class java/util/concurrent/ConcurrentLinkedQueue$Itr done
Event: 616.621 Loading class sun/misc/SharedSecrets
Event: 616.621 Loading class sun/misc/SharedSecrets done
Event: 1250.716 Loading class sun/net/ConnectionResetException
Event: 1250.742 Loading class sun/net/ConnectionResetException done

Classes unloaded (7 events):
Event: 13.751 Thread 0x0000017b11c6e6e0 Unloading class 0x0000017b2a1acc00 'java/lang/invoke/LambdaForm$MH+0x0000017b2a1acc00'
Event: 13.751 Thread 0x0000017b11c6e6e0 Unloading class 0x0000017b2a1ac800 'java/lang/invoke/LambdaForm$MH+0x0000017b2a1ac800'
Event: 13.751 Thread 0x0000017b11c6e6e0 Unloading class 0x0000017b2a1ac400 'java/lang/invoke/LambdaForm$MH+0x0000017b2a1ac400'
Event: 13.751 Thread 0x0000017b11c6e6e0 Unloading class 0x0000017b2a1ac000 'java/lang/invoke/LambdaForm$MH+0x0000017b2a1ac000'
Event: 13.751 Thread 0x0000017b11c6e6e0 Unloading class 0x0000017b2a1abc00 'java/lang/invoke/LambdaForm$BMH+0x0000017b2a1abc00'
Event: 13.751 Thread 0x0000017b11c6e6e0 Unloading class 0x0000017b2a1ab800 'java/lang/invoke/LambdaForm$DMH+0x0000017b2a1ab800'
Event: 13.751 Thread 0x0000017b11c6e6e0 Unloading class 0x0000017b2a1aa400 'java/lang/invoke/LambdaForm$DMH+0x0000017b2a1aa400'

Classes redefined (0 events):
No events

Internal exceptions (20 events):
Event: 1252.594 Thread 0x0000017b7f27ff40 Exception <a 'sun/nio/fs/WindowsException'{0x00000000d5670278}> (0x00000000d5670278) 
thrown [s\src\hotspot\share\prims\jni.cpp, line 520]
Event: 1252.594 Thread 0x0000017b7f27ff40 Exception <a 'sun/nio/fs/WindowsException'{0x00000000d56735d8}> (0x00000000d56735d8) 
thrown [s\src\hotspot\share\prims\jni.cpp, line 520]
Event: 1252.594 Thread 0x0000017b7f27ff40 Exception <a 'sun/nio/fs/WindowsException'{0x00000000d5676cf0}> (0x00000000d5676cf0) 
thrown [s\src\hotspot\share\prims\jni.cpp, line 520]
Event: 1252.595 Thread 0x0000017b7f27ff40 Exception <a 'sun/nio/fs/WindowsException'{0x00000000d567a030}> (0x00000000d567a030) 
thrown [s\src\hotspot\share\prims\jni.cpp, line 520]
Event: 1252.595 Thread 0x0000017b7f27ff40 Exception <a 'sun/nio/fs/WindowsException'{0x00000000d567d7a8}> (0x00000000d567d7a8) 
thrown [s\src\hotspot\share\prims\jni.cpp, line 520]
Event: 1252.596 Thread 0x0000017b7f27ff40 Exception <a 'sun/nio/fs/WindowsException'{0x00000000d5681220}> (0x00000000d5681220) 
thrown [s\src\hotspot\share\prims\jni.cpp, line 520]
Event: 1252.596 Thread 0x0000017b7f27ff40 Exception <a 'sun/nio/fs/WindowsException'{0x00000000d5684610}> (0x00000000d5684610) 
thrown [s\src\hotspot\share\prims\jni.cpp, line 520]
Event: 1252.596 Thread 0x0000017b7f27ff40 Exception <a 'sun/nio/fs/WindowsException'{0x00000000d5687a90}> (0x00000000d5687a90) 
thrown [s\src\hotspot\share\prims\jni.cpp, line 520]
Event: 1252.597 Thread 0x0000017b7f27ff40 Exception <a 'sun/nio/fs/WindowsException'{0x00000000d568af30}> (0x00000000d568af30) 
thrown [s\src\hotspot\share\prims\jni.cpp, line 520]
Event: 1252.597 Thread 0x0000017b7f27ff40 Exception <a 'sun/nio/fs/WindowsException'{0x00000000d568df48}> (0x00000000d568df48) 
thrown [s\src\hotspot\share\prims\jni.cpp, line 520]
Event: 1252.597 Thread 0x0000017b7f27ff40 Exception <a 'sun/nio/fs/WindowsException'{0x00000000d5691440}> (0x00000000d5691440) 
thrown [s\src\hotspot\share\prims\jni.cpp, line 520]
Event: 1252.599 Thread 0x0000017b7f27ff40 Exception <a 'sun/nio/fs/WindowsException'{0x00000000d569d5a8}> (0x00000000d569d5a8) 
thrown [s\src\hotspot\share\prims\jni.cpp, line 520]
Event: 1252.599 Thread 0x0000017b7f27ff40 Exception <a 'sun/nio/fs/WindowsException'{0x00000000d56a08c0}> (0x00000000d56a08c0) 
thrown [s\src\hotspot\share\prims\jni.cpp, line 520]
Event: 1254.204 Thread 0x0000017b71ff0900 Exception <a 'sun/net/ConnectionResetException'{0x00000000d56edc88}: Connection reset> (0x00000000d56edc88) 
thrown [s\src\hotspot\share\prims\jni.cpp, line 539]
Event: 1254.221 Thread 0x0000017b71ff0900 Exception <a 'java/io/IOException'{0x00000000d571c920}: Connection reset by peer> (0x00000000d571c920) 
thrown [s\src\hotspot\share\prims\jni.cpp, line 539]
Event: 1254.770 Thread 0x0000017b00a3ced0 Exception <a 'sun/net/ConnectionResetException'{0x00000000d5758278}: Connection reset> (0x00000000d5758278) 
thrown [s\src\hotspot\share\prims\jni.cpp, line 539]
Event: 1254.785 Thread 0x0000017b00a3ced0 Exception <a 'java/io/IOException'{0x00000000d5782b70}: Connection reset by peer> (0x00000000d5782b70) 
thrown [s\src\hotspot\share\prims\jni.cpp, line 539]
Event: 1289.861 Thread 0x0000017b7f565cc0 Exception <a 'java/lang/NoSuchMethodError'{0x00000000d55df2d0}: static Lorg/gradle/api/GradleException;.<clinit>()V> (0x00000000d55df2d0) 
thrown [s\src\hotspot\share\prims\jni.cpp, line 1111]
Event: 1290.006 Thread 0x0000017b7f565cc0 Exception <a 'java/lang/NoSuchMethodError'{0x00000000d5988018}: static Lorg/gradle/internal/exceptions/ContextAwareException;.<clinit>()V> (0x00000000d5988018) 
thrown [s\src\hotspot\share\prims\jni.cpp, line 1111]
Event: 1290.008 Thread 0x0000017b7f565cc0 Exception <a 'java/lang/NoSuchMethodError'{0x00000000d5586c40}: static Lorg/gradle/internal/exceptions/LocationAwareException;.<clinit>()V> (0x00000000d5586c40) 
thrown [s\src\hotspot\share\prims\jni.cpp, line 1111]

ZGC Phase Switch (0 events):
No events

VM Operations (20 events):
Event: 1297.813 Executing safepoint VM operation: ParallelGCFailedAllocation (Allocation Failure)
Event: 1297.821 Executing safepoint VM operation: ParallelGCFailedAllocation (Allocation Failure) done
Event: 1297.835 Executing safepoint VM operation: ParallelGCFailedAllocation (Allocation Failure)
Event: 1297.839 Executing safepoint VM operation: ParallelGCFailedAllocation (Allocation Failure) done
Event: 1297.901 Executing safepoint VM operation: ParallelGCFailedAllocation (Allocation Failure)
Event: 1297.906 Executing safepoint VM operation: ParallelGCFailedAllocation (Allocation Failure) done
Event: 1298.016 Executing safepoint VM operation: ParallelGCFailedAllocation (Allocation Failure)
Event: 1298.022 Executing safepoint VM operation: ParallelGCFailedAllocation (Allocation Failure) done
Event: 1300.026 Executing safepoint VM operation: Cleanup
Event: 1300.027 Executing safepoint VM operation: Cleanup done
Event: 1300.422 Executing safepoint VM operation: ParallelGCFailedAllocation (Allocation Failure)
Event: 1300.439 Executing safepoint VM operation: ParallelGCFailedAllocation (Allocation Failure) done
Event: 1300.458 Executing safepoint VM operation: ParallelGCFailedAllocation (Allocation Failure)
Event: 1300.463 Executing safepoint VM operation: ParallelGCFailedAllocation (Allocation Failure) done
Event: 1300.688 Executing safepoint VM operation: ParallelGCFailedAllocation (Allocation Failure)
Event: 1300.695 Executing safepoint VM operation: ParallelGCFailedAllocation (Allocation Failure) done
Event: 1301.409 Executing safepoint VM operation: ParallelGCFailedAllocation (Allocation Failure)
Event: 1301.414 Executing safepoint VM operation: ParallelGCFailedAllocation (Allocation Failure) done
Event: 1301.524 Executing safepoint VM operation: ParallelGCFailedAllocation (Allocation Failure)
Event: 1301.529 Executing safepoint VM operation: ParallelGCFailedAllocation (Allocation Failure) done

Memory protections (0 events):
No events

Nmethod flushes (20 events):
Event: 30.409 Thread 0x0000017b11c6e6e0 flushing  nmethod 0x0000017b15726610
Event: 30.409 Thread 0x0000017b11c6e6e0 flushing  nmethod 0x0000017b15726a90
Event: 30.409 Thread 0x0000017b11c6e6e0 flushing  nmethod 0x0000017b15727f10
Event: 30.409 Thread 0x0000017b11c6e6e0 flushing  nmethod 0x0000017b15729710
Event: 30.409 Thread 0x0000017b11c6e6e0 flushing  nmethod 0x0000017b1572dc90
Event: 30.409 Thread 0x0000017b11c6e6e0 flushing  nmethod 0x0000017b15737790
Event: 30.409 Thread 0x0000017b11c6e6e0 flushing  nmethod 0x0000017b1573a990
Event: 30.409 Thread 0x0000017b11c6e6e0 flushing  nmethod 0x0000017b1573b390
Event: 30.409 Thread 0x0000017b11c6e6e0 flushing  nmethod 0x0000017b1573b810
Event: 30.409 Thread 0x0000017b11c6e6e0 flushing  nmethod 0x0000017b1573cd90
Event: 30.409 Thread 0x0000017b11c6e6e0 flushing  nmethod 0x0000017b1573de10
Event: 30.409 Thread 0x0000017b11c6e6e0 flushing  nmethod 0x0000017b1573e710
Event: 30.409 Thread 0x0000017b11c6e6e0 flushing  nmethod 0x0000017b1573f390
Event: 30.409 Thread 0x0000017b11c6e6e0 flushing  nmethod 0x0000017b1576ff10
Event: 30.409 Thread 0x0000017b11c6e6e0 flushing  nmethod 0x0000017b1577f610
Event: 30.409 Thread 0x0000017b11c6e6e0 flushing  nmethod 0x0000017b157c2110
Event: 30.409 Thread 0x0000017b11c6e6e0 flushing  nmethod 0x0000017b157c5910
Event: 30.409 Thread 0x0000017b11c6e6e0 flushing  nmethod 0x0000017b15830d10
Event: 30.409 Thread 0x0000017b11c6e6e0 flushing osr nmethod 0x0000017b15839410
Event: 30.409 Thread 0x0000017b11c6e6e0 flushing  nmethod 0x0000017b15859b10

Events (20 events):
Event: 1299.915 Thread 0x0000017b08efe310 Thread added: 0x0000017b08efb520
Event: 1299.916 Thread 0x0000017b08efe310 Thread added: 0x0000017b08f01100
Event: 1299.921 Thread 0x0000017b08efb520 Thread exited: 0x0000017b08efb520
Event: 1299.994 Thread 0x0000017b08eff030 Thread exited: 0x0000017b08eff030
Event: 1299.995 Thread 0x0000017b08f00a70 Thread exited: 0x0000017b08f00a70
Event: 1300.096 Thread 0x0000017b08effd50 Thread exited: 0x0000017b08effd50
Event: 1300.097 Thread 0x0000017b08eff6c0 Thread exited: 0x0000017b08eff6c0
Event: 1300.114 Thread 0x0000017b7ea001c0 Thread exited: 0x0000017b7ea001c0
Event: 1300.127 Thread 0x0000017b08f01790 Thread exited: 0x0000017b08f01790
Event: 1300.127 Thread 0x0000017b08f02b40 Thread exited: 0x0000017b08f02b40
Event: 1300.135 Thread 0x0000017b7e9efb40 Thread exited: 0x0000017b7e9efb40
Event: 1300.441 Thread 0x0000017b08efcf60 Thread exited: 0x0000017b08efcf60
Event: 1300.442 Thread 0x0000017b08f052a0 Thread exited: 0x0000017b08f052a0
Event: 1300.451 Thread 0x0000017b7ea0ac60 Thread exited: 0x0000017b7ea0ac60
Event: 1300.555 Thread 0x0000017b08efd5f0 Thread exited: 0x0000017b08efd5f0
Event: 1300.557 Thread 0x0000017b08ef7380 Thread exited: 0x0000017b08ef7380
Event: 1300.803 Thread 0x0000017b7ea0d3c0 Thread added: 0x0000017b08ef7380
Event: 1301.288 Thread 0x0000017b08ef7380 Thread added: 0x0000017b08efcf60
Event: 1301.289 Thread 0x0000017b08ef7380 Thread added: 0x0000017b08f00a70
Event: 1301.295 Thread 0x0000017b08efcf60 Thread exited: 0x0000017b08efcf60


Dynamic libraries:
0x00007ff6b6000000 - 0x00007ff6b600e000 	c:\Users\Lenovo E14\.vscode\extensions\redhat.java-1.56.0-win32-x64\jre\21.0.12.1-win32-x86_64\bin\java.exe
0x00007ff9bbd10000 - 0x00007ff9bbf28000 	C:\Windows\SYSTEM32\ntdll.dll
0x00007ff9bab90000 - 0x00007ff9bac54000 	C:\Windows\System32\KERNEL32.DLL
0x00007ff9b90f0000 - 0x00007ff9b94c3000 	C:\Windows\System32\KERNELBASE.dll
0x00007ff9b9890000 - 0x00007ff9b99a1000 	C:\Windows\System32\ucrtbase.dll
0x00007ff9569c0000 - 0x00007ff9569d8000 	c:\Users\Lenovo E14\.vscode\extensions\redhat.java-1.56.0-win32-x64\jre\21.0.12.1-win32-x86_64\bin\jli.dll
0x00007ff9bb080000 - 0x00007ff9bb232000 	C:\Windows\System32\USER32.dll
0x00007ff9b97e0000 - 0x00007ff9b9806000 	C:\Windows\System32\win32u.dll
0x00007ff9bb050000 - 0x00007ff9bb079000 	C:\Windows\System32\GDI32.dll
0x00007ff9b96c0000 - 0x00007ff9b97db000 	C:\Windows\System32\gdi32full.dll
0x00007ff9b8e50000 - 0x00007ff9b8eea000 	C:\Windows\System32\msvcp_win.dll
0x00007ff9569a0000 - 0x00007ff9569be000 	c:\Users\Lenovo E14\.vscode\extensions\redhat.java-1.56.0-win32-x64\jre\21.0.12.1-win32-x86_64\bin\VCRUNTIME140.dll
0x00007ff9a7b50000 - 0x00007ff9a7dec000 	C:\Windows\WinSxS\amd64_microsoft.windows.common-controls_6595b64144ccf1df_6.0.22621.6060_none_2712eda17382d24b\COMCTL32.dll
0x00007ff9ba8e0000 - 0x00007ff9ba987000 	C:\Windows\System32\msvcrt.dll
0x00007ff9ba780000 - 0x00007ff9ba7b1000 	C:\Windows\System32\IMM32.DLL
0x00007ff9a8910000 - 0x00007ff9a891c000 	c:\Users\Lenovo E14\.vscode\extensions\redhat.java-1.56.0-win32-x64\jre\21.0.12.1-win32-x86_64\bin\vcruntime140_1.dll
0x00007ff9563f0000 - 0x00007ff95647d000 	c:\Users\Lenovo E14\.vscode\extensions\redhat.java-1.56.0-win32-x64\jre\21.0.12.1-win32-x86_64\bin\msvcp140.dll
0x00007ff90b7c0000 - 0x00007ff90c562000 	c:\Users\Lenovo E14\.vscode\extensions\redhat.java-1.56.0-win32-x64\jre\21.0.12.1-win32-x86_64\bin\server\jvm.dll
0x00007ff9baee0000 - 0x00007ff9baf91000 	C:\Windows\System32\ADVAPI32.dll
0x00007ff9bafa0000 - 0x00007ff9bb048000 	C:\Windows\System32\sechost.dll
0x00007ff9b8e20000 - 0x00007ff9b8e48000 	C:\Windows\System32\bcrypt.dll
0x00007ff9bbb90000 - 0x00007ff9bbca8000 	C:\Windows\System32\RPCRT4.dll
0x00007ff9ba4c0000 - 0x00007ff9ba531000 	C:\Windows\System32\WS2_32.dll
0x00007ff9b85a0000 - 0x00007ff9b85ed000 	C:\Windows\SYSTEM32\POWRPROF.dll
0x00007ff9b23f0000 - 0x00007ff9b2424000 	C:\Windows\SYSTEM32\WINMM.dll
0x00007ff9b2060000 - 0x00007ff9b206a000 	C:\Windows\SYSTEM32\VERSION.dll
0x00007ff9b8530000 - 0x00007ff9b8543000 	C:\Windows\SYSTEM32\UMPDC.dll
0x00007ff9b7e30000 - 0x00007ff9b7e48000 	C:\Windows\SYSTEM32\kernel.appcore.dll
0x00007ff97cd10000 - 0x00007ff97cd1a000 	c:\Users\Lenovo E14\.vscode\extensions\redhat.java-1.56.0-win32-x64\jre\21.0.12.1-win32-x86_64\bin\jimage.dll
0x00007ff9b67d0000 - 0x00007ff9b6a03000 	C:\Windows\SYSTEM32\DBGHELP.DLL
0x00007ff9b9fc0000 - 0x00007ff9ba351000 	C:\Windows\System32\combase.dll
0x00007ff9bac60000 - 0x00007ff9bad38000 	C:\Windows\System32\OLEAUT32.dll
0x00007ff9acea0000 - 0x00007ff9aced2000 	C:\Windows\SYSTEM32\dbgcore.DLL
0x00007ff9b94d0000 - 0x00007ff9b954b000 	C:\Windows\System32\bcryptPrimitives.dll
0x00007ff975da0000 - 0x00007ff975daf000 	c:\Users\Lenovo E14\.vscode\extensions\redhat.java-1.56.0-win32-x64\jre\21.0.12.1-win32-x86_64\bin\instrument.dll
0x00007ff956980000 - 0x00007ff9569a0000 	c:\Users\Lenovo E14\.vscode\extensions\redhat.java-1.56.0-win32-x64\jre\21.0.12.1-win32-x86_64\bin\java.dll
0x00007ff9bb260000 - 0x00007ff9bbafc000 	C:\Windows\System32\SHELL32.dll
0x00007ff9b8ef0000 - 0x00007ff9b902f000 	C:\Windows\System32\wintypes.dll
0x00007ff9b6cd0000 - 0x00007ff9b75ea000 	C:\Windows\SYSTEM32\windows.storage.dll
0x00007ff9ba7c0000 - 0x00007ff9ba8c4000 	C:\Windows\System32\SHCORE.dll
0x00007ff9b9a60000 - 0x00007ff9b9ac9000 	C:\Windows\System32\shlwapi.dll
0x00007ff9b8d50000 - 0x00007ff9b8d75000 	C:\Windows\SYSTEM32\profapi.dll
0x00007ff99cc60000 - 0x00007ff99cc78000 	c:\Users\Lenovo E14\.vscode\extensions\redhat.java-1.56.0-win32-x64\jre\21.0.12.1-win32-x86_64\bin\zip.dll
0x00007ff99bb40000 - 0x00007ff99bb50000 	C:\Users\Lenovo E14\.vscode\extensions\redhat.java-1.56.0-win32-x64\jre\21.0.12.1-win32-x86_64\bin\net.dll
0x00007ff9b55d0000 - 0x00007ff9b56fc000 	C:\Windows\SYSTEM32\WINHTTP.dll
0x00007ff9b82f0000 - 0x00007ff9b8359000 	C:\Windows\system32\mswsock.dll
0x00007ff99bb20000 - 0x00007ff99bb36000 	C:\Users\Lenovo E14\.vscode\extensions\redhat.java-1.56.0-win32-x64\jre\21.0.12.1-win32-x86_64\bin\nio.dll
0x00007ff956b40000 - 0x00007ff956b50000 	c:\Users\Lenovo E14\.vscode\extensions\redhat.java-1.56.0-win32-x64\jre\21.0.12.1-win32-x86_64\bin\verify.dll
0x00007ff973550000 - 0x00007ff973595000 	C:\Users\Lenovo E14\AppData\Roaming\Code\User\globalStorage\redhat.java\1.56.0\config_win\org.eclipse.equinox.launcher\org.eclipse.equinox.launcher.win32.win32.x86_64_1.3.100.v20260804-1928\eclipse_11924.dll
0x00007ff9ba990000 - 0x00007ff9bab31000 	C:\Windows\System32\ole32.dll
0x00007ff9b86c0000 - 0x00007ff9b86db000 	C:\Windows\SYSTEM32\CRYPTSP.dll
0x00007ff9b7d20000 - 0x00007ff9b7d57000 	C:\Windows\system32\rsaenh.dll
0x00007ff9b8390000 - 0x00007ff9b83b8000 	C:\Windows\SYSTEM32\USERENV.dll
0x00007ff9b86a0000 - 0x00007ff9b86ac000 	C:\Windows\SYSTEM32\CRYPTBASE.dll
0x00007ff9b7890000 - 0x00007ff9b78bd000 	C:\Windows\SYSTEM32\IPHLPAPI.DLL
0x00007ff9ba8d0000 - 0x00007ff9ba8d9000 	C:\Windows\System32\NSI.dll
0x00007ff9760c0000 - 0x00007ff976109000 	C:\Users\Lenovo E14\AppData\Local\Temp\jna-1726609627\jna9832847073121969918.dll
0x00007ff9bb240000 - 0x00007ff9bb248000 	C:\Windows\System32\PSAPI.DLL
0x00007ff9b2040000 - 0x00007ff9b2059000 	C:\Windows\SYSTEM32\dhcpcsvc6.DLL
0x00007ff9b2000000 - 0x00007ff9b201f000 	C:\Windows\SYSTEM32\dhcpcsvc.DLL
0x00007ff9b25a0000 - 0x00007ff9b25ae000 	C:\Users\Lenovo E14\.vscode\extensions\redhat.java-1.56.0-win32-x64\jre\21.0.12.1-win32-x86_64\bin\sunmscapi.dll
0x00007ff9b9550000 - 0x00007ff9b96b8000 	C:\Windows\System32\CRYPT32.dll
0x00007ff9b87e0000 - 0x00007ff9b880e000 	C:\Windows\SYSTEM32\ncrypt.dll
0x00007ff9b87a0000 - 0x00007ff9b87d7000 	C:\Windows\SYSTEM32\NTASN1.dll
0x00007ff9b78c0000 - 0x00007ff9b79b8000 	C:\Windows\SYSTEM32\DNSAPI.dll
0x00007ff9b1ce0000 - 0x00007ff9b1cea000 	C:\Windows\System32\rasadhlp.dll
0x00007ff9b1530000 - 0x00007ff9b15b4000 	C:\Windows\System32\fwpuclnt.dll
0x00007ff9b2590000 - 0x00007ff9b2599000 	C:\Users\Lenovo E14\.vscode\extensions\redhat.java-1.56.0-win32-x64\jre\21.0.12.1-win32-x86_64\bin\extnet.dll
0x00007ff99df10000 - 0x00007ff99df37000 	C:\Users\Lenovo E14\.gradle\native\1def1411415f61bf3af743bc5b6707747c0891f09f0c88961ee8f79bc544acac\windows-amd64\native-platform.dll
0x00007ff9b25b0000 - 0x00007ff9b25ba000 	C:\Users\Lenovo E14\.vscode\extensions\redhat.java-1.56.0-win32-x64\jre\21.0.12.1-win32-x86_64\bin\management.dll
0x00007ff9b10e0000 - 0x00007ff9b10ec000 	C:\Users\Lenovo E14\.vscode\extensions\redhat.java-1.56.0-win32-x64\jre\21.0.12.1-win32-x86_64\bin\management_ext.dll
0x00007ff9b13f0000 - 0x00007ff9b1487000 	C:\Windows\system32\apphelp.dll
0x00007ff97e570000 - 0x00007ff97e578000 	C:\Windows\system32\wshunix.dll

JVMTI agents:
c:\Users\Lenovo E14\.vscode\extensions\redhat.java-1.56.0-win32-x64\lombok\lombok-1.18.39-4050.jar path:c:\Users\Lenovo E14\.vscode\extensions\redhat.java-1.56.0-win32-x64\jre\21.0.12.1-win32-x86_64\bin\instrument.dll, loaded, initialized, instrumentlib options:none

dbghelp: loaded successfully - version: 4.0.5 - missing functions: none
symbol engine: initialized successfully - sym options: 0x614 - pdb path: .;c:\Users\Lenovo E14\.vscode\extensions\redhat.java-1.56.0-win32-x64\jre\21.0.12.1-win32-x86_64\bin;C:\Windows\SYSTEM32;C:\Windows\WinSxS\amd64_microsoft.windows.common-controls_6595b64144ccf1df_6.0.22621.6060_none_2712eda17382d24b;c:\Users\Lenovo E14\.vscode\extensions\redhat.java-1.56.0-win32-x64\jre\21.0.12.1-win32-x86_64\bin\server;C:\Users\Lenovo E14\AppData\Roaming\Code\User\globalStorage\redhat.java\1.56.0\config_win\org.eclipse.equinox.launcher\org.eclipse.equinox.launcher.win32.win32.x86_64_1.3.100.v20260804-1928;C:\Users\Lenovo E14\AppData\Local\Temp\jna-1726609627;C:\Users\Lenovo E14\.gradle\native\1def1411415f61bf3af743bc5b6707747c0891f09f0c88961ee8f79bc544acac\windows-amd64

VM Arguments:
jvm_args: --add-modules=ALL-SYSTEM --add-opens=java.base/java.util=ALL-UNNAMED --add-opens=java.base/java.lang=ALL-UNNAMED --add-opens=java.base/sun.nio.fs=ALL-UNNAMED -Declipse.application=org.eclipse.jdt.ls.core.id1 -Dosgi.bundles.defaultStartLevel=4 -Declipse.product=org.eclipse.jdt.ls.core.product -Djava.import.generatesMetadataFilesAtProjectRoot=false -Dm2e.project.cache.size=50 -DDetectVMInstallationsJob.disabled=true -Dfile.encoding=utf8 -XX:+UseParallelGC -XX:GCTimeRatio=4 -XX:AdaptiveSizePolicyWeight=90 -Dsun.zip.disableMemoryMapping=true -Xmx2G -Xms100m -Xlog:disable -javaagent:c:\Users\Lenovo E14\.vscode\extensions\redhat.java-1.56.0-win32-x64\lombok\lombok-1.18.39-4050.jar -XX:+HeapDumpOnOutOfMemoryError -XX:HeapDumpPath=c:\Users\Lenovo E14\AppData\Roaming\Code\User\workspaceStorage\ec339f7af8d5643ab16b547cea2a7f8c\redhat.java -Daether.dependencyCollector.impl=bf 
java_command: c:\Users\Lenovo E14\.vscode\extensions\redhat.java-1.56.0-win32-x64\server\plugins\org.eclipse.equinox.launcher_1.8.0.v20260804-1928.jar -configuration c:\Users\Lenovo E14\AppData\Roaming\Code\User\globalStorage\redhat.java\1.56.0\config_win -data c:\Users\Lenovo E14\AppData\Roaming\Code\User\workspaceStorage\ec339f7af8d5643ab16b547cea2a7f8c\redhat.java\jdt_ws --stdio
java_class_path (initial): c:\Users\Lenovo E14\.vscode\extensions\redhat.java-1.56.0-win32-x64\server\plugins\org.eclipse.equinox.launcher_1.8.0.v20260804-1928.jar
Launcher Type: SUN_STANDARD

[Global flags]
    uintx AdaptiveSizePolicyWeight                 = 90                                        {product} {command line}
     intx CICompilerCount                          = 4                                         {product} {ergonomic}
    uintx GCTimeRatio                              = 4                                         {product} {command line}
     bool HeapDumpOnOutOfMemoryError               = true                                   {manageable} {command line}
    ccstr HeapDumpPath                             = c:\Users\Lenovo E14\AppData\Roaming\Code\User\workspaceStorage\ec339f7af8d5643ab16b547cea2a7f8c\redhat.java         {manageable} {command line}
   size_t InitialHeapSize                          = 104857600                                 {product} {command line}
   size_t MaxHeapSize                              = 2147483648                                {product} {command line}
   size_t MaxNewSize                               = 715653120                                 {product} {ergonomic}
   size_t MinHeapDeltaBytes                        = 524288                                    {product} {ergonomic}
   size_t MinHeapSize                              = 104857600                                 {product} {command line}
   size_t NewSize                                  = 34603008                                  {product} {ergonomic}
    uintx NonNMethodCodeHeapSize                   = 5839372                                {pd product} {ergonomic}
    uintx NonProfiledCodeHeapSize                  = 122909434                              {pd product} {ergonomic}
   size_t OldSize                                  = 70254592                                  {product} {ergonomic}
    uintx ProfiledCodeHeapSize                     = 122909434                              {pd product} {ergonomic}
    uintx ReservedCodeCacheSize                    = 251658240                              {pd product} {ergonomic}
     bool SegmentedCodeCache                       = true                                      {product} {ergonomic}
   size_t SoftMaxHeapSize                          = 2147483648                             {manageable} {ergonomic}
     bool UseCompressedOops                        = true                           {product lp64_product} {ergonomic}
     bool UseLargePagesIndividualAllocation        = false                                  {pd product} {ergonomic}
     bool UseParallelGC                            = true                                      {product} {command line}

Logging:
Log output configuration:
 #0: stdout all=off uptime,level,tags foldmultilines=false
 #1: stderr all=off uptime,level,tags foldmultilines=false

Release file:
JAVA_VERSION="21.0.12.1" 
MODULES="java.base java.compiler java.datatransfer java.xml java.prefs java.desktop java.instrument java.logging java.management java.security.sasl java.naming java.rmi java.management.rmi java.net.http java.scripting java.security.jgss java.transaction.xa java.sql java.sql.rowset java.xml.crypto java.se java.smartcardio jdk.accessibility jdk.internal.jvmstat jdk.attach jdk.charsets jdk.internal.opt jdk.zipfs jdk.compiler jdk.crypto.ec jdk.crypto.cryptoki jdk.crypto.mscapi jdk.dynalink jdk.internal.ed jdk.editpad jdk.hotspot.agent jdk.httpserver jdk.internal.le jdk.internal.vm.ci jdk.internal.vm.compiler jdk.internal.vm.compiler.management jdk.jartool jdk.javadoc jdk.jcmd jdk.management jdk.management.agent jdk.jconsole jdk.jdeps jdk.jdwp.agent jdk.jdi jdk.jfr jdk.jshell jdk.jsobject jdk.jstatd jdk.localedata jdk.management.jfr jdk.naming.dns jdk.naming.rmi jdk.net jdk.nio.mapmode jdk.random jdk.sctp jdk.security.auth jdk.security.jgss jdk.unsupported jdk.unsupported.desktop jdk.xml.dom" 

Environment Variables:
PATH=C:\Program Files\Common Files\Oracle\Java\javapath;C:\Windows\system32;C:\Windows;C:\Windows\System32\Wbem;C:\Windows\System32\WindowsPowerShell\v1.0\;C:\Windows\System32\OpenSSH\;C:\Windows\Microsoft.NET\Framework64\v4.0.30319;C:\Program Files\MongoDB\mongosh-2.5.8-win32-x64\bin;C:\Program Files\MongoDB\mongodb-database-tools-windows-x86_64-100.13.0\bin;C:\Program Files\MongoDB\Server\8.2\bin;C:\Program Files\MongoDB\Connector for BI\2.14\bin;C:\Program Files\MongoDB\ODBC\1.4\bin;C:\Program Files\nodejs\;C:\Program Files\Git\cmd;C:\Program Files\MySQL\MySQL Shell 8.0\bin;C:\Program Files\MySQL\MySQL Server 8.0\bin;C:\Program Files\MySQL\MySQL Router 8.0\bin;C:\Program Files\dotnet\;C:\flutter\bin;C:\Android\cmdline-tools\latest\bin;C:\Android\platform-tools;C:\Android\platforms;C:\Android\emulator;C:\Program Files\MySQL\MySQL Shell 8.0\bin\;C:\Users\Lenovo E14\AppData\Local\Programs\Python\Python314\Scripts\;C:\Users\Lenovo E14\AppData\Local\Programs\Python\Python314\;C:\Users\Lenovo E14\AppData\Local\Microsoft\WindowsApps;C:\Users\Lenovo E14\AppData\Local\Programs\Microsoft VS Code\bin;C:\Users\Lenovo E14\AppData\Roaming\npm
USERNAME=Lenovo E14
OS=Windows_NT
PROCESSOR_IDENTIFIER=Intel64 Family 6 Model 140 Stepping 1, GenuineIntel
TMP=C:\Users\LENOVO~1\AppData\Local\Temp
TEMP=C:\Users\LENOVO~1\AppData\Local\Temp




Periodic native trim disabled

---------------  S Y S T E M  ---------------

OS:
 Windows 11 , 64 bit Build 22621 (10.0.22621.5415)
OS uptime: 0 days 0:26 hours
Hyper-V role detected

CPU: total 8 (initial active 8) (4 cores per cpu, 2 threads per core) family 6 model 140 stepping 1 microcode 0x86, cx8, cmov, fxsr, ht, mmx, 3dnowpref, sse, sse2, sse3, ssse3, sse4.1, sse4.2, popcnt, lzcnt, tsc, tscinvbit, avx, avx2, aes, erms, clmul, bmi1, bmi2, adx, avx512f, avx512dq, avx512cd, avx512bw, avx512vl, sha, fma, vzeroupper, avx512_vpopcntdq, avx512_vpclmulqdq, avx512_vaes, avx512_vnni, clflush, clflushopt, clwb, avx512_vbmi2, avx512_vbmi, hv, rdtscp, rdpid, fsrm, gfni, avx512_bitalg, f16c, cet_ibt, cet_ss, avx512_ifma
Processor Information for the first 8 processors :
  Max Mhz: 2419, Current Mhz: 2419, Mhz Limit: 2419

Memory: 4k page, system-wide physical 16082M (362M free)
TotalPageFile size 65234M (AvailPageFile size 602M)
current process WorkingSet (physical memory assigned to process): 334M, peak: 591M
current process commit charge ("private bytes"): 694M, peak: 1898M

vm_info: OpenJDK 64-Bit Server VM (21.0.12.1+1-LTS) for windows-amd64 JRE (21.0.12.1+1-LTS), built on 2026-08-18T00:00:00Z by "admin" with MS VC++ 17.12 (VS2022)

END.
