version 2
JvmtiExport can_access_local_variables 0
JvmtiExport can_hotswap_or_post_breakpoint 0
JvmtiExport can_post_on_exceptions 0
# 380 ciObject found
instanceKlass sun/nio/ch/FileChannelImpl
ciInstanceKlass java/lang/Cloneable 1 0 7 100 1 100 1 1 1
instanceKlass org/gradle/launcher/daemon/registry/DaemonInfo$1
instanceKlass  @bci org/gradle/cache/internal/CrossProcessSynchronizingIndexedCache getIfPresent (Ljava/lang/Object;)Ljava/lang/Object; 6 <appendix> member <vmtarget> ; # org/gradle/cache/internal/CrossProcessSynchronizingIndexedCache$$Lambda+0x000001dec352f408
instanceKlass org/gradle/internal/vfs/impl/DefaultFileSystemAccess$1
instanceKlass org/gradle/internal/file/impl/DefaultFileMetadata
instanceKlass org/gradle/internal/file/FileMetadata
instanceKlass org/gradle/internal/nativeintegration/filesystem/services/NativePlatformBackedFileMetadataAccessor$1
instanceKlass net/rubygrapefruit/platform/internal/WindowsFileTime
instanceKlass net/rubygrapefruit/platform/internal/jni/WindowsFileFunctions
instanceKlass net/rubygrapefruit/platform/internal/WindowsFileStat
instanceKlass  @bci org/gradle/internal/vfs/impl/AbstractVirtualFileSystem storeWithAction (Ljava/lang/String;Lorg/gradle/internal/vfs/VirtualFileSystem$StoringAction;)Ljava/lang/Object; 12 <adapter> ; # java/lang/invoke/LambdaForm$MH+0x000001dec3530800
instanceKlass  @bci org/gradle/internal/vfs/impl/AbstractVirtualFileSystem storeWithAction (Ljava/lang/String;Lorg/gradle/internal/vfs/VirtualFileSystem$StoringAction;)Ljava/lang/Object; 12 <appendix> form vmentry <vmtarget> ; # java/lang/invoke/LambdaForm$DMH+0x000001dec3530400
instanceKlass  @bci org/gradle/internal/vfs/impl/AbstractVirtualFileSystem storeWithAction (Ljava/lang/String;Lorg/gradle/internal/vfs/VirtualFileSystem$StoringAction;)Ljava/lang/Object; 12 <appendix> member <vmtarget> ; # org/gradle/internal/vfs/impl/AbstractVirtualFileSystem$$Lambda+0x000001dec352d628
instanceKlass  @cpi org/gradle/internal/vfs/impl/AbstractVirtualFileSystem 282 form vmentry <vmtarget> ; # java/lang/invoke/LambdaForm$DMH+0x000001dec3530000
instanceKlass org/gradle/internal/vfs/impl/VersionHierarchy$1
instanceKlass  @bci org/gradle/internal/snapshot/PathUtil <clinit> ()V 46 <appendix> argL0 ; # org/gradle/internal/snapshot/PathUtil$$Lambda+0x000001dec352d110
instanceKlass  @bci org/gradle/internal/snapshot/PathUtil <clinit> ()V 38 <appendix> argL0 ; # org/gradle/internal/snapshot/PathUtil$$Lambda+0x000001dec352ce78
instanceKlass org/gradle/internal/snapshot/PathUtil
instanceKlass org/gradle/internal/snapshot/VfsRelativePath
instanceKlass  @bci org/gradle/internal/vfs/impl/DefaultFileSystemAccess snapshotAndReuse (Ljava/lang/String;Lorg/gradle/internal/snapshot/SnapshottingFilter;Lcom/google/common/collect/ImmutableMap;)Ljava/util/Optional; 9 <appendix> member <vmtarget> ; # org/gradle/internal/vfs/impl/DefaultFileSystemAccess$$Lambda+0x000001dec352c7e8
instanceKlass org/gradle/internal/vfs/VirtualFileSystem$VfsStorer
instanceKlass org/gradle/internal/vfs/VirtualFileSystem$StoringAction
instanceKlass  @bci org/gradle/internal/vfs/impl/DefaultFileSystemAccess snapshot (Ljava/lang/String;Lorg/gradle/internal/snapshot/SnapshottingFilter;)Ljava/util/Optional; 10 <appendix> argL0 ; # org/gradle/internal/vfs/impl/DefaultFileSystemAccess$$Lambda+0x000001dec352c1a8
instanceKlass org/gradle/internal/snapshot/SnapshottingFilter$1
instanceKlass  @bci org/gradle/internal/vfs/impl/DefaultFileSystemAccess lambda$readSnapshotFromLocation$10 (Ljava/lang/String;Ljava/util/function/Function;Ljava/util/function/Supplier;)Ljava/lang/Object; 9 <appendix> member <vmtarget> ; # org/gradle/internal/vfs/impl/DefaultFileSystemAccess$$Lambda+0x000001dec352bd38
instanceKlass  @bci org/gradle/internal/vfs/impl/DefaultFileSystemAccess readSnapshotFromLocation (Ljava/lang/String;Ljava/util/function/Function;Ljava/util/function/Supplier;)Ljava/lang/Object; 18 <appendix> member <vmtarget> ; # org/gradle/internal/vfs/impl/DefaultFileSystemAccess$$Lambda+0x000001dec352bb10
instanceKlass  @bci org/gradle/internal/snapshot/SnapshotHierarchy findSnapshot (Ljava/lang/String;)Ljava/util/Optional; 29 <appendix> member <vmtarget> ; # org/gradle/internal/snapshot/SnapshotHierarchy$$Lambda+0x000001dec352b8c8
instanceKlass  @bci org/gradle/internal/snapshot/SnapshotHierarchy findSnapshot (Ljava/lang/String;)Ljava/util/Optional; 14 <appendix> member <vmtarget> ; # org/gradle/internal/snapshot/SnapshotHierarchy$$Lambda+0x000001dec352b670
instanceKlass  @bci org/gradle/internal/vfs/impl/DefaultFileSystemAccess read (Ljava/lang/String;)Lorg/gradle/internal/snapshot/FileSystemLocationSnapshot; 9 <appendix> member <vmtarget> ; # org/gradle/internal/vfs/impl/DefaultFileSystemAccess$$Lambda+0x000001dec352b448
instanceKlass  @bci org/gradle/internal/vfs/impl/DefaultFileSystemAccess read (Ljava/lang/String;)Lorg/gradle/internal/snapshot/FileSystemLocationSnapshot; 2 <appendix> argL0 ; # org/gradle/internal/vfs/impl/DefaultFileSystemAccess$$Lambda+0x000001dec352b208
instanceKlass org/gradle/internal/snapshot/SnapshottingFilter
instanceKlass org/gradle/internal/fingerprint/impl/DefaultFileCollectionSnapshotter$SnapshottingVisitor
instanceKlass org/gradle/kotlin/dsl/provider/StandardKotlinScriptEvaluator$KotlinScriptCompilationAndInstrumentation$visitIdentityInputs$6
instanceKlass org/gradle/kotlin/dsl/provider/StandardKotlinScriptEvaluator$KotlinScriptCompilationAndInstrumentation$visitIdentityInputs$5
instanceKlass org/gradle/kotlin/dsl/provider/StandardKotlinScriptEvaluator$KotlinScriptCompilationAndInstrumentation$visitIdentityInputs$4
instanceKlass org/gradle/kotlin/dsl/provider/StandardKotlinScriptEvaluator$KotlinScriptCompilationAndInstrumentation$visitIdentityInputs$3
instanceKlass org/gradle/kotlin/dsl/provider/StandardKotlinScriptEvaluator$KotlinScriptCompilationAndInstrumentation$visitIdentityInputs$2
instanceKlass org/gradle/kotlin/dsl/provider/StandardKotlinScriptEvaluator$KotlinScriptCompilationAndInstrumentation$visitIdentityInputs$1
instanceKlass  @bci org/gradle/internal/scripts/BuildScriptCompilationAndInstrumentation visitIdentityInputs (Lorg/gradle/internal/execution/UnitOfWork$InputVisitor;)V 12 <appendix> member <vmtarget> ; # org/gradle/internal/scripts/BuildScriptCompilationAndInstrumentation$$Lambda+0x000001dec3529718
instanceKlass org/gradle/internal/execution/UnitOfWork$ValueSupplier
instanceKlass org/gradle/internal/execution/InputFingerprinter$Result
instanceKlass org/gradle/internal/execution/impl/DefaultInputFingerprinter$InputCollectingVisitor
instanceKlass  @bci org/gradle/internal/execution/steps/IdentifyStep createIdentityContextInternal (Lorg/gradle/internal/execution/UnitOfWork;Lorg/gradle/internal/execution/steps/ExecutionRequestContext;)Lorg/gradle/internal/execution/steps/IdentityContext; 24 <appendix> member <vmtarget> ; # org/gradle/internal/execution/steps/IdentifyStep$$Lambda+0x000001dec3527b90
instanceKlass org/gradle/internal/execution/steps/BuildOperationStep$1
instanceKlass org/gradle/internal/execution/steps/IdentifyStep$2
instanceKlass org/gradle/internal/execution/steps/IdentifyStep$Operation$Details
instanceKlass  @bci org/gradle/internal/execution/steps/IdentifyStep createIdentityContext (Lorg/gradle/internal/execution/UnitOfWork;Lorg/gradle/internal/execution/steps/ExecutionRequestContext;)Lorg/gradle/internal/execution/steps/IdentityContext; 9 <appendix> member <vmtarget> ; # org/gradle/internal/execution/steps/IdentifyStep$$Lambda+0x000001dec35272c8
instanceKlass  @bci org/gradle/internal/execution/WorkValidationContext$TypeOriginInspector <clinit> ()V 0 <appendix> argL0 ; # org/gradle/internal/execution/WorkValidationContext$TypeOriginInspector$$Lambda+0x000001dec35270a8
instanceKlass org/gradle/internal/execution/impl/DefaultWorkValidationContext
instanceKlass org/gradle/internal/execution/impl/DefaultExecutionEngine$1
instanceKlass org/gradle/kotlin/dsl/provider/StandardKotlinScriptEvaluator$KotlinScriptCompilationAndInstrumentation$Companion
instanceKlass org/gradle/internal/execution/UnitOfWork$WorkOutput
instanceKlass org/gradle/internal/instrumentation/reporting/listener/MethodInterceptionListener
instanceKlass org/gradle/internal/scripts/BuildScriptCompilationAndInstrumentation
instanceKlass org/gradle/internal/execution/ImmutableUnitOfWork
instanceKlass org/gradle/kotlin/dsl/support/ProjectExtensionsKt
instanceKlass org/gradle/cache/internal/DefaultGeneratedGradleJarCache$1
instanceKlass  @bci org/gradle/api/internal/runtimeshaded/RuntimeShadedJarFactory get (Lorg/gradle/api/internal/runtimeshaded/RuntimeShadedJarType;Ljava/util/Collection;)Ljava/io/File; 11 <appendix> member <vmtarget> ; # org/gradle/api/internal/runtimeshaded/RuntimeShadedJarFactory$$Lambda+0x000001dec34bd438
instanceKlass org/gradle/internal/classpath/DefaultClassPath$1
instanceKlass  @bci org/gradle/api/internal/DependencyClassPathProvider initGradleApi ()Lorg/gradle/internal/classpath/ClassPath; 108 <appendix> argL0 ; # org/gradle/api/internal/DependencyClassPathProvider$$Lambda+0x000001dec3524ec8
instanceKlass  @bci org/gradle/api/internal/artifacts/dependencies/DefaultFileCollectionDependency_Decorated $gradleInit ()V 1 <appendix> member <vmtarget> ; # org/gradle/api/internal/artifacts/dependencies/DefaultFileCollectionDependency_Decorated$$Lambda+0x000001dec3524ca0
instanceKlass org/gradle/api/internal/artifacts/CachingDependencyResolveContext
instanceKlass org/gradle/internal/component/local/model/OpaqueComponentIdentifier
instanceKlass org/gradle/api/artifacts/FileCollectionDependency
instanceKlass org/gradle/api/internal/artifacts/dependencies/SelfResolvingDependencyInternal
instanceKlass org/gradle/api/internal/file/FileCollectionInternal$1
instanceKlass org/gradle/api/file/FileVisitor
instanceKlass org/gradle/api/internal/file/FileCollectionInternal$Source
instanceKlass org/gradle/api/internal/file/AbstractFileCollection
instanceKlass org/gradle/api/internal/notations/DependencyClassPathNotationConverter$GeneratedFileCollection
instanceKlass org/gradle/kotlin/dsl/provider/KotlinScriptClassPathProvider$compilationClassPathOf$1
instanceKlass org/gradle/kotlin/dsl/execution/Interpreter$WhenMappings
instanceKlass kotlin/UnsafeLazyImpl
instanceKlass kotlin/LazyKt__LazyJVMKt$WhenMappings
instanceKlass kotlin/collections/AbstractList$Companion
instanceKlass kotlin/collections/AbstractCollection
instanceKlass kotlin/enums/EnumEntries
instanceKlass kotlin/jvm/internal/markers/KMappedMarker
instanceKlass kotlin/enums/EnumEntriesKt
instanceKlass org/gradle/kotlin/dsl/support/UnsafeLazyKt
instanceKlass org/gradle/kotlin/dsl/support/GradleExtensionsKt
instanceKlass org/gradle/kotlin/dsl/support/SettingsExtensionsKt
instanceKlass org/gradle/kotlin/dsl/execution/Interpreter$Host$WhenMappings
instanceKlass org/gradle/kotlin/dsl/execution/Interpreter$Host$DefaultImpls
instanceKlass org/gradle/kotlin/dsl/support/KotlinScriptHost
instanceKlass  @bci org/gradle/cache/internal/DefaultCrossBuildInMemoryCacheFactory$AbstractCrossBuildInMemoryCache getIfPresent (Ljava/lang/Object;)Ljava/lang/Object; 6 <appendix> member <vmtarget> ; # org/gradle/cache/internal/DefaultCrossBuildInMemoryCacheFactory$AbstractCrossBuildInMemoryCache$$Lambda+0x000001dec351e980
instanceKlass org/gradle/kotlin/dsl/execution/ProgramId
instanceKlass org/gradle/kotlin/dsl/execution/InterpreterKt
instanceKlass org/gradle/kotlin/dsl/execution/Interpreter$ProgramHost
instanceKlass org/gradle/kotlin/dsl/execution/ExecutableProgram$Host
instanceKlass org/gradle/kotlin/dsl/support/KotlinDslOptionsKt
instanceKlass org/gradle/kotlin/dsl/support/KotlinCompilerOptions
instanceKlass org/gradle/kotlin/dsl/support/KotlinCompilerOptionsKt
instanceKlass org/gradle/kotlin/dsl/provider/StandardKotlinScriptEvaluator$InterpreterHost
instanceKlass org/gradle/kotlin/dsl/execution/Interpreter$Host
instanceKlass org/gradle/kotlin/dsl/execution/Interpreter
instanceKlass org/gradle/kotlin/dsl/execution/EvalOptionKt
instanceKlass org/gradle/kotlin/dsl/provider/KotlinDslProviderModeKt
instanceKlass org/gradle/kotlin/dsl/provider/KotlinScriptPluginKt
instanceKlass org/gradle/configuration/BuildOperationScriptPlugin$OperationDetails
instanceKlass org/gradle/configuration/ApplyScriptPluginBuildOperationType$Details
instanceKlass org/gradle/configuration/BuildOperationScriptPlugin$1
instanceKlass org/gradle/internal/code/DefaultUserCodeApplicationContext$CurrentApplication
instanceKlass org/gradle/internal/code/UserCodeApplicationContext$Application
instanceKlass  @bci org/gradle/configuration/BuildOperationScriptPlugin apply (Ljava/lang/Object;)V 66 <appendix> member <vmtarget> ; # org/gradle/configuration/BuildOperationScriptPlugin$$Lambda+0x000001dec351aad0
instanceKlass org/gradle/internal/code/UserCodeApplicationId
instanceKlass org/gradle/internal/code/DefaultUserCodeSource
instanceKlass org/gradle/configuration/BuildOperationScriptPlugin$2
instanceKlass org/gradle/internal/code/UserCodeSource
instanceKlass org/gradle/configuration/ApplyScriptPluginBuildOperationType$Result
instanceKlass org/gradle/configuration/BuildOperationScriptPlugin
instanceKlass org/gradle/kotlin/dsl/provider/KotlinScriptPlugin
instanceKlass org/gradle/internal/declarativedsl/evaluator/runner/AnalysisStepContext
instanceKlass org/gradle/internal/declarativedsl/evaluator/runner/StepContext
instanceKlass org/gradle/internal/declarativedsl/parsing/DefaultLanguageTreeBuilder
instanceKlass org/gradle/internal/declarativedsl/parsing/LanguageTreeBuilder
instanceKlass org/gradle/internal/declarativedsl/evaluator/runner/AbstractAnalysisStepRunner
instanceKlass org/gradle/internal/declarativedsl/evaluator/conversion/AnalysisAndConversionStepRunner
instanceKlass org/gradle/internal/declarativedsl/evaluator/runner/InterpretationSequenceStepRunner
instanceKlass org/gradle/internal/declarativedsl/defaults/SoftwareTypeRegistryIntegrationKt$softwareTypeRegistryBasedModelDefaultsRegistrar$1
instanceKlass org/gradle/internal/declarativedsl/evaluator/defaults/ModelDefaultsDefinitionRegistrar
instanceKlass org/gradle/internal/declarativedsl/defaults/SoftwareTypeRegistryIntegrationKt
instanceKlass org/gradle/internal/declarativedsl/evaluator/defaults/ModelDefaultsDefinitionCollector
instanceKlass org/gradle/internal/declarativedsl/evaluator/defaults/ApplyModelDefaultsHandler$Companion$DO_NOTHING$1
instanceKlass org/gradle/internal/declarativedsl/evaluator/defaults/ApplyModelDefaultsHandler$Companion
instanceKlass org/gradle/internal/declarativedsl/evaluator/defaults/ApplyModelDefaultsHandler
instanceKlass org/gradle/internal/declarativedsl/evaluator/features/ResolutionResultHandler
instanceKlass kotlin/collections/MapsKt__MapWithDefaultKt
instanceKlass kotlin/collections/ArraysKt__ArraysJVMKt
instanceKlass org/gradle/internal/declarativedsl/common/UnsupportedSyntaxFeatureCheck$UnsupportedSyntaxFeature
instanceKlass org/gradle/internal/declarativedsl/common/UnsupportedSyntaxFeatureCheck
instanceKlass org/gradle/internal/declarativedsl/evaluator/checks/AccessOnCurrentReceiverCheck$AccessOnCurrentReceiverCheckFeature
instanceKlass org/gradle/internal/declarativedsl/evaluator/checks/AccessOnCurrentReceiverCheck
instanceKlass org/gradle/internal/declarativedsl/evaluator/checks/DocumentLowLevelResolutionCheck
instanceKlass kotlin/collections/CollectionsKt__CollectionsJVMKt
instanceKlass org/gradle/internal/declarativedsl/settings/SettingsBlocksCheck$SettingsBlockCheckFeature
instanceKlass org/gradle/declarative/dsl/evaluation/InterpretationStepFeature$DocumentChecks
instanceKlass org/gradle/declarative/dsl/evaluation/InterpretationStepFeature
instanceKlass org/gradle/internal/declarativedsl/settings/SettingsBlocksCheck
instanceKlass org/gradle/internal/declarativedsl/evaluator/checks/DocumentCheck
instanceKlass org/gradle/internal/declarativedsl/evaluator/features/InterpretationStepFeatureHandler
instanceKlass org/gradle/internal/declarativedsl/interpreter/DefaultDeclarativeKotlinScriptEvaluator
instanceKlass org/gradle/internal/declarativedsl/interpreter/DeclarativeKotlinScriptEvaluatorKt
instanceKlass kotlin/reflect/KProperty$Getter
instanceKlass kotlin/reflect/KProperty$Accessor
instanceKlass kotlin/reflect/KProperty0
instanceKlass kotlin/reflect/KProperty
instanceKlass org/gradle/internal/declarativedsl/interpreter/GradleProcessInterpretationSchemaBuilder
instanceKlass org/gradle/internal/declarativedsl/interpreter/StoringInterpretationSchemaBuilder
instanceKlass org/gradle/internal/declarativedsl/interpreter/MemoizedInterpretationSchemaBuilder
# instanceKlass java/lang/invoke/LambdaForm$MH+0x000001dec3511000
# instanceKlass java/lang/invoke/LambdaForm$MH+0x000001dec3510c00
# instanceKlass java/lang/invoke/LambdaForm$MH+0x000001dec3510800
# instanceKlass java/lang/invoke/LambdaForm$MH+0x000001dec3510400
instanceKlass org/gradle/kotlin/dsl/provider/StandardKotlinScriptEvaluator
# instanceKlass java/lang/invoke/LambdaForm$MH+0x000001dec3510000
# instanceKlass java/lang/invoke/LambdaForm$DMH+0x000001dec350fc00
# instanceKlass java/lang/invoke/LambdaForm$MH+0x000001dec350f800
# instanceKlass java/lang/invoke/LambdaForm$DMH+0x000001dec350f400
# instanceKlass java/lang/invoke/LambdaForm$MH+0x000001dec350f000
# instanceKlass java/lang/invoke/LambdaForm$MH+0x000001dec350ec00
# instanceKlass java/lang/invoke/LambdaForm$MH+0x000001dec350e800
# instanceKlass java/lang/invoke/LambdaForm$MH+0x000001dec350e400
# instanceKlass java/lang/invoke/LambdaForm$MH+0x000001dec350e000
# instanceKlass java/lang/invoke/LambdaForm$MH+0x000001dec350dc00
# instanceKlass java/lang/invoke/LambdaForm$MH+0x000001dec350d800
# instanceKlass java/lang/invoke/LambdaForm$MH+0x000001dec350d400
# instanceKlass java/lang/invoke/LambdaForm$MH+0x000001dec350d000
# instanceKlass java/lang/invoke/LambdaForm$MH+0x000001dec350cc00
# instanceKlass java/lang/invoke/LambdaForm$MH+0x000001dec350c800
# instanceKlass java/lang/invoke/LambdaForm$MH+0x000001dec350c400
# instanceKlass java/lang/invoke/LambdaForm$MH+0x000001dec350c000
# instanceKlass java/lang/invoke/LambdaForm$MH+0x000001dec350bc00
# instanceKlass java/lang/invoke/LambdaForm$MH+0x000001dec350b800
# instanceKlass java/lang/invoke/LambdaForm$MH+0x000001dec350b400
# instanceKlass java/lang/invoke/LambdaForm$MH+0x000001dec350b000
# instanceKlass java/lang/invoke/LambdaForm$MH+0x000001dec350ac00
# instanceKlass java/lang/invoke/LambdaForm$MH+0x000001dec350a800
# instanceKlass java/lang/invoke/LambdaForm$MH+0x000001dec350a400
# instanceKlass java/lang/invoke/LambdaForm$MH+0x000001dec350a000
# instanceKlass java/lang/invoke/LambdaForm$MH+0x000001dec3509c00
# instanceKlass java/lang/invoke/LambdaForm$MH+0x000001dec3509800
# instanceKlass java/lang/invoke/LambdaForm$MH+0x000001dec3509400
# instanceKlass java/lang/invoke/LambdaForm$MH+0x000001dec3509000
# instanceKlass java/lang/invoke/LambdaForm$MH+0x000001dec3508c00
# instanceKlass java/lang/invoke/LambdaForm$BMH+0x000001dec3508800
# instanceKlass java/lang/invoke/LambdaForm$DMH+0x000001dec3508400
instanceKlass org/gradle/kotlin/dsl/cache/KotlinDslWorkspaceProvider$subWorkspace$1
instanceKlass org/gradle/kotlin/dsl/normalization/CompileAvoidanceExceptionReporter
instanceKlass org/gradle/kotlin/dsl/normalization/KotlinCompileClasspathFingerprinterKt$sam$org_gradle_internal_tools_api_ApiMemberWriterAdapter$0
instanceKlass kotlin/jvm/internal/CallableReference$NoReceiver
instanceKlass kotlin/reflect/KDeclarationContainer
instanceKlass kotlin/jvm/internal/CallableReference
instanceKlass kotlin/reflect/KFunction
instanceKlass kotlin/reflect/KCallable
instanceKlass kotlin/reflect/KAnnotatedElement
instanceKlass org/gradle/kotlin/dsl/normalization/KotlinApiMemberWriter$Companion
# instanceKlass java/lang/invoke/LambdaForm$MH+0x000001dec3508000
# instanceKlass java/lang/invoke/LambdaForm$MH+0x000001dec3503c00
# instanceKlass java/lang/invoke/LambdaForm$MH+0x000001dec3503800
# instanceKlass java/lang/invoke/LambdaForm$MH+0x000001dec3503400
# instanceKlass java/lang/invoke/LambdaForm$MH+0x000001dec3503000
# instanceKlass java/lang/invoke/LambdaForm$MH+0x000001dec3502c00
# instanceKlass java/lang/invoke/LambdaForm$MH+0x000001dec3502800
instanceKlass org/gradle/groovy/scripts/internal/DefaultScriptSourceHasher
instanceKlass org/gradle/kotlin/dsl/provider/plugins/DefaultKotlinScriptBasePluginsApplicator
# instanceKlass java/lang/invoke/LambdaForm$MH+0x000001dec3502400
# instanceKlass java/lang/invoke/LambdaForm$MH+0x000001dec3502000
# instanceKlass java/lang/invoke/LambdaForm$MH+0x000001dec3501c00
instanceKlass org/gradle/kotlin/dsl/provider/KotlinScriptClassloadingCache$cache$1
instanceKlass org/gradle/kotlin/dsl/provider/ClassLoaderClassPathCache
instanceKlass kotlin/UNINITIALIZED_VALUE
instanceKlass kotlin/SynchronizedLazyImpl
instanceKlass kotlin/Lazy
instanceKlass kotlin/LazyKt__LazyJVMKt
instanceKlass org/gradle/kotlin/dsl/provider/KotlinScriptClassPathProviderKt
# instanceKlass java/lang/invoke/LambdaForm$MH+0x000001dec3501800
# instanceKlass java/lang/invoke/LambdaForm$MH+0x000001dec3501400
# instanceKlass java/lang/invoke/LambdaForm$MH+0x000001dec3501000
# instanceKlass java/lang/invoke/LambdaForm$MH+0x000001dec3500c00
# instanceKlass java/lang/invoke/LambdaForm$MH+0x000001dec3500800
# instanceKlass java/lang/invoke/LambdaForm$MH+0x000001dec3500400
# instanceKlass java/lang/invoke/LambdaForm$MH+0x000001dec3500000
instanceKlass org/gradle/api/artifacts/ClientModule
instanceKlass org/gradle/api/internal/notations/ClientModuleNotationParserFactory
instanceKlass org/gradle/internal/typeconversion/TypeFilteringNotationConverter
instanceKlass org/gradle/internal/typeconversion/CharSequenceNotationConverter
instanceKlass org/gradle/api/internal/file/collections/MinimalFileSet
instanceKlass org/gradle/api/internal/notations/DependencyClassPathNotationConverter
instanceKlass org/gradle/api/internal/notations/DependencyProjectNotationConverter
instanceKlass org/gradle/api/internal/notations/DependencyFilesNotationConverter
instanceKlass org/gradle/api/internal/artifacts/dependencies/MinimalExternalModuleDependencyInternal
instanceKlass org/gradle/api/artifacts/MinimalExternalModuleDependency
instanceKlass org/gradle/api/internal/notations/DependencyNotationParser$MinimalExternalDependencyNotationConverter
instanceKlass org/gradle/api/internal/catalog/parser/StrictVersionParser
instanceKlass org/gradle/api/internal/artifacts/dependencies/AbstractDependency
instanceKlass org/gradle/api/internal/artifacts/ResolvableDependency
instanceKlass org/gradle/api/internal/notations/DependencyStringNotationConverter
instanceKlass org/gradle/api/internal/notations/DependencyNotationParser
instanceKlass org/gradle/api/internal/artifacts/DefaultDependencyFactory
instanceKlass org/gradle/api/internal/notations/ProjectDependencyFactory
# instanceKlass java/lang/invoke/LambdaForm$MH+0x000001dec34bbc00
# instanceKlass java/lang/invoke/LambdaForm$MH+0x000001dec34bb800
# instanceKlass java/lang/invoke/LambdaForm$MH+0x000001dec34bb400
# instanceKlass java/lang/invoke/LambdaForm$MH+0x000001dec34bb000
# instanceKlass java/lang/invoke/LambdaForm$MH+0x000001dec34bac00
# instanceKlass java/lang/invoke/LambdaForm$MH+0x000001dec34ba800
# instanceKlass java/lang/invoke/LambdaForm$MH+0x000001dec34ba400
# instanceKlass java/lang/invoke/LambdaForm$MH+0x000001dec34ba000
# instanceKlass java/lang/invoke/LambdaForm$MH+0x000001dec34b9c00
# instanceKlass java/lang/invoke/LambdaForm$MH+0x000001dec34b9800
# instanceKlass java/lang/invoke/LambdaForm$MH+0x000001dec34b9400
# instanceKlass java/lang/invoke/LambdaForm$MH+0x000001dec34b9000
# instanceKlass java/lang/invoke/LambdaForm$MH+0x000001dec34b8c00
# instanceKlass java/lang/invoke/LambdaForm$MH+0x000001dec34b8800
# instanceKlass java/lang/invoke/LambdaForm$MH+0x000001dec34b8400
# instanceKlass java/lang/invoke/LambdaForm$MH+0x000001dec34b8000
instanceKlass org/gradle/api/internal/DependencyClassPathProvider
instanceKlass org/gradle/internal/instantiation/generator/AsmBackedClassGenerator$NoOpBuilder
instanceKlass org/gradle/kotlin/dsl/provider/KotlinScriptPluginFactory
instanceKlass sun/nio/fs/WindowsPath$1
instanceKlass org/gradle/api/internal/cache/CacheDirUtil
instanceKlass  @bci org/gradle/api/internal/provider/AbstractProperty beforeRead (Lorg/gradle/internal/evaluation/EvaluationScopeContext;Lorg/gradle/internal/state/ModelObject;Lorg/gradle/api/internal/provider/ValueSupplier$ValueConsumer;)V 12 <appendix> member <vmtarget> ; # org/gradle/api/internal/provider/AbstractProperty$$Lambda+0x000001dec34b3650
instanceKlass org/gradle/cache/CleanupFrequency$3
instanceKlass org/gradle/cache/CleanupFrequency$2
instanceKlass org/gradle/cache/CleanupFrequency$1
instanceKlass org/gradle/api/internal/cache/DefaultCleanup
instanceKlass org/gradle/api/internal/cache/CleanupInternal
instanceKlass  @bci it/unimi/dsi/fastutil/objects/ReferenceArrayList <clinit> ()V 26 <appendix> argL0 ; # it/unimi/dsi/fastutil/objects/ReferenceArrayList$$Lambda+0x000001dec34b24f0
instanceKlass  @bci it/unimi/dsi/fastutil/objects/ReferenceArrayList <clinit> ()V 21 <appendix> argL0 ; # it/unimi/dsi/fastutil/objects/ReferenceArrayList$$Lambda+0x000001dec34b22c0
instanceKlass  @bci it/unimi/dsi/fastutil/objects/ReferenceArrayList <clinit> ()V 16 <appendix> argL0 ; # it/unimi/dsi/fastutil/objects/ReferenceArrayList$$Lambda+0x000001dec34b20a0
instanceKlass it/unimi/dsi/fastutil/objects/ObjectListIterator
instanceKlass it/unimi/dsi/fastutil/objects/ObjectBidirectionalIterator
instanceKlass it/unimi/dsi/fastutil/BidirectionalIterator
instanceKlass it/unimi/dsi/fastutil/Stack
instanceKlass it/unimi/dsi/fastutil/objects/ReferenceList
instanceKlass it/unimi/dsi/fastutil/HashCommon
instanceKlass  @bci it/unimi/dsi/fastutil/objects/ReferenceOpenHashSet <clinit> ()V 10 <appendix> argL0 ; # it/unimi/dsi/fastutil/objects/ReferenceOpenHashSet$$Lambda+0x000001dec34b0000
instanceKlass  @bci it/unimi/dsi/fastutil/objects/ReferenceOpenHashSet <clinit> ()V 5 <appendix> argL0 ; # it/unimi/dsi/fastutil/objects/ReferenceOpenHashSet$$Lambda+0x000001dec34afdc0
instanceKlass  @bci it/unimi/dsi/fastutil/objects/ReferenceOpenHashSet <clinit> ()V 0 <appendix> argL0 ; # it/unimi/dsi/fastutil/objects/ReferenceOpenHashSet$$Lambda+0x000001dec34afba0
instanceKlass it/unimi/dsi/fastutil/objects/ObjectSpliterator
instanceKlass it/unimi/dsi/fastutil/objects/ObjectIterator
instanceKlass it/unimi/dsi/fastutil/objects/ReferenceSet
instanceKlass it/unimi/dsi/fastutil/objects/ReferenceCollection
instanceKlass it/unimi/dsi/fastutil/objects/ObjectIterable
instanceKlass it/unimi/dsi/fastutil/Hash
instanceKlass  @bci org/gradle/internal/evaluation/EvaluationContext <init> ()V 6 <appendix> member <vmtarget> ; # org/gradle/internal/evaluation/EvaluationContext$$Lambda+0x000001dec34adbd0
instanceKlass org/gradle/internal/evaluation/EvaluationContext$PerThreadContext
instanceKlass org/gradle/internal/evaluation/EvaluationScopeContext
instanceKlass org/gradle/internal/evaluation/EvaluationContext
instanceKlass  @bci org/gradle/api/internal/cache/DefaultCacheConfigurations$ContextualErrorMessageProperty set (Lorg/gradle/api/provider/Provider;)V 3 <appendix> member <vmtarget> ; # org/gradle/api/internal/cache/DefaultCacheConfigurations$ContextualErrorMessageProperty$$Lambda+0x000001dec34ad348
instanceKlass  @bci org/gradle/api/internal/cache/DefaultCacheConfigurations$ContextualErrorMessageProperty value (Lorg/gradle/api/provider/Provider;)Lorg/gradle/api/internal/cache/DefaultCacheConfigurations$ContextualErrorMessageProperty; 3 <appendix> member <vmtarget> ; # org/gradle/api/internal/cache/DefaultCacheConfigurations$ContextualErrorMessageProperty$$Lambda+0x000001dec34ad120
instanceKlass org/gradle/internal/event/DefaultListenerManager$ExclusiveEventBroadcast$2
instanceKlass org/gradle/internal/event/BroadcastDispatch$ActionInvocationHandler
instanceKlass  @bci org/gradle/internal/operations/notify/BuildOperationNotificationBridge$2 beforeSettings (Lorg/gradle/api/initialization/Settings;)V 21 <appendix> member <vmtarget> ; # org/gradle/internal/operations/notify/BuildOperationNotificationBridge$2$$Lambda+0x000001dec34aca80
instanceKlass org/gradle/internal/extensibility/ExtensionsStorage$ExtensionHolder
instanceKlass org/gradle/api/plugins/ExtensionsSchema$ExtensionSchema
instanceKlass org/gradle/api/NamedDomainObjectCollectionSchema$NamedDomainObjectSchema
instanceKlass  @bci org/codehaus/groovy/runtime/memoize/StampedCommonCache clearAll ()Ljava/util/Map; 1 <appendix> argL0 ; # org/codehaus/groovy/runtime/memoize/StampedCommonCache$$Lambda+0x000001dec34a79f8
instanceKlass org/codehaus/groovy/runtime/memoize/EvictableCache$Action
instanceKlass java/util/WeakHashMap$HashIterator
instanceKlass  @bci java/util/stream/StreamSpliterators$WrappingSpliterator initPartialTraversalState ()V 37 <appendix> member <vmtarget> ; # java/util/stream/StreamSpliterators$WrappingSpliterator$$Lambda+0x000001dec34f6b48
instanceKlass java/util/function/BooleanSupplier
instanceKlass  @bci java/util/stream/StreamSpliterators$WrappingSpliterator initPartialTraversalState ()V 24 <appendix> member <vmtarget> ; # java/util/stream/StreamSpliterators$WrappingSpliterator$$Lambda+0x000001dec34f6698
instanceKlass jdk/internal/jrtfs/JrtDirectoryStream$1
instanceKlass  @bci jdk/internal/jrtfs/JrtFileSystem iteratorOf (Ljdk/internal/jrtfs/JrtPath;Ljava/nio/file/DirectoryStream$Filter;)Ljava/util/Iterator; 82 <appendix> member <vmtarget> ; # jdk/internal/jrtfs/JrtFileSystem$$Lambda+0x000001dec34f61d8
instanceKlass  @bci jdk/internal/jrtfs/JrtFileSystem iteratorOf (Ljdk/internal/jrtfs/JrtPath;Ljava/nio/file/DirectoryStream$Filter;)Ljava/util/Iterator; 71 <appendix> member <vmtarget> ; # jdk/internal/jrtfs/JrtFileSystem$$Lambda+0x000001dec34f5f90
instanceKlass jdk/internal/jrtfs/JrtDirectoryStream
instanceKlass jdk/internal/jrtfs/JrtFileAttributes
instanceKlass  @bci jdk/internal/jimage/ImageReader$SharedImageReader handleModulesSubTree (Ljava/lang/String;Ljdk/internal/jimage/ImageLocation;)Ljdk/internal/jimage/ImageReader$Node; 37 <appendix> member <vmtarget> ; # jdk/internal/jimage/ImageReader$SharedImageReader$$Lambda+0x000001dec34f54e0
instanceKlass jdk/internal/jimage/ImageReader$SharedImageReader$LocationVisitor
instanceKlass jdk/internal/jimage/ImageReader$Node
instanceKlass jdk/internal/jrtfs/SystemImage$2
instanceKlass java/lang/Class$Holder
instanceKlass  @bci jdk/internal/jrtfs/SystemImage <clinit> ()V 0 <appendix> argL0 ; # jdk/internal/jrtfs/SystemImage$$Lambda+0x000001dec34f4330
instanceKlass jdk/internal/jrtfs/SystemImage
instanceKlass jdk/internal/jrtfs/JrtPath
instanceKlass groovy/grape/GrapeIvy
instanceKlass groovy/grape/GrapeEngine
instanceKlass  @bci org/codehaus/groovy/vmplugin/v9/Java9 lambda$doFindClasses$3 (Ljava/util/List;Ljava/util/Map$Entry;)Ljava/util/Set; 25 <appendix> argL0 ; # org/codehaus/groovy/vmplugin/v9/Java9$$Lambda+0x000001dec34a6ff0
instanceKlass  @bci org/codehaus/groovy/vmplugin/v9/Java9 lambda$doFindClasses$3 (Ljava/util/List;Ljava/util/Map$Entry;)Ljava/util/Set; 15 <appendix> member <vmtarget> ; # org/codehaus/groovy/vmplugin/v9/Java9$$Lambda+0x000001dec34a6d98
instanceKlass  @bci org/codehaus/groovy/vmplugin/v9/Java9 lambda$doFindClasses$0 (Ljava/util/List;Ljava/util/Map$Entry;)Z 20 <appendix> member <vmtarget> ; # org/codehaus/groovy/vmplugin/v9/Java9$$Lambda+0x000001dec34a6b40
instanceKlass  @bci org/codehaus/groovy/vmplugin/v9/Java9 doFindClasses (Ljava/net/URI;Ljava/lang/String;Ljava/util/List;)Ljava/util/Map; 33 <appendix> member <vmtarget> ; # org/codehaus/groovy/vmplugin/v9/Java9$$Lambda+0x000001dec34a68f8
instanceKlass  @bci org/codehaus/groovy/vmplugin/v9/Java9 doFindClasses (Ljava/net/URI;Ljava/lang/String;Ljava/util/List;)Ljava/util/Map; 27 <appendix> argL0 ; # org/codehaus/groovy/vmplugin/v9/Java9$$Lambda+0x000001dec34a66b8
instanceKlass  @bci org/codehaus/groovy/vmplugin/v9/Java9 doFindClasses (Ljava/net/URI;Ljava/lang/String;Ljava/util/List;)Ljava/util/Map; 17 <appendix> member <vmtarget> ; # org/codehaus/groovy/vmplugin/v9/Java9$$Lambda+0x000001dec34a6460
instanceKlass  @bci jdk/nio/zipfs/ZipFileSystemProvider removeFileSystem (Ljava/nio/file/Path;Ljdk/nio/zipfs/ZipFileSystem;)V 17 <appendix> member <vmtarget> ; # jdk/nio/zipfs/ZipFileSystemProvider$$Lambda+0x000001dec34aa370
instanceKlass  @bci jdk/nio/zipfs/ZipFileSystem close ()V 97 <appendix> member <vmtarget> ; # jdk/nio/zipfs/ZipFileSystem$$Lambda+0x000001dec34aa148
instanceKlass  @bci org/codehaus/groovy/vmplugin/v9/ClassFinder$1 visitFile (Ljava/nio/file/Path;Ljava/nio/file/attribute/BasicFileAttributes;)Ljava/nio/file/FileVisitResult; 153 <appendix> argL0 ; # org/codehaus/groovy/vmplugin/v9/ClassFinder$1$$Lambda+0x000001dec34a6220
instanceKlass java/nio/file/Files$3
instanceKlass java/nio/file/FileTreeWalker$Event
instanceKlass jdk/nio/zipfs/ZipDirectoryStream$1
instanceKlass java/nio/file/FileTreeWalker$DirectoryNode
instanceKlass jdk/nio/zipfs/ZipDirectoryStream
instanceKlass jdk/nio/zipfs/ZipUtils
instanceKlass java/nio/file/FileTreeWalker
instanceKlass java/nio/file/SimpleFileVisitor
instanceKlass jdk/nio/zipfs/ZipFileSystem$END
instanceKlass jdk/nio/zipfs/ZipConstants
instanceKlass sun/nio/fs/WindowsChannelFactory$2
instanceKlass sun/nio/fs/WindowsSecurityDescriptor
instanceKlass java/nio/file/attribute/PosixFileAttributeView
instanceKlass jdk/nio/zipfs/ZipFileAttributeView
instanceKlass jdk/nio/zipfs/ZipPath
instanceKlass jdk/nio/zipfs/ZipCoder
instanceKlass sun/nio/fs/WindowsSecurity
instanceKlass sun/nio/fs/AbstractAclFileAttributeView
instanceKlass java/nio/file/attribute/AclFileAttributeView
instanceKlass java/nio/file/attribute/FileOwnerAttributeView
instanceKlass  @bci jdk/nio/zipfs/ZipFileSystem <init> (Ljdk/nio/zipfs/ZipFileSystemProvider;Ljava/nio/file/Path;Ljava/util/Map;)V 431 <appendix> member <vmtarget> ; # jdk/nio/zipfs/ZipFileSystem$$Lambda+0x000001dec34a8220
instanceKlass sun/nio/ch/FileChannelImpl$Closer
instanceKlass sun/nio/fs/WindowsChannelFactory$Flags
instanceKlass sun/nio/fs/WindowsChannelFactory$1
instanceKlass sun/nio/fs/WindowsChannelFactory
instanceKlass sun/nio/fs/WindowsFileSystemProvider$1
instanceKlass  @bci jdk/nio/zipfs/ZipFileSystem <clinit> ()V 0 <appendix> argL0 ; # jdk/nio/zipfs/ZipFileSystem$$Lambda+0x000001dec34a8000
instanceKlass java/nio/file/attribute/PosixFileAttributes
instanceKlass jdk/nio/zipfs/ZipFileAttributes
instanceKlass jdk/nio/zipfs/ZipFileSystem$IndexNode
instanceKlass sun/nio/fs/WindowsLinkSupport
instanceKlass  @bci sun/net/www/protocol/jrt/JavaRuntimeURLConnection <clinit> ()V 0 <appendix> argL0 ; # sun/net/www/protocol/jrt/JavaRuntimeURLConnection$$Lambda+0x000001dec34ee500
instanceKlass java/nio/channels/AsynchronousFileChannel
instanceKlass java/nio/channels/AsynchronousChannel
instanceKlass java/nio/file/FileStore
instanceKlass java/nio/file/spi/FileSystemProvider$1
instanceKlass sun/nio/fs/WindowsUriSupport
instanceKlass org/codehaus/groovy/vmplugin/v9/ClassFinder
instanceKlass org/apache/groovy/util/Maps
instanceKlass org/codehaus/groovy/GroovyExceptionInterface
instanceKlass groovy/lang/GroovyClassLoader$1
instanceKlass org/codehaus/groovy/runtime/memoize/CommonCache
instanceKlass java/util/concurrent/locks/StampedLock
instanceKlass org/codehaus/groovy/runtime/memoize/StampedCommonCache
instanceKlass org/codehaus/groovy/runtime/memoize/ValueConvertable
instanceKlass org/codehaus/groovy/control/CompilationUnit$IPrimaryClassNodeOperation
instanceKlass org/codehaus/groovy/control/CompilationUnit$PhaseOperation
instanceKlass org/codehaus/groovy/control/CompilationUnit$ClassgenCallback
instanceKlass org/codehaus/groovy/runtime/memoize/UnlimitedConcurrentCache
instanceKlass org/codehaus/groovy/runtime/memoize/EvictableCache
instanceKlass org/codehaus/groovy/ast/expr/MethodCall
instanceKlass org/codehaus/groovy/ast/stmt/LoopingStatement
instanceKlass org/codehaus/groovy/control/messages/Message
instanceKlass org/codehaus/groovy/ast/CodeVisitorSupport
instanceKlass org/codehaus/groovy/ast/GroovyCodeVisitor
instanceKlass org/codehaus/groovy/ast/GroovyClassVisitor
instanceKlass org/codehaus/groovy/transform/ErrorCollecting
instanceKlass org/codehaus/groovy/ast/expr/ExpressionTransformer
instanceKlass java/util/concurrent/locks/ReentrantReadWriteLock$WriteLock
instanceKlass java/util/concurrent/locks/ReentrantReadWriteLock$ReadLock
instanceKlass org/apache/groovy/plugin/GroovyRunnerRegistry
instanceKlass  @bci org/codehaus/groovy/runtime/metaclass/MetaClassRegistryImpl <init> (IZ)V 318 <appendix> member <vmtarget> ; # org/codehaus/groovy/runtime/metaclass/MetaClassRegistryImpl$$Lambda+0x000001dec3496020
instanceKlass  @bci groovy/lang/MetaClassImpl getPropName (Ljava/lang/String;)Ljava/lang/String; 5 <appendix> member <vmtarget> ; # groovy/lang/MetaClassImpl$$Lambda+0x000001dec3495b90
instanceKlass org/codehaus/groovy/runtime/GroovyCategorySupport
instanceKlass java/util/concurrent/locks/ReentrantReadWriteLock
instanceKlass java/util/concurrent/locks/ReadWriteLock
instanceKlass org/codehaus/groovy/util/ComplexKeyHashMap$1
instanceKlass  @bci org/codehaus/groovy/reflection/CachedClass$1 lambda$initValue$2 ()[Lorg/codehaus/groovy/reflection/CachedField; 33 <appendix> argL0 ; # org/codehaus/groovy/reflection/CachedClass$1$$Lambda+0x000001dec34952a0
instanceKlass  @bci org/codehaus/groovy/reflection/CachedClass$1 lambda$initValue$2 ()[Lorg/codehaus/groovy/reflection/CachedField; 23 <appendix> argL0 ; # org/codehaus/groovy/reflection/CachedClass$1$$Lambda+0x000001dec3495060
instanceKlass  @bci org/codehaus/groovy/reflection/CachedClass$1 lambda$initValue$2 ()[Lorg/codehaus/groovy/reflection/CachedField; 13 <appendix> argL0 ; # org/codehaus/groovy/reflection/CachedClass$1$$Lambda+0x000001dec3494e10
instanceKlass  @bci org/codehaus/groovy/reflection/CachedClass$1 initValue ()[Lorg/codehaus/groovy/reflection/CachedField; 1 <appendix> member <vmtarget> ; # org/codehaus/groovy/reflection/CachedClass$1$$Lambda+0x000001dec3494be8
instanceKlass java/beans/SimpleBeanInfo
instanceKlass java/beans/Transient
instanceKlass java/beans/BeanProperty
instanceKlass  @bci com/sun/beans/introspect/PropertyInfo get (Ljava/lang/Class;)Ljava/util/Map; 440 <appendix> argL0 ; # com/sun/beans/introspect/PropertyInfo$$Lambda+0x000001dec34e9c48
instanceKlass com/sun/beans/WildcardTypeImpl
instanceKlass com/sun/beans/introspect/PropertyInfo
instanceKlass  @bci com/sun/beans/introspect/EventSetInfo get (Ljava/lang/Class;)Ljava/util/Map; 314 <appendix> argL0 ; # com/sun/beans/introspect/EventSetInfo$$Lambda+0x000001dec34e9598
instanceKlass com/sun/beans/introspect/EventSetInfo
instanceKlass  @bci java/lang/reflect/Executable sharedToGenericString (IZ)Ljava/lang/String; 193 <appendix> argL0 ; # java/lang/reflect/Executable$$Lambda+0x000001dec34e8f50
instanceKlass com/sun/beans/WeakCache
instanceKlass com/sun/beans/TypeResolver
instanceKlass java/beans/MethodRef
instanceKlass com/sun/beans/introspect/MethodInfo$MethodOrder
instanceKlass  @bci java/util/ArrayDeque copyElements (Ljava/util/Collection;)V 2 <appendix> member <vmtarget> ; # java/util/ArrayDeque$$Lambda+0x000001dec34e8188
instanceKlass com/sun/beans/introspect/MethodInfo
instanceKlass com/sun/beans/util/Cache$Ref
instanceKlass com/sun/beans/util/Cache$CacheEntry
instanceKlass com/sun/beans/util/Cache
instanceKlass com/sun/beans/introspect/ClassInfo
instanceKlass javax/swing/SwingContainer
instanceKlass java/beans/JavaBean
instanceKlass com/sun/beans/finder/ClassFinder
instanceKlass com/sun/beans/finder/InstanceFinder
instanceKlass java/beans/WeakIdentityMap
instanceKlass java/beans/ThreadGroupContext
instanceKlass  @bci groovy/lang/MetaClassImpl addProperties ()V 27 <appendix> member <vmtarget> ; # groovy/lang/MetaClassImpl$$Lambda+0x000001dec34945d0
instanceKlass java/beans/BeanInfo
instanceKlass org/codehaus/groovy/reflection/CachedClass$CachedMethodComparatorWithString
instanceKlass org/codehaus/groovy/runtime/callsite/CallSiteArray
instanceKlass org/codehaus/groovy/util/AbstractConcurrentMapBase
instanceKlass  @bci org/codehaus/groovy/reflection/CachedClass$2 lambda$initValue$4 ()[Lorg/codehaus/groovy/reflection/CachedConstructor; 44 <appendix> argL0 ; # org/codehaus/groovy/reflection/CachedClass$2$$Lambda+0x000001dec3492d70
instanceKlass  @bci org/codehaus/groovy/reflection/CachedClass$2 lambda$initValue$4 ()[Lorg/codehaus/groovy/reflection/CachedConstructor; 34 <appendix> member <vmtarget> ; # org/codehaus/groovy/reflection/CachedClass$2$$Lambda+0x000001dec3492b28
instanceKlass  @bci org/codehaus/groovy/reflection/CachedClass$2 lambda$initValue$4 ()[Lorg/codehaus/groovy/reflection/CachedConstructor; 23 <appendix> argL0 ; # org/codehaus/groovy/reflection/CachedClass$2$$Lambda+0x000001dec34928d8
instanceKlass  @bci org/codehaus/groovy/reflection/CachedClass$2 lambda$initValue$4 ()[Lorg/codehaus/groovy/reflection/CachedConstructor; 13 <appendix> argL0 ; # org/codehaus/groovy/reflection/CachedClass$2$$Lambda+0x000001dec3492688
instanceKlass groovy/lang/ExpandoMetaClass$Callable
instanceKlass org/codehaus/groovy/runtime/MethodKey
instanceKlass groovy/lang/ClosureInvokingMethod
instanceKlass  @bci org/codehaus/groovy/reflection/CachedClass$2 initValue ()[Lorg/codehaus/groovy/reflection/CachedConstructor; 1 <appendix> member <vmtarget> ; # org/codehaus/groovy/reflection/CachedClass$2$$Lambda+0x000001dec3491380
instanceKlass org/codehaus/groovy/runtime/metaclass/MetaMethodIndex$EntryIterator
instanceKlass  @bci groovy/lang/MetaClassImpl <clinit> ()V 111 <appendix> argL0 ; # groovy/lang/MetaClassImpl$$Lambda+0x000001dec3490b48
instanceKlass  @bci groovy/lang/MetaClassImpl <clinit> ()V 103 <appendix> argL0 ; # groovy/lang/MetaClassImpl$$Lambda+0x000001dec3490928
instanceKlass  @bci groovy/lang/MetaClassImpl <clinit> ()V 55 <appendix> argL0 ; # groovy/lang/MetaClassImpl$$Lambda+0x000001dec34906e8
instanceKlass org/codehaus/groovy/runtime/GeneratedClosure
instanceKlass org/gradle/api/internal/provider/MapPropertyExtensions
instanceKlass org/w3c/dom/Document
instanceKlass org/w3c/dom/NamedNodeMap
instanceKlass org/w3c/dom/UserDataHandler
instanceKlass org/w3c/dom/Attr
instanceKlass org/w3c/dom/TypeInfo
instanceKlass org/w3c/dom/Element
instanceKlass org/w3c/dom/Node
instanceKlass org/w3c/dom/NodeList
instanceKlass org/apache/groovy/xml/extensions/XmlExtensions
instanceKlass java/sql/Statement
instanceKlass java/sql/SQLType
instanceKlass java/sql/SQLXML
instanceKlass java/sql/NClob
instanceKlass java/sql/Blob
instanceKlass java/sql/Clob
instanceKlass java/sql/RowId
instanceKlass java/sql/Array
instanceKlass java/sql/Ref
instanceKlass groovy/sql/GroovyResultSet
instanceKlass java/sql/ResultSet
instanceKlass java/sql/ResultSetMetaData
instanceKlass java/sql/Wrapper
instanceKlass org/apache/groovy/sql/extensions/SqlExtensions
instanceKlass java/nio/file/WatchKey
instanceKlass java/nio/file/WatchEvent$Modifier
instanceKlass java/nio/file/WatchEvent$Kind
instanceKlass java/nio/file/WatchService
instanceKlass org/apache/groovy/dateutil/extensions/DateUtilStaticExtensions
instanceKlass org/apache/groovy/dateutil/extensions/DateUtilExtensions
instanceKlass java/time/chrono/Era
instanceKlass java/time/format/DateTimeFormatter
instanceKlass java/time/temporal/TemporalQuery
instanceKlass java/time/MonthDay
instanceKlass java/time/Year
instanceKlass java/time/OffsetDateTime
instanceKlass java/time/Period
instanceKlass java/time/Instant
instanceKlass java/time/ZonedDateTime
instanceKlass java/time/chrono/ChronoZonedDateTime
instanceKlass java/time/OffsetTime
instanceKlass java/time/YearMonth
instanceKlass java/time/chrono/ChronoPeriod
instanceKlass org/apache/groovy/datetime/extensions/DateTimeStaticExtensions
instanceKlass org/apache/groovy/datetime/extensions/DateTimeExtensions
instanceKlass org/gradle/api/artifacts/DependencyArtifact
instanceKlass org/gradle/api/tasks/TaskDependency
instanceKlass org/gradle/api/artifacts/dsl/DependencyModifier
instanceKlass org/gradle/api/artifacts/DependencyConstraint
instanceKlass org/gradle/api/provider/ProviderConvertible
instanceKlass org/gradle/api/artifacts/ExternalModuleDependency
instanceKlass org/gradle/api/artifacts/ExternalDependency
instanceKlass org/gradle/api/artifacts/ModuleVersionSelector
instanceKlass org/gradle/api/artifacts/dsl/Dependencies
instanceKlass org/gradle/api/internal/artifacts/dsl/dependencies/DependenciesExtensionModule
instanceKlass  @bci org/codehaus/groovy/runtime/metaclass/MetaClassRegistryImpl$DefaultModuleListener onModule (Lorg/codehaus/groovy/runtime/m12n/ExtensionModule;)V 157 <appendix> argL0 ; # org/codehaus/groovy/runtime/metaclass/MetaClassRegistryImpl$DefaultModuleListener$$Lambda+0x000001dec3488aa8
instanceKlass org/codehaus/groovy/runtime/metaclass/MethodHelper
instanceKlass java/awt/LayoutManager
instanceKlass javax/swing/ButtonModel
instanceKlass javax/swing/AbstractButton$Handler
instanceKlass javax/swing/event/ChangeListener
instanceKlass javax/swing/Icon
instanceKlass javax/swing/ListSelectionModel
instanceKlass javax/swing/event/TableColumnModelListener
instanceKlass java/awt/event/ItemListener
instanceKlass javax/swing/MenuSelectionManager
instanceKlass javax/swing/event/TableModelListener
instanceKlass java/awt/peer/ComponentPeer
instanceKlass sun/awt/ComponentFactory
instanceKlass java/awt/BufferCapabilities
instanceKlass java/awt/ImageCapabilities
instanceKlass java/awt/image/ImageProducer
instanceKlass java/awt/image/ColorModel
instanceKlass java/awt/im/InputContext
instanceKlass java/awt/Toolkit
instanceKlass javax/accessibility/AccessibleStateSet
instanceKlass sun/awt/RequestFocusController
instanceKlass java/awt/im/InputMethodRequests
instanceKlass java/awt/event/InputMethodListener
instanceKlass java/awt/event/MouseWheelListener
instanceKlass java/awt/event/MouseMotionListener
instanceKlass java/awt/event/MouseListener
instanceKlass java/awt/event/KeyListener
instanceKlass java/awt/event/HierarchyBoundsListener
instanceKlass java/awt/event/HierarchyListener
instanceKlass java/awt/event/FocusListener
instanceKlass java/awt/image/BufferStrategy
instanceKlass java/awt/Cursor
instanceKlass java/awt/dnd/DropTarget
instanceKlass java/awt/dnd/DropTargetListener
instanceKlass sun/java2d/pipe/Region
instanceKlass java/awt/ComponentOrientation
instanceKlass java/awt/PointerInfo
instanceKlass java/awt/GraphicsConfiguration
instanceKlass java/awt/Event
instanceKlass java/awt/MenuComponent
instanceKlass java/awt/Image
instanceKlass java/awt/Insets
instanceKlass java/awt/FontMetrics
instanceKlass java/awt/Font
instanceKlass java/awt/Color
instanceKlass java/awt/Paint
instanceKlass java/awt/Transparency
instanceKlass javax/swing/plaf/ComponentUI
instanceKlass javax/swing/TransferHandler$DropLocation
instanceKlass javax/swing/InputVerifier
instanceKlass javax/swing/border/Border
instanceKlass javax/swing/event/AncestorListener
instanceKlass javax/swing/AncestorNotifier
instanceKlass java/beans/PropertyChangeListener
instanceKlass java/awt/event/ComponentListener
instanceKlass java/beans/VetoableChangeListener
instanceKlass javax/swing/ArrayTable
instanceKlass java/util/EventObject
instanceKlass javax/swing/ActionMap
instanceKlass javax/swing/InputMap
instanceKlass java/awt/AWTKeyStroke
instanceKlass java/awt/geom/Dimension2D
instanceKlass java/awt/geom/Point2D
instanceKlass java/awt/geom/RectangularShape
instanceKlass java/awt/Shape
instanceKlass java/awt/Graphics
instanceKlass javax/swing/TransferHandler
instanceKlass javax/accessibility/AccessibleContext
instanceKlass javax/swing/table/TableColumn
instanceKlass javax/swing/Action
instanceKlass javax/swing/table/AbstractTableModel
instanceKlass javax/swing/MutableComboBoxModel
instanceKlass javax/swing/ComboBoxModel
instanceKlass javax/swing/tree/DefaultMutableTreeNode
instanceKlass javax/swing/AbstractListModel
instanceKlass javax/swing/ButtonGroup
instanceKlass javax/swing/table/TableColumnModel
instanceKlass java/awt/event/ActionListener
instanceKlass javax/swing/event/ListDataListener
instanceKlass java/awt/ItemSelectable
instanceKlass javax/swing/MenuElement
instanceKlass javax/swing/table/TableModel
instanceKlass java/awt/Component
instanceKlass java/awt/MenuContainer
instanceKlass java/awt/image/ImageObserver
instanceKlass javax/swing/TransferHandler$HasGetTransferHandler
instanceKlass javax/swing/SwingConstants
instanceKlass javax/accessibility/Accessible
instanceKlass javax/swing/tree/TreePath
instanceKlass javax/swing/tree/MutableTreeNode
instanceKlass javax/swing/tree/TreeNode
instanceKlass javax/swing/ListModel
instanceKlass org/apache/groovy/swing/extensions/SwingExtensions
instanceKlass org/codehaus/groovy/runtime/m12n/ExtensionModule
instanceKlass org/codehaus/groovy/runtime/m12n/PropertiesModuleFactory
instanceKlass org/codehaus/groovy/util/URLStreams
instanceKlass org/codehaus/groovy/runtime/metaclass/MetaClassRegistryImpl$DefaultModuleListener
instanceKlass org/codehaus/groovy/runtime/m12n/ExtensionModuleScanner
instanceKlass java/util/ResourceBundle$CacheKey
instanceKlass org/codehaus/groovy/runtime/DefaultGroovyStaticMethods
instanceKlass java/lang/constant/DynamicConstantDesc
instanceKlass java/lang/constant/ClassDesc
instanceKlass  @bci org/codehaus/groovy/runtime/metaclass/MetaClassRegistryImpl registerMethods (Ljava/lang/Class;ZZLjava/util/Map;)V 253 <appendix> argL0 ; # org/codehaus/groovy/runtime/metaclass/MetaClassRegistryImpl$$Lambda+0x000001dec3486fb0
instanceKlass org/codehaus/groovy/runtime/RangeInfo
instanceKlass java/util/function/ToDoubleFunction
instanceKlass java/util/function/ToLongFunction
instanceKlass java/util/function/ToIntFunction
instanceKlass java/util/function/DoubleFunction
instanceKlass java/util/function/DoublePredicate
instanceKlass java/util/function/LongPredicate
instanceKlass java/util/function/IntPredicate
instanceKlass java/util/stream/DoubleStream
instanceKlass java/util/stream/LongStream
instanceKlass java/util/OptionalInt
instanceKlass java/util/OptionalDouble
instanceKlass java/util/OptionalLong
instanceKlass  @bci org/codehaus/groovy/runtime/metaclass/MetaClassRegistryImpl createMetaMethodFromClass (Ljava/util/Map;Ljava/lang/Class;)V 28 <appendix> argL0 ; # org/codehaus/groovy/runtime/metaclass/MetaClassRegistryImpl$$Lambda+0x000001dec34866b8
instanceKlass org/codehaus/groovy/runtime/NumberAwareComparator
instanceKlass org/codehaus/groovy/runtime/EncodingGroovyMethods
instanceKlass org/codehaus/groovy/runtime/DefaultGroovyMethodsSupport
instanceKlass java/lang/ProcessHandle
instanceKlass java/lang/ProcessHandle$Info
instanceKlass org/codehaus/groovy/runtime/MetaClassHelper
instanceKlass org/codehaus/groovy/reflection/CachedMethod$MyComparator
instanceKlass  @bci java/lang/SecurityManager nonExportedPkgs (Ljava/lang/module/ModuleDescriptor;)Ljava/util/Set; 92 <appendix> member <vmtarget> ; # java/lang/SecurityManager$$Lambda+0x000001dec337a150
instanceKlass  @bci java/lang/SecurityManager nonExportedPkgs (Ljava/lang/module/ModuleDescriptor;)Ljava/util/Set; 76 <appendix> argL0 ; # java/lang/SecurityManager$$Lambda+0x000001dec3379f10
instanceKlass  @bci java/lang/SecurityManager nonExportedPkgs (Ljava/lang/module/ModuleDescriptor;)Ljava/util/Set; 66 <appendix> argL0 ; # java/lang/SecurityManager$$Lambda+0x000001dec3379cc0
instanceKlass  @bci java/lang/SecurityManager nonExportedPkgs (Ljava/lang/module/ModuleDescriptor;)Ljava/util/Set; 47 <appendix> member <vmtarget> ; # java/lang/SecurityManager$$Lambda+0x000001dec3379a88
instanceKlass  @bci java/lang/SecurityManager nonExportedPkgs (Ljava/lang/module/ModuleDescriptor;)Ljava/util/Set; 31 <appendix> argL0 ; # java/lang/SecurityManager$$Lambda+0x000001dec3379848
instanceKlass  @bci java/lang/SecurityManager nonExportedPkgs (Ljava/lang/module/ModuleDescriptor;)Ljava/util/Set; 21 <appendix> argL0 ; # java/lang/SecurityManager$$Lambda+0x000001dec33795f8
instanceKlass  @bci java/lang/SecurityManager addNonExportedPackages (Ljava/lang/ModuleLayer;)V 59 <appendix> argL0 ; # java/lang/SecurityManager$$Lambda+0x000001dec33793c8
instanceKlass  @bci java/lang/SecurityManager addNonExportedPackages (Ljava/lang/ModuleLayer;)V 49 <appendix> argL0 ; # java/lang/SecurityManager$$Lambda+0x000001dec3379188
instanceKlass  @bci java/lang/SecurityManager addNonExportedPackages (Ljava/lang/ModuleLayer;)V 39 <appendix> argL0 ; # java/lang/SecurityManager$$Lambda+0x000001dec3378f48
instanceKlass  @bci java/lang/SecurityManager addNonExportedPackages (Ljava/lang/ModuleLayer;)V 29 <appendix> member <vmtarget> ; # java/lang/SecurityManager$$Lambda+0x000001dec3378cf0
instanceKlass  @cpi java/lang/SecurityManager 518 form vmentry <vmtarget> ; # java/lang/invoke/LambdaForm$DMH+0x000001dec347a400
instanceKlass  @bci java/lang/SecurityManager addNonExportedPackages (Ljava/lang/ModuleLayer;)V 17 <appendix> argL0 ; # java/lang/SecurityManager$$Lambda+0x000001dec3378ab0
instanceKlass  @bci org/codehaus/groovy/vmplugin/v9/Java9 lambda$static$10 (Ljava/util/Map;Ljava/util/Map;Ljava/util/Map;Ljava/lang/String;)V 41 <appendix> argL0 ; # org/codehaus/groovy/vmplugin/v9/Java9$$Lambda+0x000001dec347b000
instanceKlass  @bci org/codehaus/groovy/vmplugin/v9/Java9 lambda$static$10 (Ljava/util/Map;Ljava/util/Map;Ljava/util/Map;Ljava/lang/String;)V 70 <appendix> argL0 ; # org/codehaus/groovy/vmplugin/v9/Java9$$Lambda+0x000001dec347fd88
instanceKlass  @bci org/codehaus/groovy/vmplugin/v9/Java9 isExported (Ljava/lang/module/ModuleDescriptor;Ljava/lang/String;)Z 10 <appendix> member <vmtarget> ; # org/codehaus/groovy/vmplugin/v9/Java9$$Lambda+0x000001dec347fb30
instanceKlass  @bci org/codehaus/groovy/vmplugin/v9/Java9 isOpen (Ljava/lang/module/ModuleDescriptor;Ljava/lang/String;)Z 10 <appendix> member <vmtarget> ; # org/codehaus/groovy/vmplugin/v9/Java9$$Lambda+0x000001dec347f8d8
instanceKlass  @bci org/codehaus/groovy/vmplugin/v9/Java9 <clinit> ()V 69 <appendix> member <vmtarget> ; # org/codehaus/groovy/vmplugin/v9/Java9$$Lambda+0x000001dec347f6a0
instanceKlass  @cpi org/codehaus/groovy/vmplugin/v9/Java9 3507 form vmentry <vmtarget> ; # java/lang/invoke/LambdaForm$DMH+0x000001dec347a000
instanceKlass  @bci org/codehaus/groovy/vmplugin/v9/Java9 lambda$static$7 (Ljava/util/Map;Ljava/lang/module/ModuleDescriptor;)V 6 <appendix> member <vmtarget> ; # org/codehaus/groovy/vmplugin/v9/Java9$$Lambda+0x000001dec347f468
instanceKlass  @bci org/codehaus/groovy/vmplugin/v9/Java9 <clinit> ()V 34 <appendix> member <vmtarget> ; # org/codehaus/groovy/vmplugin/v9/Java9$$Lambda+0x000001dec347f230
instanceKlass  @cpi org/codehaus/groovy/vmplugin/v9/Java9 3488 form vmentry <vmtarget> ; # java/lang/invoke/LambdaForm$DMH+0x000001dec3479c00
instanceKlass  @bci org/codehaus/groovy/vmplugin/v9/Java9 <clinit> ()V 23 <appendix> argL0 ; # org/codehaus/groovy/vmplugin/v9/Java9$$Lambda+0x000001dec347eff0
instanceKlass org/codehaus/groovy/ast/Variable
instanceKlass org/codehaus/groovy/vmplugin/v8/Java8
instanceKlass  @bci org/codehaus/groovy/vmplugin/VMPluginFactory createPlugin (Ljava/lang/String;Ljava/lang/String;)Lorg/codehaus/groovy/vmplugin/VMPlugin; 2 <appendix> member <vmtarget> ; # org/codehaus/groovy/vmplugin/VMPluginFactory$$Lambda+0x000001dec3476f08
instanceKlass  @cpi org/codehaus/groovy/vmplugin/VMPluginFactory 45 form vmentry <vmtarget> ; # java/lang/invoke/LambdaForm$DMH+0x000001dec3479800
instanceKlass org/codehaus/groovy/vmplugin/VMPluginFactory
instanceKlass org/codehaus/groovy/reflection/ReflectionUtils
instanceKlass  @bci org/codehaus/groovy/reflection/CachedClass$3 lambda$initValue$4 ()[Lorg/codehaus/groovy/reflection/CachedMethod; 44 <appendix> argL0 ; # org/codehaus/groovy/reflection/CachedClass$3$$Lambda+0x000001dec34768d8
instanceKlass  @bci org/codehaus/groovy/reflection/CachedClass$3 lambda$initValue$4 ()[Lorg/codehaus/groovy/reflection/CachedMethod; 34 <appendix> member <vmtarget> ; # org/codehaus/groovy/reflection/CachedClass$3$$Lambda+0x000001dec3476690
instanceKlass  @bci org/codehaus/groovy/reflection/CachedClass$3 lambda$initValue$4 ()[Lorg/codehaus/groovy/reflection/CachedMethod; 23 <appendix> argL0 ; # org/codehaus/groovy/reflection/CachedClass$3$$Lambda+0x000001dec3476440
instanceKlass  @bci org/codehaus/groovy/reflection/CachedClass$3 lambda$initValue$4 ()[Lorg/codehaus/groovy/reflection/CachedMethod; 13 <appendix> argL0 ; # org/codehaus/groovy/reflection/CachedClass$3$$Lambda+0x000001dec34761f0
instanceKlass org/codehaus/groovy/runtime/memoize/MemoizeCache
instanceKlass  @bci org/codehaus/groovy/reflection/CachedClass$3 initValue ()[Lorg/codehaus/groovy/reflection/CachedMethod; 1 <appendix> member <vmtarget> ; # org/codehaus/groovy/reflection/CachedClass$3$$Lambda+0x000001dec34749e0
instanceKlass  @bci org/codehaus/groovy/reflection/stdclasses/CachedSAMClass getSAMMethod (Ljava/lang/Class;)Ljava/lang/reflect/Method; 135 <appendix> member <vmtarget> ; # org/codehaus/groovy/reflection/stdclasses/CachedSAMClass$$Lambda+0x000001dec3474788
instanceKlass  @bci org/codehaus/groovy/reflection/stdclasses/CachedSAMClass getDeclaredMethods (Ljava/lang/Class;)[Ljava/lang/reflect/Method; 6 <appendix> member <vmtarget> ; # org/codehaus/groovy/reflection/stdclasses/CachedSAMClass$$Lambda+0x000001dec3474560
# instanceKlass java/lang/invoke/LambdaForm$MH+0x000001dec3479400
# instanceKlass java/lang/invoke/LambdaForm$MH+0x000001dec3479000
# instanceKlass java/lang/invoke/LambdaForm$MH+0x000001dec3478c00
# instanceKlass java/lang/invoke/LambdaForm$MH+0x000001dec3478800
# instanceKlass org/codehaus/groovy/reflection/stdclasses/CachedSAMClass$$InjectedInvoker+0x000001dec3478400
instanceKlass java/lang/invoke/MethodHandleImpl$BindCaller$InjectedInvokerHolder
# instanceKlass java/lang/invoke/LambdaForm$MH+0x000001dec3478000
instanceKlass java/lang/invoke/MethodHandleImpl$BindCaller
instanceKlass  @bci org/codehaus/groovy/runtime/metaclass/MetaClassRegistryImpl registerMethods (Ljava/lang/Class;ZZLjava/util/Map;)V 115 <appendix> argL0 ; # org/codehaus/groovy/runtime/metaclass/MetaClassRegistryImpl$$Lambda+0x000001dec3474320
instanceKlass  @bci java/util/stream/Collectors joining (Ljava/lang/CharSequence;Ljava/lang/CharSequence;Ljava/lang/CharSequence;)Ljava/util/stream/Collector; 22 <appendix> argL0 ; # java/util/stream/Collectors$$Lambda+0x800000042
instanceKlass  @bci java/util/stream/Collectors joining (Ljava/lang/CharSequence;Ljava/lang/CharSequence;Ljava/lang/CharSequence;)Ljava/util/stream/Collector; 17 <appendix> argL0 ; # java/util/stream/Collectors$$Lambda+0x800000040
instanceKlass  @bci java/util/stream/Collectors joining (Ljava/lang/CharSequence;Ljava/lang/CharSequence;Ljava/lang/CharSequence;)Ljava/util/stream/Collector; 12 <appendix> argL0 ; # java/util/stream/Collectors$$Lambda+0x80000003d
instanceKlass  @bci java/util/stream/Collectors joining (Ljava/lang/CharSequence;Ljava/lang/CharSequence;Ljava/lang/CharSequence;)Ljava/util/stream/Collector; 7 <appendix> member <vmtarget> ; # java/util/stream/Collectors$$Lambda+0x800000045
instanceKlass  @bci java/lang/Class methodToString (Ljava/lang/String;[Ljava/lang/Class;)Ljava/lang/String; 42 <appendix> argL0 ; # java/lang/Class$$Lambda+0x000001dec3377ef0
instanceKlass org/codehaus/groovy/transform/trait/Traits$Implemented
instanceKlass org/codehaus/groovy/util/ReferenceType$HardRef
instanceKlass org/codehaus/groovy/util/ManagedReference
instanceKlass org/codehaus/groovy/reflection/ClassInfo$GlobalClassSet
instanceKlass org/apache/groovy/util/SystemUtil
instanceKlass org/codehaus/groovy/reflection/GroovyClassValue
instanceKlass org/codehaus/groovy/reflection/GroovyClassValueFactory
instanceKlass org/codehaus/groovy/reflection/ClassInfo$1
instanceKlass org/codehaus/groovy/reflection/GroovyClassValue$ComputeValue
instanceKlass org/codehaus/groovy/util/ComplexKeyHashMap$Entry
instanceKlass org/codehaus/groovy/util/ComplexKeyHashMap$EntryIterator
instanceKlass org/codehaus/groovy/reflection/ReflectionCache
instanceKlass java/lang/Process
instanceKlass java/util/Timer
instanceKlass java/util/TimerTask
instanceKlass groovy/lang/groovydoc/Groovydoc
instanceKlass groovy/lang/ListWithDefault
instanceKlass groovy/lang/Range
instanceKlass groovy/util/BufferedIterator
instanceKlass org/codehaus/groovy/reflection/GeneratedMetaMethod$DgmMethodRecord
instanceKlass groovy/lang/MetaClassRegistry$MetaClassCreationHandle
instanceKlass org/codehaus/groovy/runtime/m12n/ExtensionModuleRegistry
instanceKlass org/codehaus/groovy/util/Reference
instanceKlass org/codehaus/groovy/util/ReferenceManager
instanceKlass org/codehaus/groovy/util/ReferenceBundle
instanceKlass org/codehaus/groovy/util/ManagedConcurrentLinkedQueue
instanceKlass groovy/lang/MetaClassRegistryChangeEventListener
instanceKlass java/util/EventListener
instanceKlass org/codehaus/groovy/runtime/m12n/ExtensionModuleScanner$ExtensionModuleListener
instanceKlass org/codehaus/groovy/runtime/metaclass/MetaClassRegistryImpl
instanceKlass org/codehaus/groovy/runtime/InvokerHelper
instanceKlass org/gradle/api/internal/plugins/ExtraPropertiesExtensionInternal
instanceKlass org/gradle/internal/extensibility/ExtensionsStorage
instanceKlass org/gradle/api/plugins/ExtraPropertiesExtension
instanceKlass org/gradle/internal/extensibility/DefaultConvention
instanceKlass org/gradle/api/internal/plugins/ExtensionContainerInternal
instanceKlass org/gradle/api/internal/coerce/StringToEnumTransformer
instanceKlass org/gradle/internal/classpath/InstrumentedGroovyMetaClassHelper
instanceKlass org/codehaus/groovy/runtime/metaclass/MetaMethodIndex
instanceKlass org/codehaus/groovy/vmplugin/VMPlugin
instanceKlass groovyjarjarasm/asm/ClassVisitor
instanceKlass org/codehaus/groovy/runtime/metaclass/MetaMethodIndex$Entry
instanceKlass org/codehaus/groovy/util/FastArray
instanceKlass org/codehaus/groovy/runtime/metaclass/MetaMethodIndex$Header
instanceKlass org/codehaus/groovy/reflection/ClassInfo
instanceKlass org/codehaus/groovy/util/Finalizable
instanceKlass org/codehaus/groovy/reflection/CachedClass
instanceKlass org/codehaus/groovy/ast/ASTNode
instanceKlass org/codehaus/groovy/ast/NodeMetaDataHandler
instanceKlass groovy/lang/groovydoc/GroovydocHolder
instanceKlass groovyjarjarasm/asm/Opcodes
instanceKlass org/codehaus/groovy/util/SingleKeyHashMap$Copier
instanceKlass groovy/lang/MetaClassImpl$MethodIndexAction
instanceKlass org/codehaus/groovy/runtime/callsite/CallSite
instanceKlass org/codehaus/groovy/reflection/ParameterTypes
instanceKlass org/codehaus/groovy/util/ComplexKeyHashMap
instanceKlass groovy/lang/MetaClassImpl
instanceKlass groovy/lang/MutableMetaClass
instanceKlass org/gradle/internal/metaobject/BeanDynamicObject$MetaClassAdapter
instanceKlass org/gradle/api/internal/coerce/PropertySetTransformer
instanceKlass org/gradle/api/internal/coerce/MethodArgumentsTransformer
instanceKlass  @bci org/gradle/initialization/DefaultSettings_Decorated getConventionWhileDisabledDeprecationLogger ()Lorg/gradle/api/plugins/Convention; 1 <appendix> member <vmtarget> ; # org/gradle/initialization/DefaultSettings_Decorated$$Lambda+0x000001dec3456fa8
instanceKlass  @bci org/gradle/initialization/DefaultSettings_Decorated $gradleInit ()V 1 <appendix> member <vmtarget> ; # org/gradle/initialization/DefaultSettings_Decorated$$Lambda+0x000001dec3456d80
instanceKlass  @bci org/gradle/initialization/DefaultToolchainManagement_Decorated $gradleInit ()V 1 <appendix> member <vmtarget> ; # org/gradle/initialization/DefaultToolchainManagement_Decorated$$Lambda+0x000001dec3456b58
instanceKlass  @bci jdk/internal/reflect/MethodHandleIntegerFieldAccessorImpl setInt (Ljava/lang/Object;I)V 29 <adapter> ; # java/lang/invoke/LambdaForm$MH+0x000001dec3453400
# instanceKlass java/lang/invoke/LambdaForm$DMH+0x000001dec3453000
instanceKlass  @bci org/gradle/internal/instantiation/generator/AsmBackedClassGenerator$ClassBuilderImpl addManagedMethods (Ljava/util/List;Ljava/util/List;)V 116 <appendix> member <vmtarget> ; # org/gradle/internal/instantiation/generator/AsmBackedClassGenerator$ClassBuilderImpl$$Lambda+0x000001dec3456050
instanceKlass  @bci org/gradle/internal/instantiation/generator/AsmBackedClassGenerator$ClassBuilderImpl addManagedMethods (Ljava/util/List;Ljava/util/List;)V 93 <adapter> ; # java/lang/invoke/LambdaForm$MH+0x000001dec3452c00
# instanceKlass java/lang/invoke/LambdaForm$DMH+0x000001dec3452800
instanceKlass  @bci org/gradle/internal/instantiation/generator/AsmBackedClassGenerator$ClassBuilderImpl addManagedMethods (Ljava/util/List;Ljava/util/List;)V 93 <appendix> form vmentry <vmtarget> ; # java/lang/invoke/LambdaForm$DMH+0x000001dec3452400
instanceKlass  @bci org/gradle/internal/instantiation/generator/AsmBackedClassGenerator$ClassBuilderImpl addManagedMethods (Ljava/util/List;Ljava/util/List;)V 93 <appendix> member <vmtarget> ; # org/gradle/internal/instantiation/generator/AsmBackedClassGenerator$ClassBuilderImpl$$Lambda+0x000001dec3455958
instanceKlass  @cpi org/gradle/internal/instantiation/generator/AsmBackedClassGenerator$ClassBuilderImpl 1774 form vmentry <vmtarget> ; # java/lang/invoke/LambdaForm$DMH+0x000001dec3452000
instanceKlass  @bci org/gradle/internal/instantiation/generator/AsmBackedClassGenerator$ClassBuilderImpl addManagedMethods (Ljava/util/List;Ljava/util/List;)V 72 <adapter> ; # java/lang/invoke/LambdaForm$MH+0x000001dec3451c00
# instanceKlass java/lang/invoke/LambdaForm$DMH+0x000001dec3451800
instanceKlass  @bci org/gradle/internal/instantiation/generator/AsmBackedClassGenerator$ClassBuilderImpl addManagedMethods (Ljava/util/List;Ljava/util/List;)V 72 <appendix> form vmentry <vmtarget> ; # java/lang/invoke/LambdaForm$DMH+0x000001dec3451400
instanceKlass  @bci org/gradle/internal/instantiation/generator/AsmBackedClassGenerator$ClassBuilderImpl addManagedMethods (Ljava/util/List;Ljava/util/List;)V 72 <appendix> member <vmtarget> ; # org/gradle/internal/instantiation/generator/AsmBackedClassGenerator$ClassBuilderImpl$$Lambda+0x000001dec3455260
instanceKlass  @cpi org/gradle/internal/instantiation/generator/AsmBackedClassGenerator$ClassBuilderImpl 1771 form vmentry <vmtarget> ; # java/lang/invoke/LambdaForm$DMH+0x000001dec3451000
instanceKlass  @bci org/gradle/internal/instantiation/generator/AsmBackedClassGenerator$ClassBuilderImpl addManagedMethods (Ljava/util/List;Ljava/util/List;)V 53 <appendix> member <vmtarget> ; # org/gradle/internal/instantiation/generator/AsmBackedClassGenerator$ClassBuilderImpl$$Lambda+0x000001dec3454b68
instanceKlass org/gradle/initialization/DefaultToolchainManagement
instanceKlass  @bci org/gradle/internal/management/DefaultDependencyResolutionManagement_Decorated $gradleInit ()V 1 <appendix> member <vmtarget> ; # org/gradle/internal/management/DefaultDependencyResolutionManagement_Decorated$$Lambda+0x000001dec34376c0
instanceKlass  @bci org/gradle/internal/management/DefaultVersionCatalogBuilderContainer_Decorated $gradleInit ()V 1 <appendix> member <vmtarget> ; # org/gradle/internal/management/DefaultVersionCatalogBuilderContainer_Decorated$$Lambda+0x000001dec3437498
instanceKlass com/google/common/collect/MapMakerInternalMap$StrongKeyDummyValueEntry$Helper
instanceKlass org/gradle/api/internal/DefaultNamedDomainObjectCollection$UnfilteredIndex
instanceKlass  @bci org/gradle/api/internal/DefaultDomainObjectCollection <init> (Ljava/lang/Class;Lorg/gradle/api/internal/collections/ElementSource;Lorg/gradle/api/internal/collections/CollectionEventRegister;)V 32 <appendix> member <vmtarget> ; # org/gradle/api/internal/DefaultDomainObjectCollection$$Lambda+0x000001dec344a9c8
instanceKlass org/gradle/api/internal/lambdas/SerializableLambdas$SerializableAction
instanceKlass org/gradle/api/internal/collections/DefaultCollectionEventRegister
instanceKlass  @bci org/gradle/api/internal/collections/SortedSetElementSource <init> (Ljava/util/Comparator;)V 12 <appendix> argL0 ; # org/gradle/api/internal/collections/SortedSetElementSource$$Lambda+0x000001dec344a2e0
instanceKlass org/gradle/api/Namer$Comparator
instanceKlass org/gradle/api/internal/provider/Collector
instanceKlass org/gradle/api/internal/collections/SortedSetElementSource
instanceKlass org/gradle/api/Named$Namer
# instanceKlass java/lang/invoke/LambdaForm$MH+0x000001dec3450c00
# instanceKlass java/lang/invoke/LambdaForm$MH+0x000001dec3450800
# instanceKlass java/lang/invoke/LambdaForm$MH+0x000001dec3450400
# instanceKlass java/lang/invoke/LambdaForm$MH+0x000001dec3450000
instanceKlass java/lang/SafeVarargs
instanceKlass com/google/common/reflect/Types$WildcardTypeImpl
instanceKlass sun/reflect/generics/tree/ArrayTypeSignature
instanceKlass sun/reflect/generics/tree/IntSignature
instanceKlass com/google/common/reflect/Types$ClassOwnership$1LocalClass
instanceKlass com/google/common/reflect/Types$ParameterizedTypeImpl
instanceKlass com/google/common/reflect/Types
instanceKlass sun/reflect/misc/ReflectUtil
instanceKlass com/google/common/reflect/TypeResolver$TypeVariableKey
instanceKlass com/google/common/reflect/TypeResolver$TypeTable
instanceKlass com/google/common/reflect/TypeResolver
instanceKlass java/lang/reflect/AnnotatedType
instanceKlass com/google/common/reflect/TypeVisitor
instanceKlass com/google/common/reflect/Invokable
instanceKlass java/lang/invoke/SerializedLambda
instanceKlass org/gradle/api/Namer
instanceKlass org/gradle/api/internal/collections/CollectionFilter
instanceKlass org/gradle/api/reflect/TypeOf
instanceKlass org/gradle/api/Rule
instanceKlass org/gradle/api/NamedDomainObjectCollectionSchema
instanceKlass org/gradle/api/internal/DefaultNamedDomainObjectCollection$Index
instanceKlass org/gradle/api/internal/collections/ElementSource
instanceKlass org/gradle/api/internal/collections/CollectionEventRegister
instanceKlass org/gradle/api/internal/collections/EventSubscriptionVerifier
instanceKlass groovy/lang/Buildable
instanceKlass groovy/lang/Writable
instanceKlass  @bci org/gradle/internal/management/DefaultDependencyResolutionManagement <init> (Lorg/gradle/internal/code/UserCodeApplicationContext;Lorg/gradle/api/internal/artifacts/DependencyManagementServices;Lorg/gradle/api/model/ObjectFactory;Lorg/gradle/api/internal/CollectionCallbackActionDecorator;)V 83 <appendix> member <vmtarget> ; # org/gradle/internal/management/DefaultDependencyResolutionManagement$$Lambda+0x000001dec3437270
instanceKlass org/gradle/api/internal/provider/ValueSanitizers$4
instanceKlass org/gradle/internal/management/DefaultDependencyResolutionManagement$ComponentMetadataRulesRegistar
# instanceKlass java/lang/invoke/LambdaForm$MH+0x000001dec3442c00
instanceKlass org/gradle/api/initialization/dsl/VersionCatalogBuilder
instanceKlass org/gradle/api/reflect/HasPublicType
instanceKlass org/gradle/api/artifacts/repositories/ArtifactRepository
instanceKlass org/gradle/api/initialization/resolve/MutableVersionCatalogContainer
instanceKlass org/gradle/internal/management/DefaultDependencyResolutionManagement
# instanceKlass java/lang/invoke/LambdaForm$MH+0x000001dec3442800
# instanceKlass java/lang/invoke/LambdaForm$MH+0x000001dec3442400
# instanceKlass java/lang/invoke/LambdaForm$MH+0x000001dec3442000
# instanceKlass java/lang/invoke/LambdaForm$MH+0x000001dec3441c00
instanceKlass org/gradle/api/internal/DefaultCollectionCallbackActionDecorator
instanceKlass java/util/stream/Sink$ChainedInt
instanceKlass java/util/stream/Sink$OfInt
instanceKlass java/util/function/IntConsumer
instanceKlass  @bci java/io/WinNTFileSystem listRoots ()[Ljava/io/File; 38 <appendix> argL0 ; # java/io/WinNTFileSystem$$Lambda+0x000001dec33743c0
instanceKlass  @bci java/io/WinNTFileSystem listRoots ()[Ljava/io/File; 28 <appendix> member <vmtarget> ; # java/io/WinNTFileSystem$$Lambda+0x000001dec3374168
instanceKlass  @bci java/io/WinNTFileSystem listRoots ()[Ljava/io/File; 17 <appendix> member <vmtarget> ; # java/io/WinNTFileSystem$$Lambda+0x000001dec3373a48
instanceKlass java/util/stream/IntStream
instanceKlass java/util/BitSet$1BitSetSpliterator
instanceKlass java/util/BitSet
instanceKlass org/gradle/vcs/VcsMappings
instanceKlass org/gradle/vcs/internal/services/VersionControlServices$VersionControlSettingsServices
instanceKlass org/gradle/plugin/internal/PluginUseServices$SettingsScopeServices
instanceKlass org/gradle/api/internal/plugins/PluginTarget
instanceKlass org/gradle/internal/service/scopes/SettingsScopeServices
# instanceKlass java/lang/invoke/LambdaForm$MH+0x000001dec3441800
# instanceKlass java/lang/invoke/LambdaForm$MH+0x000001dec3441400
# instanceKlass java/lang/invoke/LambdaForm$MH+0x000001dec3441000
# instanceKlass java/lang/invoke/LambdaForm$MH+0x000001dec3440c00
# instanceKlass java/lang/invoke/LambdaForm$MH+0x000001dec3440800
# instanceKlass java/lang/invoke/LambdaForm$MH+0x000001dec3440400
# instanceKlass java/lang/invoke/LambdaForm$MH+0x000001dec3440000
instanceKlass org/gradle/declarative/dsl/model/annotations/Configuring
instanceKlass org/gradle/declarative/dsl/model/annotations/Restricted
instanceKlass org/gradle/declarative/dsl/model/annotations/Adding
instanceKlass org/gradle/initialization/IncludedBuildSpec
instanceKlass org/gradle/plugin/management/PluginManagementSpec
instanceKlass org/gradle/initialization/ProjectDescriptorRegistry
instanceKlass org/gradle/api/file/BuildLayout
instanceKlass org/gradle/vcs/SourceControl
instanceKlass org/gradle/initialization/DefaultProjectDescriptor
instanceKlass org/gradle/api/initialization/ProjectDescriptor
instanceKlass  @bci org/gradle/api/internal/initialization/DefaultScriptHandler_Decorated $gradleInit ()V 1 <appendix> member <vmtarget> ; # org/gradle/api/internal/initialization/DefaultScriptHandler_Decorated$$Lambda+0x000001dec3439d80
instanceKlass org/gradle/api/attributes/DocsType
instanceKlass org/gradle/api/internal/artifacts/JavaEcosystemAttributesDescriber
instanceKlass org/gradle/api/internal/artifacts/JavaEcosystemSupport$TargetJvmEnvironmentDisambiguationRules
instanceKlass org/gradle/api/internal/artifacts/JavaEcosystemSupport$TargetJvmEnvironmentCompatibilityRules
instanceKlass org/gradle/api/attributes/java/TargetJvmEnvironment
instanceKlass org/gradle/api/internal/attributes/DefaultOrderedDisambiguationRule
instanceKlass org/gradle/api/internal/attributes/DefaultOrderedCompatibilityRule
instanceKlass org/gradle/api/internal/attributes/AttributeMatchingRules
instanceKlass org/gradle/api/attributes/java/TargetJvmVersion
instanceKlass org/gradle/api/internal/artifacts/JavaEcosystemSupport$BundlingDisambiguationRules
instanceKlass org/gradle/api/internal/artifacts/JavaEcosystemSupport$BundlingCompatibilityRules
instanceKlass org/gradle/api/attributes/Bundling
instanceKlass org/gradle/api/attributes/LibraryElements$Impl
instanceKlass  @bci org/gradle/api/internal/artifacts/JavaEcosystemSupport configureLibraryElements (Lorg/gradle/api/attributes/AttributesSchema;Lorg/gradle/api/model/ObjectFactory;)V 32 <appendix> member <vmtarget> ; # org/gradle/api/internal/artifacts/JavaEcosystemSupport$$Lambda+0x000001dec3438000
instanceKlass org/gradle/api/internal/artifacts/JavaEcosystemSupport$LibraryElementsDisambiguationRules
instanceKlass org/gradle/api/internal/artifacts/JavaEcosystemSupport$LibraryElementsCompatibilityRules
instanceKlass org/gradle/api/attributes/LibraryElements
instanceKlass org/gradle/api/attributes/Usage$Impl
instanceKlass org/gradle/api/internal/artifacts/JavaEcosystemSupport$1
instanceKlass org/gradle/api/internal/artifacts/JavaEcosystemSupport$UsageDisambiguationRules
instanceKlass org/gradle/api/internal/artifacts/JavaEcosystemSupport$UsageCompatibilityRules
instanceKlass org/gradle/api/attributes/Usage
instanceKlass org/gradle/api/internal/attributes/AttributeDescriber
instanceKlass org/gradle/api/internal/artifacts/JavaEcosystemSupport
instanceKlass org/gradle/api/internal/artifacts/dsl/dependencies/GradlePluginVariantsSupport$TargetGradleVersionDisambiguationRule
instanceKlass org/gradle/api/internal/attributes/DefaultCompatibilityRuleChain$ExceptionHandler
instanceKlass org/gradle/api/internal/artifacts/dsl/dependencies/GradlePluginVariantsSupport$TargetGradleVersionCompatibilityRule
instanceKlass org/gradle/api/attributes/AttributeCompatibilityRule
instanceKlass org/gradle/api/attributes/plugin/GradlePluginApiVersion
instanceKlass org/gradle/api/internal/artifacts/dsl/dependencies/GradlePluginVariantsSupport
instanceKlass org/gradle/api/internal/attributes/DefaultDisambiguationRuleChain$ExceptionHandler
instanceKlass org/gradle/internal/action/DefaultConfigurableRules
instanceKlass org/gradle/internal/action/ConfigurableRules
instanceKlass org/gradle/api/artifacts/CacheableRule
instanceKlass org/gradle/api/internal/DefaultActionConfiguration
instanceKlass org/gradle/internal/action/DefaultConfigurableRule
instanceKlass org/gradle/internal/action/ConfigurableRule
instanceKlass org/gradle/internal/action/InstantiatingAction
instanceKlass  @bci org/gradle/api/internal/artifacts/dsl/dependencies/PlatformSupport configureCategoryDisambiguationRule (Lorg/gradle/api/attributes/AttributesSchema;)V 19 <appendix> member <vmtarget> ; # org/gradle/api/internal/artifacts/dsl/dependencies/PlatformSupport$$Lambda+0x000001dec3427ad0
instanceKlass org/gradle/api/ActionConfiguration
instanceKlass org/gradle/api/internal/artifacts/dsl/dependencies/PlatformSupport$ComponentCategoryDisambiguationRule
instanceKlass org/gradle/api/attributes/AttributeDisambiguationRule
instanceKlass  @bci org/gradle/api/internal/attributes/DefaultAttributeMatchingStrategy_Decorated $gradleInit ()V 1 <appendix> member <vmtarget> ; # org/gradle/api/internal/attributes/DefaultAttributeMatchingStrategy_Decorated$$Lambda+0x000001dec3427660
instanceKlass  @bci org/gradle/api/internal/attributes/DefaultDisambiguationRuleChain_Decorated $gradleInit ()V 1 <appendix> member <vmtarget> ; # org/gradle/api/internal/attributes/DefaultDisambiguationRuleChain_Decorated$$Lambda+0x000001dec3427438
instanceKlass  @bci org/gradle/api/internal/attributes/DefaultCompatibilityRuleChain_Decorated $gradleInit ()V 1 <appendix> member <vmtarget> ; # org/gradle/api/internal/attributes/DefaultCompatibilityRuleChain_Decorated$$Lambda+0x000001dec3426e20
instanceKlass org/gradle/internal/action/InstantiatingAction$ExceptionHandler
instanceKlass org/objectweb/asm/signature/SignatureVisitor
instanceKlass org/gradle/api/internal/attributes/DefaultCompatibilityRuleChain
instanceKlass org/gradle/api/internal/attributes/DefaultDisambiguationRuleChain
instanceKlass org/gradle/api/attributes/CompatibilityRuleChain
instanceKlass org/gradle/api/attributes/DisambiguationRuleChain
instanceKlass  @bci org/gradle/api/internal/attributes/DefaultAttributesSchema_Decorated $gradleInit ()V 1 <appendix> member <vmtarget> ; # org/gradle/api/internal/attributes/DefaultAttributesSchema_Decorated$$Lambda+0x000001dec3425f48
instanceKlass org/gradle/api/internal/attributes/DefaultAttributeMatchingStrategy
instanceKlass org/gradle/api/attributes/AttributeMatchingStrategy
instanceKlass org/gradle/api/internal/attributes/DefaultAttributesSchema
instanceKlass  @bci org/gradle/api/internal/model/NamedObjectInstantiator$2 <init> (Lorg/gradle/api/internal/model/NamedObjectInstantiator;Lorg/objectweb/asm/ClassVisitor;Lorg/gradle/model/internal/asm/AsmClassGenerator;Lorg/objectweb/asm/Type;)V 74 <appendix> member <vmtarget> ; # org/gradle/api/internal/model/NamedObjectInstantiator$2$$Lambda+0x000001dec342d4c8
instanceKlass  @bci org/gradle/api/internal/model/NamedObjectInstantiator$2 <init> (Lorg/gradle/api/internal/model/NamedObjectInstantiator;Lorg/objectweb/asm/ClassVisitor;Lorg/gradle/model/internal/asm/AsmClassGenerator;Lorg/objectweb/asm/Type;)V 55 <appendix> member <vmtarget> ; # org/gradle/api/internal/model/NamedObjectInstantiator$2$$Lambda+0x000001dec342fcd8
instanceKlass org/gradle/api/attributes/Category$Impl
instanceKlass  @bci org/gradle/api/internal/model/NamedObjectInstantiator$1 <init> (Lorg/gradle/api/internal/model/NamedObjectInstantiator;Lorg/objectweb/asm/ClassVisitor;Lorg/gradle/model/internal/asm/AsmClassGenerator;Lorg/objectweb/asm/Type;[Ljava/lang/String;Lorg/objectweb/asm/Type;)V 191 <appendix> member <vmtarget> ; # org/gradle/api/internal/model/NamedObjectInstantiator$1$$Lambda+0x000001dec342f080
instanceKlass  @bci org/gradle/api/internal/model/NamedObjectInstantiator$1 <init> (Lorg/gradle/api/internal/model/NamedObjectInstantiator;Lorg/objectweb/asm/ClassVisitor;Lorg/gradle/model/internal/asm/AsmClassGenerator;Lorg/objectweb/asm/Type;[Ljava/lang/String;Lorg/objectweb/asm/Type;)V 176 <appendix> member <vmtarget> ; # org/gradle/api/internal/model/NamedObjectInstantiator$1$$Lambda+0x000001dec342e990
instanceKlass  @bci org/gradle/api/internal/model/NamedObjectInstantiator$1 <init> (Lorg/gradle/api/internal/model/NamedObjectInstantiator;Lorg/objectweb/asm/ClassVisitor;Lorg/gradle/model/internal/asm/AsmClassGenerator;Lorg/objectweb/asm/Type;[Ljava/lang/String;Lorg/objectweb/asm/Type;)V 161 <appendix> member <vmtarget> ; # org/gradle/api/internal/model/NamedObjectInstantiator$1$$Lambda+0x000001dec342bbe8
instanceKlass  @bci org/gradle/api/internal/model/NamedObjectInstantiator$1 <init> (Lorg/gradle/api/internal/model/NamedObjectInstantiator;Lorg/objectweb/asm/ClassVisitor;Lorg/gradle/model/internal/asm/AsmClassGenerator;Lorg/objectweb/asm/Type;[Ljava/lang/String;Lorg/objectweb/asm/Type;)V 142 <appendix> member <vmtarget> ; # org/gradle/api/internal/model/NamedObjectInstantiator$1$$Lambda+0x000001dec342b9c0
instanceKlass  @bci org/gradle/api/internal/model/NamedObjectInstantiator$1 <init> (Lorg/gradle/api/internal/model/NamedObjectInstantiator;Lorg/objectweb/asm/ClassVisitor;Lorg/gradle/model/internal/asm/AsmClassGenerator;Lorg/objectweb/asm/Type;[Ljava/lang/String;Lorg/objectweb/asm/Type;)V 125 <appendix> member <vmtarget> ; # org/gradle/api/internal/model/NamedObjectInstantiator$1$$Lambda+0x000001dec342b2d0
instanceKlass  @bci org/gradle/api/internal/model/NamedObjectInstantiator$1 <init> (Lorg/gradle/api/internal/model/NamedObjectInstantiator;Lorg/objectweb/asm/ClassVisitor;Lorg/gradle/model/internal/asm/AsmClassGenerator;Lorg/objectweb/asm/Type;[Ljava/lang/String;Lorg/objectweb/asm/Type;)V 108 <appendix> member <vmtarget> ; # org/gradle/api/internal/model/NamedObjectInstantiator$1$$Lambda+0x000001dec342abe0
instanceKlass  @bci org/gradle/api/internal/model/NamedObjectInstantiator$1 <init> (Lorg/gradle/api/internal/model/NamedObjectInstantiator;Lorg/objectweb/asm/ClassVisitor;Lorg/gradle/model/internal/asm/AsmClassGenerator;Lorg/objectweb/asm/Type;[Ljava/lang/String;Lorg/objectweb/asm/Type;)V 91 <appendix> member <vmtarget> ; # org/gradle/api/internal/model/NamedObjectInstantiator$1$$Lambda+0x000001dec342a4f0
instanceKlass org/gradle/model/internal/type/ClassTypeWrapper
instanceKlass org/gradle/model/internal/type/TypeWrapper
instanceKlass org/gradle/model/internal/type/ModelType
instanceKlass org/gradle/model/internal/inspect/FormattingValidationProblemCollector
instanceKlass org/gradle/api/attributes/Category
instanceKlass org/gradle/internal/resource/UriTextResource$UriResourceLocation
# instanceKlass java/lang/invoke/LambdaForm$MH+0x000001dec342cc00
# instanceKlass java/lang/invoke/LambdaForm$MH+0x000001dec342c800
# instanceKlass java/lang/invoke/LambdaForm$MH+0x000001dec342c400
# instanceKlass java/lang/invoke/LambdaForm$MH+0x000001dec342c000
instanceKlass org/gradle/api/internal/initialization/ScriptClassPathResolutionContext
instanceKlass org/gradle/api/internal/initialization/DefaultScriptHandler
instanceKlass org/gradle/api/internal/artifacts/DefaultDependencyManagementServices$DefaultDependencyResolutionServices
instanceKlass org/gradle/api/internal/artifacts/ivyservice/resolveengine/artifact/VisitedArtifactSet
instanceKlass org/gradle/api/artifacts/ResolvedConfiguration
instanceKlass org/gradle/api/internal/artifacts/ivyservice/LenientConfigurationInternal
instanceKlass org/gradle/api/internal/artifacts/ResolverResults$LegacyResolverResults$LegacyVisitedArtifactSet
instanceKlass org/gradle/api/artifacts/LenientConfiguration
instanceKlass org/gradle/api/internal/artifacts/ivyservice/resolveengine/graph/results/VisitedGraphResults
instanceKlass org/gradle/api/internal/artifacts/ivyservice/resolveengine/artifact/DependencyArtifactsVisitor
instanceKlass org/gradle/api/internal/artifacts/ivyservice/resolveengine/oldresult/ResolvedConfigurationBuilder
instanceKlass org/gradle/api/internal/artifacts/transform/TransformUpstreamDependenciesResolver
instanceKlass org/gradle/api/internal/artifacts/ivyservice/resolveengine/graph/DependencyGraphVisitor
instanceKlass org/gradle/api/internal/attributes/AttributeDescriberRegistry
instanceKlass org/gradle/internal/component/model/GraphVariantSelector
instanceKlass org/gradle/api/internal/artifacts/ivyservice/resolveengine/graph/RootGraphNode
instanceKlass org/gradle/api/internal/artifacts/ivyservice/resolveengine/graph/builder/NodeState
instanceKlass org/gradle/api/internal/artifacts/ivyservice/resolveengine/graph/DependencyGraphNode
instanceKlass org/gradle/api/internal/artifacts/ivyservice/resolveengine/graph/ResolvedGraphVariant
instanceKlass org/gradle/internal/component/resolution/failure/ReportableAsProblem
instanceKlass org/gradle/api/internal/artifacts/ivyservice/resolveengine/graph/conflicts/ModuleConflictHandler
instanceKlass org/gradle/api/internal/artifacts/ivyservice/resolveengine/graph/conflicts/CapabilitiesConflictHandler
instanceKlass org/gradle/api/internal/artifacts/ivyservice/resolveengine/graph/conflicts/ConflictHandler
instanceKlass org/gradle/api/internal/artifacts/ivyservice/resolveengine/graph/builder/DependencyGraphBuilder
instanceKlass org/gradle/api/internal/artifacts/ivyservice/dependencysubstitution/DependencySubstitutionApplicator
instanceKlass org/gradle/api/internal/artifacts/ivyservice/resolveengine/ModuleConflictResolver
instanceKlass org/gradle/api/internal/artifacts/ivyservice/resolveengine/DependencyGraphResolver
instanceKlass org/gradle/api/artifacts/query/ArtifactResolutionQuery
instanceKlass org/gradle/api/internal/artifacts/query/DefaultArtifactResolutionQueryFactory
instanceKlass org/gradle/api/internal/artifacts/DefaultComponentSelectorConverter
instanceKlass org/gradle/api/internal/artifacts/transform/VariantDefinition
instanceKlass org/gradle/api/internal/artifacts/transform/ConsumerProvidedVariantFinder
instanceKlass org/gradle/api/internal/artifacts/ivyservice/projectmodule/ProjectDependencyResolver
instanceKlass org/gradle/internal/resolve/resolver/DependencyToComponentIdResolver
instanceKlass org/gradle/internal/resolve/resolver/ComponentMetaDataResolver
instanceKlass org/gradle/api/internal/artifacts/ivyservice/projectmodule/DefaultLocalComponentRegistry
instanceKlass org/gradle/api/internal/artifacts/ivyservice/projectmodule/LocalComponentRegistry
instanceKlass org/gradle/api/internal/artifacts/ComponentSelectorConverter
instanceKlass org/gradle/api/internal/artifacts/configurations/CachePolicy
instanceKlass org/gradle/api/internal/artifacts/ResolveExceptionMapper
instanceKlass org/gradle/api/internal/artifacts/ivyservice/moduleconverter/DefaultRootComponentMetadataBuilder
instanceKlass org/gradle/api/internal/artifacts/ivyservice/moduleconverter/RootComponentMetadataBuilder
instanceKlass org/gradle/api/internal/artifacts/ivyservice/resolveengine/artifact/ResolvedArtifactSet$TransformSourceVisitor
instanceKlass org/gradle/api/internal/artifacts/transform/DefaultTransformedVariantFactory$VariantKey
instanceKlass org/gradle/api/internal/artifacts/transform/DefaultTransformedVariantFactory
instanceKlass org/gradle/api/internal/artifacts/transform/TransformedVariantFactory
instanceKlass java/lang/foreign/MemorySegment
instanceKlass org/gradle/api/artifacts/dsl/ArtifactHandler
instanceKlass org/gradle/api/artifacts/dsl/DependencyHandler
instanceKlass org/gradle/api/internal/artifacts/query/ArtifactResolutionQueryFactory
instanceKlass org/gradle/api/internal/artifacts/ComponentMetadataProcessorFactory
instanceKlass org/gradle/api/internal/artifacts/dsl/PublishArtifactNotationParserFactory
instanceKlass org/gradle/api/internal/artifacts/dsl/DefaultComponentMetadataHandler
instanceKlass org/gradle/api/internal/artifacts/dsl/ComponentMetadataHandlerInternal
instanceKlass org/gradle/api/artifacts/dsl/ComponentMetadataHandler
instanceKlass org/gradle/api/artifacts/dsl/DependencyConstraintHandler
instanceKlass org/gradle/api/internal/artifacts/GlobalDependencyResolutionRules
instanceKlass org/gradle/api/internal/artifacts/configurations/ConfigurationContainerInternal
instanceKlass org/gradle/api/internal/artifacts/configurations/RoleBasedConfigurationContainerInternal
instanceKlass org/gradle/api/internal/artifacts/configurations/ResolutionStrategyFactory
instanceKlass org/gradle/api/internal/artifacts/configurations/DefaultConfigurationFactory
instanceKlass org/gradle/api/internal/artifacts/ivyservice/moduleconverter/DefaultRootComponentMetadataBuilder$Factory
instanceKlass org/gradle/internal/component/resolution/failure/ResolutionFailureHandler
instanceKlass org/gradle/internal/component/resolution/failure/transform/TransformedVariantConverter
instanceKlass org/gradle/api/artifacts/dsl/DependencyLockingHandler
instanceKlass org/gradle/api/internal/artifacts/ComponentModuleMetadataHandlerInternal
instanceKlass org/gradle/api/artifacts/dsl/ComponentModuleMetadataHandler
instanceKlass org/gradle/api/internal/artifacts/type/ArtifactTypeRegistry
instanceKlass org/gradle/api/internal/artifacts/ivyservice/ResolutionExecutor
instanceKlass org/gradle/api/internal/artifacts/RepositoriesSupplier
instanceKlass org/gradle/api/internal/artifacts/repositories/DefaultUrlArtifactRepository$Factory
instanceKlass org/gradle/api/file/ProjectLayout
instanceKlass org/gradle/api/internal/artifacts/dsl/dependencies/UnknownProjectFinder
instanceKlass  @bci org/gradle/api/internal/artifacts/DefaultDependencyManagementServices lambda$newDetachedResolver$2 (Lorg/gradle/api/internal/file/FileResolver;Lorg/gradle/api/internal/file/FileCollectionFactory;Lorg/gradle/api/internal/artifacts/Module;Lorg/gradle/api/internal/DomainObjectContext;Lorg/gradle/internal/service/ServiceRegistration;)V 25 <appendix> member <vmtarget> ; # org/gradle/api/internal/artifacts/DefaultDependencyManagementServices$$Lambda+0x000001dec341d400
instanceKlass org/gradle/api/internal/attributes/AttributesSchemaInternal
instanceKlass org/gradle/api/attributes/AttributesSchema
instanceKlass org/gradle/internal/component/external/model/VariantDerivationStrategy
instanceKlass org/gradle/api/internal/artifacts/ArtifactPublicationServices
instanceKlass org/gradle/api/internal/artifacts/dsl/dependencies/DependencyLockingProvider
instanceKlass org/gradle/api/internal/artifacts/transform/TransformRegistrationFactory
instanceKlass org/gradle/api/internal/artifacts/transform/TransformInvocationFactory
instanceKlass org/gradle/api/internal/artifacts/VariantTransformRegistry
instanceKlass org/gradle/api/internal/artifacts/ConfigurationResolver
instanceKlass org/gradle/api/internal/artifacts/BaseRepositoryFactory
instanceKlass org/gradle/api/internal/artifacts/ivyservice/ivyresolve/parser/MetaDataParser
instanceKlass org/gradle/api/internal/artifacts/transform/MutableTransformWorkspaceServices
instanceKlass org/gradle/internal/file/ReservedFileSystemLocation
instanceKlass org/gradle/api/internal/artifacts/DefaultDependencyManagementServices$DependencyResolutionScopeServices
instanceKlass org/gradle/api/internal/artifacts/DefaultDependencyManagementServices$TransformGradleUserHomeServices
instanceKlass  @bci org/gradle/api/internal/artifacts/DefaultDependencyManagementServices newDetachedResolver (Lorg/gradle/api/internal/file/FileResolver;Lorg/gradle/api/internal/file/FileCollectionFactory;Lorg/gradle/api/internal/DomainObjectContext;Lorg/gradle/api/internal/artifacts/Module;)Lorg/gradle/api/internal/artifacts/DependencyResolutionServices; 15 <appendix> member <vmtarget> ; # org/gradle/api/internal/artifacts/DefaultDependencyManagementServices$$Lambda+0x000001dec340b578
instanceKlass  @cpi org/gradle/api/internal/artifacts/DefaultDependencyManagementServices 193 form vmentry <vmtarget> ; # java/lang/invoke/LambdaForm$DMH+0x000001dec3418c00
instanceKlass org/gradle/api/internal/artifacts/DefaultModuleIdentifier
instanceKlass org/gradle/api/internal/artifacts/AnonymousModule
instanceKlass org/gradle/internal/model/CalculatedModelValue
instanceKlass org/gradle/api/internal/initialization/StandaloneDomainObjectContext
instanceKlass org/gradle/initialization/SettingsFactory$SettingsServiceRegistryFactory
# instanceKlass java/lang/invoke/LambdaForm$MH+0x000001dec3418800
# instanceKlass java/lang/invoke/LambdaForm$MH+0x000001dec3418400
# instanceKlass java/lang/invoke/LambdaForm$DMH+0x000001dec3418000
instanceKlass org/gradle/internal/resource/ResourceLocation
instanceKlass org/gradle/internal/resource/UriTextResource
instanceKlass org/gradle/groovy/scripts/TextResourceScriptSource
instanceKlass org/gradle/initialization/BuildOperationSettingsProcessor$2$1
instanceKlass org/gradle/initialization/EvaluateSettingsBuildOperationType$Details
instanceKlass org/gradle/initialization/BuildOperationSettingsProcessor$2
instanceKlass  @bci org/gradle/invocation/DefaultGradle getClassLoaderScope ()Lorg/gradle/api/internal/initialization/ClassLoaderScope; 9 <appendix> member <vmtarget> ; # org/gradle/invocation/DefaultGradle$$Lambda+0x000001dec3414180
instanceKlass org/gradle/initialization/DirectoryInitScriptFinder
instanceKlass org/gradle/initialization/CompositeInitScriptFinder
instanceKlass org/gradle/initialization/InitScriptFinder
instanceKlass org/gradle/initialization/DefaultGradlePropertiesController$Loaded
instanceKlass kotlin/text/StringsKt__AppendableKt
instanceKlass org/gradle/internal/extensions/stdlib/MapExtensionsKt
instanceKlass org/gradle/internal/cc/impl/services/DefaultEnvironment$DefaultProperties
instanceKlass org/gradle/initialization/Environment$Properties
instanceKlass org/gradle/initialization/DefaultGradleProperties
instanceKlass org/gradle/internal/extensions/stdlib/CastExtensionsKt
instanceKlass org/gradle/initialization/DefaultSettingsLoader
instanceKlass org/gradle/initialization/SettingsAttachingSettingsLoader
instanceKlass org/gradle/internal/composite/CommandLineIncludedBuildSettingsLoader
instanceKlass org/gradle/internal/composite/ChildBuildRegisteringSettingsLoader
instanceKlass org/gradle/internal/composite/CompositeBuildSettingsLoader
instanceKlass org/gradle/initialization/InitScriptHandlingSettingsLoader
instanceKlass org/gradle/api/internal/initialization/CacheConfigurationsHandlingSettingsLoader
instanceKlass org/gradle/initialization/GradlePropertiesHandlingSettingsLoader
instanceKlass org/gradle/initialization/BuildOperationFiringSettingsPreparer$LoadBuild$1
instanceKlass org/gradle/initialization/LoadBuildBuildOperationType$Details
instanceKlass org/gradle/initialization/BuildOperationFiringSettingsPreparer$LoadBuild
instanceKlass org/gradle/initialization/BuildOperationFiringSettingsPreparer$2
instanceKlass org/gradle/initialization/BuildIdentifiedProgressDetails
instanceKlass  @bci org/gradle/internal/model/StateTransitionController doTransition (Lorg/gradle/internal/model/StateTransitionController$State;Lorg/gradle/internal/model/StateTransitionController$State;Ljava/lang/Runnable;)V 4 <appendix> member <vmtarget> ; # org/gradle/internal/model/StateTransitionController$$Lambda+0x000001dec340e668
instanceKlass  @bci org/gradle/internal/model/StateTransitionController transitionIfNotPreviously (Lorg/gradle/internal/model/StateTransitionController$State;Lorg/gradle/internal/model/StateTransitionController$State;Ljava/lang/Runnable;)V 8 <appendix> member <vmtarget> ; # org/gradle/internal/model/StateTransitionController$$Lambda+0x000001dec340e440
instanceKlass  @bci org/gradle/initialization/VintageBuildModelController prepareSettings ()V 11 <appendix> member <vmtarget> ; # org/gradle/initialization/VintageBuildModelController$$Lambda+0x000001dec340e218
instanceKlass  @bci org/gradle/internal/model/StateTransitionController notInState (Lorg/gradle/internal/model/StateTransitionController$State;Ljava/util/function/Supplier;)Ljava/lang/Object; 7 <appendix> member <vmtarget> ; # org/gradle/internal/model/StateTransitionController$$Lambda+0x000001dec340dff0
instanceKlass  @bci org/gradle/internal/build/DefaultBuildLifecycleController withProjectsConfigured (Ljava/util/function/Function;)Ljava/lang/Object; 9 <appendix> member <vmtarget> ; # org/gradle/internal/build/DefaultBuildLifecycleController$$Lambda+0x000001dec340ddc8
instanceKlass  @bci org/gradle/internal/build/DefaultBuildToolingModelController locateBuilderForTarget (Ljava/lang/String;Z)Lorg/gradle/tooling/provider/model/internal/ToolingModelScope; 33 <appendix> argL0 ; # org/gradle/internal/build/DefaultBuildToolingModelController$$Lambda+0x000001dec340db88
instanceKlass org/gradle/plugins/ide/internal/tooling/idea/IsolatedIdeaModuleInternal
instanceKlass org/gradle/plugins/ide/internal/tooling/model/IsolatedGradleProjectInternal
instanceKlass org/gradle/tooling/model/cpp/CppProject
instanceKlass org/gradle/tooling/model/ProjectModel
instanceKlass org/gradle/tooling/provider/model/internal/PluginApplyingBuilder
instanceKlass org/gradle/plugins/ide/idea/model/IdeaModule
instanceKlass org/apache/commons/lang/text/StrTokenizer
instanceKlass org/apache/commons/lang/text/StrBuilder
instanceKlass org/gradle/plugins/ide/internal/tooling/IsolatedIdeaModuleInternalBuilder
instanceKlass org/gradle/plugins/ide/internal/tooling/IsolatedGradleProjectInternalBuilder
instanceKlass org/gradle/plugins/ide/internal/tooling/BuildEnvironmentBuilder
instanceKlass org/gradle/tooling/model/GradleModuleVersion
instanceKlass org/gradle/plugins/ide/internal/tooling/PublicationsBuilder
instanceKlass org/gradle/plugins/ide/internal/tooling/model/TaskNameComparator
instanceKlass org/gradle/plugins/ide/internal/tooling/BuildInvocationsBuilder
instanceKlass org/gradle/plugins/ide/internal/tooling/BasicIdeaModelBuilder
instanceKlass org/gradle/plugins/ide/internal/tooling/model/PartialBasicGradleProject
instanceKlass org/gradle/plugins/ide/internal/tooling/GradleBuildBuilder
instanceKlass org/gradle/plugins/ide/internal/configurer/HierarchicalElementAdapter
instanceKlass org/gradle/plugins/ide/internal/configurer/EclipseModelAwareUniqueProjectNameProvider
instanceKlass org/gradle/plugins/ide/eclipse/model/AbstractClasspathEntry
instanceKlass org/gradle/plugins/ide/eclipse/model/ClasspathEntry
instanceKlass org/objectweb/asm/Opcodes
instanceKlass org/objectweb/asm/Context
instanceKlass org/objectweb/asm/ClassReader
instanceKlass com/google/common/io/ByteArrayDataOutput
instanceKlass com/google/common/io/ByteArrayDataInput
instanceKlass com/google/common/io/ByteStreams
instanceKlass org/gradle/plugins/ide/internal/tooling/EclipseModelBuilder
instanceKlass org/gradle/plugins/ide/internal/tooling/RunEclipseTasksBuilder
instanceKlass org/gradle/plugins/ide/internal/tooling/RunBuildDependenciesTaskBuilder
instanceKlass org/gradle/tooling/provider/model/ParameterizedToolingModelBuilder
instanceKlass org/gradle/tooling/model/idea/IdeaCompilerOutput
instanceKlass org/gradle/tooling/model/idea/IdeaLanguageLevel
instanceKlass org/gradle/plugins/ide/internal/tooling/IdeaModelBuilder
instanceKlass org/gradle/plugins/ide/internal/tooling/model/LaunchableGradleTask
instanceKlass org/gradle/tooling/internal/protocol/InternalLaunchable
instanceKlass org/gradle/tooling/internal/gradle/GradleProjectIdentity
instanceKlass org/gradle/tooling/internal/gradle/GradleBuildIdentity
instanceKlass org/gradle/plugins/ide/internal/tooling/GradleProjectBuilder
instanceKlass org/gradle/tooling/internal/protocol/cpp/InternalCppTestSuite
instanceKlass org/gradle/tooling/internal/protocol/cpp/InternalCppLibrary
instanceKlass org/gradle/tooling/internal/protocol/cpp/InternalCppApplication
instanceKlass org/gradle/language/cpp/internal/tooling/DefaultCppComponentModel
instanceKlass org/gradle/language/cpp/CppComponent
instanceKlass org/gradle/language/ComponentWithTargetMachines
instanceKlass org/gradle/language/ComponentWithDependencies
instanceKlass org/gradle/language/ComponentWithBinaries
instanceKlass org/gradle/language/cpp/internal/tooling/CppModelBuilder
instanceKlass org/gradle/declarative/dsl/tooling/builders/DeclarativeSchemaModelBuilder
instanceKlass org/gradle/tooling/provider/model/internal/BuildScopeModelBuilder
instanceKlass  @bci org/gradle/internal/service/scopes/BuildScopeServices createBuildScopedToolingModelBuilders (Ljava/util/List;Lorg/gradle/internal/operations/BuildOperationRunner;Lorg/gradle/api/internal/project/ProjectStateRegistry;Lorg/gradle/internal/code/UserCodeApplicationContext;)Lorg/gradle/tooling/provider/model/internal/DefaultToolingModelBuilderRegistry; 18 <appendix> member <vmtarget> ; # org/gradle/internal/service/scopes/BuildScopeServices$$Lambda+0x000001dec3404bf8
instanceKlass org/gradle/tooling/provider/model/internal/DefaultToolingModelBuilderRegistry$RegistrationImpl
instanceKlass org/gradle/tooling/provider/model/internal/DefaultToolingModelBuilderRegistry$VoidToolingModelBuilder
instanceKlass org/gradle/tooling/provider/model/internal/ToolingModelBuilderLookup$Builder
instanceKlass org/gradle/tooling/provider/model/internal/ToolingModelBuilderLookup$Registration
instanceKlass org/gradle/plugins/ide/internal/tooling/GradleProjectBuilderInternal
instanceKlass org/gradle/plugins/ide/internal/tooling/IdeaModelBuilderInternal
instanceKlass org/gradle/plugins/ide/internal/tooling/ToolingModelServices$BuildScopeToolingServices$1
# instanceKlass java/lang/invoke/LambdaForm$MH+0x000001dec3403000
# instanceKlass java/lang/invoke/LambdaForm$MH+0x000001dec3402c00
# instanceKlass java/lang/invoke/LambdaForm$MH+0x000001dec3402800
# instanceKlass java/lang/invoke/LambdaForm$MH+0x000001dec3402400
# instanceKlass java/lang/invoke/LambdaForm$MH+0x000001dec3402000
# instanceKlass java/lang/invoke/LambdaForm$MH+0x000001dec3401c00
# instanceKlass java/lang/invoke/LambdaForm$MH+0x000001dec3401800
# instanceKlass java/lang/invoke/LambdaForm$MH+0x000001dec3401400
instanceKlass org/gradle/tooling/provider/model/internal/DefaultIntermediateToolingModelProvider
instanceKlass org/gradle/tooling/provider/model/internal/ToolingModelProjectDependencyListener
# instanceKlass java/lang/invoke/LambdaForm$MH+0x000001dec3401000
# instanceKlass java/lang/invoke/LambdaForm$MH+0x000001dec3400c00
# instanceKlass java/lang/invoke/LambdaForm$MH+0x000001dec3400800
# instanceKlass java/lang/invoke/LambdaForm$MH+0x000001dec3400400
# instanceKlass java/lang/invoke/LambdaForm$MH+0x000001dec3400000
instanceKlass org/gradle/api/internal/project/DefaultProjectTaskLister
instanceKlass org/gradle/declarative/dsl/tooling/builders/internal/BuildScopeToolingServices$createIdeBuildScopeToolingModelBuilderRegistryAction$1
# instanceKlass java/lang/invoke/LambdaForm$MH+0x000001dec33fc400
instanceKlass org/gradle/plugin/software/internal/DefaultSoftwareTypeRegistry
instanceKlass  @bci com/google/common/collect/CollectCollectors toImmutableMap (Ljava/util/function/Function;Ljava/util/function/Function;)Ljava/util/stream/Collector; 27 <appendix> argL0 ; # com/google/common/collect/CollectCollectors$$Lambda+0x000001dec33fdda0
instanceKlass  @bci com/google/common/collect/CollectCollectors toImmutableMap (Ljava/util/function/Function;Ljava/util/function/Function;)Ljava/util/stream/Collector; 22 <appendix> argL0 ; # com/google/common/collect/CollectCollectors$$Lambda+0x000001dec33fdb58
instanceKlass  @bci com/google/common/collect/CollectCollectors toImmutableMap (Ljava/util/function/Function;Ljava/util/function/Function;)Ljava/util/stream/Collector; 17 <appendix> member <vmtarget> ; # com/google/common/collect/CollectCollectors$$Lambda+0x000001dec33fd920
instanceKlass  @bci com/google/common/collect/CollectCollectors toImmutableMap (Ljava/util/function/Function;Ljava/util/function/Function;)Ljava/util/stream/Collector; 10 <appendix> argL0 ; # com/google/common/collect/CollectCollectors$$Lambda+0x000001dec33fd700
instanceKlass  @bci org/gradle/internal/properties/bean/DefaultPropertyWalker <init> (Lorg/gradle/internal/properties/annotations/TypeMetadataStore;Lorg/gradle/internal/properties/bean/ImplementationResolver;Ljava/util/Collection;)V 26 <appendix> argL0 ; # org/gradle/internal/properties/bean/DefaultPropertyWalker$$Lambda+0x000001dec33fd4c0
instanceKlass  @bci org/gradle/internal/properties/annotations/AbstractTypeMetadataWalker$InstanceTypeMetadataWalker <init> (Lorg/gradle/internal/properties/annotations/TypeMetadataStore;Ljava/lang/Class;)V 3 <appendix> argL0 ; # org/gradle/internal/properties/annotations/AbstractTypeMetadataWalker$InstanceTypeMetadataWalker$$Lambda+0x000001dec33fd2a0
instanceKlass org/gradle/internal/properties/annotations/AbstractTypeMetadataWalker
instanceKlass org/gradle/internal/properties/annotations/TypeMetadataWalker$InstanceMetadataWalker
instanceKlass org/gradle/internal/properties/annotations/TypeMetadataWalker$StaticMetadataWalker
instanceKlass org/gradle/internal/properties/annotations/TypeMetadataWalker
instanceKlass org/gradle/api/internal/tasks/properties/ScriptSourceAwareImplementationResolver
instanceKlass org/gradle/internal/properties/annotations/TypeMetadataWalker$TypeMetadataVisitor
instanceKlass org/gradle/internal/properties/bean/DefaultPropertyWalker
instanceKlass  @bci java/util/function/Predicate isEqual (Ljava/lang/Object;)Ljava/util/function/Predicate; 14 <appendix> member <vmtarget> ; # java/util/function/Predicate$$Lambda+0x000001dec3372130
instanceKlass  @bci org/gradle/internal/properties/annotations/DefaultTypeMetadataStore calculateDisplayName (Ljava/util/Collection;)Ljava/lang/String; 6 <appendix> argL0 ; # org/gradle/internal/properties/annotations/DefaultTypeMetadataStore$$Lambda+0x000001dec33fecf0
instanceKlass  @bci org/gradle/internal/properties/annotations/DefaultTypeMetadataStore <init> (Ljava/util/Collection;Ljava/util/Collection;Ljava/util/Collection;Ljava/util/Collection;Ljava/util/Collection;Lorg/gradle/internal/reflect/annotations/TypeAnnotationMetadataStore;Lorg/gradle/internal/properties/annotations/PropertyTypeResolver;Lorg/gradle/cache/internal/ClassCacheFactory;Lorg/gradle/internal/properties/annotations/MissingPropertyAnnotationHandler;)V 36 <appendix> argL0 ; # org/gradle/internal/properties/annotations/DefaultTypeMetadataStore$$Lambda+0x000001dec33fea90
instanceKlass  @bci org/gradle/internal/properties/annotations/DefaultTypeMetadataStore <init> (Ljava/util/Collection;Ljava/util/Collection;Ljava/util/Collection;Ljava/util/Collection;Ljava/util/Collection;Lorg/gradle/internal/reflect/annotations/TypeAnnotationMetadataStore;Lorg/gradle/internal/properties/annotations/PropertyTypeResolver;Lorg/gradle/cache/internal/ClassCacheFactory;Lorg/gradle/internal/properties/annotations/MissingPropertyAnnotationHandler;)V 14 <appendix> argL0 ; # org/gradle/internal/properties/annotations/DefaultTypeMetadataStore$$Lambda+0x000001dec33fe830
instanceKlass org/gradle/internal/properties/annotations/TypeMetadata
instanceKlass org/gradle/internal/properties/annotations/FunctionMetadata
instanceKlass org/gradle/internal/properties/annotations/PropertyMetadata
instanceKlass org/gradle/internal/properties/annotations/DefaultTypeMetadataStore
instanceKlass org/gradle/api/internal/tasks/properties/DefaultPropertyTypeResolver
instanceKlass org/gradle/internal/properties/annotations/TypeMetadataStore
instanceKlass org/gradle/internal/properties/bean/ImplementationResolver
instanceKlass org/gradle/internal/properties/annotations/PropertyTypeResolver
instanceKlass org/gradle/api/internal/tasks/properties/InspectionSchemeFactory$InspectionSchemeImpl
instanceKlass  @bci org/gradle/internal/properties/annotations/MissingPropertyAnnotationHandler <clinit> ()V 8 <appendix> argL0 ; # org/gradle/internal/properties/annotations/MissingPropertyAnnotationHandler$$Lambda+0x000001dec33fb1c8
instanceKlass  @bci org/gradle/internal/properties/annotations/MissingPropertyAnnotationHandler <clinit> ()V 0 <appendix> argL0 ; # org/gradle/internal/properties/annotations/MissingPropertyAnnotationHandler$$Lambda+0x000001dec33fafa8
instanceKlass org/gradle/internal/reflect/annotations/PropertyAnnotationMetadata
instanceKlass org/gradle/internal/properties/annotations/MissingPropertyAnnotationHandler
instanceKlass org/gradle/api/internal/tasks/properties/InspectionScheme
# instanceKlass java/lang/invoke/LambdaForm$MH+0x000001dec33fc000
# instanceKlass java/lang/invoke/LambdaForm$MH+0x000001dec33f4c00
# instanceKlass java/lang/invoke/LambdaForm$MH+0x000001dec33f4800
# instanceKlass java/lang/invoke/LambdaForm$MH+0x000001dec33f4400
instanceKlass org/apache/commons/lang/builder/HashCodeBuilder
instanceKlass com/google/common/base/Equivalence$Wrapper
instanceKlass org/gradle/internal/reflect/Methods
instanceKlass org/gradle/internal/lazy/FixedLazy
instanceKlass  @bci org/gradle/internal/reflect/annotations/impl/DefaultTypeAnnotationMetadataStore collectIgnoredPackagePrefixes (Ljava/util/Collection;)Lcom/google/common/collect/ImmutableSet; 6 <appendix> argL0 ; # org/gradle/internal/reflect/annotations/impl/DefaultTypeAnnotationMetadataStore$$Lambda+0x000001dec33f5908
instanceKlass  @bci org/gradle/internal/service/scopes/ExecutionGlobalServices createAnnotationMetadataStore (Lorg/gradle/cache/internal/CrossBuildInMemoryCacheFactory;Lorg/gradle/internal/service/scopes/ExecutionGlobalServices$AnnotationHandlerRegistar;)Lorg/gradle/internal/reflect/annotations/TypeAnnotationMetadataStore; 110 <appendix> argL0 ; # org/gradle/internal/service/scopes/ExecutionGlobalServices$$Lambda+0x000001dec33f56b8
instanceKlass org/gradle/internal/scripts/ScriptOrigin
instanceKlass org/gradle/api/internal/DomainObjectCollectionInternal
instanceKlass org/gradle/internal/metaobject/PropertyMixIn
instanceKlass org/gradle/internal/metaobject/MethodMixIn
instanceKlass org/gradle/util/internal/ConfigureUtil$WrappedConfigureAction
instanceKlass  @bci java/util/stream/Collectors uniqKeysMapMerger ()Ljava/util/function/BinaryOperator; 0 <appendix> argL0 ; # java/util/stream/Collectors$$Lambda+0x000001dec3371ee8
instanceKlass  @bci java/util/stream/Collectors uniqKeysMapAccumulator (Ljava/util/function/Function;Ljava/util/function/Function;)Ljava/util/function/BiConsumer; 2 <appendix> member <vmtarget> ; # java/util/stream/Collectors$$Lambda+0x000001dec3371cb0
instanceKlass  @bci java/util/stream/Collectors toMap (Ljava/util/function/Function;Ljava/util/function/Function;)Ljava/util/stream/Collector; 4 <appendix> argL0 ; # java/util/stream/Collectors$$Lambda+0x000001dec3371a90
instanceKlass  @bci org/gradle/internal/service/scopes/ExecutionGlobalServices createAnnotationMetadataStore (Lorg/gradle/cache/internal/CrossBuildInMemoryCacheFactory;Lorg/gradle/internal/service/scopes/ExecutionGlobalServices$AnnotationHandlerRegistar;)Lorg/gradle/internal/reflect/annotations/TypeAnnotationMetadataStore; 54 <appendix> argL0 ; # org/gradle/internal/service/scopes/ExecutionGlobalServices$$Lambda+0x000001dec33f7358
instanceKlass  @bci org/gradle/internal/service/scopes/ExecutionGlobalServices createAnnotationMetadataStore (Lorg/gradle/cache/internal/CrossBuildInMemoryCacheFactory;Lorg/gradle/internal/service/scopes/ExecutionGlobalServices$AnnotationHandlerRegistar;)Lorg/gradle/internal/reflect/annotations/TypeAnnotationMetadataStore; 49 <appendix> argL0 ; # org/gradle/internal/service/scopes/ExecutionGlobalServices$$Lambda+0x000001dec33f7118
instanceKlass org/gradle/internal/reflect/annotations/AnnotationCategory$1
instanceKlass org/gradle/api/internal/plugins/software/RegistersSoftwareTypes
instanceKlass org/gradle/internal/reflect/annotations/impl/DefaultTypeAnnotationMetadataStore$1
instanceKlass org/gradle/internal/reflect/annotations/HasAnnotationMetadata
instanceKlass org/gradle/internal/reflect/validation/TypeValidationContext
instanceKlass org/gradle/internal/reflect/annotations/TypeAnnotationMetadata
instanceKlass org/gradle/internal/reflect/annotations/impl/DefaultTypeAnnotationMetadataStore
instanceKlass  @bci org/gradle/internal/service/scopes/ExecutionGlobalServices lambda$createAnnotationRegistry$1 (Ljava/util/List;Lcom/google/common/collect/ImmutableSet$Builder;)V 2 <appendix> member <vmtarget> ; # org/gradle/internal/service/scopes/ExecutionGlobalServices$$Lambda+0x000001dec33f6000
instanceKlass  @bci org/gradle/internal/service/scopes/ExecutionGlobalServices createAnnotationRegistry (Ljava/util/List;)Lorg/gradle/internal/service/scopes/ExecutionGlobalServices$AnnotationHandlerRegistar; 1 <appendix> member <vmtarget> ; # org/gradle/internal/service/scopes/ExecutionGlobalServices$$Lambda+0x000001dec33f3d08
instanceKlass org/gradle/api/tasks/CacheableTask
instanceKlass org/gradle/api/tasks/UntrackedTask
instanceKlass org/gradle/work/DisableCachingByDefault
instanceKlass org/gradle/api/artifacts/transform/CacheableTransform
instanceKlass org/gradle/internal/properties/annotations/AbstractTypeAnnotationHandler
instanceKlass org/gradle/internal/build/DefaultBuildToolingModelController
instanceKlass  @bci org/gradle/internal/buildtree/DefaultBuildTreeModelCreator$DefaultBuildTreeModelController locateBuilderForBuildTarget (Lorg/gradle/internal/build/BuildState;Ljava/lang/String;Z)Lorg/gradle/tooling/provider/model/internal/ToolingModelScope; 3 <appendix> member <vmtarget> ; # org/gradle/internal/buildtree/DefaultBuildTreeModelCreator$DefaultBuildTreeModelController$$Lambda+0x000001dec33f0ad8
instanceKlass  @cpi org/gradle/internal/buildtree/DefaultBuildTreeModelCreator$DefaultBuildTreeModelController 319 form vmentry <vmtarget> ; # java/lang/invoke/LambdaForm$DMH+0x000001dec33f4000
instanceKlass org/gradle/tooling/provider/model/internal/ToolingModelScope
instanceKlass org/gradle/internal/build/BuildToolingModelController
instanceKlass org/gradle/internal/buildtree/DefaultBuildTreeModelCreator$DefaultBuildTreeModelController$1
instanceKlass org/gradle/internal/buildtree/DefaultBuildTreeModelCreator$DefaultBuildTreeModelController
instanceKlass  @bci org/gradle/internal/model/StateTransitionController lambda$transition$7 (Lorg/gradle/internal/model/StateTransitionController$State;Lorg/gradle/internal/model/StateTransitionController$State;Ljava/util/function/Supplier;)Ljava/lang/Object; 4 <appendix> member <vmtarget> ; # org/gradle/internal/model/StateTransitionController$$Lambda+0x000001dec33f0000
instanceKlass  @bci org/gradle/internal/model/StateTransitionController transition (Lorg/gradle/internal/model/StateTransitionController$State;Lorg/gradle/internal/model/StateTransitionController$State;Ljava/util/function/Supplier;)Ljava/lang/Object; 8 <appendix> member <vmtarget> ; # org/gradle/internal/model/StateTransitionController$$Lambda+0x000001dec33edce0
instanceKlass  @bci org/gradle/internal/buildtree/DefaultBuildTreeLifecycleController runBuild (Ljava/util/function/Supplier;)Ljava/lang/Object; 12 <appendix> member <vmtarget> ; # org/gradle/internal/buildtree/DefaultBuildTreeLifecycleController$$Lambda+0x000001dec33edab8
instanceKlass  @bci org/gradle/internal/buildtree/DefaultBuildTreeLifecycleController fromBuildModel (ZLorg/gradle/internal/buildtree/BuildTreeModelAction;)Ljava/lang/Object; 4 <adapter> ; # java/lang/invoke/LambdaForm$MH+0x000001dec33ecc00
# instanceKlass java/lang/invoke/LambdaForm$DMH+0x000001dec33ec800
instanceKlass  @bci org/gradle/internal/buildtree/DefaultBuildTreeLifecycleController fromBuildModel (ZLorg/gradle/internal/buildtree/BuildTreeModelAction;)Ljava/lang/Object; 4 <appendix> form vmentry <vmtarget> ; # java/lang/invoke/LambdaForm$DMH+0x000001dec33ec400
instanceKlass  @bci org/gradle/internal/buildtree/DefaultBuildTreeLifecycleController fromBuildModel (ZLorg/gradle/internal/buildtree/BuildTreeModelAction;)Ljava/lang/Object; 4 <appendix> member <vmtarget> ; # org/gradle/internal/buildtree/DefaultBuildTreeLifecycleController$$Lambda+0x000001dec33ed890
instanceKlass org/gradle/internal/build/ExecutionResult
instanceKlass org/gradle/internal/buildtree/BuildTreeModelTarget
instanceKlass org/gradle/tooling/internal/provider/runner/BuildModelActionRunner$ModelCreateAction
instanceKlass  @bci org/gradle/internal/buildtree/ProblemReportingBuildActionRunner getRootProjectBuildDirCollectingListener (Lorg/gradle/internal/buildtree/BuildTreeLifecycleController;)Lorg/gradle/internal/buildtree/ProblemReportingBuildActionRunner$RootProjectBuildDirCollectingListener; 14 <appendix> member <vmtarget> ; # org/gradle/internal/buildtree/ProblemReportingBuildActionRunner$$Lambda+0x000001dec33ed000
instanceKlass org/gradle/internal/event/DefaultListenerManager$ExclusiveEventBroadcast$3
instanceKlass  @bci org/gradle/internal/model/StateTransitionController inState (Lorg/gradle/internal/model/StateTransitionController$State;Ljava/util/function/Supplier;)Ljava/lang/Object; 7 <appendix> member <vmtarget> ; # org/gradle/internal/model/StateTransitionController$$Lambda+0x000001dec33ef888
instanceKlass  @bci org/gradle/internal/model/StateTransitionController inState (Lorg/gradle/internal/model/StateTransitionController$State;Ljava/lang/Runnable;)V 3 <appendix> member <vmtarget> ; # org/gradle/internal/model/StateTransitionController$$Lambda+0x000001dec33ef660
instanceKlass  @bci org/gradle/internal/buildtree/DefaultBuildTreeLifecycleController beforeBuild (Ljava/util/function/Consumer;)V 9 <appendix> member <vmtarget> ; # org/gradle/internal/buildtree/DefaultBuildTreeLifecycleController$$Lambda+0x000001dec33ef438
instanceKlass  @bci org/gradle/launcher/exec/BuildOutcomeReportingBuildActionRunner run (Lorg/gradle/internal/invocation/BuildAction;Lorg/gradle/internal/buildtree/BuildTreeLifecycleController;)Lorg/gradle/internal/buildtree/BuildActionRunner$Result; 53 <appendix> member <vmtarget> ; # org/gradle/launcher/exec/BuildOutcomeReportingBuildActionRunner$$Lambda+0x000001dec33ef200
instanceKlass org/gradle/internal/logging/format/TersePrettyDurationFormatter
instanceKlass org/gradle/internal/buildevents/BuildResultLogger
instanceKlass org/gradle/util/internal/TreeVisitor
instanceKlass org/gradle/internal/exceptions/FailureResolutionAware$Context
instanceKlass org/gradle/internal/buildevents/BuildExceptionReporter
instanceKlass org/gradle/internal/logging/format/DurationFormatter
instanceKlass org/gradle/internal/buildevents/BuildLogger
instanceKlass org/gradle/api/internal/tasks/execution/statistics/TaskExecutionStatisticsEventAdapter
instanceKlass org/gradle/tooling/internal/provider/FileSystemWatchingBuildActionRunner$1
instanceKlass org/gradle/internal/watch/options/FileSystemWatchingSettingsFinalizedProgressDetails
instanceKlass org/gradle/internal/operations/notify/BuildOperationNotificationBridge$Finished
instanceKlass org/gradle/internal/operations/OperationFinishEvent
instanceKlass org/gradle/internal/watch/vfs/impl/WatchingVirtualFileSystem$1$1
instanceKlass org/gradle/internal/watch/vfs/BuildStartedFileSystemWatchingBuildOperationType$Result
instanceKlass  @bci org/gradle/internal/watch/registry/impl/AbstractFileWatcherUpdater update (Lorg/gradle/internal/snapshot/SnapshotHierarchy;)V 58 <appendix> member <vmtarget> ; # org/gradle/internal/watch/registry/impl/AbstractFileWatcherUpdater$$Lambda+0x000001dec33eac20
instanceKlass  @bci org/gradle/internal/watch/registry/impl/AbstractFileWatcherUpdater hasWatchableContent (Ljava/util/stream/Stream;Lorg/gradle/internal/watch/registry/impl/WatchableHierarchies;)Z 2 <appendix> member <vmtarget> ; # org/gradle/internal/watch/registry/impl/AbstractFileWatcherUpdater$$Lambda+0x000001dec33ea9c8
instanceKlass  @bci org/gradle/internal/watch/registry/impl/AbstractFileWatcherUpdater resolveWatchedFiles (Lorg/gradle/internal/watch/registry/impl/WatchableHierarchies;Lorg/gradle/internal/snapshot/SnapshotHierarchy;)Lorg/gradle/internal/file/FileHierarchySet; 29 <appendix> argL0 ; # org/gradle/internal/watch/registry/impl/AbstractFileWatcherUpdater$$Lambda+0x000001dec33ea798
instanceKlass  @bci org/gradle/internal/watch/registry/impl/AbstractFileWatcherUpdater resolveWatchedFiles (Lorg/gradle/internal/watch/registry/impl/WatchableHierarchies;Lorg/gradle/internal/snapshot/SnapshotHierarchy;)Lorg/gradle/internal/file/FileHierarchySet; 16 <appendix> member <vmtarget> ; # org/gradle/internal/watch/registry/impl/AbstractFileWatcherUpdater$$Lambda+0x000001dec33ea540
instanceKlass  @bci org/gradle/internal/watch/registry/impl/AbstractFileWatcherUpdater resolveWatchedFiles (Lorg/gradle/internal/watch/registry/impl/WatchableHierarchies;Lorg/gradle/internal/snapshot/SnapshotHierarchy;)Lorg/gradle/internal/file/FileHierarchySet; 4 <appendix> argL0 ; # org/gradle/internal/watch/registry/impl/AbstractFileWatcherUpdater$$Lambda+0x000001dec33ea300
instanceKlass java/util/ArrayDeque$DeqSpliterator
instanceKlass  @bci org/gradle/internal/watch/registry/impl/WatchableHierarchies checkThatNothingExistsInNewWatchableHierarchy (Ljava/lang/String;Lorg/gradle/internal/snapshot/SnapshotHierarchy;)V 24 <appendix> member <vmtarget> ; # org/gradle/internal/watch/registry/impl/WatchableHierarchies$$Lambda+0x000001dec33e9c88
instanceKlass  @bci org/gradle/internal/watch/registry/impl/WatchableHierarchies checkThatNothingExistsInNewWatchableHierarchy (Ljava/lang/String;Lorg/gradle/internal/snapshot/SnapshotHierarchy;)V 8 <appendix> member <vmtarget> ; # org/gradle/internal/watch/registry/impl/WatchableHierarchies$$Lambda+0x000001dec33e9a30
instanceKlass  @bci org/gradle/internal/watch/vfs/impl/WatchingVirtualFileSystem startWatching (Lorg/gradle/internal/snapshot/SnapshotHierarchy;Lorg/gradle/internal/watch/registry/WatchMode;Ljava/util/List;)Lorg/gradle/internal/snapshot/SnapshotHierarchy; 85 <appendix> member <vmtarget> ; # org/gradle/internal/watch/vfs/impl/WatchingVirtualFileSystem$$Lambda+0x000001dec33e97f8
instanceKlass  @bci org/gradle/internal/watch/registry/impl/WatchableHierarchies updateUnwatchableFilesOnBuildStart (Lorg/gradle/internal/snapshot/SnapshotHierarchy;Lorg/gradle/internal/watch/registry/impl/WatchableHierarchies$Invalidator;Ljava/util/List;)Lorg/gradle/internal/snapshot/SnapshotHierarchy; 19 <appendix> argL0 ; # org/gradle/internal/watch/registry/impl/WatchableHierarchies$$Lambda+0x000001dec33e95c8
instanceKlass  @bci org/gradle/internal/Combiners nonCombining ()Ljava/util/function/BinaryOperator; 0 <appendix> argL0 ; # org/gradle/internal/Combiners$$Lambda+0x000001dec33e9380
instanceKlass org/gradle/internal/Combiners
instanceKlass  @bci org/gradle/internal/watch/registry/impl/WatchableHierarchies removeUnprovenHierarchies (Lorg/gradle/internal/snapshot/SnapshotHierarchy;Lorg/gradle/internal/watch/registry/impl/WatchableHierarchies$Invalidator;Lorg/gradle/internal/watch/registry/WatchMode;)Lorg/gradle/internal/snapshot/SnapshotHierarchy; 13 <appendix> member <vmtarget> ; # org/gradle/internal/watch/registry/impl/WatchableHierarchies$$Lambda+0x000001dec33e8f40
instanceKlass  @bci org/gradle/internal/watch/registry/impl/DefaultFileWatcherProbeRegistry unprovenHierarchies ()Ljava/util/stream/Stream; 24 <appendix> argL0 ; # org/gradle/internal/watch/registry/impl/DefaultFileWatcherProbeRegistry$$Lambda+0x000001dec33e8d00
instanceKlass  @bci org/gradle/internal/watch/registry/impl/DefaultFileWatcherProbeRegistry unprovenHierarchies ()Ljava/util/stream/Stream; 14 <appendix> argL0 ; # org/gradle/internal/watch/registry/impl/DefaultFileWatcherProbeRegistry$$Lambda+0x000001dec33e8ab0
instanceKlass  @cpi org/gradle/internal/scripts/BuildScriptCompilationAndInstrumentation 342 form vmentry <vmtarget> ; # java/lang/invoke/LambdaForm$DMH+0x000001dec33ec000
instanceKlass org/gradle/internal/watch/registry/impl/DefaultFileWatcherProbeRegistry$WatchProbe
instanceKlass  @bci org/gradle/internal/watch/registry/impl/HierarchicalFileWatcherUpdater createInvalidator ()Lorg/gradle/internal/watch/registry/impl/WatchableHierarchies$Invalidator; 0 <appendix> argL0 ; # org/gradle/internal/watch/registry/impl/HierarchicalFileWatcherUpdater$$Lambda+0x000001dec33e8650
instanceKlass org/gradle/internal/watch/registry/impl/WatchableHierarchies$Invalidator
instanceKlass  @bci org/gradle/internal/watch/registry/impl/DefaultFileWatcherRegistry createAndStartEventConsumerThread (Lorg/gradle/internal/watch/registry/FileWatcherRegistry$ChangeHandler;)Ljava/lang/Thread; 28 <appendix> member <vmtarget> ; # org/gradle/internal/watch/registry/impl/DefaultFileWatcherRegistry$$Lambda+0x000001dec33e8228
instanceKlass  @bci org/gradle/internal/watch/registry/impl/DefaultFileWatcherRegistry createAndStartEventConsumerThread (Lorg/gradle/internal/watch/registry/FileWatcherRegistry$ChangeHandler;)Ljava/lang/Thread; 6 <appendix> member <vmtarget> ; # org/gradle/internal/watch/registry/impl/DefaultFileWatcherRegistry$$Lambda+0x000001dec33e8000
instanceKlass org/gradle/internal/watch/registry/impl/DefaultFileWatcherRegistry$MutableFileWatchingStatistics
instanceKlass org/gradle/fileevents/FileWatchEvent$Handler
instanceKlass org/gradle/internal/watch/registry/FileWatcherRegistry$FileWatchingStatistics
instanceKlass org/gradle/internal/watch/registry/impl/DefaultFileWatcherRegistry
instanceKlass  @bci org/gradle/internal/watch/registry/impl/WindowsFileWatcherRegistryFactory createFileWatcherUpdater (Lorg/gradle/fileevents/internal/WindowsFileEventFunctions$WindowsFileWatcher;Lorg/gradle/internal/watch/registry/FileWatcherProbeRegistry;Lorg/gradle/internal/watch/registry/impl/WatchableHierarchies;)Lorg/gradle/internal/watch/registry/FileWatcherUpdater; 11 <appendix> member <vmtarget> ; # org/gradle/internal/watch/registry/impl/WindowsFileWatcherRegistryFactory$$Lambda+0x000001dec33e72e8
instanceKlass org/gradle/internal/watch/registry/impl/AbstractFileWatcherUpdater$MovedDirectoryHandler
instanceKlass  @bci org/gradle/internal/watch/registry/impl/HierarchicalFileWatcherUpdater$FileSystemLocationToWatchValidator <clinit> ()V 0 <appendix> argL0 ; # org/gradle/internal/watch/registry/impl/HierarchicalFileWatcherUpdater$FileSystemLocationToWatchValidator$$Lambda+0x000001dec33e6ec8
instanceKlass org/gradle/internal/watch/registry/impl/HierarchicalFileWatcherUpdater$FileSystemLocationToWatchValidator
instanceKlass org/gradle/internal/watch/registry/impl/AbstractFileWatcherUpdater
instanceKlass org/gradle/internal/file/FileHierarchySet$RootVisitor
instanceKlass org/gradle/internal/watch/registry/impl/WatchableHierarchies
instanceKlass org/gradle/fileevents/internal/AbstractFileEventFunctions$AbstractFileWatcher
instanceKlass org/gradle/fileevents/FileWatchEvent
instanceKlass org/gradle/fileevents/internal/AbstractFileEventFunctions$NativeFileWatcherCallback
instanceKlass  @bci org/gradle/internal/watch/registry/impl/AbstractFileWatcherRegistryFactory createFileWatcherRegistry (Lorg/gradle/internal/watch/registry/FileWatcherRegistry$ChangeHandler;)Lorg/gradle/internal/watch/registry/FileWatcherRegistry; 15 <appendix> argL0 ; # org/gradle/internal/watch/registry/impl/AbstractFileWatcherRegistryFactory$$Lambda+0x000001dec33e4ce8
instanceKlass org/gradle/internal/watch/registry/impl/DefaultFileWatcherProbeRegistry
instanceKlass org/gradle/internal/watch/vfs/impl/WatchingVirtualFileSystem$BroadcastingChangeHandler
instanceKlass org/gradle/internal/watch/vfs/impl/WatchingVirtualFileSystem$InvalidateVfsChangeHandler
instanceKlass org/gradle/internal/watch/vfs/impl/WatchingVirtualFileSystem$CompositeChangeHandler
instanceKlass org/gradle/internal/watch/vfs/impl/WatchingVirtualFileSystem$FilterChangesToOutputsChangesHandler
instanceKlass  @bci org/gradle/internal/watch/vfs/impl/WatchingVirtualFileSystem$1 call (Lorg/gradle/internal/operations/BuildOperationContext;)Lorg/gradle/internal/snapshot/SnapshotHierarchy; 56 <appendix> member <vmtarget> ; # org/gradle/internal/watch/vfs/impl/WatchingVirtualFileSystem$1$$Lambda+0x000001dec33e3d38
instanceKlass  @bci org/gradle/internal/watch/vfs/impl/DefaultWatchableFileSystemDetector detectUnsupportedFileSystems ()Ljava/util/stream/Stream; 24 <appendix> argL0 ; # org/gradle/internal/watch/vfs/impl/DefaultWatchableFileSystemDetector$$Lambda+0x000001dec33e3af8
instanceKlass  @bci org/gradle/internal/watch/vfs/impl/DefaultWatchableFileSystemDetector detectUnsupportedFileSystems ()Ljava/util/stream/Stream; 14 <appendix> argL0 ; # org/gradle/internal/watch/vfs/impl/DefaultWatchableFileSystemDetector$$Lambda+0x000001dec33e38a8
instanceKlass net/rubygrapefruit/platform/internal/FileSystemList$DefaultCaseSensitivity
instanceKlass net/rubygrapefruit/platform/internal/DefaultFileSystemInfo
instanceKlass net/rubygrapefruit/platform/file/FileSystemInfo
instanceKlass net/rubygrapefruit/platform/internal/jni/PosixFileSystemFunctions
instanceKlass net/rubygrapefruit/platform/file/CaseSensitivity
instanceKlass net/rubygrapefruit/platform/internal/FileSystemList
instanceKlass org/gradle/api/internal/tasks/execution/ExecuteTaskBuildOperationDetails
instanceKlass org/gradle/internal/operations/trace/CustomOperationTraceSerialization
instanceKlass org/gradle/api/internal/tasks/execution/ExecuteTaskBuildOperationType$Details
instanceKlass org/gradle/internal/watch/vfs/BuildStartedFileSystemWatchingBuildOperationType$Details$1
instanceKlass org/gradle/internal/watch/vfs/BuildStartedFileSystemWatchingBuildOperationType$Details
instanceKlass org/gradle/internal/watch/vfs/FileSystemWatchingStatistics
instanceKlass org/gradle/internal/watch/vfs/impl/WatchingVirtualFileSystem$1
instanceKlass  @bci org/gradle/internal/watch/vfs/impl/WatchingVirtualFileSystem afterBuildStarted (Lorg/gradle/internal/watch/registry/WatchMode;Lorg/gradle/internal/watch/vfs/VfsLogging;Lorg/gradle/internal/operations/BuildOperationRunner;)Z 26 <appendix> member <vmtarget> ; # org/gradle/internal/watch/vfs/impl/WatchingVirtualFileSystem$$Lambda+0x000001dec33e1628
instanceKlass org/slf4j/helpers/NamedLoggerBase
instanceKlass org/gradle/configuration/internal/DefaultListenerBuildOperationDecorator
instanceKlass com/google/common/util/concurrent/AbstractFuture$Failure
instanceKlass com/google/common/util/concurrent/AbstractFuture$Cancellation
instanceKlass com/google/common/util/concurrent/AbstractFuture$DelegatingToFuture
instanceKlass com/google/common/util/concurrent/Platform
instanceKlass com/google/common/util/concurrent/Uninterruptibles
instanceKlass org/gradle/api/tasks/util/internal/CachingPatternSpecFactory$CachingSpec
instanceKlass org/gradle/api/internal/file/RelativePathSpec
instanceKlass org/gradle/api/internal/file/pattern/AnythingMatcher
instanceKlass org/gradle/api/internal/file/pattern/FixedPatternStep
instanceKlass org/gradle/api/internal/file/pattern/HasSuffixPatternStep
instanceKlass org/gradle/api/internal/file/pattern/HasPrefixPatternStep
instanceKlass org/gradle/api/internal/file/pattern/HasPrefixAndSuffixPatternStep
instanceKlass org/gradle/api/internal/file/pattern/AnyWildcardPatternStep
instanceKlass org/gradle/api/internal/file/pattern/PatternStep
instanceKlass org/gradle/api/internal/file/pattern/PatternStepFactory
instanceKlass org/gradle/api/internal/file/pattern/FixedStepPathMatcher
instanceKlass org/gradle/api/internal/file/pattern/GreedyPathMatcher
instanceKlass org/gradle/api/internal/file/pattern/EndOfPathMatcher
instanceKlass org/gradle/api/internal/file/pattern/PatternMatcher
instanceKlass org/gradle/api/internal/file/pattern/PathMatcher
instanceKlass org/gradle/api/internal/file/pattern/PatternMatcherFactory
instanceKlass com/google/common/base/Stopwatch
instanceKlass com/google/common/util/concurrent/AbstractFuture$Listener
instanceKlass com/google/common/util/concurrent/AbstractFutureState$Waiter
instanceKlass com/google/common/util/concurrent/LazyLogger
instanceKlass com/google/common/util/concurrent/AbstractFutureState$AtomicHelper
instanceKlass com/google/common/util/concurrent/internal/InternalFutureFailureAccess
instanceKlass com/google/common/util/concurrent/AbstractFuture$Trusted
instanceKlass com/google/common/util/concurrent/ListenableFuture
instanceKlass org/gradle/api/tasks/util/internal/CachingPatternSpecFactory$1
instanceKlass org/gradle/api/tasks/util/internal/CachingPatternSpecFactory$SpecKey
instanceKlass  @bci org/gradle/launcher/exec/RootBuildLifecycleBuildActionExecutor execute (Lorg/gradle/internal/invocation/BuildAction;Lorg/gradle/internal/buildtree/BuildTreeContext;)Lorg/gradle/internal/buildtree/BuildActionRunner$Result; 70 <appendix> member <vmtarget> ; # org/gradle/launcher/exec/RootBuildLifecycleBuildActionExecutor$$Lambda+0x000001dec33d5360
instanceKlass org/gradle/initialization/buildsrc/BuildSrcDetector
instanceKlass  @bci org/gradle/internal/vfs/impl/AbstractVirtualFileSystem updateRootUnderLock (Ljava/util/function/UnaryOperator;)V 3 <appendix> member <vmtarget> ; # org/gradle/internal/vfs/impl/AbstractVirtualFileSystem$$Lambda+0x000001dec33d4f30
instanceKlass  @bci org/gradle/internal/watch/vfs/impl/WatchingVirtualFileSystem registerWatchableHierarchy (Ljava/io/File;)V 3 <appendix> member <vmtarget> ; # org/gradle/internal/watch/vfs/impl/WatchingVirtualFileSystem$$Lambda+0x000001dec33d4cd0
instanceKlass java/util/function/UnaryOperator
instanceKlass org/gradle/internal/buildtree/DefaultBuildTreeLifecycleController
instanceKlass org/gradle/internal/buildtree/BuildTreeLifecycleController
instanceKlass org/gradle/internal/cc/impl/VintageBuildTreeWorkController
instanceKlass org/gradle/internal/buildtree/BuildTreeWorkController
instanceKlass org/gradle/internal/buildtree/IntermediateBuildActionRunner
instanceKlass org/gradle/internal/buildtree/BuildTreeModelController
instanceKlass org/gradle/internal/buildtree/DefaultBuildTreeModelCreator
instanceKlass org/gradle/internal/buildtree/BuildTreeModelCreator
instanceKlass org/gradle/internal/buildtree/DefaultBuildTreeWorkPreparer
instanceKlass org/gradle/internal/buildtree/BuildTreeWorkPreparer
instanceKlass org/gradle/internal/buildtree/DefaultBuildTreeFinishExecutor
instanceKlass org/gradle/composite/internal/OperationFiringBuildTreeFinishExecutor$3
instanceKlass org/gradle/composite/internal/OperationFiringBuildTreeFinishExecutor$2
instanceKlass org/gradle/operations/lifecycle/FinishRootBuildTreeBuildOperationType$Result
instanceKlass org/gradle/operations/lifecycle/FinishRootBuildTreeBuildOperationType$Details
instanceKlass org/gradle/composite/internal/OperationFiringBuildTreeFinishExecutor
instanceKlass org/gradle/internal/buildtree/DefaultBuildTreeWorkExecutor
instanceKlass org/gradle/internal/buildtree/BuildOperationFiringBuildTreeWorkExecutor$1
instanceKlass org/gradle/operations/lifecycle/RunRequestedWorkBuildOperationType$Details
instanceKlass org/gradle/internal/buildtree/BuildOperationFiringBuildTreeWorkExecutor
# instanceKlass java/lang/invoke/LambdaForm$MH+0x000001dec33d2400
# instanceKlass java/lang/invoke/LambdaForm$MH+0x000001dec33d2000
# instanceKlass java/lang/invoke/LambdaForm$MH+0x000001dec33d1c00
# instanceKlass java/lang/invoke/LambdaForm$MH+0x000001dec33d1800
# instanceKlass java/lang/invoke/LambdaForm$MH+0x000001dec33d1400
# instanceKlass java/lang/invoke/LambdaForm$MH+0x000001dec33d1000
# instanceKlass java/lang/invoke/LambdaForm$MH+0x000001dec33d0c00
# instanceKlass java/lang/invoke/LambdaForm$MH+0x000001dec33d0800
# instanceKlass java/lang/invoke/LambdaForm$DMH+0x000001dec33d0400
instanceKlass org/gradle/internal/cc/impl/models/DefaultToolingModelParameterCarrierFactory
instanceKlass org/gradle/execution/SelectedTaskExecutionAction
instanceKlass org/gradle/execution/DryRunBuildExecutionAction
instanceKlass org/gradle/execution/BuildOperationFiringBuildWorkerExecutor
instanceKlass org/gradle/internal/build/DefaultBuildWorkPreparer
instanceKlass org/gradle/internal/build/BuildOperationFiringBuildWorkPreparer
# instanceKlass java/lang/invoke/LambdaForm$MH+0x000001dec33d0000
# instanceKlass java/lang/invoke/LambdaForm$MH+0x000001dec33cac00
instanceKlass org/gradle/execution/plan/ToPlannedNodeConverterRegistry$MissingToPlannedNodeConverter
instanceKlass org/gradle/execution/plan/ExecutionPlan
# instanceKlass java/lang/invoke/LambdaForm$MH+0x000001dec33ca800
# instanceKlass java/lang/invoke/LambdaForm$MH+0x000001dec33ca400
# instanceKlass java/lang/invoke/LambdaForm$MH+0x000001dec33ca000
# instanceKlass java/lang/invoke/LambdaForm$MH+0x000001dec33c9c00
# instanceKlass java/lang/invoke/LambdaForm$MH+0x000001dec33c9800
# instanceKlass java/lang/invoke/LambdaForm$MH+0x000001dec33c9400
# instanceKlass java/lang/invoke/LambdaForm$MH+0x000001dec33c9000
# instanceKlass java/lang/invoke/LambdaForm$MH+0x000001dec33c8c00
instanceKlass org/gradle/internal/graph/CachingDirectedGraphWalker$GraphWithEmptyEdges
instanceKlass org/gradle/api/internal/tasks/CachingTaskDependencyResolveContext$TaskGraphImpl
instanceKlass org/gradle/internal/graph/DirectedGraphWithEdgeValues
instanceKlass org/gradle/internal/graph/CachingDirectedGraphWalker
instanceKlass org/gradle/internal/graph/DirectedGraph
instanceKlass org/gradle/api/internal/tasks/AbstractTaskDependencyResolveContext
instanceKlass org/gradle/api/internal/tasks/TaskDependencyResolveContext
instanceKlass org/gradle/api/internal/artifacts/transform/ToPlannedTransformStepConverter
instanceKlass org/gradle/internal/taskgraph/CalculateTaskGraphBuildOperationType$TaskIdentity
instanceKlass org/gradle/internal/taskgraph/NodeIdentity
instanceKlass org/gradle/execution/plan/PlannedNodeInternal
instanceKlass org/gradle/internal/taskgraph/CalculateTaskGraphBuildOperationType$PlannedNode
instanceKlass org/gradle/execution/plan/ToPlannedTaskConverter
instanceKlass  @bci org/gradle/execution/plan/TaskNodeFactory <init> (Lorg/gradle/api/internal/GradleInternal;Lorg/gradle/composite/internal/BuildTreeWorkGraphController;Lorg/gradle/execution/plan/NodeValidator;Lorg/gradle/internal/operations/BuildOperationRunner;Lorg/gradle/execution/plan/ExecutionNodeAccessHierarchies;Lorg/gradle/api/problems/internal/InternalProblems;)V 49 <appendix> member <vmtarget> ; # org/gradle/execution/plan/TaskNodeFactory$$Lambda+0x000001dec33c2fd0
instanceKlass org/gradle/execution/plan/TaskNodeFactory$DefaultTypeOriginInspectorFactory
# instanceKlass java/lang/invoke/LambdaForm$MH+0x000001dec33c8800
# instanceKlass java/lang/invoke/LambdaForm$MH+0x000001dec33c8400
# instanceKlass java/lang/invoke/LambdaForm$MH+0x000001dec33c8000
# instanceKlass java/lang/invoke/LambdaForm$MH+0x000001dec33c1c00
# instanceKlass java/lang/invoke/LambdaForm$MH+0x000001dec33c1800
# instanceKlass java/lang/invoke/LambdaForm$MH+0x000001dec33c1400
instanceKlass org/gradle/execution/plan/SingleFileTreeElementMatcher
instanceKlass org/gradle/internal/collect/PersistentList
instanceKlass org/gradle/execution/plan/ValuedVfsHierarchy
instanceKlass org/gradle/execution/plan/ExecutionNodeAccessHierarchy$AbstractNodeAccessVisitor
instanceKlass org/gradle/execution/plan/ValuedVfsHierarchy$ValueVisitor
instanceKlass org/gradle/execution/plan/ExecutionNodeAccessHierarchy
instanceKlass org/gradle/internal/build/BuildModelLifecycleListener
instanceKlass org/gradle/BuildResult
instanceKlass org/gradle/execution/plan/BuildWorkPlan
instanceKlass org/gradle/internal/build/DefaultBuildLifecycleController
instanceKlass org/gradle/internal/model/StateTransitionController$CurrentState
instanceKlass org/gradle/internal/model/StateTransitionController
instanceKlass org/gradle/api/internal/artifacts/DefaultBuildIdentifier
instanceKlass org/gradle/internal/model/StateTransitionController$State
instanceKlass org/gradle/initialization/VintageBuildModelController
instanceKlass org/gradle/initialization/DefaultTaskExecutionPreparer
instanceKlass org/gradle/execution/EntryTaskSelector$Context
instanceKlass org/gradle/execution/TaskNameResolvingBuildTaskScheduler
instanceKlass org/gradle/execution/DefaultTasksBuildTaskScheduler
# instanceKlass java/lang/invoke/LambdaForm$MH+0x000001dec33c1000
# instanceKlass java/lang/invoke/LambdaForm$MH+0x000001dec33c0c00
# instanceKlass java/lang/invoke/LambdaForm$MH+0x000001dec33c0800
# instanceKlass java/lang/invoke/LambdaForm$MH+0x000001dec33c0400
# instanceKlass java/lang/invoke/LambdaForm$MH+0x000001dec33c0000
instanceKlass  @bci org/gradle/execution/selection/DefaultBuildTaskSelector relativeToBuild (Lorg/gradle/internal/build/BuildState;)Lorg/gradle/execution/selection/BuildTaskSelector$BuildSpecificSelector; 2 <appendix> member <vmtarget> ; # org/gradle/execution/selection/DefaultBuildTaskSelector$$Lambda+0x000001dec33bf470
instanceKlass org/gradle/execution/commandline/CommandLineTaskConfigurer
instanceKlass org/gradle/api/internal/tasks/options/OptionValueNotationParserFactory
instanceKlass org/gradle/initialization/DefaultSettingsPreparer
instanceKlass org/gradle/initialization/BuildOperationFiringSettingsPreparer$1
instanceKlass org/gradle/initialization/LoadBuildBuildOperationType$Result
instanceKlass org/gradle/initialization/BuildOperationFiringSettingsPreparer
# instanceKlass java/lang/invoke/LambdaForm$MH+0x000001dec33bdc00
# instanceKlass java/lang/invoke/LambdaForm$MH+0x000001dec33bd800
# instanceKlass java/lang/invoke/LambdaForm$MH+0x000001dec33bd400
# instanceKlass java/lang/invoke/LambdaForm$MH+0x000001dec33bd000
# instanceKlass java/lang/invoke/LambdaForm$MH+0x000001dec33bcc00
# instanceKlass java/lang/invoke/LambdaForm$MH+0x000001dec33bc800
# instanceKlass java/lang/invoke/LambdaForm$MH+0x000001dec33bc400
# instanceKlass java/lang/invoke/LambdaForm$MH+0x000001dec33bc000
# instanceKlass java/lang/invoke/LambdaForm$MH+0x000001dec33bbc00
# instanceKlass java/lang/invoke/LambdaForm$MH+0x000001dec33bb800
# instanceKlass java/lang/invoke/LambdaForm$MH+0x000001dec33bb400
# instanceKlass java/lang/invoke/LambdaForm$MH+0x000001dec33bb000
# instanceKlass java/lang/invoke/LambdaForm$MH+0x000001dec33bac00
# instanceKlass java/lang/invoke/LambdaForm$MH+0x000001dec33ba800
instanceKlass org/gradle/configuration/DefaultInitScriptProcessor
instanceKlass org/gradle/initialization/SettingsFactory
instanceKlass org/gradle/initialization/ScriptEvaluatingSettingsProcessor
instanceKlass org/gradle/initialization/SettingsEvaluatedCallbackFiringSettingsProcessor
instanceKlass org/gradle/initialization/RootBuildCacheControllerSettingsProcessor
instanceKlass org/gradle/initialization/BuildOperationSettingsProcessor$1
instanceKlass org/gradle/initialization/EvaluateSettingsBuildOperationType$Result
instanceKlass org/gradle/initialization/BuildOperationSettingsProcessor
# instanceKlass java/lang/invoke/LambdaForm$MH+0x000001dec33ba400
# instanceKlass java/lang/invoke/LambdaForm$MH+0x000001dec33ba000
# instanceKlass java/lang/invoke/LambdaForm$MH+0x000001dec33b9c00
# instanceKlass java/lang/invoke/LambdaForm$MH+0x000001dec33b9800
# instanceKlass java/lang/invoke/LambdaForm$MH+0x000001dec33b9400
# instanceKlass java/lang/invoke/LambdaForm$MH+0x000001dec33b9000
# instanceKlass java/lang/invoke/LambdaForm$MH+0x000001dec33b8c00
instanceKlass org/gradle/internal/resource/TextResource
instanceKlass org/gradle/internal/resource/DefaultTextFileResourceLoader
instanceKlass org/gradle/api/internal/initialization/DefaultBuildLogicBuilder
# instanceKlass java/lang/invoke/LambdaForm$MH+0x000001dec33b8800
# instanceKlass java/lang/invoke/LambdaForm$MH+0x000001dec33b8400
# instanceKlass java/lang/invoke/LambdaForm$MH+0x000001dec33b8000
instanceKlass org/gradle/groovy/scripts/internal/ScriptSourceListener
instanceKlass org/gradle/configuration/DefaultScriptPluginFactory
instanceKlass org/gradle/configuration/ScriptPluginFactorySelector$1
instanceKlass org/gradle/configuration/ScriptPluginFactorySelector$ProviderInstantiator
instanceKlass org/gradle/configuration/ScriptPlugin
instanceKlass org/gradle/api/Plugin
instanceKlass org/gradle/configuration/ScriptPluginFactorySelector
# instanceKlass java/lang/invoke/LambdaForm$MH+0x000001dec33b3c00
# instanceKlass java/lang/invoke/LambdaForm$MH+0x000001dec33b3800
# instanceKlass java/lang/invoke/LambdaForm$MH+0x000001dec33b3400
# instanceKlass java/lang/invoke/LambdaForm$MH+0x000001dec33b3000
# instanceKlass java/lang/invoke/LambdaForm$MH+0x000001dec33b2c00
# instanceKlass java/lang/invoke/LambdaForm$MH+0x000001dec33b2800
# instanceKlass java/lang/invoke/LambdaForm$MH+0x000001dec33b2400
# instanceKlass java/lang/invoke/LambdaForm$MH+0x000001dec33b2000
# instanceKlass java/lang/invoke/LambdaForm$MH+0x000001dec33b1c00
instanceKlass org/gradle/groovy/scripts/Transformer
instanceKlass org/gradle/groovy/scripts/internal/StatementTransformer
instanceKlass org/gradle/configuration/project/DefaultCompileOperationFactory
# instanceKlass java/lang/invoke/LambdaForm$MH+0x000001dec33b1800
# instanceKlass java/lang/invoke/LambdaForm$MH+0x000001dec33b1400
# instanceKlass java/lang/invoke/LambdaForm$MH+0x000001dec33b1000
# instanceKlass java/lang/invoke/LambdaForm$MH+0x000001dec33b0c00
# instanceKlass java/lang/invoke/LambdaForm$MH+0x000001dec33b0800
# instanceKlass java/lang/invoke/LambdaForm$MH+0x000001dec33b0400
# instanceKlass java/lang/invoke/LambdaForm$MH+0x000001dec33b0000
instanceKlass  @bci org/gradle/plugin/management/internal/DefaultPluginResolutionStrategy_Decorated $gradleInit ()V 1 <appendix> member <vmtarget> ; # org/gradle/plugin/management/internal/DefaultPluginResolutionStrategy_Decorated$$Lambda+0x000001dec33abaa0
instanceKlass org/gradle/plugin/use/PluginId
instanceKlass  @bci org/gradle/cache/internal/DefaultCrossBuildInMemoryCacheFactory$DefaultClassMap getCacheScope (Ljava/lang/Class;)Ljava/util/Map; 17 <appendix> argL0 ; # org/gradle/cache/internal/DefaultCrossBuildInMemoryCacheFactory$DefaultClassMap$$Lambda+0x000001dec33af890
instanceKlass org/gradle/plugin/management/internal/DefaultPluginResolutionStrategy
instanceKlass  @bci org/gradle/plugin/internal/PluginUseServices$BuildScopeServices createPluginDependencyResolutionServices (Lorg/gradle/api/internal/artifacts/DependencyManagementServices;)Lorg/gradle/plugin/use/internal/PluginDependencyResolutionServices; 5 <appendix> member <vmtarget> ; # org/gradle/plugin/internal/PluginUseServices$BuildScopeServices$$Lambda+0x000001dec332b798
instanceKlass org/gradle/api/artifacts/dsl/RepositoryHandler
instanceKlass org/gradle/api/artifacts/ArtifactRepositoryContainer
instanceKlass org/gradle/api/NamedDomainObjectList
instanceKlass org/gradle/plugin/use/resolve/internal/PluginArtifactRepositories
# instanceKlass java/lang/invoke/LambdaForm$MH+0x000001dec33ab400
instanceKlass  @bci org/gradle/plugin/use/resolve/service/internal/ClientInjectedClasspathPluginResolver <clinit> ()V 0 <appendix> argL0 ; # org/gradle/plugin/use/resolve/service/internal/ClientInjectedClasspathPluginResolver$$Lambda+0x000001dec332b378
instanceKlass  @cpi org/gradle/internal/watch/registry/impl/HierarchicalFileWatcherUpdater$FileSystemLocationToWatchValidator 34 form vmentry <vmtarget> ; # java/lang/invoke/LambdaForm$DMH+0x000001dec33ab000
# instanceKlass java/lang/invoke/LambdaForm$MH+0x000001dec33aac00
# instanceKlass java/lang/invoke/LambdaForm$MH+0x000001dec33aa800
# instanceKlass java/lang/invoke/LambdaForm$MH+0x000001dec33aa400
# instanceKlass java/lang/invoke/LambdaForm$MH+0x000001dec33aa000
# instanceKlass java/lang/invoke/LambdaForm$MH+0x000001dec33a9c00
# instanceKlass java/lang/invoke/LambdaForm$MH+0x000001dec33a9800
# instanceKlass java/lang/invoke/LambdaForm$MH+0x000001dec33a9400
# instanceKlass java/lang/invoke/LambdaForm$MH+0x000001dec33a9000
instanceKlass org/gradle/api/internal/artifacts/Module
instanceKlass org/gradle/api/internal/artifacts/DefaultDependencyManagementServices
instanceKlass org/gradle/api/internal/plugins/PluginImplementation
instanceKlass org/gradle/api/internal/plugins/DefaultPluginRegistry
instanceKlass org/gradle/api/internal/plugins/PotentialPlugin
instanceKlass org/gradle/model/internal/inspect/ModelRuleSourceDetector$1
instanceKlass com/google/common/collect/MapMakerInternalMap$AbstractStrongKeyEntry
instanceKlass com/google/common/collect/MapMakerInternalMap$WeakValueEntry
instanceKlass com/google/common/collect/MapMakerInternalMap$StrongKeyWeakValueEntry$Helper
instanceKlass org/gradle/api/internal/initialization/ClassLoaderScopeIdentifier
instanceKlass org/gradle/api/internal/initialization/AbstractClassLoaderScope
instanceKlass org/gradle/initialization/ClassLoaderScopeOrigin
instanceKlass org/gradle/api/internal/initialization/loadercache/ClassLoaderId
instanceKlass org/gradle/initialization/ClassLoaderScopeId
instanceKlass org/gradle/initialization/DefaultClassLoaderScopeRegistry
instanceKlass org/gradle/api/internal/initialization/loadercache/DefaultClassLoaderCache$ClassLoaderSpec
instanceKlass org/gradle/api/internal/initialization/loadercache/DefaultClassLoaderCache
instanceKlass org/gradle/plugin/management/internal/autoapply/CompositeAutoAppliedPluginRegistry
instanceKlass org/gradle/plugin/management/internal/DefaultPluginHandler
instanceKlass org/gradle/groovy/scripts/internal/BuildScopeInMemoryCachingScriptClassCompiler
instanceKlass org/gradle/groovy/scripts/ScriptCompiler
instanceKlass org/gradle/groovy/scripts/DefaultScriptCompilerFactory
# instanceKlass java/lang/invoke/LambdaForm$MH+0x000001dec33a8c00
# instanceKlass java/lang/invoke/LambdaForm$MH+0x000001dec33a8800
instanceKlass org/gradle/groovy/scripts/ScriptRunner
instanceKlass org/gradle/groovy/scripts/internal/DefaultScriptRunnerFactory
instanceKlass org/gradle/internal/scripts/ScriptExecutionListener
instanceKlass org/gradle/groovy/scripts/internal/BuildOperationBackedScriptCompilationHandler$1
instanceKlass org/gradle/internal/scripts/CompileScriptBuildOperationType$Result
instanceKlass org/gradle/groovy/scripts/internal/BuildOperationBackedScriptCompilationHandler
instanceKlass org/gradle/internal/execution/UnitOfWork
instanceKlass org/gradle/internal/classpath/transforms/ClassTransform
# instanceKlass java/lang/invoke/LambdaForm$MH+0x000001dec33a8400
# instanceKlass java/lang/invoke/LambdaForm$MH+0x000001dec33a8000
# instanceKlass java/lang/invoke/LambdaForm$MH+0x000001dec33a7c00
# instanceKlass java/lang/invoke/LambdaForm$MH+0x000001dec33a7800
# instanceKlass java/lang/invoke/LambdaForm$MH+0x000001dec33a7400
# instanceKlass java/lang/invoke/LambdaForm$MH+0x000001dec33a7000
# instanceKlass java/lang/invoke/LambdaForm$MH+0x000001dec33a6c00
# instanceKlass java/lang/invoke/LambdaForm$MH+0x000001dec33a6800
# instanceKlass java/lang/invoke/LambdaForm$MH+0x000001dec33a6400
# instanceKlass java/lang/invoke/LambdaForm$MH+0x000001dec33a6000
# instanceKlass java/lang/invoke/LambdaForm$MH+0x000001dec33a5c00
# instanceKlass java/lang/invoke/LambdaForm$MH+0x000001dec33a5800
# instanceKlass java/lang/invoke/LambdaForm$BMH+0x000001dec33a5400
# instanceKlass java/lang/invoke/LambdaForm$DMH+0x000001dec33a5000
# instanceKlass java/lang/invoke/LambdaForm$DMH+0x000001dec33a4c00
instanceKlass  @bci org/gradle/internal/classpath/types/GradleCoreInstrumentationTypeRegistry <init> (Lorg/gradle/internal/hash/StreamHasher;)V 50 <appendix> member <vmtarget> ; # org/gradle/internal/classpath/types/GradleCoreInstrumentationTypeRegistry$$Lambda+0x000001dec33a1850
instanceKlass  @bci org/gradle/internal/classpath/types/GradleCoreInstrumentationTypeRegistry <init> (Lorg/gradle/internal/hash/StreamHasher;)V 32 <appendix> member <vmtarget> ; # org/gradle/internal/classpath/types/GradleCoreInstrumentationTypeRegistry$$Lambda+0x000001dec33a1628
instanceKlass  @bci org/gradle/internal/classpath/types/GradleCoreInstrumentationTypeRegistry <init> (Lorg/gradle/internal/hash/StreamHasher;)V 14 <appendix> member <vmtarget> ; # org/gradle/internal/classpath/types/GradleCoreInstrumentationTypeRegistry$$Lambda+0x000001dec33a1400
instanceKlass org/gradle/cache/internal/DefaultCacheCoordinator$TransparentFileAccess
instanceKlass  @bci org/gradle/cache/internal/DefaultCacheCoordinator <init> (Ljava/lang/String;Ljava/io/File;Lorg/gradle/cache/LockOptions;Ljava/io/File;Lorg/gradle/cache/FileLockManager;Lorg/gradle/cache/internal/CacheInitializationAction;Lorg/gradle/cache/internal/CacheCleanupExecutor;Lorg/gradle/internal/concurrent/ExecutorFactory;)V 264 <appendix> member <vmtarget> ; # org/gradle/cache/internal/DefaultCacheCoordinator$$Lambda+0x000001dec33a0f80
instanceKlass  @bci org/gradle/internal/execution/workspace/impl/CacheBasedImmutableWorkspaceProvider <init> (Lorg/gradle/cache/CacheBuilder;Lorg/gradle/internal/file/FileAccessTimeJournal;ILorg/gradle/api/internal/cache/CacheConfigurationsInternal;Lorg/gradle/cache/CacheCleanupStrategyFactory;)V 26 <appendix> member <vmtarget> ; # org/gradle/internal/execution/workspace/impl/CacheBasedImmutableWorkspaceProvider$$Lambda+0x000001dec33a0d58
instanceKlass org/gradle/internal/execution/workspace/ImmutableWorkspaceProvider$ImmutableWorkspace
instanceKlass org/gradle/internal/execution/workspace/impl/CacheBasedImmutableWorkspaceProvider
# instanceKlass java/lang/invoke/LambdaForm$MH+0x000001dec33a4800
# instanceKlass java/lang/invoke/LambdaForm$MH+0x000001dec33a4400
# instanceKlass java/lang/invoke/LambdaForm$MH+0x000001dec33a4000
instanceKlass org/gradle/internal/execution/impl/DefaultInputFingerprinter
instanceKlass  @bci org/gradle/internal/execution/impl/DefaultFileCollectionFingerprinterRegistry entriesFrom (Ljava/util/Collection;)Ljava/util/List; 6 <appendix> argL0 ; # org/gradle/internal/execution/impl/DefaultFileCollectionFingerprinterRegistry$$Lambda+0x000001dec33a0480
instanceKlass org/gradle/internal/execution/impl/DefaultFileCollectionFingerprinterRegistry
instanceKlass org/gradle/api/internal/changedetection/state/CachingFileSystemLocationSnapshotHasher
instanceKlass org/gradle/api/internal/changedetection/state/LineEndingNormalizingInputStreamHasher
instanceKlass java/util/Collections$2
instanceKlass org/gradle/internal/execution/impl/DefaultFileNormalizationSpec
instanceKlass org/gradle/internal/execution/FileNormalizationSpec
instanceKlass  @bci org/gradle/internal/fingerprint/impl/FileCollectionFingerprinterRegistrations registrationsFor (Lorg/gradle/internal/fingerprint/LineEndingSensitivity;Lorg/gradle/internal/fingerprint/DirectorySensitivity;Ljava/util/stream/Stream;)Ljava/util/stream/Stream; 13 <appendix> member <vmtarget> ; # org/gradle/internal/fingerprint/impl/FileCollectionFingerprinterRegistrations$$Lambda+0x000001dec339f0f0
instanceKlass org/gradle/internal/execution/impl/FingerprinterRegistration
instanceKlass  @bci org/gradle/internal/fingerprint/impl/FileCollectionFingerprinterRegistrations registrationsFor (Lorg/gradle/internal/fingerprint/LineEndingSensitivity;Lorg/gradle/internal/fingerprint/DirectorySensitivity;Ljava/util/stream/Stream;)Ljava/util/stream/Stream; 1 <appendix> argL0 ; # org/gradle/internal/fingerprint/impl/FileCollectionFingerprinterRegistrations$$Lambda+0x000001dec339ec90
instanceKlass org/gradle/internal/fingerprint/FileSystemLocationFingerprint
instanceKlass  @bci org/gradle/internal/fingerprint/impl/AbstractDirectorySensitiveFingerprintingStrategy <init> (Ljava/lang/String;Lorg/gradle/internal/fingerprint/DirectorySensitivity;Lorg/gradle/internal/fingerprint/hashing/ConfigurableNormalizer;)V 4 <appendix> member <vmtarget> ; # org/gradle/internal/fingerprint/impl/AbstractDirectorySensitiveFingerprintingStrategy$$Lambda+0x000001dec339dea0
instanceKlass  @bci org/gradle/internal/fingerprint/DirectorySensitivity <clinit> ()V 25 <appendix> argL0 ; # org/gradle/internal/fingerprint/DirectorySensitivity$$Lambda+0x000001dec339d2f8
instanceKlass  @bci org/gradle/internal/fingerprint/DirectorySensitivity <clinit> ()V 7 <appendix> argL0 ; # org/gradle/internal/fingerprint/DirectorySensitivity$$Lambda+0x000001dec339d0a8
instanceKlass  @bci org/gradle/internal/fingerprint/impl/FileCollectionFingerprinterRegistrations lambda$new$1 (Lorg/gradle/api/internal/changedetection/state/ResourceSnapshotterCacheService;Lorg/gradle/internal/execution/FileCollectionSnapshotter;Lorg/gradle/api/internal/changedetection/state/ResourceFilter;Lorg/gradle/api/internal/changedetection/state/ResourceEntryFilter;Ljava/util/Map;Lorg/gradle/api/internal/cache/StringInterner;Ljava/util/List;Lorg/gradle/internal/fingerprint/LineEndingSensitivity;)Ljava/util/stream/Stream; 36 <appendix> member <vmtarget> ; # org/gradle/internal/fingerprint/impl/FileCollectionFingerprinterRegistrations$$Lambda+0x000001dec339ce60
instanceKlass org/gradle/internal/fingerprint/impl/FileCollectionFingerprinterRegistrations$1
instanceKlass org/gradle/api/internal/changedetection/state/LineEndingNormalizingFileSystemLocationSnapshotHasher$1
instanceKlass org/gradle/api/internal/changedetection/state/LineEndingNormalizingFileSystemLocationSnapshotHasher
instanceKlass org/gradle/internal/fingerprint/hashing/FileSystemLocationSnapshotHasher$1
instanceKlass  @bci com/google/common/collect/CollectCollectors <clinit> ()V 75 <appendix> argL0 ; # com/google/common/collect/CollectCollectors$$Lambda+0x000001dec339bc58
instanceKlass  @bci com/google/common/collect/CollectCollectors <clinit> ()V 70 <appendix> argL0 ; # com/google/common/collect/CollectCollectors$$Lambda+0x000001dec339ba10
instanceKlass  @bci com/google/common/collect/CollectCollectors <clinit> ()V 65 <appendix> argL0 ; # com/google/common/collect/CollectCollectors$$Lambda+0x000001dec339b7e0
instanceKlass com/google/common/collect/RangeGwtSerializationDependencies
instanceKlass  @bci com/google/common/collect/CollectCollectors <clinit> ()V 60 <appendix> argL0 ; # com/google/common/collect/CollectCollectors$$Lambda+0x000001dec339b138
instanceKlass com/google/common/collect/ImmutableRangeSet$Builder
instanceKlass com/google/common/collect/SortedIterable
instanceKlass com/google/common/collect/AbstractRangeSet
instanceKlass com/google/common/collect/RangeSet
instanceKlass  @bci com/google/common/collect/CollectCollectors <clinit> ()V 45 <appendix> argL0 ; # com/google/common/collect/CollectCollectors$$Lambda+0x000001dec33918d8
instanceKlass  @bci com/google/common/collect/CollectCollectors <clinit> ()V 40 <appendix> argL0 ; # com/google/common/collect/CollectCollectors$$Lambda+0x000001dec3391690
instanceKlass  @bci com/google/common/collect/CollectCollectors <clinit> ()V 35 <appendix> argL0 ; # com/google/common/collect/CollectCollectors$$Lambda+0x000001dec3391460
instanceKlass  @bci com/google/common/collect/CollectCollectors <clinit> ()V 30 <appendix> argL0 ; # com/google/common/collect/CollectCollectors$$Lambda+0x000001dec3391240
instanceKlass  @bci com/google/common/collect/CollectCollectors <clinit> ()V 15 <appendix> argL0 ; # com/google/common/collect/CollectCollectors$$Lambda+0x000001dec3391000
instanceKlass  @bci com/google/common/collect/CollectCollectors <clinit> ()V 10 <appendix> argL0 ; # com/google/common/collect/CollectCollectors$$Lambda+0x000001dec3393ce0
instanceKlass  @bci com/google/common/collect/CollectCollectors <clinit> ()V 5 <appendix> argL0 ; # com/google/common/collect/CollectCollectors$$Lambda+0x000001dec3393ab0
instanceKlass  @bci com/google/common/collect/CollectCollectors <clinit> ()V 0 <appendix> argL0 ; # com/google/common/collect/CollectCollectors$$Lambda+0x000001dec3393890
instanceKlass com/google/common/collect/CollectCollectors
instanceKlass  @bci org/gradle/internal/fingerprint/impl/FileCollectionFingerprinterRegistrations <init> (Lorg/gradle/api/internal/cache/StringInterner;Lorg/gradle/internal/execution/FileCollectionSnapshotter;Lorg/gradle/api/internal/changedetection/state/ResourceSnapshotterCacheService;Lorg/gradle/api/internal/changedetection/state/ResourceFilter;Lorg/gradle/api/internal/changedetection/state/ResourceEntryFilter;Ljava/util/Map;)V 24 <appendix> form vmentry <vmtarget> ; # java/lang/invoke/LambdaForm$DMH+0x000001dec3390c00
instanceKlass  @bci org/gradle/internal/fingerprint/impl/FileCollectionFingerprinterRegistrations <init> (Lorg/gradle/api/internal/cache/StringInterner;Lorg/gradle/internal/execution/FileCollectionSnapshotter;Lorg/gradle/api/internal/changedetection/state/ResourceSnapshotterCacheService;Lorg/gradle/api/internal/changedetection/state/ResourceFilter;Lorg/gradle/api/internal/changedetection/state/ResourceEntryFilter;Ljava/util/Map;)V 24 <appendix> member <vmtarget> ; # org/gradle/internal/fingerprint/impl/FileCollectionFingerprinterRegistrations$$Lambda+0x000001dec3393440
instanceKlass  @bci org/gradle/internal/tools/api/ApiClassExtractor$Builder <init> (Lorg/gradle/internal/tools/api/ApiMemberWriterFactory;)V 5 <appendix> argL0 ; # org/gradle/internal/tools/api/ApiClassExtractor$Builder$$Lambda+0x000001dec33928f0
instanceKlass  @bci org/gradle/internal/tools/api/ApiClassExtractor withWriter (Lorg/gradle/internal/tools/api/ApiMemberWriterAdapter;)Lorg/gradle/internal/tools/api/ApiClassExtractor$Builder; 5 <appendix> member <vmtarget> ; # org/gradle/internal/tools/api/ApiClassExtractor$$Lambda+0x000001dec33926c8
instanceKlass org/gradle/internal/tools/api/ApiMemberWriterFactory
instanceKlass org/gradle/internal/tools/api/ApiClassExtractor$Builder
instanceKlass org/gradle/internal/tools/api/ApiClassExtractor
instanceKlass  @bci org/gradle/internal/tools/api/impl/JavaApiMemberWriter adapter ()Lorg/gradle/internal/tools/api/ApiMemberWriterAdapter; 0 <appendix> argL0 ; # org/gradle/internal/tools/api/impl/JavaApiMemberWriter$$Lambda+0x000001dec33974e0
instanceKlass org/gradle/internal/tools/api/ApiMemberWriterAdapter
instanceKlass org/gradle/internal/tools/api/impl/JavaApiMemberWriter
instanceKlass org/gradle/internal/tools/api/ApiMemberWriter
instanceKlass org/gradle/api/internal/changedetection/state/AbiExtractingClasspathResourceHasher
instanceKlass org/gradle/internal/fingerprint/classpath/CompileClasspathFingerprinter
instanceKlass org/gradle/internal/fingerprint/hashing/FileSystemLocationSnapshotHasher
# instanceKlass java/lang/invoke/LambdaForm$MH+0x000001dec3390800
# instanceKlass java/lang/invoke/LambdaForm$MH+0x000001dec3390400
instanceKlass org/gradle/api/internal/changedetection/state/SplitResourceSnapshotterCacheService
instanceKlass org/gradle/internal/execution/steps/ChoosePipelineStep
instanceKlass org/gradle/internal/execution/steps/IdentityCacheStep
instanceKlass org/gradle/internal/execution/ExecutionEngine$Request
instanceKlass org/gradle/internal/execution/impl/DefaultExecutionEngine
instanceKlass org/gradle/internal/execution/steps/RemovePreviousOutputsStep
instanceKlass org/gradle/internal/execution/steps/OverlappingOutputsFilter
instanceKlass org/gradle/internal/execution/steps/CachingContext
instanceKlass org/gradle/internal/execution/steps/ResolveInputChangesStep
instanceKlass org/gradle/internal/execution/history/AfterExecutionState
instanceKlass org/gradle/internal/execution/steps/StoreExecutionStateStep
instanceKlass org/gradle/internal/execution/steps/SkipUpToDateStep
instanceKlass org/gradle/internal/execution/history/changes/IncrementalInputProperties
instanceKlass org/gradle/internal/execution/steps/ResolveChangesStep
instanceKlass org/gradle/internal/execution/UnitOfWork$InputVisitor
instanceKlass org/gradle/internal/execution/steps/AbstractSkipEmptyWorkStep
instanceKlass org/gradle/internal/execution/steps/LoadPreviousExecutionStateStep
instanceKlass org/gradle/internal/execution/steps/HandleStaleOutputsStep
instanceKlass org/gradle/internal/execution/steps/AssignMutableWorkspaceStep
instanceKlass org/gradle/internal/execution/steps/BroadcastChangingOutputsStep
instanceKlass org/gradle/internal/execution/steps/NoInputChangesStep
instanceKlass  @bci org/gradle/internal/execution/steps/AfterExecutionOutputFilter <clinit> ()V 0 <appendix> argL0 ; # org/gradle/internal/execution/steps/AfterExecutionOutputFilter$$Lambda+0x000001dec338d520
instanceKlass  @cpi org/gradle/internal/execution/steps/AfterExecutionOutputFilter 42 form vmentry <vmtarget> ; # java/lang/invoke/LambdaForm$DMH+0x000001dec3390000
instanceKlass org/gradle/caching/internal/CacheableEntity
instanceKlass org/gradle/internal/execution/steps/BuildCacheStep
instanceKlass org/gradle/internal/execution/steps/NeverUpToDateStep
instanceKlass org/gradle/internal/execution/steps/legacy/MarkSnapshottingInputsFinishedStep
instanceKlass org/gradle/internal/Either
instanceKlass org/gradle/internal/execution/caching/CachingState$Disabled
instanceKlass org/gradle/internal/execution/caching/CachingState
instanceKlass org/gradle/internal/execution/caching/CachingDisabledReason
instanceKlass org/gradle/internal/execution/caching/CachingStateFactory
instanceKlass org/gradle/internal/execution/steps/AbstractResolveCachingStateStep
instanceKlass org/gradle/internal/execution/steps/ValidateStep
instanceKlass org/gradle/internal/execution/history/BeforeExecutionState
instanceKlass org/gradle/internal/execution/history/ExecutionInputState
instanceKlass org/gradle/internal/execution/UnitOfWork$ImplementationVisitor
instanceKlass org/gradle/internal/execution/steps/ExecutionRequestContext
instanceKlass org/gradle/internal/execution/steps/BuildOperationStep
instanceKlass org/gradle/internal/execution/steps/legacy/MarkSnapshottingInputsStartedStep
instanceKlass org/gradle/internal/execution/history/ExecutionOutputState
instanceKlass org/gradle/internal/snapshot/FileSystemSnapshotHierarchyVisitor
instanceKlass org/gradle/internal/execution/ExecutionEngine$Result
instanceKlass org/gradle/internal/execution/steps/Result
instanceKlass org/gradle/internal/execution/steps/AssignImmutableWorkspaceStep
instanceKlass org/gradle/internal/execution/ExecutionEngine$Execution
instanceKlass org/gradle/internal/execution/UnitOfWork$ExecutionRequest
instanceKlass org/gradle/internal/execution/steps/ExecuteStep
instanceKlass org/gradle/internal/execution/steps/CancelExecutionStep
instanceKlass org/gradle/internal/execution/steps/TimeoutStep
instanceKlass org/gradle/internal/execution/steps/Context
instanceKlass org/gradle/internal/execution/steps/PreCreateOutputParentsStep
instanceKlass  @bci org/gradle/internal/service/scopes/ExecutionBuildServices createExecutionEngine (Lorg/gradle/caching/internal/controller/BuildCacheController;Lorg/gradle/initialization/BuildCancellationToken;Lorg/gradle/internal/scopeids/id/BuildInvocationScopeId;Lorg/gradle/internal/operations/BuildOperationRunner;Lorg/gradle/internal/operations/BuildOperationProgressEventEmitter;Lorg/gradle/internal/execution/BuildOutputCleanupRegistry;Lorg/gradle/internal/hash/ClassLoaderHierarchyHasher;Lorg/gradle/internal/operations/CurrentBuildOperationRef;Lorg/gradle/internal/file/Deleter;Lorg/gradle/internal/execution/history/changes/ExecutionStateChangeDetector;Lorg/gradle/internal/vfs/FileSystemAccess;Lorg/gradle/internal/execution/history/ImmutableWorkspaceMetadataStore;Lorg/gradle/internal/execution/OutputChangeListener;Lorg/gradle/internal/execution/WorkInputListeners;Lorg/gradle/internal/execution/history/OutputFilesRepository;Lorg/gradle/internal/execution/OutputSnapshotter;Lorg/gradle/internal/execution/history/Overlap ; # org/gradle/internal/service/scopes/ExecutionBuildServices$$Lambda+0x000001dec336ea00
# instanceKlass java/lang/invoke/LambdaForm$MH+0x000001dec3386c00
# instanceKlass java/lang/invoke/LambdaForm$MH+0x000001dec3386800
# instanceKlass java/lang/invoke/LambdaForm$MH+0x000001dec3386400
# instanceKlass java/lang/invoke/LambdaForm$MH+0x000001dec3386000
# instanceKlass java/lang/invoke/LambdaForm$MH+0x000001dec3385c00
# instanceKlass java/lang/invoke/LambdaForm$MH+0x000001dec3385800
# instanceKlass java/lang/invoke/LambdaForm$MH+0x000001dec3385400
# instanceKlass java/lang/invoke/LambdaForm$MH+0x000001dec3385000
# instanceKlass java/lang/invoke/LambdaForm$MH+0x000001dec3384c00
# instanceKlass java/lang/invoke/LambdaForm$MH+0x000001dec3384800
# instanceKlass java/lang/invoke/LambdaForm$MH+0x000001dec3384400
# instanceKlass java/lang/invoke/LambdaForm$MH+0x000001dec3384000
# instanceKlass java/lang/invoke/LambdaForm$MH+0x000001dec3383c00
# instanceKlass java/lang/invoke/LambdaForm$MH+0x000001dec3383800
# instanceKlass java/lang/invoke/LambdaForm$MH+0x000001dec3383400
# instanceKlass java/lang/invoke/LambdaForm$MH+0x000001dec3383000
# instanceKlass java/lang/invoke/LambdaForm$MH+0x000001dec3382c00
# instanceKlass java/lang/invoke/LambdaForm$MH+0x000001dec3382800
# instanceKlass java/lang/invoke/LambdaForm$MH+0x000001dec3382400
# instanceKlass java/lang/invoke/LambdaForm$MH+0x000001dec3382000
# instanceKlass java/lang/invoke/LambdaForm$MH+0x000001dec3381c00
# instanceKlass java/lang/invoke/LambdaForm$MH+0x000001dec3381800
# instanceKlass java/lang/invoke/LambdaForm$MH+0x000001dec3381400
# instanceKlass java/lang/invoke/LambdaForm$MH+0x000001dec3381000
# instanceKlass java/lang/invoke/LambdaForm$MH+0x000001dec3380c00
# instanceKlass java/lang/invoke/LambdaForm$DMH+0x000001dec3380800
# instanceKlass java/lang/invoke/LambdaForm$MH+0x000001dec3380400
# instanceKlass java/lang/invoke/LambdaForm$BMH+0x000001dec3380000
# instanceKlass java/lang/invoke/LambdaForm$DMH+0x000001dec336e400
instanceKlass org/gradle/internal/execution/timeout/Timeout
instanceKlass org/gradle/internal/execution/timeout/impl/DefaultTimeoutHandler
instanceKlass org/gradle/internal/execution/history/impl/DefaultOverlappingOutputDetector
instanceKlass org/gradle/internal/execution/UnitOfWork$OutputVisitor
instanceKlass org/gradle/internal/execution/impl/DefaultOutputSnapshotter
instanceKlass org/gradle/internal/snapshot/FileSystemLocationSnapshot$FileSystemLocationSnapshotVisitor
instanceKlass org/gradle/internal/execution/history/impl/DefaultOutputFilesRepository
instanceKlass org/gradle/cache/internal/DefaultPersistentDirectoryCache$Initializer
instanceKlass  @bci org/gradle/cache/internal/DefaultCacheFactory doOpen (Ljava/io/File;Ljava/lang/String;Ljava/util/Map;Lorg/gradle/cache/LockOptions;Ljava/util/function/Consumer;Lorg/gradle/cache/CacheCleanupStrategy;)Lorg/gradle/cache/PersistentCache; 44 <appendix> argL0 ; # org/gradle/cache/internal/DefaultCacheFactory$$Lambda+0x000001dec3367728
# instanceKlass java/lang/invoke/LambdaForm$MH+0x000001dec336e000
# instanceKlass java/lang/invoke/LambdaForm$MH+0x000001dec336dc00
# instanceKlass java/lang/invoke/LambdaForm$MH+0x000001dec336d800
# instanceKlass java/lang/invoke/LambdaForm$MH+0x000001dec336d400
instanceKlass org/gradle/internal/execution/history/impl/DefaultImmutableWorkspaceMetadataStore
instanceKlass  @bci org/gradle/internal/service/scopes/VirtualFileSystemServices$BuildSessionServices createFileSystemAccess (Lorg/gradle/internal/hash/FileHasher;Lorg/gradle/internal/event/ListenerManager;Lorg/gradle/internal/file/FileMetadataAccessor;Lorg/gradle/api/internal/cache/StringInterner;Lorg/gradle/internal/vfs/VirtualFileSystem;Lorg/gradle/internal/vfs/FileSystemAccess$WriteListener;Lorg/gradle/internal/snapshot/impl/DirectorySnapshotterStatistics$Collector;)Lorg/gradle/internal/vfs/FileSystemAccess; 38 <appendix> member <vmtarget> ; # org/gradle/internal/service/scopes/VirtualFileSystemServices$BuildSessionServices$$Lambda+0x000001dec3366bc0
# instanceKlass java/lang/invoke/LambdaForm$MH+0x000001dec336d000
# instanceKlass java/lang/invoke/LambdaForm$MH+0x000001dec336cc00
# instanceKlass java/lang/invoke/LambdaForm$MH+0x000001dec336c800
# instanceKlass java/lang/invoke/LambdaForm$MH+0x000001dec336c400
# instanceKlass java/lang/invoke/LambdaForm$MH+0x000001dec336c000
# instanceKlass java/lang/invoke/LambdaForm$MH+0x000001dec336bc00
# instanceKlass java/lang/invoke/LambdaForm$MH+0x000001dec336b800
# instanceKlass java/lang/invoke/LambdaForm$MH+0x000001dec336b400
# instanceKlass java/lang/invoke/LambdaForm$MH+0x000001dec336b000
instanceKlass org/gradle/api/internal/changedetection/state/SplitFileHasher
# instanceKlass java/lang/invoke/LambdaForm$MH+0x000001dec336ac00
# instanceKlass java/lang/invoke/LambdaForm$MH+0x000001dec336a800
# instanceKlass java/lang/invoke/LambdaForm$MH+0x000001dec336a400
# instanceKlass java/lang/invoke/LambdaForm$MH+0x000001dec336a000
# instanceKlass java/lang/invoke/LambdaForm$MH+0x000001dec3369c00
# instanceKlass java/lang/invoke/LambdaForm$MH+0x000001dec3369800
# instanceKlass java/lang/invoke/LambdaForm$MH+0x000001dec3369400
# instanceKlass java/lang/invoke/LambdaForm$MH+0x000001dec3369000
# instanceKlass java/lang/invoke/LambdaForm$MH+0x000001dec3368c00
instanceKlass org/gradle/internal/execution/history/changes/ChangeVisitor
instanceKlass org/gradle/internal/execution/history/changes/InputFileChanges
instanceKlass org/gradle/internal/execution/history/changes/ChangeContainer
instanceKlass org/gradle/internal/execution/history/changes/DefaultExecutionStateChangeDetector
instanceKlass org/gradle/api/internal/file/AbstractFileResolver$2
instanceKlass org/apache/commons/io/FilenameUtils
instanceKlass org/gradle/internal/typeconversion/NotationConverterToNotationParserAdapter$ResultImpl
instanceKlass kotlin/jvm/functions/Function0
instanceKlass org/gradle/util/internal/DeferredUtil
# instanceKlass java/lang/invoke/LambdaForm$MH+0x000001dec3368800
# instanceKlass java/lang/invoke/LambdaForm$MH+0x000001dec3368400
# instanceKlass java/lang/invoke/LambdaForm$MH+0x000001dec3368000
# instanceKlass java/lang/invoke/LambdaForm$MH+0x000001dec3363c00
instanceKlass org/gradle/caching/BuildCacheServiceFactory$Describer
instanceKlass org/gradle/caching/internal/services/AbstractBuildCacheControllerFactory
# instanceKlass java/lang/invoke/LambdaForm$MH+0x000001dec3363800
# instanceKlass java/lang/invoke/LambdaForm$MH+0x000001dec3363400
# instanceKlass java/lang/invoke/LambdaForm$MH+0x000001dec3363000
# instanceKlass java/lang/invoke/LambdaForm$MH+0x000001dec3362c00
# instanceKlass java/lang/invoke/LambdaForm$MH+0x000001dec3362800
# instanceKlass java/lang/invoke/LambdaForm$MH+0x000001dec3362400
# instanceKlass java/lang/invoke/LambdaForm$MH+0x000001dec3362000
# instanceKlass java/lang/invoke/LambdaForm$MH+0x000001dec3361c00
# instanceKlass java/lang/invoke/LambdaForm$MH+0x000001dec3361800
instanceKlass  @bci org/gradle/caching/internal/BuildCacheServices$2 createOriginMetadataFactory (Lorg/gradle/internal/scopeids/id/BuildInvocationScopeId;)Lorg/gradle/caching/internal/origin/OriginMetadataFactory; 11 <appendix> argL0 ; # org/gradle/caching/internal/BuildCacheServices$2$$Lambda+0x000001dec335fb10
instanceKlass org/gradle/caching/internal/origin/OriginMetadataFactory$PropertiesConfigurator
instanceKlass org/gradle/caching/internal/BuildCacheServices$FilePermissionsAccessAdapter
instanceKlass org/gradle/caching/internal/packaging/impl/TarBuildCacheEntryPacker
instanceKlass org/gradle/caching/internal/packaging/impl/GZipBuildCacheEntryPacker
# instanceKlass java/lang/invoke/LambdaForm$MH+0x000001dec3361400
# instanceKlass java/lang/invoke/LambdaForm$MH+0x000001dec3361000
# instanceKlass java/lang/invoke/LambdaForm$MH+0x000001dec3360c00
# instanceKlass java/lang/invoke/LambdaForm$MH+0x000001dec3360800
# instanceKlass java/lang/invoke/LambdaForm$MH+0x000001dec3360400
# instanceKlass java/lang/invoke/LambdaForm$MH+0x000001dec3360000
instanceKlass org/gradle/internal/file/ThreadLocalBufferProvider
instanceKlass org/gradle/caching/internal/packaging/impl/DefaultTarPackerFileSystemSupport
instanceKlass org/gradle/caching/internal/controller/NoOpBuildCacheController
instanceKlass org/gradle/caching/internal/controller/impl/LifecycleAwareBuildCacheControllerFactory$DelegatingBuildCacheController
instanceKlass  @bci org/gradle/groovy/scripts/internal/DefaultScriptCompilationHandler_Decorated $gradleInit ()V 1 <appendix> member <vmtarget> ; # org/gradle/groovy/scripts/internal/DefaultScriptCompilationHandler_Decorated$$Lambda+0x000001dec335d310
instanceKlass org/gradle/groovy/scripts/internal/DefaultScriptCompilationHandler$NoOpGroovyResourceLoader
instanceKlass org/codehaus/groovy/control/CompilerConfiguration
instanceKlass org/gradle/groovy/scripts/internal/CompileOperation
instanceKlass org/gradle/groovy/scripts/ScriptSource
instanceKlass groovy/lang/GroovyResourceLoader
instanceKlass org/gradle/groovy/scripts/internal/CompiledScript
instanceKlass com/google/common/base/NullnessCasts
instanceKlass com/google/common/base/AbstractIterator
instanceKlass  @bci com/google/common/base/Splitter on (Lcom/google/common/base/CharMatcher;)Lcom/google/common/base/Splitter; 10 <appendix> member <vmtarget> ; # com/google/common/base/Splitter$$Lambda+0x000001dec3359968
instanceKlass com/google/common/base/Splitter$Strategy
instanceKlass com/google/common/base/CharMatcher
instanceKlass com/google/common/base/CommonPattern
instanceKlass com/google/common/base/Splitter
instanceKlass org/gradle/configuration/DefaultImportsReader$2
instanceKlass com/google/common/io/Java8Compatibility
instanceKlass com/google/common/io/LineBuffer
instanceKlass com/google/common/io/LineReader
instanceKlass com/google/common/io/CharStreams
instanceKlass org/gradle/configuration/DefaultImportsReader$1
instanceKlass com/google/common/io/Resources
instanceKlass org/gradle/configuration/DefaultImportsReader
instanceKlass org/gradle/plugin/use/resolve/internal/PluginResolution
instanceKlass org/gradle/composite/internal/plugins/CompositeBuildPluginResolverContributor$PluginResult
instanceKlass org/gradle/composite/internal/plugins/CompositeBuildPluginResolverContributor$CompositeBuildPluginResolver
instanceKlass org/gradle/api/artifacts/ProjectDependency
instanceKlass org/gradle/api/artifacts/SelfResolvingDependency
instanceKlass org/gradle/api/artifacts/ModuleDependency
instanceKlass org/gradle/api/artifacts/Dependency
# instanceKlass java/lang/invoke/LambdaForm$MH+0x000001dec3353c00
# instanceKlass java/lang/invoke/LambdaForm$MH+0x000001dec3353800
# instanceKlass java/lang/invoke/LambdaForm$MH+0x000001dec3353400
# instanceKlass java/lang/invoke/LambdaForm$MH+0x000001dec3353000
# instanceKlass java/lang/invoke/LambdaForm$MH+0x000001dec3352c00
# instanceKlass java/lang/invoke/LambdaForm$MH+0x000001dec3352800
# instanceKlass java/lang/invoke/LambdaForm$MH+0x000001dec3352400
# instanceKlass java/lang/invoke/LambdaForm$MH+0x000001dec3352000
# instanceKlass java/lang/invoke/LambdaForm$MH+0x000001dec3351c00
# instanceKlass java/lang/invoke/LambdaForm$MH+0x000001dec3351800
# instanceKlass java/lang/invoke/LambdaForm$MH+0x000001dec3351400
# instanceKlass java/lang/invoke/LambdaForm$MH+0x000001dec3351000
# instanceKlass java/lang/invoke/LambdaForm$MH+0x000001dec3350c00
# instanceKlass java/lang/invoke/LambdaForm$MH+0x000001dec3350800
instanceKlass org/gradle/plugin/management/internal/autoapply/InjectedAutoAppliedPluginRegistry
instanceKlass org/gradle/configuration/DefaultProjectsPreparer
instanceKlass org/gradle/configuration/BuildTreePreparingProjectsPreparer
instanceKlass org/gradle/configuration/BuildOperationFiringProjectsPreparer$1
instanceKlass org/gradle/initialization/ConfigureBuildBuildOperationType$Result
instanceKlass org/gradle/configuration/BuildOperationFiringProjectsPreparer
# instanceKlass java/lang/invoke/LambdaForm$MH+0x000001dec3350400
# instanceKlass java/lang/invoke/LambdaForm$MH+0x000001dec3350000
# instanceKlass java/lang/invoke/LambdaForm$MH+0x000001dec334fc00
# instanceKlass java/lang/invoke/LambdaForm$MH+0x000001dec334f800
# instanceKlass java/lang/invoke/LambdaForm$MH+0x000001dec334f400
# instanceKlass java/lang/invoke/LambdaForm$MH+0x000001dec334f000
# instanceKlass java/lang/invoke/LambdaForm$MH+0x000001dec334ec00
instanceKlass org/gradle/internal/resource/local/FileResourceListener
instanceKlass org/gradle/initialization/InstantiatingBuildLoader
instanceKlass org/gradle/initialization/ProjectPropertySettingBuildLoader
instanceKlass org/gradle/initialization/NotifyingBuildLoader$1
instanceKlass org/gradle/initialization/NotifyProjectsLoadedBuildOperationType$Result
instanceKlass org/gradle/initialization/NotifyingBuildLoader
# instanceKlass java/lang/invoke/LambdaForm$MH+0x000001dec334e800
# instanceKlass java/lang/invoke/LambdaForm$MH+0x000001dec334e400
# instanceKlass java/lang/invoke/LambdaForm$MH+0x000001dec334e000
# instanceKlass java/lang/invoke/LambdaForm$MH+0x000001dec334dc00
instanceKlass org/gradle/initialization/DefaultGradlePropertiesController$SharedGradleProperties
instanceKlass org/gradle/initialization/DefaultGradlePropertiesController$NotLoaded
instanceKlass org/gradle/initialization/DefaultGradlePropertiesController$State
instanceKlass org/gradle/initialization/DefaultGradlePropertiesController
instanceKlass org/gradle/initialization/properties/DefaultProjectPropertiesLoader
instanceKlass org/gradle/initialization/properties/DefaultSystemPropertiesInstaller
instanceKlass org/gradle/initialization/properties/MutableGradleProperties
instanceKlass org/gradle/initialization/DefaultGradlePropertiesLoader
instanceKlass org/gradle/api/internal/artifacts/ivyservice/dependencysubstitution/DependencySubstitutionsInternal
instanceKlass org/gradle/api/artifacts/DependencySubstitutions
instanceKlass org/gradle/composite/internal/IncludedBuildDependencySubstitutionsBuilder
instanceKlass org/gradle/api/internal/artifacts/dsl/CapabilityNotationParserFactory$1
instanceKlass org/gradle/api/internal/artifacts/dsl/CapabilityNotationParserFactory
# instanceKlass java/lang/invoke/LambdaForm$MH+0x000001dec334d800
# instanceKlass java/lang/invoke/LambdaForm$MH+0x000001dec334d400
# instanceKlass java/lang/invoke/LambdaForm$MH+0x000001dec334d000
# instanceKlass java/lang/invoke/LambdaForm$MH+0x000001dec334cc00
# instanceKlass java/lang/invoke/LambdaForm$MH+0x000001dec334c800
# instanceKlass java/lang/invoke/LambdaForm$MH+0x000001dec334c400
# instanceKlass java/lang/invoke/LambdaForm$MH+0x000001dec334c000
instanceKlass org/gradle/api/internal/artifacts/DependencyManagementBuildSessionScopeServices$1
instanceKlass org/gradle/internal/typeconversion/NotationParserBuilder$LazyDisplayName
instanceKlass org/gradle/internal/typeconversion/JustReturningParser
instanceKlass org/gradle/internal/model/InMemoryCacheFactory$DefaultLoadingCache
instanceKlass  @bci org/gradle/internal/typeconversion/CachingNotationConverter <init> (Lorg/gradle/internal/typeconversion/NotationConverter;Lorg/gradle/internal/model/InMemoryCacheFactory;)V 27 <appendix> member <vmtarget> ; # org/gradle/internal/typeconversion/CachingNotationConverter$$Lambda+0x000001dec3348000
instanceKlass org/gradle/internal/typeconversion/TypedNotationConverter
instanceKlass org/gradle/internal/typeconversion/CachingNotationConverter
instanceKlass  @bci org/gradle/internal/model/CalculatedValueContainerFactory <init> (Lorg/gradle/internal/resources/ProjectLeaseRegistry;Lorg/gradle/internal/service/ServiceRegistry;)V 16 <appendix> member <vmtarget> ; # org/gradle/internal/model/CalculatedValueContainerFactory$$Lambda+0x000001dec3346800
instanceKlass org/gradle/api/internal/tasks/NodeExecutionContext
instanceKlass org/gradle/composite/internal/DefaultBuildableCompositeBuildContext
instanceKlass org/gradle/api/artifacts/ConfigurationContainer
instanceKlass org/gradle/kotlin/dsl/tooling/builders/BuildSrcClassPathModeConfigurationAction
instanceKlass org/gradle/initialization/buildsrc/GradlePluginApiVersionAttributeConfigurationAction
instanceKlass org/gradle/initialization/buildsrc/GroovyBuildSrcProjectConfigurationAction
instanceKlass org/gradle/configuration/project/PluginsProjectConfigureActions
instanceKlass org/gradle/api/internal/InternalAction
instanceKlass org/gradle/configuration/project/ProjectConfigureAction
instanceKlass org/gradle/initialization/buildsrc/BuildSrcProjectConfigurationAction
instanceKlass org/gradle/initialization/buildsrc/BuildSrcBuildListenerFactory
instanceKlass org/gradle/initialization/buildsrc/BuildSourceBuilder$1
instanceKlass org/gradle/initialization/buildsrc/BuildBuildSrcBuildOperationType$Result
# instanceKlass java/lang/invoke/LambdaForm$MH+0x000001dec3346400
# instanceKlass java/lang/invoke/LambdaForm$MH+0x000001dec3346000
# instanceKlass java/lang/invoke/LambdaForm$MH+0x000001dec3345c00
# instanceKlass java/lang/invoke/LambdaForm$MH+0x000001dec3345800
# instanceKlass java/lang/invoke/LambdaForm$MH+0x000001dec3345400
# instanceKlass java/lang/invoke/LambdaForm$MH+0x000001dec3345000
# instanceKlass java/lang/invoke/LambdaForm$MH+0x000001dec3344c00
# instanceKlass java/lang/invoke/LambdaForm$MH+0x000001dec3344800
instanceKlass org/gradle/internal/work/DefaultSynchronizer
# instanceKlass java/lang/invoke/LambdaForm$MH+0x000001dec3344400
# instanceKlass java/lang/invoke/LambdaForm$MH+0x000001dec3344000
# instanceKlass java/lang/invoke/LambdaForm$MH+0x000001dec3343c00
# instanceKlass java/lang/invoke/LambdaForm$MH+0x000001dec3343800
instanceKlass org/gradle/cache/internal/BuildScopeCacheDir
# instanceKlass java/lang/invoke/LambdaForm$MH+0x000001dec3343400
# instanceKlass java/lang/invoke/LambdaForm$MH+0x000001dec3343000
# instanceKlass java/lang/invoke/LambdaForm$MH+0x000001dec3342c00
# instanceKlass java/lang/invoke/LambdaForm$MH+0x000001dec3342800
# instanceKlass java/lang/invoke/LambdaForm$MH+0x000001dec3342400
# instanceKlass java/lang/invoke/LambdaForm$MH+0x000001dec3342000
instanceKlass org/gradle/internal/buildtree/DefaultBuildTreeWorkGraphPreparer
instanceKlass org/gradle/execution/selection/DefaultBuildTaskSelector
# instanceKlass java/lang/invoke/LambdaForm$MH+0x000001dec3341c00
# instanceKlass java/lang/invoke/LambdaForm$MH+0x000001dec3341800
# instanceKlass java/lang/invoke/LambdaForm$MH+0x000001dec3341400
# instanceKlass java/lang/invoke/LambdaForm$MH+0x000001dec3341000
# instanceKlass java/lang/invoke/LambdaForm$MH+0x000001dec3340c00
# instanceKlass java/lang/invoke/LambdaForm$MH+0x000001dec3340800
instanceKlass  @bci org/gradle/execution/DefaultTaskSelector_Decorated $gradleInit ()V 1 <appendix> member <vmtarget> ; # org/gradle/execution/DefaultTaskSelector_Decorated$$Lambda+0x000001dec333ed48
instanceKlass javax/annotation/meta/TypeQualifier
instanceKlass org/gradle/execution/TaskSelection
instanceKlass org/gradle/util/internal/NameMatcher
instanceKlass org/gradle/execution/TaskSelector$SelectionContext
instanceKlass org/gradle/api/tasks/TaskContainer
instanceKlass org/gradle/api/tasks/TaskCollection
instanceKlass org/gradle/execution/TaskSelectionResult
instanceKlass org/gradle/execution/TaskNameResolver
instanceKlass org/gradle/execution/DefaultTaskSelector
# instanceKlass java/lang/invoke/LambdaForm$MH+0x000001dec3340400
# instanceKlass java/lang/invoke/LambdaForm$MH+0x000001dec3340000
# instanceKlass java/lang/invoke/LambdaForm$MH+0x000001dec333bc00
# instanceKlass java/lang/invoke/LambdaForm$MH+0x000001dec333b800
# instanceKlass java/lang/invoke/LambdaForm$MH+0x000001dec333b400
# instanceKlass java/lang/invoke/LambdaForm$MH+0x000001dec333b000
# instanceKlass java/lang/invoke/LambdaForm$MH+0x000001dec333ac00
# instanceKlass java/lang/invoke/LambdaForm$MH+0x000001dec333a800
# instanceKlass java/lang/invoke/LambdaForm$MH+0x000001dec333a400
# instanceKlass java/lang/invoke/LambdaForm$MH+0x000001dec333a000
instanceKlass org/gradle/execution/plan/DefaultPlanExecutor$MergedQueues
instanceKlass org/gradle/execution/plan/DefaultPlanExecutor$WorkerStats
instanceKlass org/gradle/execution/plan/DefaultPlanExecutor$WorkerState
instanceKlass org/gradle/execution/plan/DefaultPlanExecutor$ExecutorState
# instanceKlass java/lang/invoke/LambdaForm$MH+0x000001dec3339c00
# instanceKlass java/lang/invoke/LambdaForm$MH+0x000001dec3339800
# instanceKlass java/lang/invoke/LambdaForm$MH+0x000001dec3339400
# instanceKlass java/lang/invoke/LambdaForm$MH+0x000001dec3339000
# instanceKlass java/lang/invoke/LambdaForm$MH+0x000001dec3338c00
# instanceKlass java/lang/invoke/LambdaForm$MH+0x000001dec3338800
# instanceKlass java/lang/invoke/LambdaForm$MH+0x000001dec3338400
instanceKlass org/gradle/internal/id/LongIdGenerator
instanceKlass  @bci org/gradle/api/internal/initialization/DefaultScriptClassPathResolver <init> (Lorg/gradle/api/internal/model/NamedObjectInstantiator;Lorg/gradle/internal/instrumentation/agent/AgentStatus;Lorg/gradle/api/invocation/Gradle;Lorg/gradle/internal/instrumentation/reporting/PropertyUpgradeReportConfig;)V 26 <appendix> member <vmtarget> ; # org/gradle/api/internal/initialization/DefaultScriptClassPathResolver$$Lambda+0x000001dec3333ae0
instanceKlass org/gradle/api/internal/initialization/transform/registration/InstrumentationTransformRegisterer
# instanceKlass java/lang/invoke/LambdaForm$MH+0x000001dec3338000
# instanceKlass java/lang/invoke/LambdaForm$MH+0x000001dec3331c00
# instanceKlass java/lang/invoke/LambdaForm$MH+0x000001dec3331800
instanceKlass org/gradle/internal/instrumentation/reporting/ErrorReportingMethodInterceptionReportCollector
instanceKlass org/gradle/util/internal/GUtil$1
instanceKlass org/gradle/internal/build/DefaultPublicBuildPath
# instanceKlass java/lang/invoke/LambdaForm$MH+0x000001dec3331400
# instanceKlass java/lang/invoke/LambdaForm$MH+0x000001dec3331000
# instanceKlass java/lang/invoke/LambdaForm$MH+0x000001dec3330c00
# instanceKlass java/lang/invoke/LambdaForm$MH+0x000001dec3330800
instanceKlass  @bci org/gradle/invocation/DefaultGradle_Decorated $gradleInit ()V 1 <appendix> member <vmtarget> ; # org/gradle/invocation/DefaultGradle_Decorated$$Lambda+0x000001dec3332da8
instanceKlass org/gradle/api/internal/lambdas/SerializableLambdas
instanceKlass  @bci org/gradle/api/internal/DefaultMutationGuard <init> ()V 5 <appendix> argL0 ; # org/gradle/api/internal/DefaultMutationGuard$$Lambda+0x000001dec33326d0
instanceKlass org/gradle/api/internal/lambdas/SerializableLambdas$SerializableSupplier
instanceKlass org/gradle/api/internal/DefaultMutationGuard
instanceKlass org/gradle/api/internal/project/BuildOperationCrossProjectConfigurator
instanceKlass org/gradle/internal/concurrent/CompositeStoppable$3
instanceKlass org/gradle/api/execution/TaskExecutionGraphListener
instanceKlass org/gradle/execution/taskgraph/TaskListenerInternal
instanceKlass org/gradle/execution/commandline/CommandLineTaskParser
instanceKlass org/gradle/api/internal/tasks/options/OptionReader
instanceKlass org/gradle/api/execution/TaskExecutionListener
instanceKlass org/gradle/api/internal/artifacts/dsl/dependencies/ProjectFinder
instanceKlass org/gradle/execution/BuildTaskScheduler
instanceKlass org/gradle/execution/BuildWorkExecutor
instanceKlass org/gradle/execution/plan/NodeExecutor
instanceKlass org/gradle/initialization/TaskExecutionPreparer
instanceKlass org/gradle/internal/service/scopes/GradleScopeServices
instanceKlass org/gradle/internal/ImmutableActionSet
instanceKlass  @bci org/gradle/internal/instantiation/generator/AsmBackedClassGenerator$ClassBuilderImpl writeGenericReturnTypeFields ()V 22 <appendix> member <vmtarget> ; # org/gradle/internal/instantiation/generator/AsmBackedClassGenerator$ClassBuilderImpl$$Lambda+0x000001dec33346f8
instanceKlass org/gradle/internal/instantiation/generator/AsmBackedClassGenerator$ClassBuilderImpl$ReturnTypeEntry
instanceKlass  @bci org/gradle/internal/instantiation/generator/AsmBackedClassGenerator$ClassBuilderImpl applyServiceInjectionToGetter (Lorg/gradle/internal/instantiation/generator/AbstractClassGenerator$PropertyMetadata;Ljava/lang/Class;Lorg/gradle/internal/instantiation/generator/AbstractClassGenerator$MethodMetadata;)V 64 <appendix> member <vmtarget> ; # org/gradle/internal/instantiation/generator/AsmBackedClassGenerator$ClassBuilderImpl$$Lambda+0x000001dec332fcb8
instanceKlass  @bci org/gradle/internal/fingerprint/impl/FileCollectionFingerprinterRegistrations lambda$new$1 (Lorg/gradle/api/internal/changedetection/state/ResourceSnapshotterCacheService;Lorg/gradle/internal/execution/FileCollectionSnapshotter;Lorg/gradle/api/internal/changedetection/state/ResourceFilter;Lorg/gradle/api/internal/changedetection/state/ResourceEntryFilter;Ljava/util/Map;Lorg/gradle/api/internal/cache/StringInterner;Ljava/util/List;Lorg/gradle/internal/fingerprint/LineEndingSensitivity;)Ljava/util/stream/Stream; 36 <appendix> form vmentry <vmtarget> ; # java/lang/invoke/LambdaForm$DMH+0x000001dec3330400
instanceKlass  @bci org/gradle/internal/instantiation/generator/AsmBackedClassGenerator$ClassBuilderImpl addConventionSetter (Ljava/lang/reflect/Method;Lorg/gradle/internal/instantiation/generator/AbstractClassGenerator$PropertyMetadata;)V 49 <appendix> member <vmtarget> ; # org/gradle/internal/instantiation/generator/AsmBackedClassGenerator$ClassBuilderImpl$$Lambda+0x000001dec332f5c8
instanceKlass  @cpi org/gradle/internal/instantiation/generator/AsmBackedClassGenerator$ClassBuilderImpl 1786 form vmentry <vmtarget> ; # java/lang/invoke/LambdaForm$DMH+0x000001dec3330000
instanceKlass javax/annotation/Nullable
instanceKlass org/gradle/api/plugins/PluginContainer
instanceKlass org/gradle/api/plugins/PluginCollection
instanceKlass org/gradle/configuration/ConfigurationTargetIdentifier
instanceKlass org/gradle/invocation/DefaultGradle$DefaultGradleLifecycle
instanceKlass org/gradle/util/Path
instanceKlass org/gradle/api/ProjectEvaluationListener
instanceKlass org/gradle/initialization/SettingsState
instanceKlass org/gradle/api/internal/SettingsInternal
instanceKlass org/gradle/api/initialization/Settings
instanceKlass org/gradle/api/internal/plugins/DefaultObjectConfigurationAction
instanceKlass org/gradle/api/plugins/ObjectConfigurationAction
instanceKlass org/gradle/api/internal/initialization/ClassLoaderScope
instanceKlass org/gradle/internal/MutableActionSet
instanceKlass org/gradle/api/internal/plugins/PluginManagerInternal
instanceKlass org/gradle/execution/taskgraph/TaskExecutionGraphInternal
instanceKlass org/gradle/api/invocation/GradleLifecycle
instanceKlass org/gradle/api/execution/TaskExecutionGraph
instanceKlass org/gradle/api/plugins/PluginManager
instanceKlass org/gradle/api/internal/project/AbstractPluginAware
instanceKlass  @bci org/gradle/internal/build/DefaultBuildLifecycleControllerFactory newInstance (Lorg/gradle/api/internal/BuildDefinition;Lorg/gradle/internal/service/ServiceRegistry;)Lorg/gradle/internal/build/BuildLifecycleController; 43 <appendix> member <vmtarget> ; # org/gradle/internal/build/DefaultBuildLifecycleControllerFactory$$Lambda+0x000001dec3323730
instanceKlass  @bci org/gradle/internal/build/DefaultBuildLifecycleControllerFactory newInstance (Lorg/gradle/api/internal/BuildDefinition;Lorg/gradle/internal/service/ServiceRegistry;)Lorg/gradle/internal/build/BuildLifecycleController; 11 <appendix> member <vmtarget> ; # org/gradle/internal/build/DefaultBuildLifecycleControllerFactory$$Lambda+0x000001dec3323508
instanceKlass  @bci org/gradle/internal/build/AbstractBuildState <init> (Lorg/gradle/internal/buildtree/BuildTreeState;Lorg/gradle/api/internal/BuildDefinition;Lorg/gradle/internal/build/BuildState;)V 85 <appendix> member <vmtarget> ; # org/gradle/internal/build/AbstractBuildState$$Lambda+0x000001dec33232e0
instanceKlass  @bci org/gradle/internal/build/AbstractBuildState <init> (Lorg/gradle/internal/buildtree/BuildTreeState;Lorg/gradle/api/internal/BuildDefinition;Lorg/gradle/internal/build/BuildState;)V 67 <appendix> member <vmtarget> ; # org/gradle/internal/build/AbstractBuildState$$Lambda+0x000001dec33230b8
instanceKlass  @bci org/gradle/internal/build/AbstractBuildState <init> (Lorg/gradle/internal/buildtree/BuildTreeState;Lorg/gradle/api/internal/BuildDefinition;Lorg/gradle/internal/build/BuildState;)V 49 <appendix> member <vmtarget> ; # org/gradle/internal/build/AbstractBuildState$$Lambda+0x000001dec3322e90
instanceKlass org/gradle/vcs/internal/services/VersionControlServices$VcsResolverFactory
instanceKlass org/gradle/api/internal/artifacts/ivyservice/ivyresolve/ResolverProviderFactory
instanceKlass org/gradle/vcs/internal/resolver/VcsVersionWorkingDirResolver
instanceKlass org/gradle/vcs/internal/services/VersionControlServices$VersionControlBuildServices
instanceKlass org/gradle/profile/BuildProfileServices$2
instanceKlass org/gradle/plugins/ide/internal/configurer/UniqueProjectNameProvider
instanceKlass org/gradle/plugins/ide/internal/tooling/ToolingModelServices$BuildScopeToolingServices
instanceKlass org/gradle/plugin/use/tracker/internal/PluginVersionTracker
instanceKlass org/gradle/plugin/use/resolve/internal/PluginResolutionVisitor
instanceKlass org/gradle/api/internal/plugins/PluginDescriptorLocator
instanceKlass org/gradle/plugin/use/internal/DefaultPluginRequestApplicator
instanceKlass org/gradle/plugin/use/resolve/internal/PluginResolver
instanceKlass org/gradle/plugin/use/internal/PluginResolverFactory
instanceKlass org/gradle/plugin/use/internal/PluginDependencyResolutionServices
instanceKlass org/gradle/plugin/use/resolve/internal/PluginArtifactRepositoriesProvider
instanceKlass org/gradle/plugin/use/internal/PluginRepositoryHandlerProvider
instanceKlass org/gradle/api/internal/artifacts/DependencyResolutionServices
instanceKlass org/gradle/plugin/management/internal/PluginResolutionStrategyInternal
instanceKlass org/gradle/plugin/management/PluginResolutionStrategy
instanceKlass org/gradle/plugin/use/resolve/service/internal/ClientInjectedClasspathPluginResolver
instanceKlass org/gradle/plugin/internal/PluginUseServices$BuildScopeServices
instanceKlass org/gradle/platform/base/internal/registry/ComponentModelBaseServices$BuildScopeServices
instanceKlass org/gradle/nativeplatform/toolchain/internal/metadata/CompilerMetaDataProvider
instanceKlass org/gradle/nativeplatform/toolchain/internal/metadata/CompilerMetaDataProviderFactory
instanceKlass org/gradle/api/internal/resolve/ProjectModelResolver
instanceKlass org/gradle/nativeplatform/internal/resolve/LibraryBinaryLocator
instanceKlass org/gradle/nativeplatform/internal/resolve/NativeDependencyResolver
instanceKlass org/gradle/nativeplatform/internal/resolve/NativeDependencyResolverServices
instanceKlass org/gradle/cache/internal/FileContentCacheFactory$Calculator
instanceKlass org/gradle/language/nativeplatform/internal/incremental/sourceparser/CachingCSourceParser
instanceKlass org/gradle/language/nativeplatform/internal/incremental/sourceparser/CSourceParser
instanceKlass org/gradle/language/nativeplatform/internal/incremental/DefaultCompilationStateCacheFactory
instanceKlass org/gradle/language/nativeplatform/internal/incremental/CompilationStateCacheFactory
instanceKlass org/gradle/language/cpp/internal/NativeDependencyCache
instanceKlass org/gradle/language/base/artifact/SourcesArtifact
instanceKlass org/gradle/language/jvm/internal/JvmLanguageServices$ComponentRegistrationAction
instanceKlass org/gradle/language/java/artifact/JavadocArtifact
instanceKlass org/gradle/jvm/JvmLibrary
instanceKlass org/gradle/platform/base/Library
instanceKlass org/gradle/language/java/internal/JavaLanguageServices$JavaBuildScopeServices
instanceKlass org/gradle/tooling/provider/model/ToolingModelBuilder
instanceKlass org/gradle/language/cpp/internal/tooling/ToolingNativeServices$ToolingModelRegistration
instanceKlass org/gradle/kotlin/dsl/provider/KotlinScriptEvaluator
instanceKlass org/gradle/kotlin/dsl/provider/ClassPathModeExceptionCollector
instanceKlass org/gradle/kotlin/dsl/provider/PluginRequestsHandler
instanceKlass org/gradle/kotlin/dsl/provider/KotlinScriptClassPathProvider
instanceKlass org/gradle/kotlin/dsl/provider/BuildServices
instanceKlass org/gradle/kotlin/dsl/concurrent/BuildServices
instanceKlass org/gradle/kotlin/dsl/accessors/Stage1BlocksAccessorClassPathGenerator
instanceKlass org/gradle/kotlin/dsl/accessors/ProjectAccessorsClassPathGenerator
instanceKlass org/gradle/kotlin/dsl/concurrent/AsyncIOScopeFactory
instanceKlass org/gradle/kotlin/dsl/accessors/BuildScopeServices
instanceKlass org/gradle/jvm/toolchain/internal/JavaToolchainSpecInternal$Key
instanceKlass org/gradle/jvm/toolchain/internal/JavaToolchainQueryService
instanceKlass org/gradle/jvm/toolchain/JavaToolchainRequest
instanceKlass org/gradle/jvm/toolchain/internal/install/DefaultJavaToolchainProvisioningService
instanceKlass org/gradle/jvm/toolchain/internal/install/JavaToolchainProvisioningService
instanceKlass org/gradle/jvm/toolchain/internal/install/SecureFileDownloader
instanceKlass org/gradle/jvm/toolchain/internal/DefaultToolchainExternalResourceFactory
instanceKlass org/gradle/internal/resource/ExternalResourceFactory
instanceKlass org/gradle/internal/jvm/inspection/DefaultJavaInstallationRegistry
instanceKlass org/gradle/internal/jvm/inspection/JavaInstallationRegistry
instanceKlass org/gradle/jvm/toolchain/internal/WindowsInstallationSupplier
instanceKlass org/gradle/jvm/toolchain/internal/OsXInstallationSupplier
instanceKlass org/gradle/jvm/toolchain/internal/LinuxInstallationSupplier
instanceKlass org/xml/sax/ErrorHandler
instanceKlass org/gradle/jvm/toolchain/internal/MavenToolchainsInstallationSupplier
instanceKlass org/gradle/jvm/toolchain/internal/SdkmanInstallationSupplier
instanceKlass org/gradle/jvm/toolchain/internal/JabbaInstallationSupplier
instanceKlass org/gradle/jvm/toolchain/internal/IntellijInstallationSupplier
instanceKlass org/gradle/jvm/toolchain/internal/AsdfInstallationSupplier
instanceKlass org/gradle/jvm/toolchain/internal/InstallationSupplier
instanceKlass org/gradle/jvm/toolchain/internal/DefaultOsXJavaHomeCommand
instanceKlass org/gradle/jvm/toolchain/internal/OsXJavaHomeCommand
instanceKlass org/gradle/jvm/internal/services/ProviderBackedToolchainConfiguration
instanceKlass org/gradle/jvm/toolchain/internal/ToolchainConfiguration
instanceKlass org/gradle/jvm/toolchain/JvmToolchainManagement
instanceKlass org/gradle/jvm/toolchain/internal/JavaToolchainResolverRegistryInternal
instanceKlass org/gradle/jvm/toolchain/JavaToolchainResolverRegistry
instanceKlass org/gradle/jvm/toolchain/internal/JdkCacheDirectory
instanceKlass org/gradle/jvm/internal/services/ToolchainsJvmServices$BuildServices
instanceKlass org/gradle/internal/jvm/inspection/InvalidJvmInstallationCacheInvalidator
instanceKlass  @bci org/gradle/jvm/internal/services/PlatformJvmServices$1 configure (Lorg/gradle/internal/service/ServiceRegistration;Lorg/gradle/internal/jvm/inspection/JvmMetadataDetector;)V 8 <appendix> member <vmtarget> ; # org/gradle/jvm/internal/services/PlatformJvmServices$1$$Lambda+0x000001dec3317550
instanceKlass  @bci org/gradle/internal/jvm/inspection/JvmInstallationMetadata$DefaultJvmInstallationMetadata <init> (Ljava/io/File;Ljava/lang/String;Ljava/lang/String;Ljava/lang/String;Ljava/lang/String;Ljava/lang/String;Ljava/lang/String;Ljava/lang/String;Ljava/lang/String;)V 6 <appendix> member <vmtarget> ; # org/gradle/internal/jvm/inspection/JvmInstallationMetadata$DefaultJvmInstallationMetadata$$Lambda+0x000001dec331a388
instanceKlass org/gradle/internal/jvm/inspection/JvmInstallationMetadata$DefaultJvmInstallationMetadata
instanceKlass  @bci org/gradle/internal/jvm/inspection/CachingJvmMetadataDetector getMetadata (Lorg/gradle/jvm/toolchain/internal/InstallationLocation;)Lorg/gradle/internal/jvm/inspection/JvmInstallationMetadata; 16 <appendix> member <vmtarget> ; # org/gradle/internal/jvm/inspection/CachingJvmMetadataDetector$$Lambda+0x000001dec3319c28
instanceKlass org/gradle/jvm/toolchain/internal/InstallationLocation
instanceKlass org/gradle/internal/jvm/inspection/InvalidInstallationWarningReporter
instanceKlass org/gradle/internal/jvm/inspection/JvmInstallationMetadata
instanceKlass org/gradle/internal/jvm/inspection/DefaultJvmMetadataDetector
instanceKlass org/gradle/internal/jvm/inspection/ReportingJvmMetadataDetector
instanceKlass org/gradle/internal/jvm/inspection/CachingJvmMetadataDetector
instanceKlass org/gradle/internal/jvm/inspection/ConditionalInvalidation
instanceKlass org/gradle/process/internal/ClientExecHandleBuilder
instanceKlass org/gradle/process/internal/BaseExecHandleBuilder
instanceKlass org/gradle/process/internal/DefaultClientExecHandleBuilderFactory
# instanceKlass java/lang/invoke/LambdaForm$MH+0x000001dec331cc00
# instanceKlass java/lang/invoke/LambdaForm$MH+0x000001dec331c800
# instanceKlass java/lang/invoke/LambdaForm$MH+0x000001dec331c400
instanceKlass org/gradle/jvm/internal/services/PlatformJvmServices$1
# instanceKlass java/lang/invoke/LambdaForm$DMH+0x000001dec331c000
instanceKlass org/gradle/internal/execution/OutputChangeListener
instanceKlass org/gradle/internal/execution/history/OutputsCleaner
instanceKlass org/gradle/internal/execution/steps/DeferredExecutionAwareStep
instanceKlass org/gradle/internal/execution/steps/AfterExecutionOutputFilter
instanceKlass org/gradle/internal/execution/steps/Step
instanceKlass org/gradle/internal/execution/history/ExecutionHistoryCacheAccess
instanceKlass org/gradle/internal/execution/history/OutputFilesRepository
instanceKlass org/gradle/internal/execution/history/ExecutionHistoryStore
instanceKlass org/gradle/internal/service/scopes/ExecutionBuildServices
instanceKlass org/gradle/authentication/http/HttpHeaderAuthentication
instanceKlass org/gradle/authentication/http/DigestAuthentication
instanceKlass org/gradle/authentication/http/BasicAuthentication
instanceKlass org/gradle/internal/resource/transport/http/HttpResourcesServices$AuthenticationSchemeAction
instanceKlass org/gradle/internal/authentication/AbstractAuthentication
instanceKlass org/gradle/internal/authentication/AuthenticationInternal
instanceKlass org/gradle/authentication/aws/AwsImAuthentication
instanceKlass org/gradle/authentication/Authentication
# instanceKlass java/lang/invoke/LambdaForm$MH+0x000001dec3311c00
# instanceKlass java/lang/invoke/LambdaForm$MH+0x000001dec3311800
# instanceKlass java/lang/invoke/LambdaForm$MH+0x000001dec3311400
instanceKlass org/gradle/internal/authentication/DefaultAuthenticationSchemeRegistry
instanceKlass org/gradle/internal/resource/transport/aws/s3/S3ResourcesServices$AuthenticationSchemeAction
instanceKlass org/gradle/api/flow/FlowScope
instanceKlass org/gradle/internal/flow/services/FlowServices$FlowServicesProvider
instanceKlass org/gradle/internal/flow/services/FlowParametersInstantiator
instanceKlass org/gradle/internal/flow/services/FlowScheduler
instanceKlass org/gradle/internal/flow/services/DefaultFlowProviders
instanceKlass org/gradle/api/flow/FlowProviders
instanceKlass org/gradle/internal/scan/config/BuildScanConfig
instanceKlass org/gradle/internal/scan/config/BuildScanConfig$Attributes
instanceKlass org/gradle/internal/enterprise/impl/legacy/LegacyGradleEnterprisePluginCheckInService
instanceKlass org/gradle/internal/scan/eob/BuildScanEndOfBuildNotifier
instanceKlass org/gradle/internal/scan/config/BuildScanConfigProvider
instanceKlass org/gradle/internal/enterprise/impl/legacy/DefaultBuildScanScopeIds
instanceKlass org/gradle/internal/scan/scopeids/BuildScanScopeIds
instanceKlass org/gradle/internal/enterprise/impl/DefaultGradleEnterprisePluginRequiredServices
instanceKlass org/gradle/internal/enterprise/impl/DefaultDevelocityBuildLifecycleService
instanceKlass org/gradle/internal/enterprise/DevelocityBuildLifecycleService
instanceKlass org/gradle/internal/enterprise/core/GradleEnterprisePluginAdapter
instanceKlass org/gradle/internal/enterprise/GradleEnterprisePluginCheckInResult
instanceKlass org/gradle/internal/enterprise/impl/DefaultGradleEnterprisePluginCheckInService
instanceKlass org/gradle/internal/enterprise/GradleEnterprisePluginCheckInService
instanceKlass org/gradle/internal/enterprise/GradleEnterprisePluginRequiredServices
instanceKlass org/gradle/internal/enterprise/impl/DefaultGradleEnterprisePluginAdapterFactory
instanceKlass org/gradle/internal/enterprise/impl/GradleEnterprisePluginAutoApplicationListener
instanceKlass org/gradle/plugin/use/internal/PluginRequestApplicator$PluginApplicationListener
# instanceKlass java/lang/invoke/LambdaForm$MH+0x000001dec3311000
# instanceKlass java/lang/invoke/LambdaForm$MH+0x000001dec3310c00
# instanceKlass java/lang/invoke/LambdaForm$MH+0x000001dec3310800
# instanceKlass java/lang/invoke/LambdaForm$MH+0x000001dec3310400
# instanceKlass java/lang/invoke/LambdaForm$MH+0x000001dec3310000
instanceKlass org/gradle/api/HasImplicitReceiver
instanceKlass org/gradle/plugin/software/internal/ModelDefaultsHandler
instanceKlass org/gradle/internal/declarativedsl/interpreter/DeclarativeKotlinScriptEvaluator
instanceKlass org/gradle/internal/declarativedsl/evaluationSchema/InterpretationSchemaBuilder
instanceKlass org/gradle/internal/declarativedsl/provider/BuildServices
instanceKlass org/gradle/internal/cc/impl/services/DefaultIsolatedProjectEvaluationListenerProvider
instanceKlass org/gradle/invocation/GradleLifecycleActionExecutor
instanceKlass org/gradle/invocation/IsolatedProjectEvaluationListenerProvider
instanceKlass org/gradle/internal/cc/impl/ConfigurationCacheClassLoaderScopeRegistryListener
instanceKlass org/gradle/internal/cc/impl/serialize/ScopeLookup
instanceKlass org/gradle/internal/cc/impl/problems/AbstractProblemsListener
instanceKlass org/gradle/internal/configuration/problems/ProblemsListener
instanceKlass org/gradle/internal/cc/impl/DefaultConfigurationCacheIO
instanceKlass org/gradle/internal/cc/impl/ConfigurationCacheIncludedBuildIO
instanceKlass org/gradle/internal/cc/impl/ConfigurationCacheBuildTreeIO
instanceKlass org/gradle/internal/cc/impl/ConfigurationCacheOperationIO
instanceKlass org/gradle/internal/cc/impl/DefaultConfigurationCacheHost
instanceKlass org/gradle/internal/cc/impl/ConfigurationCacheHost
instanceKlass org/gradle/internal/cc/base/serialize/HostServiceProvider
instanceKlass org/gradle/internal/cc/impl/WorkGraphLoadingState
instanceKlass org/gradle/api/internal/tasks/TaskExecutionAccessChecker
instanceKlass org/gradle/internal/cc/impl/ConfigurationCacheServices$TaskExecutionAccessCheckerProvider
instanceKlass org/gradle/internal/cc/impl/RelevantProjectsRegistry
instanceKlass org/gradle/api/internal/artifacts/configurations/ProjectComponentObservationListener
instanceKlass org/gradle/ide/xcode/internal/xcodeproj/GidGenerator
instanceKlass org/gradle/ide/xcode/internal/services/XcodeServices$1
instanceKlass org/gradle/declarative/dsl/tooling/builders/internal/BuildScopeToolingServices
instanceKlass org/gradle/composite/internal/plugins/CompositeBuildPluginResolverContributor
instanceKlass org/gradle/plugin/use/resolve/internal/PluginResolverContributor
instanceKlass org/gradle/caching/internal/controller/impl/LifecycleAwareBuildCacheController
instanceKlass org/gradle/caching/internal/controller/BuildCacheController
instanceKlass org/gradle/caching/configuration/internal/BuildCacheConfigurationInternal
instanceKlass org/gradle/caching/configuration/BuildCacheConfiguration
instanceKlass org/gradle/caching/internal/packaging/BuildCacheEntryPacker
instanceKlass org/gradle/caching/internal/packaging/impl/FilePermissionAccess
instanceKlass org/gradle/caching/internal/services/BuildCacheControllerFactory
instanceKlass org/gradle/caching/internal/packaging/impl/TarPackerFileSystemSupport
instanceKlass org/gradle/caching/internal/BuildCacheServices$3
instanceKlass  @bci org/gradle/caching/http/internal/HttpBuildCacheServiceServices registerBuildServices (Lorg/gradle/internal/service/ServiceRegistration;)V 22 <appendix> argL0 ; # org/gradle/caching/http/internal/HttpBuildCacheServiceServices$$Lambda+0x000001dec3308f18
instanceKlass org/apache/http/HttpRequest
instanceKlass org/apache/http/HttpMessage
instanceKlass org/gradle/caching/http/internal/HttpBuildCacheRequestCustomizer
instanceKlass org/gradle/caching/http/internal/DefaultHttpBuildCacheServiceFactory
instanceKlass org/gradle/caching/BuildCacheServiceFactory
instanceKlass org/gradle/caching/configuration/AbstractBuildCache
instanceKlass org/gradle/caching/configuration/BuildCache
instanceKlass org/gradle/caching/configuration/internal/DefaultBuildCacheServiceRegistration
instanceKlass org/gradle/caching/configuration/internal/BuildCacheServiceRegistration
instanceKlass org/gradle/maven/MavenPomArtifact
instanceKlass org/gradle/maven/MavenModule
instanceKlass org/gradle/api/publish/maven/internal/publisher/MavenPublishers
instanceKlass org/gradle/api/publish/maven/internal/dependencies/VersionRangeMapper
instanceKlass org/gradle/api/publish/maven/internal/MavenPublishServices$ComponentRegistrationAction
instanceKlass org/gradle/ivy/IvyDescriptorArtifact
instanceKlass org/gradle/api/component/Artifact
instanceKlass org/gradle/api/internal/component/DefaultComponentTypeRegistry$DefaultComponentTypeRegistration
instanceKlass org/gradle/ivy/IvyModule
instanceKlass org/gradle/api/component/Component
# instanceKlass java/lang/invoke/LambdaForm$MH+0x000001dec3305c00
# instanceKlass java/lang/invoke/LambdaForm$MH+0x000001dec3305800
# instanceKlass java/lang/invoke/LambdaForm$MH+0x000001dec3305400
# instanceKlass java/lang/invoke/LambdaForm$MH+0x000001dec3305000
instanceKlass org/gradle/api/internal/component/ComponentTypeRegistration
instanceKlass org/gradle/api/internal/component/DefaultComponentTypeRegistry
instanceKlass org/gradle/api/publish/ivy/internal/publisher/IvyPublisher
instanceKlass org/gradle/api/publish/ivy/internal/IvyServices$BuildServices
instanceKlass org/gradle/api/publish/internal/mapping/ComponentDependencyResolver
instanceKlass org/gradle/api/publish/internal/mapping/VariantDependencyResolver
instanceKlass org/gradle/api/publish/internal/mapping/DefaultDependencyCoordinateResolverFactory
instanceKlass org/gradle/api/publish/internal/mapping/DependencyCoordinateResolverFactory
instanceKlass org/gradle/api/publish/internal/validation/DuplicatePublicationTracker
instanceKlass org/gradle/api/internal/artifacts/ivyservice/projectmodule/DefaultProjectDependencyPublicationResolver$VariantCoordinateResolver
instanceKlass org/gradle/api/component/SoftwareComponent
instanceKlass org/gradle/api/internal/artifacts/ivyservice/projectmodule/DefaultProjectDependencyPublicationResolver
instanceKlass org/gradle/api/internal/artifacts/ivyservice/projectmodule/ProjectDependencyPublicationResolver
instanceKlass org/gradle/api/tasks/testing/GroupTestEventReporter
instanceKlass org/gradle/api/tasks/testing/TestEventReporter
instanceKlass org/gradle/api/internal/tasks/testing/DefaultTestEventReporterFactory
instanceKlass org/gradle/api/tasks/testing/TestEventReporterFactory
instanceKlass org/gradle/api/internal/tasks/testing/TestingBasePluginServices$TestingBuildScopeServices
# instanceKlass java/lang/invoke/LambdaForm$MH+0x000001dec3304c00
# instanceKlass java/lang/invoke/LambdaForm$MH+0x000001dec3304800
# instanceKlass java/lang/invoke/LambdaForm$MH+0x000001dec3304400
# instanceKlass java/lang/invoke/LambdaForm$MH+0x000001dec3304000
instanceKlass org/gradle/initialization/DefaultJdkToolsInitializer
instanceKlass org/gradle/api/internal/tasks/compile/incremental/IncrementalCompilerFactory
instanceKlass org/gradle/api/internal/tasks/compile/incremental/classpath/ClassSetAnalyzer
instanceKlass org/gradle/api/internal/tasks/compile/incremental/analyzer/ClassDependenciesAnalyzer
instanceKlass org/gradle/api/internal/tasks/CompileServices$BuildScopeCompileServices
instanceKlass org/gradle/api/internal/artifacts/ivyservice/ivyresolve/ResolverProviderFactories
instanceKlass org/gradle/api/internal/artifacts/MetadataResolutionContext
instanceKlass org/gradle/api/internal/artifacts/ivyservice/ivyresolve/ComponentResolvers
instanceKlass org/gradle/api/internal/artifacts/ivyservice/ivyresolve/ModuleComponentRepository
instanceKlass org/gradle/api/artifacts/result/ResolvedArtifactResult
instanceKlass org/gradle/api/artifacts/result/ArtifactResult
instanceKlass org/gradle/api/internal/artifacts/ivyservice/ivyresolve/ExternalModuleComponentResolverFactory
instanceKlass org/gradle/api/internal/artifacts/ivyservice/resolveengine/artifact/ResolvedArtifactSetResolver
instanceKlass org/gradle/internal/resource/local/LocallyAvailableExternalResource
instanceKlass org/gradle/internal/resource/ExternalResource
instanceKlass org/gradle/internal/resource/local/FileResourceConnector
instanceKlass org/gradle/api/internal/artifacts/transform/TransformStepNodeDependencyResolver
instanceKlass org/gradle/internal/component/external/model/ModuleComponentArtifactMetadata
instanceKlass org/gradle/internal/resource/local/LocallyAvailableResourceFinder
instanceKlass org/gradle/api/internal/artifacts/ivyservice/resolveengine/excludes/ModuleExclusions
instanceKlass org/gradle/internal/verifier/HttpRedirectVerifier
instanceKlass org/gradle/api/internal/runtimeshaded/RuntimeShadedJarFactory
instanceKlass org/gradle/internal/resource/TextUriResourceLoader$Factory
instanceKlass org/gradle/api/internal/artifacts/transform/TransformExecutionListener
instanceKlass org/gradle/internal/resolve/caching/CrossBuildCachingRuleExecutor
instanceKlass org/gradle/internal/resolve/caching/CachingRuleExecutor
instanceKlass org/gradle/api/internal/artifacts/ivyservice/ivyresolve/verification/DependencyVerificationOverride
instanceKlass org/gradle/initialization/DependenciesAccessors
instanceKlass org/gradle/api/internal/artifacts/dsl/CapabilityNotationParser
instanceKlass org/gradle/api/internal/artifacts/DefaultProjectDependencyFactory
instanceKlass org/gradle/internal/resource/local/FileResourceRepository
instanceKlass org/gradle/internal/resource/ExternalResourceRepository
instanceKlass org/gradle/api/internal/artifacts/repositories/transport/RepositoryTransportFactory
instanceKlass org/gradle/internal/management/DependencyResolutionManagementInternal
instanceKlass org/gradle/api/initialization/resolve/DependencyResolutionManagement
instanceKlass org/gradle/api/internal/artifacts/dsl/dependencies/DependencyFactoryInternal
instanceKlass org/gradle/api/artifacts/dsl/DependencyFactory
instanceKlass org/gradle/api/internal/artifacts/ivyservice/ivyresolve/strategy/VersionComparator
instanceKlass org/gradle/internal/resource/TextUriResourceLoader
instanceKlass org/gradle/api/internal/artifacts/repositories/resolver/ExternalResourceAccessor
instanceKlass org/gradle/api/internal/artifacts/ivyservice/ivyresolve/strategy/VersionSelectorScheme
instanceKlass org/gradle/api/internal/artifacts/mvnsettings/LocalMavenRepositoryLocator
instanceKlass org/gradle/api/internal/artifacts/dsl/dependencies/DependencyConstraintFactoryInternal
instanceKlass org/gradle/api/artifacts/dsl/DependencyConstraintFactory
instanceKlass org/gradle/api/internal/artifacts/configurations/DependencyMetaDataProvider
instanceKlass org/gradle/api/internal/artifacts/mvnsettings/MavenSettingsProvider
instanceKlass org/gradle/api/internal/artifacts/mvnsettings/MavenFileLocations
instanceKlass org/gradle/api/internal/artifacts/verification/signatures/SignatureVerificationServiceFactory
instanceKlass org/gradle/api/internal/artifacts/DependencyManagementBuildScopeServices
instanceKlass org/gradle/configuration/project/ProjectEvaluator
instanceKlass org/gradle/internal/cc/impl/DefaultBuildModelControllerServices$VintageModelProvider
instanceKlass org/gradle/api/internal/project/DynamicLookupRoutine
instanceKlass org/gradle/api/internal/project/CrossProjectModelAccess
instanceKlass org/gradle/internal/cc/impl/DefaultBuildModelControllerServices$VintageIsolatedProjectsProvider
instanceKlass org/gradle/internal/cc/impl/services/DefaultEnvironment
instanceKlass org/gradle/internal/build/BuildModelController
instanceKlass org/gradle/internal/cc/impl/DefaultBuildModelControllerServices$VintageBuildControllerProvider
instanceKlass org/gradle/tooling/provider/model/internal/IntermediateToolingModelProvider
instanceKlass org/gradle/internal/cc/impl/DefaultBuildModelControllerServices$ServicesProvider
instanceKlass org/gradle/internal/cleanup/DefaultBuildOutputCleanupRegistry
instanceKlass org/gradle/internal/execution/BuildOutputCleanupRegistry
instanceKlass org/gradle/api/internal/artifacts/DependencyManagementServices
instanceKlass org/gradle/api/internal/initialization/ScriptHandlerInternal
instanceKlass org/gradle/api/initialization/dsl/ScriptHandler
instanceKlass org/gradle/api/internal/initialization/DefaultScriptHandlerFactory
instanceKlass org/gradle/api/internal/initialization/DefaultScriptClassPathResolver
instanceKlass org/gradle/internal/composite/DefaultBuildIncluder
instanceKlass org/gradle/internal/build/ExportedTaskNode
instanceKlass org/gradle/internal/build/BuildWorkGraph
instanceKlass org/gradle/internal/build/DefaultBuildWorkGraphController
instanceKlass org/gradle/internal/build/BuildWorkGraphController
instanceKlass org/gradle/execution/plan/WorkNodeDependencyResolver
instanceKlass org/gradle/execution/plan/TaskNodeDependencyResolver
instanceKlass org/gradle/execution/plan/DependencyResolver
instanceKlass org/gradle/api/internal/tasks/WorkDependencyResolver
instanceKlass org/gradle/execution/plan/SelfExecutingNode
instanceKlass org/gradle/execution/plan/Node
instanceKlass org/gradle/internal/execution/WorkValidationContext
instanceKlass org/gradle/internal/execution/WorkValidationContext$TypeOriginInspector
instanceKlass org/gradle/execution/plan/DefaultNodeValidator
instanceKlass org/gradle/execution/plan/NodeValidator
instanceKlass org/gradle/initialization/layout/ResolvedBuildLayout
instanceKlass org/gradle/internal/build/BuildIncluder
instanceKlass org/gradle/initialization/SettingsLoader
instanceKlass org/gradle/initialization/DefaultSettingsLoaderFactory
instanceKlass org/gradle/api/internal/project/ProjectFactory
instanceKlass org/gradle/api/internal/project/IProjectFactory
instanceKlass org/gradle/api/internal/file/DefaultArchiveOperations
instanceKlass org/gradle/api/file/ArchiveOperations
instanceKlass org/gradle/api/internal/file/DefaultFileSystemOperations
instanceKlass org/gradle/api/file/FileSystemOperations
instanceKlass org/gradle/api/resources/internal/ReadableResourceInternal
instanceKlass org/gradle/api/resources/ReadableResource
instanceKlass org/gradle/api/resources/Resource
instanceKlass org/gradle/internal/resource/LocalBinaryResource
instanceKlass org/gradle/internal/resource/ReadableContent
instanceKlass org/gradle/internal/resource/Resource
instanceKlass org/gradle/api/internal/file/delete/DeleteSpecInternal
instanceKlass org/gradle/api/file/DeleteSpec
instanceKlass org/gradle/api/internal/file/DefaultFileOperations
instanceKlass org/gradle/api/internal/file/FileOperations
instanceKlass org/gradle/process/internal/DefaultExecOperations
# instanceKlass java/lang/invoke/LambdaForm$MH+0x000001dec32f5800
# instanceKlass java/lang/invoke/LambdaForm$MH+0x000001dec32f5400
# instanceKlass java/lang/invoke/LambdaForm$MH+0x000001dec32f5000
# instanceKlass java/lang/invoke/LambdaForm$MH+0x000001dec32f4c00
# instanceKlass java/lang/invoke/LambdaForm$MH+0x000001dec32f4800
# instanceKlass java/lang/invoke/LambdaForm$DMH+0x000001dec32f4400
# instanceKlass java/lang/invoke/LambdaForm$DMH+0x000001dec32f4000
instanceKlass org/gradle/api/internal/project/ProjectInternal
instanceKlass org/gradle/model/internal/registry/ModelRegistryScope
instanceKlass org/gradle/api/internal/DomainObjectContext
instanceKlass org/gradle/api/internal/file/HasScriptServices
instanceKlass org/gradle/api/internal/project/ProjectIdentifier
instanceKlass org/gradle/tooling/provider/model/internal/BuildScopeToolingModelBuilderRegistryAction
instanceKlass org/gradle/execution/plan/TaskDependencyResolver
instanceKlass org/gradle/execution/plan/TaskNodeFactory
instanceKlass org/gradle/plugin/use/internal/PluginRequestApplicator
instanceKlass org/gradle/plugin/management/internal/PluginHandler
instanceKlass org/gradle/plugin/management/internal/argumentloaded/ArgumentSourcedPluginHandler
instanceKlass org/gradle/plugin/management/internal/autoapply/AutoAppliedPluginHandler
instanceKlass org/gradle/api/internal/project/DefaultProjectRegistry
instanceKlass org/gradle/api/internal/project/ProjectRegistry
instanceKlass org/gradle/execution/plan/OrdinalGroupFactory
instanceKlass org/gradle/api/internal/plugins/PluginInspector
instanceKlass org/gradle/api/initialization/SharedModelDefaults
instanceKlass org/gradle/plugin/software/internal/SoftwareTypeRegistry
instanceKlass org/gradle/internal/management/ToolchainManagementInternal
instanceKlass org/gradle/internal/FinalizableValue
instanceKlass org/gradle/api/toolchain/management/ToolchainManagement
instanceKlass org/gradle/api/internal/tasks/TaskStatistics
instanceKlass org/gradle/initialization/buildsrc/BuildSourceBuilder
instanceKlass org/gradle/api/internal/initialization/ScriptClassPathResolver
instanceKlass org/gradle/api/provider/ProviderFactory
instanceKlass org/gradle/initialization/SettingsLoaderFactory
instanceKlass org/gradle/initialization/InitScriptHandler
instanceKlass org/gradle/api/internal/initialization/ScriptHandlerFactory
instanceKlass org/gradle/groovy/scripts/internal/GroovyScriptClassCompiler
instanceKlass org/gradle/internal/execution/ExecutionEngine
instanceKlass org/gradle/execution/plan/ExecutionPlanFactory
instanceKlass org/gradle/execution/selection/BuildTaskSelector$BuildSpecificSelector
instanceKlass org/gradle/buildinit/specs/internal/BuildInitSpecRegistry
instanceKlass org/gradle/api/internal/resources/DefaultResourceHandler$Factory
instanceKlass org/gradle/api/internal/resources/ApiTextResourceAdapter$Factory
instanceKlass org/gradle/internal/service/scopes/BuildScopeServiceRegistryFactory
instanceKlass org/gradle/internal/service/scopes/ServiceRegistryFactory
instanceKlass org/gradle/api/services/internal/DefaultBuildServicesRegistry
instanceKlass org/gradle/api/services/internal/BuildServiceRegistryInternal
instanceKlass org/gradle/api/services/BuildServiceRegistry
instanceKlass org/gradle/api/internal/properties/GradleProperties
instanceKlass org/gradle/api/internal/GradleInternal
instanceKlass org/gradle/api/internal/plugins/PluginAwareInternal
instanceKlass org/gradle/groovy/scripts/internal/DefaultScriptCompilationHandler
instanceKlass org/gradle/api/internal/provider/sources/process/ProcessOutputProviderFactory
instanceKlass org/gradle/initialization/Environment
instanceKlass org/gradle/tooling/provider/model/internal/DefaultToolingModelBuilderRegistry
instanceKlass org/gradle/tooling/provider/model/internal/ToolingModelBuilderLookup
instanceKlass org/gradle/tooling/provider/model/ToolingModelBuilderRegistry
instanceKlass org/gradle/execution/plan/ExecutionNodeAccessHierarchies
instanceKlass org/gradle/api/internal/plugins/PluginRegistry
instanceKlass org/gradle/api/internal/project/ProjectTaskLister
instanceKlass org/gradle/api/internal/initialization/BuildLogicBuilder
instanceKlass org/gradle/configuration/ScriptPluginFactory
instanceKlass org/gradle/api/internal/project/IsolatedAntBuilder
instanceKlass org/gradle/configuration/ProjectsPreparer
instanceKlass org/gradle/groovy/scripts/internal/ScriptRunnerFactory
instanceKlass org/gradle/initialization/SettingsPreparer
instanceKlass org/gradle/internal/build/PublicBuildPath
instanceKlass org/gradle/api/internal/provider/sources/process/ExecSpecFactory
instanceKlass org/gradle/initialization/SettingsProcessor
instanceKlass org/gradle/configuration/InitScriptProcessor
instanceKlass org/gradle/groovy/scripts/ScriptCompilerFactory
instanceKlass org/gradle/groovy/scripts/internal/ScriptClassCompiler
instanceKlass org/gradle/groovy/scripts/internal/ScriptCompilationHandler
instanceKlass org/gradle/internal/actor/ActorFactory
instanceKlass org/gradle/api/internal/project/taskfactory/ITaskFactory
instanceKlass org/gradle/initialization/BuildLoader
instanceKlass org/gradle/internal/build/BuildWorkPreparer
instanceKlass org/gradle/api/internal/component/ComponentTypeRegistry
instanceKlass org/gradle/internal/operations/logging/BuildOperationLoggerFactory
instanceKlass org/gradle/api/internal/provider/ValueSourceProviderFactory
instanceKlass org/gradle/process/ExecOperations
instanceKlass org/gradle/initialization/properties/SystemPropertiesInstaller
instanceKlass org/gradle/initialization/properties/ProjectPropertiesLoader
instanceKlass org/gradle/internal/resource/TextFileResourceLoader
instanceKlass org/gradle/configuration/CompileOperationFactory
instanceKlass org/gradle/internal/authentication/AuthenticationSchemeRegistry
instanceKlass org/gradle/initialization/IGradlePropertiesLoader
instanceKlass org/gradle/initialization/GradlePropertiesController
instanceKlass org/gradle/api/invocation/BuildInvocationDetails
instanceKlass org/gradle/cache/scopes/BuildScopedCacheBuilderFactory
instanceKlass org/gradle/internal/service/scopes/BuildScopeServices
instanceKlass org/gradle/internal/cc/impl/DefaultBuildModelControllerServices$servicesForBuild$1
instanceKlass org/gradle/internal/build/BuildModelControllerServices$Supplier
instanceKlass org/gradle/internal/composite/IncludedBuildInternal
instanceKlass org/gradle/api/initialization/IncludedBuild
instanceKlass org/gradle/internal/buildtree/BuildTreeFinishExecutor
instanceKlass org/gradle/internal/buildtree/BuildTreeWorkExecutor
instanceKlass org/gradle/internal/build/AbstractBuildState
instanceKlass org/gradle/internal/Actions$NullAction
instanceKlass org/gradle/internal/Actions
instanceKlass org/gradle/plugin/management/internal/PluginRequests$EmptyPluginRequests
instanceKlass org/gradle/plugin/management/internal/PluginRequests
instanceKlass org/gradle/api/internal/BuildDefinition
instanceKlass org/gradle/internal/buildtree/InitDeprecationLoggingActionExecutor$1
instanceKlass org/gradle/api/problems/internal/ProblemsProgressEventEmitterHolder
instanceKlass  @bci org/gradle/internal/buildtree/ProblemReportingBuildActionRunner <init> (Lorg/gradle/internal/buildtree/BuildActionRunner;Lorg/gradle/internal/exception/ExceptionAnalyser;Lorg/gradle/initialization/layout/BuildLayout;Ljava/util/List;)V 20 <appendix> argL0 ; # org/gradle/internal/buildtree/ProblemReportingBuildActionRunner$$Lambda+0x000001dec32e6460
instanceKlass org/gradle/launcher/exec/ChainingBuildActionRunner
instanceKlass org/gradle/internal/buildtree/ProblemReportingBuildActionRunner
instanceKlass org/gradle/launcher/exec/BuildOutcomeReportingBuildActionRunner
instanceKlass org/gradle/tooling/internal/provider/FileSystemWatchingBuildActionRunner
instanceKlass org/gradle/launcher/exec/BuildCompletionNotifyingBuildActionRunner
instanceKlass org/gradle/launcher/exec/RootBuildLifecycleBuildActionExecutor
instanceKlass org/gradle/internal/buildtree/InitDeprecationLoggingActionExecutor
instanceKlass org/gradle/internal/buildtree/InitProblems
# instanceKlass java/lang/invoke/LambdaForm$MH+0x000001dec32e4000
# instanceKlass java/lang/invoke/LambdaForm$MH+0x000001dec32e3c00
# instanceKlass java/lang/invoke/LambdaForm$MH+0x000001dec32e3800
# instanceKlass java/lang/invoke/LambdaForm$MH+0x000001dec32e3400
# instanceKlass java/lang/invoke/LambdaForm$MH+0x000001dec32e3000
# instanceKlass java/lang/invoke/LambdaForm$MH+0x000001dec32e2c00
# instanceKlass java/lang/invoke/LambdaForm$MH+0x000001dec32e2800
# instanceKlass java/lang/invoke/LambdaForm$MH+0x000001dec32e2400
# instanceKlass java/lang/invoke/LambdaForm$MH+0x000001dec32e2000
# instanceKlass java/lang/invoke/LambdaForm$MH+0x000001dec32e1c00
# instanceKlass java/lang/invoke/LambdaForm$MH+0x000001dec32e1800
# instanceKlass java/lang/invoke/LambdaForm$MH+0x000001dec32e1400
# instanceKlass java/lang/invoke/LambdaForm$MH+0x000001dec32e1000
# instanceKlass java/lang/invoke/LambdaForm$MH+0x000001dec32e0c00
# instanceKlass java/lang/invoke/LambdaForm$MH+0x000001dec32e0800
# instanceKlass java/lang/invoke/LambdaForm$MH+0x000001dec32e0400
# instanceKlass java/lang/invoke/LambdaForm$MH+0x000001dec32e0000
# instanceKlass java/lang/invoke/LambdaForm$MH+0x000001dec32dbc00
# instanceKlass java/lang/invoke/LambdaForm$MH+0x000001dec32db800
# instanceKlass java/lang/invoke/LambdaForm$MH+0x000001dec32db400
# instanceKlass java/lang/invoke/LambdaForm$MH+0x000001dec32db000
# instanceKlass java/lang/invoke/LambdaForm$MH+0x000001dec32dac00
instanceKlass org/gradle/api/problems/internal/DefaultProblemReporter
instanceKlass org/gradle/api/problems/internal/AdditionalDataBuilderFactory$4
instanceKlass org/gradle/api/problems/internal/PropertyTraceData
instanceKlass org/gradle/api/problems/internal/PropertyTraceDataSpec
instanceKlass org/gradle/api/problems/internal/AdditionalDataBuilderFactory$3
instanceKlass org/gradle/api/problems/internal/TypeValidationData
instanceKlass org/gradle/api/problems/internal/TypeValidationDataSpec
instanceKlass org/gradle/api/problems/internal/AdditionalDataBuilderFactory$2
instanceKlass org/gradle/api/problems/internal/DeprecationData
instanceKlass org/gradle/api/problems/internal/DeprecationDataSpec
instanceKlass org/gradle/api/problems/internal/AdditionalDataBuilderFactory$1
instanceKlass org/gradle/api/problems/internal/GeneralData
instanceKlass org/gradle/api/problems/AdditionalData
instanceKlass org/gradle/api/problems/internal/AdditionalDataBuilderFactory$DataTypeAndProvider
instanceKlass org/gradle/api/problems/internal/GeneralDataSpec
instanceKlass org/gradle/api/problems/internal/AdditionalDataSpec
instanceKlass org/gradle/api/problems/internal/AdditionalDataBuilderFactory
instanceKlass org/gradle/api/problems/internal/ProblemsInfrastructure
instanceKlass org/gradle/api/problems/internal/InternalProblemBuilder
instanceKlass org/gradle/api/problems/internal/InternalProblemSpec
instanceKlass org/gradle/api/problems/internal/InternalProblemReporter
instanceKlass org/gradle/api/problems/ProblemReporter
instanceKlass org/gradle/api/problems/internal/DefaultProblems
# instanceKlass java/lang/invoke/LambdaForm$MH+0x000001dec32da800
# instanceKlass java/lang/invoke/LambdaForm$MH+0x000001dec32da400
# instanceKlass java/lang/invoke/LambdaForm$MH+0x000001dec32da000
# instanceKlass java/lang/invoke/LambdaForm$MH+0x000001dec32d9c00
# instanceKlass java/lang/invoke/LambdaForm$MH+0x000001dec32d9800
# instanceKlass java/lang/invoke/LambdaForm$MH+0x000001dec32d9400
# instanceKlass java/lang/invoke/LambdaForm$MH+0x000001dec32d9000
# instanceKlass java/lang/invoke/LambdaForm$MH+0x000001dec32d8c00
# instanceKlass java/lang/invoke/LambdaForm$MH+0x000001dec32d8800
# instanceKlass java/lang/invoke/LambdaForm$MH+0x000001dec32d8400
# instanceKlass java/lang/invoke/LambdaForm$DMH+0x000001dec32d8000
instanceKlass org/gradle/internal/snapshot/impl/ArrayOfPrimitiveValueSnapshot
instanceKlass org/gradle/internal/snapshot/impl/AbstractSetSnapshot
instanceKlass org/gradle/internal/snapshot/impl/AbstractListSnapshot
instanceKlass org/gradle/internal/snapshot/impl/AbstractArraySnapshot
instanceKlass org/gradle/internal/snapshot/impl/EnumValueSnapshot
instanceKlass org/gradle/internal/snapshot/impl/JavaSerializedValueSnapshot
instanceKlass org/gradle/internal/snapshot/impl/NullValueSnapshot
instanceKlass org/gradle/internal/snapshot/impl/AbstractManagedValueSnapshot
instanceKlass org/gradle/internal/snapshot/impl/AbstractScalarValueSnapshot
instanceKlass org/gradle/internal/snapshot/impl/AbstractMapSnapshot
instanceKlass org/gradle/internal/snapshot/impl/IsolatableSerializerRegistry$IsolatableSerializer
instanceKlass org/gradle/internal/problems/DefaultProblemDiagnosticsFactory$DefaultProblemStream
instanceKlass org/gradle/initialization/exception/StackTraceSanitizingExceptionAnalyser
instanceKlass org/gradle/initialization/exception/MultipleBuildFailuresExceptionAnalyser
# instanceKlass java/lang/invoke/LambdaForm$MH+0x000001dec32d0000
instanceKlass org/gradle/internal/problems/DefaultProblemDiagnosticsFactory$1
instanceKlass org/gradle/internal/problems/DefaultProblemDiagnosticsFactory$CopyStackTraceTransFormer
instanceKlass org/gradle/internal/code/DefaultUserCodeApplicationContext
instanceKlass  @bci org/gradle/internal/problems/DefaultProblemLocationAnalyzer <clinit> ()V 0 <appendix> argL0 ; # org/gradle/internal/problems/DefaultProblemLocationAnalyzer$$Lambda+0x000001dec32ce670
instanceKlass  @cpi org/gradle/internal/snapshot/PathUtil 193 form vmentry <vmtarget> ; # java/lang/invoke/LambdaForm$DMH+0x000001dec32cdc00
instanceKlass org/gradle/internal/problems/failure/StackFramePredicate
instanceKlass org/gradle/composite/internal/DefaultIncludedBuildRegistry
# instanceKlass java/lang/invoke/LambdaForm$MH+0x000001dec32cd800
# instanceKlass java/lang/invoke/LambdaForm$MH+0x000001dec32cd400
# instanceKlass java/lang/invoke/LambdaForm$MH+0x000001dec32cd000
# instanceKlass java/lang/invoke/LambdaForm$MH+0x000001dec32ccc00
# instanceKlass java/lang/invoke/LambdaForm$MH+0x000001dec32cc800
# instanceKlass java/lang/invoke/LambdaForm$MH+0x000001dec32cc400
# instanceKlass java/lang/invoke/LambdaForm$MH+0x000001dec32cc000
# instanceKlass java/lang/invoke/LambdaForm$MH+0x000001dec32cbc00
# instanceKlass java/lang/invoke/LambdaForm$MH+0x000001dec32cb800
# instanceKlass java/lang/invoke/LambdaForm$MH+0x000001dec32cb400
instanceKlass org/gradle/problems/internal/services/SummarizerStrategy
instanceKlass  @bci org/gradle/problems/internal/services/ProblemsBuildTreeServices createProblemSummarizer (Lorg/gradle/internal/operations/BuildOperationProgressEventEmitter;Lorg/gradle/internal/operations/CurrentBuildOperationRef;Ljava/util/Collection;Lorg/gradle/internal/buildoption/InternalOptions;Lorg/gradle/api/problems/internal/ProblemReportCreator;Lorg/gradle/internal/execution/WorkExecutionTracker;)Lorg/gradle/api/problems/internal/ProblemSummarizer; 23 <appendix> member <vmtarget> ; # org/gradle/problems/internal/services/ProblemsBuildTreeServices$$Lambda+0x000001dec32c7b80
instanceKlass org/gradle/api/problems/internal/TaskIdentityProvider
instanceKlass org/gradle/problems/internal/emitters/BuildOperationBasedProblemEmitter
instanceKlass org/gradle/problems/internal/services/DefaultProblemSummarizer
# instanceKlass java/lang/invoke/LambdaForm$MH+0x000001dec32cb000
# instanceKlass java/lang/invoke/LambdaForm$MH+0x000001dec32cac00
# instanceKlass java/lang/invoke/LambdaForm$MH+0x000001dec32ca800
# instanceKlass java/lang/invoke/LambdaForm$MH+0x000001dec32ca400
# instanceKlass java/lang/invoke/LambdaForm$MH+0x000001dec32ca000
# instanceKlass java/lang/invoke/LambdaForm$MH+0x000001dec32c9c00
# instanceKlass java/lang/invoke/LambdaForm$MH+0x000001dec32c9800
# instanceKlass java/lang/invoke/LambdaForm$MH+0x000001dec32c9400
instanceKlass org/gradle/internal/execution/DefaultWorkExecutionTracker$OperationListener
instanceKlass org/gradle/internal/execution/DefaultWorkExecutionTracker
instanceKlass org/gradle/internal/configuration/problems/FailureDecorator
instanceKlass kotlin/jvm/internal/Lambda
instanceKlass kotlin/jvm/internal/FunctionBase
instanceKlass kotlin/jvm/functions/Function1
instanceKlass kotlin/Function
instanceKlass org/gradle/internal/configuration/problems/CommonReport$State
instanceKlass org/gradle/internal/configuration/problems/CommonReport$Companion
instanceKlass kotlin/coroutines/Continuation
instanceKlass org/gradle/problems/internal/impl/DefaultProblemsReportCreator
# instanceKlass java/lang/invoke/LambdaForm$MH+0x000001dec32c9000
# instanceKlass java/lang/invoke/LambdaForm$MH+0x000001dec32c8c00
# instanceKlass java/lang/invoke/LambdaForm$MH+0x000001dec32c8800
# instanceKlass java/lang/invoke/LambdaForm$MH+0x000001dec32c8400
# instanceKlass java/lang/invoke/LambdaForm$MH+0x000001dec32c8000
# instanceKlass java/lang/invoke/LambdaForm$MH+0x000001dec32c3c00
# instanceKlass java/lang/invoke/LambdaForm$MH+0x000001dec32c3800
# instanceKlass java/lang/invoke/LambdaForm$MH+0x000001dec32c3400
instanceKlass org/gradle/internal/problems/failure/StackTraceClassifier$1
instanceKlass org/gradle/internal/problems/failure/InternalStackTraceClassifier
instanceKlass org/gradle/internal/problems/failure/CompositeStackTraceClassifier
instanceKlass org/gradle/internal/problems/failure/StackTraceClassifier
instanceKlass org/gradle/internal/problems/failure/DefaultFailureFactory
instanceKlass org/gradle/api/internal/tasks/testing/report/generic/MetadataRendererRegistry$ClickableLinkRenderer
instanceKlass org/gradle/api/internal/tasks/testing/report/generic/MetadataRendererRegistry$BasicRenderer
instanceKlass org/gradle/api/internal/tasks/testing/report/generic/MetadataRendererRegistry$UnknownTypeRenderer
instanceKlass org/gradle/internal/operations/BuildOperationQueue
instanceKlass org/gradle/internal/operations/DefaultBuildOperationQueueFactory
instanceKlass org/gradle/internal/operations/BuildOperationQueue$QueueWorker
instanceKlass org/gradle/internal/operations/DefaultBuildOperationExecutor
# instanceKlass java/lang/invoke/LambdaForm$MH+0x000001dec32c3000
# instanceKlass java/lang/invoke/LambdaForm$MH+0x000001dec32c2c00
# instanceKlass java/lang/invoke/LambdaForm$MH+0x000001dec32c2800
# instanceKlass java/lang/invoke/LambdaForm$MH+0x000001dec32c2400
# instanceKlass java/lang/invoke/LambdaForm$MH+0x000001dec32c2000
# instanceKlass java/lang/invoke/LambdaForm$MH+0x000001dec32c1c00
# instanceKlass java/lang/invoke/LambdaForm$MH+0x000001dec32c1800
# instanceKlass java/lang/invoke/LambdaForm$MH+0x000001dec32c1400
# instanceKlass java/lang/invoke/LambdaForm$MH+0x000001dec32c1000
# instanceKlass java/lang/invoke/LambdaForm$MH+0x000001dec32c0c00
# instanceKlass java/lang/invoke/LambdaForm$MH+0x000001dec32c0800
# instanceKlass java/lang/invoke/LambdaForm$MH+0x000001dec32c0400
# instanceKlass java/lang/invoke/LambdaForm$MH+0x000001dec32c0000
instanceKlass org/gradle/tooling/internal/provider/serialization/DefaultPayloadClassLoaderRegistry$DetailsToClassLoaderTransformer
instanceKlass org/gradle/tooling/internal/provider/serialization/DefaultPayloadClassLoaderRegistry$ClassLoaderToDetailsTransformer
instanceKlass org/gradle/tooling/internal/provider/serialization/ClassLoaderCache$Transformer
instanceKlass org/gradle/tooling/internal/provider/serialization/DefaultPayloadClassLoaderRegistry
instanceKlass org/gradle/tooling/internal/provider/serialization/ClassLoaderDetails
instanceKlass org/gradle/tooling/internal/provider/serialization/SerializeMap
instanceKlass org/gradle/tooling/internal/provider/serialization/DeserializeMap
instanceKlass org/gradle/tooling/internal/provider/serialization/WellKnownClassLoaderRegistry
instanceKlass java/io/ObjectOutput
instanceKlass java/io/ObjectStreamConstants
instanceKlass java/io/ObjectInput
# instanceKlass java/lang/invoke/LambdaForm$MH+0x000001dec32bac00
# instanceKlass java/lang/invoke/LambdaForm$MH+0x000001dec32ba800
instanceKlass org/gradle/internal/classloader/DelegatingClassLoader
instanceKlass org/gradle/api/internal/initialization/loadercache/ModelClassLoaderFactory
instanceKlass org/gradle/internal/daemon/serialization/DaemonSidePayloadClassLoaderFactory
instanceKlass org/gradle/internal/classpath/DefaultCachedClasspathTransformer$ParallelTransformExecutor
instanceKlass org/gradle/internal/file/impl/SingleDepthFileAccessTracker
instanceKlass org/gradle/cache/internal/DefaultCacheCleanupStrategy
instanceKlass  @bci org/gradle/internal/classpath/DefaultClasspathTransformerCacheFactory createCacheCleanupStrategy (Lorg/gradle/internal/file/FileAccessTimeJournal;)Lorg/gradle/cache/CacheCleanupStrategy; 23 <appendix> member <vmtarget> ; # org/gradle/internal/classpath/DefaultClasspathTransformerCacheFactory$$Lambda+0x000001dec32bc450
instanceKlass  @bci org/gradle/api/internal/cache/DefaultCacheConfigurations getCleanupFrequency ()Lorg/gradle/api/provider/Provider; 5 <appendix> member <vmtarget> ; # org/gradle/api/internal/cache/DefaultCacheConfigurations$$Lambda+0x000001dec32bc228
instanceKlass  @bci org/gradle/api/internal/cache/DefaultCacheConfigurations$DefaultCacheResourceConfiguration getEntryRetentionTimestampSupplier ()Ljava/util/function/Supplier; 1 <appendix> member <vmtarget> ; # org/gradle/api/internal/cache/DefaultCacheConfigurations$DefaultCacheResourceConfiguration$$Lambda+0x000001dec32bc000
instanceKlass org/gradle/cache/internal/SingleDepthFilesFinder
instanceKlass  @bci org/gradle/internal/versionedcache/UnusedVersionsCacheCleanup <init> (Ljava/util/regex/Pattern;Lorg/gradle/internal/versionedcache/CacheVersionMapping;Lorg/gradle/internal/versionedcache/UsedGradleVersions;)V 2 <appendix> member <vmtarget> ; # org/gradle/internal/versionedcache/UnusedVersionsCacheCleanup$$Lambda+0x000001dec32b7580
instanceKlass org/gradle/cache/internal/AbstractCacheCleanup
instanceKlass org/gradle/cache/internal/CompositeCleanupAction$Builder
instanceKlass org/gradle/cache/internal/CompositeCleanupAction
# instanceKlass java/lang/invoke/LambdaForm$MH+0x000001dec32ba400
# instanceKlass java/lang/invoke/LambdaForm$MH+0x000001dec32ba000
# instanceKlass java/lang/invoke/LambdaForm$MH+0x000001dec32b9c00
# instanceKlass java/lang/invoke/LambdaForm$MH+0x000001dec32b9800
# instanceKlass java/lang/invoke/LambdaForm$MH+0x000001dec32b9400
# instanceKlass java/lang/invoke/LambdaForm$MH+0x000001dec32b9000
# instanceKlass java/lang/invoke/LambdaForm$MH+0x000001dec32b8c00
# instanceKlass java/lang/invoke/LambdaForm$MH+0x000001dec32b8800
# instanceKlass java/lang/invoke/LambdaForm$MH+0x000001dec32b8400
# instanceKlass java/lang/invoke/LambdaForm$DMH+0x000001dec32b8000
instanceKlass org/gradle/internal/classpath/ClasspathBuilder$EntryBuilder
instanceKlass org/gradle/internal/classpath/InPlaceClasspathBuilder
instanceKlass org/gradle/initialization/BuildOptionBuildOperationProgressEventsEmitter$2
instanceKlass org/gradle/operations/configuration/IsolatedProjectsSettingsFinalizedProgressDetails
instanceKlass org/gradle/internal/operations/notify/BuildOperationNotificationBridge$Progress
instanceKlass org/gradle/internal/operations/OperationProgressEvent
instanceKlass org/gradle/initialization/BuildOptionBuildOperationProgressEventsEmitter$1
instanceKlass org/gradle/internal/configurationcache/options/ConfigurationCacheSettingsFinalizedProgressDetails
instanceKlass org/gradle/internal/buildoption/FeatureFlag
instanceKlass org/gradle/internal/buildoption/FeatureFlagListener
instanceKlass org/gradle/internal/resources/AbstractResourceLockRegistry$ResourceLockProducer
instanceKlass  @bci org/gradle/launcher/exec/BuildTreeLifecycleBuildActionExecutor execute (Lorg/gradle/internal/invocation/BuildAction;Lorg/gradle/internal/session/BuildSessionContext;)Lorg/gradle/internal/buildtree/BuildActionRunner$Result; 69 <appendix> member <vmtarget> ; # org/gradle/launcher/exec/BuildTreeLifecycleBuildActionExecutor$$Lambda+0x000001dec32b4788
instanceKlass org/gradle/internal/buildtree/DefaultBuildTreeContext
instanceKlass org/gradle/internal/buildtree/BuildTreeContext
instanceKlass org/gradle/internal/cc/impl/DefaultBuildTreeModelControllerServices$VintageModelProvider
instanceKlass org/gradle/internal/buildtree/DefaultBuildTreeModelSideEffectExecutor
instanceKlass org/gradle/internal/cc/impl/DefaultBuildTreeModelControllerServices$VintageBuildTreeProvider
instanceKlass org/gradle/internal/scripts/ProjectScopedScriptResolution$1
instanceKlass org/gradle/internal/scripts/ProjectScopedScriptResolution
instanceKlass org/gradle/internal/cc/impl/services/VintageEnvironmentChangeTracker
instanceKlass org/gradle/internal/cc/impl/VintageBuildTreeLifecycleControllerFactory
instanceKlass org/gradle/internal/buildtree/BuildTreeLifecycleControllerFactory
instanceKlass org/gradle/internal/cc/impl/initialization/AbstractInjectedClasspathInstrumentationStrategy
instanceKlass org/gradle/plugin/use/resolve/service/internal/InjectedClasspathInstrumentationStrategy
instanceKlass org/gradle/internal/configuration/problems/DefaultProblemFactory
instanceKlass org/gradle/internal/configuration/problems/ProblemFactory
instanceKlass org/gradle/tooling/provider/model/internal/ToolingModelParameterCarrier$Factory
instanceKlass org/gradle/internal/cc/impl/DefaultBuildTreeModelControllerServices$SharedBuildTreeScopedServices
instanceKlass org/gradle/api/internal/initialization/DefaultBuildLogicBuildQueue
instanceKlass org/gradle/api/internal/initialization/BuildLogicBuildQueue
instanceKlass org/gradle/api/internal/project/taskfactory/TaskIdentityFactory
instanceKlass org/gradle/initialization/exception/DefaultExceptionAnalyser
instanceKlass org/gradle/internal/problems/DefaultProblemDiagnosticsFactory
instanceKlass org/gradle/internal/buildoption/DefaultFeatureFlags
instanceKlass org/gradle/internal/operations/RunnableBuildOperation
instanceKlass org/gradle/execution/TaskPathProjectEvaluator
instanceKlass org/gradle/internal/buildtree/DeprecationsReporter
instanceKlass org/gradle/api/internal/provider/DefaultConfigurationTimeBarrier
instanceKlass org/gradle/api/internal/project/ProjectState
instanceKlass org/gradle/api/internal/project/DefaultProjectStateRegistry
instanceKlass org/gradle/internal/buildtree/BuildInclusionCoordinator
instanceKlass org/gradle/initialization/BuildOptionBuildOperationProgressEventsEmitter
instanceKlass org/gradle/internal/buildtree/BuildTreeLifecycleListener
instanceKlass org/gradle/internal/build/BuildLifecycleController
instanceKlass org/gradle/internal/build/DefaultBuildLifecycleControllerFactory
instanceKlass org/gradle/internal/build/BuildLifecycleControllerFactory
instanceKlass org/gradle/vcs/internal/VcsResolver
instanceKlass org/gradle/vcs/internal/resolver/VcsVersionSelectionCache
instanceKlass org/gradle/vcs/internal/VcsMappingsStore
instanceKlass org/gradle/vcs/internal/VcsMappingFactory
instanceKlass org/gradle/vcs/internal/VersionControlSpecFactory
instanceKlass org/gradle/vcs/internal/services/VersionControlServices$VersionControlBuildTreeServices
instanceKlass org/gradle/tooling/internal/provider/runner/AbstractClientProvidedBuildActionRunner$ClientAction
instanceKlass org/gradle/tooling/internal/provider/runner/AbstractClientProvidedBuildActionRunner
instanceKlass org/gradle/execution/EntryTaskSelector
instanceKlass org/gradle/tooling/internal/provider/runner/TestExecutionRequestActionRunner
instanceKlass org/gradle/internal/buildtree/BuildTreeModelAction
instanceKlass org/gradle/tooling/internal/provider/runner/BuildModelActionRunner
instanceKlass org/gradle/internal/buildtree/BuildTreeModelSideEffectExecutor
instanceKlass org/gradle/tooling/internal/provider/runner/BuildControllerFactory
instanceKlass org/gradle/internal/enterprise/core/GradleEnterprisePluginManager
instanceKlass org/gradle/internal/buildtree/BuildTreeActionExecutor
instanceKlass org/gradle/tooling/internal/provider/LauncherServices$ToolingBuildTreeScopeServices
instanceKlass org/gradle/profile/BuildProfileServices$1
instanceKlass org/gradle/api/problems/internal/ProblemEmitter
instanceKlass org/gradle/api/problems/internal/TaskIdentity
instanceKlass org/gradle/api/internal/TaskInternal
instanceKlass org/gradle/api/problems/internal/ProblemSummarizer
instanceKlass org/gradle/api/problems/internal/ProblemReportCreator
instanceKlass org/gradle/problems/internal/services/ProblemsBuildTreeServices
instanceKlass org/gradle/plugins/ide/internal/IdeArtifactStore
instanceKlass org/gradle/api/internal/tasks/compile/processing/AnnotationProcessorDetector
instanceKlass org/gradle/language/java/internal/JavaLanguageServices$1
instanceKlass org/gradle/execution/plan/DefaultPlanExecutor$ExecutorStats
instanceKlass org/gradle/execution/plan/DefaultPlanExecutor
instanceKlass org/gradle/internal/serialize/beans/services/DefaultBeanStateReaderLookup
instanceKlass org/gradle/internal/serialize/graph/BeanStateReaderLookup
instanceKlass org/gradle/internal/serialize/beans/services/DefaultBeanStateWriterLookup
instanceKlass org/gradle/internal/serialize/graph/BeanStateWriterLookup
instanceKlass org/gradle/internal/enterprise/impl/legacy/DefaultBuildScanBuildStartedTime
instanceKlass org/gradle/internal/scan/time/BuildScanBuildStartedTime
instanceKlass org/gradle/internal/enterprise/impl/legacy/DefaultBuildScanClock
instanceKlass org/gradle/internal/scan/time/BuildScanClock
instanceKlass org/gradle/internal/enterprise/impl/DefaultDevelocityPluginUnsafeConfigurationService
instanceKlass org/gradle/internal/enterprise/DevelocityPluginUnsafeConfigurationService
instanceKlass org/gradle/internal/enterprise/impl/DefaultGradleEnterprisePluginBackgroundJobExecutors
instanceKlass org/gradle/internal/enterprise/impl/GradleEnterprisePluginBackgroundJobExecutorsInternal
instanceKlass org/gradle/internal/enterprise/GradleEnterprisePluginBackgroundJobExecutors
instanceKlass org/gradle/internal/enterprise/impl/DefaultGradleEnterprisePluginConfig
instanceKlass org/gradle/internal/enterprise/GradleEnterprisePluginConfig
instanceKlass org/gradle/internal/enterprise/impl/DefaultGradleEnterprisePluginBuildState
instanceKlass org/gradle/internal/enterprise/GradleEnterprisePluginBuildState
instanceKlass org/gradle/internal/enterprise/impl/DefaultGradleEnterprisePluginServiceRef
instanceKlass org/gradle/internal/enterprise/impl/GradleEnterprisePluginServiceRefInternal
instanceKlass org/gradle/internal/enterprise/GradleEnterprisePluginServiceRef
instanceKlass org/gradle/internal/enterprise/impl/GradleEnterprisePluginAutoAppliedStatus
instanceKlass org/gradle/plugin/management/internal/PluginRequestInternal
instanceKlass org/gradle/plugin/management/PluginRequest
instanceKlass org/gradle/internal/enterprise/impl/GradleEnterpriseAutoAppliedPluginRegistry
instanceKlass org/gradle/plugin/management/internal/autoapply/AutoAppliedPluginRegistry
instanceKlass org/gradle/internal/encryption/impl/DefaultEncryptionService
instanceKlass org/gradle/internal/encryption/EncryptionService
instanceKlass org/gradle/internal/configuration/problems/CommonReport
instanceKlass org/gradle/internal/cc/impl/ConfigurationCacheServices$ConfigurationCacheReportProvider
instanceKlass org/gradle/api/internal/provider/ConfigurationTimeBarrier
instanceKlass org/gradle/internal/cc/impl/ConfigurationCacheServices$ExecutionAccessCheckerProvider
instanceKlass org/gradle/internal/resource/transfer/ExternalResourceConnector
instanceKlass org/gradle/internal/resource/transfer/ExternalResourceUploader
instanceKlass org/gradle/internal/resource/transfer/ExternalResourceLister
instanceKlass org/gradle/internal/resource/transfer/ExternalResourceAccessor
instanceKlass org/gradle/internal/cc/impl/services/RemoteScriptUpToDateChecker
instanceKlass org/gradle/internal/cc/impl/ConfigurationCacheServices$RemoteScriptUpToDateCheckerProvider
instanceKlass org/gradle/internal/cc/impl/ConfigurationCacheServices$IgnoredConfigurationInputsProvider
instanceKlass org/gradle/internal/serialize/codecs/core/jos/JavaSerializationEncodingLookup
instanceKlass org/gradle/internal/cc/impl/services/IsolatedActionCodecsFactory
instanceKlass org/gradle/internal/cc/impl/IgnoredConfigurationInputs
instanceKlass org/gradle/internal/cc/base/services/ConfigurationCacheEnvironmentChangeTracker
instanceKlass org/gradle/initialization/EnvironmentChangeTracker
instanceKlass org/gradle/internal/cc/impl/initialization/ConfigurationCacheProblemsListener
instanceKlass org/gradle/api/internal/ExternalProcessStartedListener
instanceKlass org/gradle/internal/cc/impl/InstrumentedInputAccessListener
instanceKlass org/gradle/internal/configuration/inputs/InstrumentedInputsListener
instanceKlass org/gradle/execution/ExecutionAccessChecker
instanceKlass org/gradle/internal/cc/impl/InstrumentedExecutionAccessListener
instanceKlass org/gradle/internal/classpath/InstrumentedExecutionAccess$Listener
instanceKlass org/gradle/internal/cc/impl/InputTrackingState
instanceKlass org/gradle/internal/buildoption/FeatureFlags
instanceKlass org/gradle/internal/cc/impl/DeprecatedFeaturesListener
instanceKlass org/gradle/execution/ExecutionAccessListener
instanceKlass org/gradle/api/internal/tasks/execution/TaskExecutionAccessListener
instanceKlass org/gradle/api/internal/BuildScopeListenerRegistrationListener
instanceKlass org/gradle/internal/cc/impl/DefaultBuildToolingModelControllerFactory
instanceKlass org/gradle/internal/build/BuildToolingModelControllerFactory
instanceKlass org/gradle/internal/cc/impl/DefaultBuildModelControllerServices
instanceKlass org/gradle/internal/build/BuildModelControllerServices
instanceKlass org/gradle/internal/encryption/EncryptionConfiguration
instanceKlass org/gradle/internal/cc/impl/initialization/ConfigurationCacheStartParameter
instanceKlass org/gradle/internal/cc/impl/ConfigurationCacheKey
instanceKlass org/gradle/api/internal/artifacts/ivyservice/projectmodule/LocalComponentCache
instanceKlass org/gradle/composite/internal/DefaultBuildTreeLocalComponentProvider
instanceKlass org/gradle/api/internal/artifacts/ivyservice/projectmodule/BuildTreeLocalComponentProvider
instanceKlass org/gradle/internal/buildtree/BuildTreeWorkGraphPreparer
instanceKlass org/gradle/execution/plan/PlanExecutor
instanceKlass org/gradle/composite/internal/DefaultIncludedBuildTaskGraph
instanceKlass org/gradle/composite/internal/BuildTreeWorkGraphController
instanceKlass org/gradle/internal/build/IncludedBuildState
instanceKlass org/gradle/composite/internal/DefaultIncludedBuildFactory
instanceKlass org/gradle/internal/buildtree/NestedBuildTree
instanceKlass org/gradle/internal/build/StandAloneNestedBuild
instanceKlass org/gradle/internal/build/NestedBuildState
instanceKlass org/gradle/internal/build/RootBuildState
instanceKlass org/gradle/internal/build/BuildActionTarget
instanceKlass org/gradle/internal/build/CompositeBuildParticipantBuildState
instanceKlass org/gradle/composite/internal/BuildStateFactory
instanceKlass org/gradle/internal/build/IncludedBuildFactory
instanceKlass org/gradle/internal/buildtree/GlobalDependencySubstitutionRegistry
instanceKlass org/gradle/api/internal/composite/CompositeBuildContext
instanceKlass org/gradle/api/internal/artifacts/ivyservice/dependencysubstitution/DependencySubstitutionRules
instanceKlass org/gradle/composite/internal/CompositeBuildServices$CompositeBuildTreeScopeServices
instanceKlass org/gradle/caching/internal/origin/OriginMetadataFactory
instanceKlass org/gradle/caching/internal/controller/impl/LifecycleAwareBuildCacheControllerFactory
instanceKlass org/gradle/caching/internal/BuildCacheServices$2
instanceKlass org/gradle/api/internal/tasks/testing/results/AggregateTestEventReporter
instanceKlass org/gradle/api/internal/tasks/testing/results/TestExecutionResultsListener
instanceKlass org/gradle/problems/buildtree/ProblemReporter
instanceKlass org/gradle/api/internal/tasks/testing/TestingBasePluginServices$TestingBuildTreeScopeServices
instanceKlass org/gradle/api/internal/artifacts/ivyservice/resolveengine/artifact/ArtifactSet
instanceKlass org/gradle/api/internal/artifacts/ivyservice/resolveengine/excludes/specs/ExcludeSpec
instanceKlass org/gradle/api/internal/artifacts/ivyservice/resolveengine/artifact/VariantArtifactSetCache
instanceKlass org/gradle/internal/resolve/resolver/ResolvedVariantCache
instanceKlass org/gradle/internal/component/local/model/LocalVariantGraphResolveMetadata
instanceKlass org/gradle/internal/component/model/VariantGraphResolveMetadata
instanceKlass org/gradle/api/internal/artifacts/configurations/ConfigurationInternal$VariantVisitor
instanceKlass org/gradle/api/artifacts/Configuration
instanceKlass org/gradle/api/attributes/HasConfigurableAttributes
instanceKlass org/gradle/api/internal/artifacts/ivyservice/moduleconverter/dependencies/DefaultLocalVariantGraphResolveStateBuilder
instanceKlass org/gradle/api/internal/artifacts/ivyservice/projectmodule/DefaultProjectPublicationRegistry
instanceKlass org/gradle/api/internal/artifacts/ivyservice/projectmodule/ProjectPublicationRegistry
instanceKlass org/gradle/internal/model/ModelContainer
instanceKlass org/gradle/api/internal/artifacts/configurations/ConfigurationsProvider
instanceKlass org/gradle/api/internal/artifacts/ivyservice/projectmodule/DefaultProjectLocalComponentProvider
instanceKlass org/gradle/api/internal/artifacts/ivyservice/projectmodule/LocalComponentProvider
instanceKlass org/gradle/api/internal/artifacts/ivyservice/ivyresolve/ConnectionFailureRepositoryDisabler
instanceKlass org/gradle/api/internal/artifacts/ivyservice/ivyresolve/RepositoryDisabler
instanceKlass org/gradle/api/internal/artifacts/ivyservice/resolveengine/result/AdhocHandlingComponentResultSerializer
instanceKlass it/unimi/dsi/fastutil/longs/Long2ObjectMap
instanceKlass it/unimi/dsi/fastutil/longs/Long2ObjectFunction
instanceKlass java/util/function/LongFunction
instanceKlass it/unimi/dsi/fastutil/Function
instanceKlass org/gradle/api/internal/artifacts/ivyservice/resolveengine/result/ThisBuildTreeOnlyComponentResultSerializer
instanceKlass org/gradle/api/internal/artifacts/ivyservice/resolveengine/result/CompleteComponentResultSerializer
instanceKlass org/gradle/api/internal/artifacts/ivyservice/resolveengine/result/ComponentResultSerializer
instanceKlass org/gradle/internal/component/external/model/ExternalModuleComponentGraphResolveMetadata
instanceKlass org/gradle/internal/component/model/ComponentGraphResolveMetadata
instanceKlass org/gradle/internal/component/external/model/ExternalComponentResolveMetadata
instanceKlass org/gradle/internal/component/external/model/ExternalModuleComponentGraphResolveState
instanceKlass org/gradle/internal/component/external/model/ModuleComponentGraphResolveStateFactory
instanceKlass org/gradle/api/internal/artifacts/ivyservice/moduleconverter/dependencies/LocalVariantGraphResolveStateBuilder
instanceKlass org/gradle/internal/component/local/model/LocalComponentGraphResolveState
instanceKlass org/gradle/internal/component/model/ComponentGraphResolveState
instanceKlass org/gradle/internal/component/local/model/LocalVariantGraphResolveStateFactory
instanceKlass org/gradle/internal/component/local/model/LocalVariantGraphResolveState
instanceKlass org/gradle/internal/component/model/VariantGraphResolveState
instanceKlass org/gradle/internal/component/local/model/LocalComponentGraphResolveStateFactory
instanceKlass org/gradle/internal/component/model/ComponentIdGenerator
instanceKlass org/gradle/api/artifacts/component/ProjectComponentSelector
instanceKlass org/gradle/api/internal/attributes/AttributeDesugaring
instanceKlass org/gradle/internal/id/ConfigurationCacheableIdFactory
instanceKlass org/gradle/api/internal/artifacts/transform/TransformStepNodeFactory
instanceKlass org/gradle/api/internal/project/ProjectStateRegistry
instanceKlass org/gradle/api/internal/artifacts/ivyservice/resolveengine/artifact/ResolvableArtifact
instanceKlass org/gradle/api/internal/artifacts/ivyservice/projectmodule/ProjectArtifactResolver
instanceKlass org/gradle/api/internal/project/HoldsProjectState
instanceKlass org/gradle/internal/resolve/resolver/ArtifactResolver
instanceKlass org/gradle/internal/resource/cached/AbstractCachedIndex
instanceKlass org/gradle/internal/resource/local/GroupedAndNamedUniqueFileStore
instanceKlass org/gradle/api/internal/artifacts/ivyservice/modulecache/ModuleRepositoryCacheProvider
instanceKlass org/gradle/api/internal/artifacts/ivyservice/resolveengine/store/ResolutionResultsStoreFactory
instanceKlass org/gradle/api/internal/artifacts/ivyservice/ivyresolve/StartParameterResolutionOverride
instanceKlass org/gradle/api/internal/filestore/DefaultArtifactIdentifierFileStore$Factory
instanceKlass org/gradle/internal/resource/cached/DefaultExternalResourceFileStore$Factory
instanceKlass org/gradle/api/internal/artifacts/ivyservice/modulecache/FileStoreAndIndexProvider
instanceKlass org/gradle/api/internal/artifacts/ivyservice/modulecache/ModuleSourcesSerializer
instanceKlass org/gradle/util/internal/SimpleMapInterner
instanceKlass org/gradle/api/internal/artifacts/ivyservice/modulecache/ModuleRepositoryCaches
instanceKlass org/gradle/util/internal/BuildCommencedTimeProvider
instanceKlass org/gradle/api/internal/filestore/ArtifactIdentifierFileStore
instanceKlass org/gradle/internal/resource/cached/CachedExternalResourceIndex
instanceKlass org/gradle/internal/resource/cached/ExternalResourceFileStore
instanceKlass org/gradle/internal/resource/local/FileStoreSearcher
instanceKlass org/gradle/internal/resource/local/FileStore
instanceKlass org/gradle/api/internal/artifacts/ivyservice/modulecache/artifacts/AbstractArtifactsCache
instanceKlass org/gradle/api/internal/artifacts/ivyservice/modulecache/artifacts/ModuleArtifactsCache
instanceKlass org/gradle/api/internal/artifacts/ivyservice/modulecache/AbstractModuleMetadataCache
instanceKlass org/gradle/api/internal/artifacts/ivyservice/modulecache/ModuleMetadataCache
instanceKlass org/gradle/api/internal/artifacts/ivyservice/modulecache/artifacts/ModuleArtifactCache
instanceKlass org/gradle/api/internal/artifacts/ivyservice/modulecache/dynamicversions/AbstractModuleVersionsCache
instanceKlass org/gradle/api/internal/artifacts/ivyservice/modulecache/dynamicversions/ModuleVersionsCache
instanceKlass org/gradle/api/internal/artifacts/DependencyManagementBuildTreeScopeServices
instanceKlass org/gradle/api/internal/artifacts/ivyservice/resolveengine/artifact/SelectedArtifactSet
instanceKlass org/gradle/api/internal/artifacts/configurations/ResolutionHost
instanceKlass org/gradle/api/internal/artifacts/ivyservice/resolveengine/artifact/ResolvedArtifactSet
instanceKlass org/gradle/api/internal/artifacts/ivyservice/resolveengine/artifact/ArtifactSetToFileCollectionFactory
instanceKlass org/gradle/execution/ProjectConfigurer
instanceKlass org/gradle/api/problems/internal/InternalProblems
instanceKlass org/gradle/api/problems/Problems
instanceKlass org/gradle/execution/TaskSelector
instanceKlass org/gradle/internal/build/BuildStateRegistry
instanceKlass org/gradle/internal/instrumentation/reporting/PropertyUpgradeReportConfig
instanceKlass org/gradle/internal/instrumentation/reporting/MethodInterceptionReportCollector
instanceKlass org/gradle/execution/selection/BuildTaskSelector
instanceKlass org/gradle/internal/buildtree/BuildTreeScopeServices
instanceKlass org/gradle/internal/buildtree/BuildTreeState
instanceKlass org/gradle/internal/id/UniqueId$1
instanceKlass com/google/common/base/Ascii
instanceKlass com/google/common/io/BaseEncoding$Alphabet
instanceKlass com/google/common/io/BaseEncoding
instanceKlass org/gradle/internal/id/UniqueId
instanceKlass org/gradle/internal/cc/impl/DefaultBuildTreeModelControllerServices$servicesForBuildTree$1
instanceKlass org/gradle/internal/buildtree/BuildTreeModelControllerServices$Supplier
instanceKlass  @bci org/gradle/api/internal/configuration/DefaultBuildFeatures <init> (Lorg/gradle/api/internal/StartParameterInternal;Lorg/gradle/internal/buildtree/BuildModelParameters;)V 29 <appendix> member <vmtarget> ; # org/gradle/api/internal/configuration/DefaultBuildFeatures$$Lambda+0x000001dec3289860
instanceKlass  @bci org/gradle/api/internal/configuration/DefaultBuildFeatures <init> (Lorg/gradle/api/internal/StartParameterInternal;Lorg/gradle/internal/buildtree/BuildModelParameters;)V 10 <appendix> member <vmtarget> ; # org/gradle/api/internal/configuration/DefaultBuildFeatures$$Lambda+0x000001dec3289638
instanceKlass  @bci org/gradle/internal/lazy/Lazy atomic ()Lorg/gradle/internal/lazy/Lazy$Factory; 0 <appendix> argL0 ; # org/gradle/internal/lazy/Lazy$$Lambda+0x000001dec3289418
instanceKlass org/gradle/internal/lazy/AtomicLazy
instanceKlass org/gradle/api/configuration/BuildFeature
instanceKlass org/gradle/api/internal/configuration/DefaultBuildFeatures
instanceKlass org/gradle/api/configuration/BuildFeatures
instanceKlass org/gradle/internal/cc/impl/ConfigurationCacheLoggingParameters
instanceKlass org/gradle/internal/cc/impl/services/DefaultBuildModelParameters
instanceKlass org/gradle/internal/buildtree/BuildModelParameters
instanceKlass  @bci org/gradle/launcher/exec/BuildTreeLifecycleBuildActionExecutor payloadHashProvider (Ljava/lang/Object;)Ljava/util/function/Supplier; 7 <appendix> member <vmtarget> ; # org/gradle/launcher/exec/BuildTreeLifecycleBuildActionExecutor$$Lambda+0x000001dec3288738
instanceKlass org/gradle/launcher/exec/AbstractToolingModelRequirements
instanceKlass  @bci org/gradle/initialization/layout/BuildLayoutConfiguration <init> (Lorg/gradle/StartParameter;)V 52 <appendix> member <vmtarget> ; # org/gradle/initialization/layout/BuildLayoutConfiguration$$Lambda+0x000001dec3280c60
instanceKlass  @bci org/gradle/initialization/layout/BuildLayoutConfiguration <init> (Lorg/gradle/StartParameter;)V 29 <appendix> member <vmtarget> ; # org/gradle/initialization/layout/BuildLayoutConfiguration$$Lambda+0x000001dec3280a38
instanceKlass org/gradle/initialization/layout/BuildLayoutConfiguration
instanceKlass org/gradle/internal/logging/sink/ProgressLogEventGenerator$Operation
instanceKlass org/gradle/internal/logging/progress/DefaultProgressLoggerFactory$ProgressLoggerImpl
instanceKlass org/gradle/internal/operations/notify/BuildOperationNotificationBridge$Started
instanceKlass org/gradle/internal/operations/OperationStartEvent
instanceKlass org/gradle/internal/operations/DefaultBuildOperationRunner$DefaultBuildOperationContext
instanceKlass org/gradle/internal/operations/BuildOperationProgressEventListenerAdapter
instanceKlass org/gradle/internal/operations/DefaultBuildOperationRunner$BuildOperationTrackingListener
instanceKlass org/gradle/internal/operations/BuildOperationState
instanceKlass org/gradle/internal/operations/BuildOperationRef
instanceKlass org/gradle/internal/operations/OperationIdentifier
instanceKlass org/gradle/internal/operations/DefaultBuildOperationRunner$2
instanceKlass org/gradle/launcher/exec/RunAsBuildOperationBuildActionExecutor$2$1
instanceKlass org/gradle/launcher/exec/RunBuildBuildOperationType$Details
instanceKlass org/gradle/internal/operations/BuildOperationMetadata$1
instanceKlass org/gradle/internal/operations/BuildOperationDescriptor$Builder
instanceKlass org/gradle/internal/operations/BuildOperationDescriptor
instanceKlass org/gradle/internal/operations/DefaultBuildOperationRunner$CallableBuildOperationWorker
instanceKlass org/gradle/launcher/exec/RunAsBuildOperationBuildActionExecutor$2
instanceKlass org/gradle/internal/operations/notify/BuildOperationFinishedNotification
instanceKlass org/gradle/internal/operations/notify/BuildOperationStartedNotification
instanceKlass org/gradle/internal/operations/notify/BuildOperationProgressNotification
instanceKlass org/gradle/internal/operations/notify/BuildOperationNotificationBridge$Adapter
instanceKlass org/gradle/internal/operations/notify/BuildOperationNotificationBridge$RecordingListener
instanceKlass org/gradle/internal/operations/notify/BuildOperationNotificationBridge$ReplayAndAttachListener
instanceKlass org/gradle/internal/operations/notify/BuildOperationNotificationListener
instanceKlass org/gradle/internal/operations/notify/BuildOperationNotificationBridge$State
instanceKlass org/gradle/internal/resources/DefaultResourceLockCoordinationService$AcquireLocks
instanceKlass org/gradle/internal/resources/DefaultResourceLockCoordinationService$3
instanceKlass org/gradle/internal/resources/DefaultResourceLockCoordinationService$DefaultResourceLockState
instanceKlass org/gradle/internal/resources/DefaultResourceLockCoordinationService$1
instanceKlass org/gradle/internal/work/DefaultWorkerLeaseService$3
instanceKlass org/gradle/internal/resources/AbstractTrackedResourceLock
instanceKlass org/gradle/internal/resources/AbstractResourceLockRegistry$ThreadLockDetails
instanceKlass  @bci org/gradle/launcher/exec/RunAsWorkerThreadBuildActionExecutor execute (Lorg/gradle/internal/invocation/BuildAction;Lorg/gradle/internal/session/BuildSessionContext;)Lorg/gradle/internal/buildtree/BuildActionRunner$Result; 7 <appendix> member <vmtarget> ; # org/gradle/launcher/exec/RunAsWorkerThreadBuildActionExecutor$$Lambda+0x000001dec3285008
instanceKlass org/gradle/internal/buildtree/BuildActionRunner$Result
instanceKlass org/gradle/internal/buildtree/BuildActionModelRequirements
instanceKlass org/gradle/launcher/exec/BuildTreeLifecycleBuildActionExecutor
instanceKlass org/gradle/launcher/exec/RunAsBuildOperationBuildActionExecutor$1
instanceKlass org/gradle/launcher/exec/RunBuildBuildOperationType$Result
instanceKlass org/gradle/launcher/exec/RunAsBuildOperationBuildActionExecutor
instanceKlass org/gradle/launcher/exec/RunAsWorkerThreadBuildActionExecutor
instanceKlass org/gradle/execution/CancellableOperationManager
instanceKlass org/gradle/tooling/internal/provider/continuous/ContinuousBuildActionExecutor
instanceKlass org/gradle/tooling/internal/provider/SubscribableBuildActionExecutor
# instanceKlass java/lang/invoke/LambdaForm$MH+0x000001dec3280400
# instanceKlass java/lang/invoke/LambdaForm$MH+0x000001dec3280000
# instanceKlass java/lang/invoke/LambdaForm$DMH+0x000001dec327fc00
# instanceKlass java/lang/invoke/LambdaForm$MH+0x000001dec327f800
# instanceKlass java/lang/invoke/LambdaForm$DMH+0x000001dec327f400
# instanceKlass java/lang/invoke/LambdaForm$MH+0x000001dec327f000
# instanceKlass java/lang/invoke/LambdaForm$DMH+0x000001dec327ec00
# instanceKlass java/lang/invoke/LambdaForm$MH+0x000001dec327e800
# instanceKlass java/lang/invoke/LambdaForm$DMH+0x000001dec327e400
# instanceKlass java/lang/invoke/LambdaForm$MH+0x000001dec327e000
# instanceKlass java/lang/invoke/LambdaForm$DMH+0x000001dec327dc00
# instanceKlass java/lang/invoke/LambdaForm$MH+0x000001dec327d800
# instanceKlass java/lang/invoke/LambdaForm$DMH+0x000001dec327d400
# instanceKlass java/lang/invoke/LambdaForm$MH+0x000001dec327d000
# instanceKlass java/lang/invoke/LambdaForm$DMH+0x000001dec327cc00
# instanceKlass java/lang/invoke/LambdaForm$MH+0x000001dec327c800
# instanceKlass java/lang/invoke/LambdaForm$DMH+0x000001dec327c400
# instanceKlass java/lang/invoke/LambdaForm$MH+0x000001dec327c000
# instanceKlass java/lang/invoke/LambdaForm$DMH+0x000001dec327bc00
# instanceKlass java/lang/invoke/LambdaForm$MH+0x000001dec327b800
# instanceKlass java/lang/invoke/LambdaForm$DMH+0x000001dec327b400
# instanceKlass java/lang/invoke/LambdaForm$MH+0x000001dec327b000
# instanceKlass java/lang/invoke/LambdaForm$DMH+0x000001dec327ac00
# instanceKlass java/lang/invoke/LambdaForm$MH+0x000001dec327a800
# instanceKlass java/lang/invoke/LambdaForm$MH+0x000001dec327a400
# instanceKlass java/lang/invoke/LambdaForm$MH+0x000001dec327a000
# instanceKlass java/lang/invoke/LambdaForm$MH+0x000001dec3279c00
# instanceKlass java/lang/invoke/LambdaForm$MH+0x000001dec3279800
# instanceKlass java/lang/invoke/LambdaForm$MH+0x000001dec3279400
# instanceKlass java/lang/invoke/LambdaForm$MH+0x000001dec3279000
# instanceKlass java/lang/invoke/LambdaForm$MH+0x000001dec3278c00
# instanceKlass java/lang/invoke/LambdaForm$MH+0x000001dec3278800
# instanceKlass java/lang/invoke/LambdaForm$MH+0x000001dec3278400
# instanceKlass java/lang/invoke/LambdaForm$MH+0x000001dec3278000
# instanceKlass java/lang/invoke/LambdaForm$MH+0x000001dec3275c00
# instanceKlass java/lang/invoke/LambdaForm$BMH+0x000001dec3275800
# instanceKlass java/lang/invoke/LambdaForm$DMH+0x000001dec3275400
# instanceKlass java/lang/invoke/LambdaForm$DMH+0x000001dec3275000
instanceKlass com/google/common/collect/Synchronized$SynchronizedObject
instanceKlass com/google/common/collect/Table
instanceKlass com/google/common/collect/Synchronized
instanceKlass com/google/common/collect/SortedSetMultimap
instanceKlass com/google/common/collect/Multimaps
instanceKlass com/google/common/collect/MultimapBuilder$LinkedHashSetSupplier
instanceKlass com/google/common/collect/MultimapBuilder$MultimapBuilderWithKeys
instanceKlass com/google/common/collect/MultimapBuilder
instanceKlass org/gradle/api/problems/internal/ProblemLocator
instanceKlass org/gradle/internal/snapshot/ValueSnapshot
instanceKlass org/gradle/internal/snapshot/impl/DefaultValueSnapshotter$ValueSnapshotVisitor
# instanceKlass java/lang/invoke/LambdaForm$MH+0x000001dec3274c00
# instanceKlass java/lang/invoke/LambdaForm$MH+0x000001dec3274800
# instanceKlass java/lang/invoke/LambdaForm$MH+0x000001dec3274400
# instanceKlass java/lang/invoke/LambdaForm$MH+0x000001dec3274000
instanceKlass org/gradle/internal/scripts/ScriptingLanguages$1
instanceKlass org/gradle/scripts/ScriptingLanguage
instanceKlass org/gradle/internal/scripts/ScriptingLanguages
instanceKlass org/gradle/internal/scripts/ScriptFileUtil
instanceKlass org/gradle/internal/scripts/DefaultScriptFileResolver
instanceKlass org/gradle/internal/resources/LeaseHolder
instanceKlass org/gradle/internal/resources/LockCache
instanceKlass org/gradle/internal/resources/AbstractResourceLockRegistry
instanceKlass org/gradle/internal/resources/ResourceLockContainer
instanceKlass org/gradle/internal/resources/ResourceLockRegistry
instanceKlass org/gradle/internal/work/DefaultWorkerLeaseService$Registries
instanceKlass org/gradle/internal/work/DefaultWorkerLeaseService$ProjectLockStatisticsImpl
instanceKlass org/gradle/internal/resources/ProjectLockStatistics
instanceKlass org/gradle/internal/work/DefaultWorkerLimits
instanceKlass org/gradle/internal/cc/impl/DefaultBuildTreeModelControllerServices$Companion
instanceKlass org/gradle/internal/InternalBuildListener
instanceKlass org/gradle/internal/InternalListener
instanceKlass org/gradle/internal/operations/notify/BuildOperationNotificationBridge$1
instanceKlass org/gradle/internal/operations/DefaultBuildOperationProgressEventEmitter
instanceKlass org/gradle/deployment/internal/DefaultDeploymentRegistry$PendingChanges
instanceKlass org/gradle/deployment/internal/ContinuousExecutionGate$GateKeeper
instanceKlass org/gradle/deployment/internal/DefaultContinuousExecutionGate
instanceKlass org/gradle/deployment/internal/ContinuousExecutionGate
instanceKlass org/gradle/internal/execution/WorkInputListener
instanceKlass org/gradle/internal/service/scopes/DefaultWorkInputListeners
instanceKlass org/gradle/internal/operations/DefaultBuildOperationListenerManager$ProgressShieldingBuildOperationListener
instanceKlass org/gradle/internal/operations/DefaultBuildOperationAncestryTracker
instanceKlass org/gradle/composite/internal/CompositeProjectComponentArtifactMetadataSerializer
instanceKlass org/gradle/composite/internal/CompositeProjectComponentArtifactMetadata
instanceKlass  @bci org/gradle/api/internal/artifacts/DependencyManagementValueSnapshotterSerializerRegistry <init> (Lorg/gradle/api/internal/artifacts/ImmutableModuleIdentifierFactory;Lorg/gradle/api/internal/attributes/AttributesFactory;Lorg/gradle/api/internal/model/NamedObjectInstantiator;Lorg/gradle/api/internal/artifacts/ivyservice/resolveengine/result/ComponentSelectionDescriptorFactory;)V 251 <appendix> member <vmtarget> ; # org/gradle/api/internal/artifacts/DependencyManagementValueSnapshotterSerializerRegistry$$Lambda+0x000001dec326b070
instanceKlass org/gradle/api/internal/artifacts/ivyservice/resolveengine/result/ComponentSelectionReasonSerializer
instanceKlass org/gradle/api/internal/artifacts/ivyservice/resolveengine/result/ComponentSelectionDescriptorSerializer
instanceKlass  @bci org/gradle/api/internal/artifacts/DependencyManagementValueSnapshotterSerializerRegistry <init> (Lorg/gradle/api/internal/artifacts/ImmutableModuleIdentifierFactory;Lorg/gradle/api/internal/attributes/AttributesFactory;Lorg/gradle/api/internal/model/NamedObjectInstantiator;Lorg/gradle/api/internal/artifacts/ivyservice/resolveengine/result/ComponentSelectionDescriptorFactory;)V 188 <appendix> member <vmtarget> ; # org/gradle/api/internal/artifacts/DependencyManagementValueSnapshotterSerializerRegistry$$Lambda+0x000001dec326a9a8
instanceKlass org/gradle/internal/component/external/model/DefaultModuleComponentIdentifier
instanceKlass org/gradle/api/artifacts/component/ModuleComponentIdentifier
instanceKlass org/gradle/api/internal/artifacts/metadata/TransformedComponentFileArtifactIdentifierSerializer
instanceKlass org/gradle/internal/component/local/model/TransformedComponentFileArtifactIdentifier
instanceKlass org/gradle/api/internal/artifacts/metadata/ComponentFileArtifactIdentifierSerializer
instanceKlass org/gradle/api/internal/artifacts/metadata/ModuleComponentFileArtifactIdentifierSerializer
instanceKlass org/gradle/api/internal/artifacts/metadata/ComponentArtifactIdentifierSerializer
instanceKlass org/gradle/api/internal/artifacts/DependencyManagementValueSnapshotterSerializerRegistry$OpaqueComponentArtifactIdentifierSerializer
instanceKlass org/gradle/api/artifacts/PublishArtifact
instanceKlass org/gradle/api/internal/artifacts/metadata/PublishArtifactLocalArtifactMetadataSerializer
instanceKlass org/gradle/api/internal/artifacts/ivyservice/resolveengine/result/CapabilitySerializer
instanceKlass org/gradle/api/artifacts/VersionConstraint
instanceKlass org/gradle/api/internal/artifacts/ModuleComponentSelectorSerializer
instanceKlass org/gradle/api/internal/artifacts/ModuleVersionIdentifierSerializer
instanceKlass org/gradle/internal/resolve/caching/DesugaringAttributeContainerSerializer
instanceKlass org/gradle/api/artifacts/component/BuildIdentifier
instanceKlass org/gradle/api/artifacts/component/ProjectComponentIdentifier
instanceKlass org/gradle/api/artifacts/capability/CapabilitySelector
instanceKlass org/gradle/api/internal/capabilities/ImmutableCapability
instanceKlass org/gradle/api/internal/capabilities/CapabilityInternal
instanceKlass org/gradle/api/internal/artifacts/capability/CapabilitySelectorSerializer
instanceKlass org/gradle/api/artifacts/result/ResolvedComponentResult
instanceKlass org/gradle/api/artifacts/result/ComponentResult
instanceKlass org/gradle/api/artifacts/component/ComponentSelector
instanceKlass org/gradle/api/artifacts/result/ComponentSelectionReason
instanceKlass org/gradle/api/artifacts/result/ResolvedVariantResult
instanceKlass org/gradle/internal/component/local/model/ComponentFileArtifactIdentifier
instanceKlass org/gradle/internal/component/external/model/DefaultModuleComponentArtifactIdentifier
instanceKlass org/gradle/internal/component/external/model/ModuleComponentArtifactIdentifier
instanceKlass org/gradle/internal/component/local/model/OpaqueComponentArtifactIdentifier
instanceKlass org/gradle/api/artifacts/component/ComponentIdentifier
instanceKlass org/gradle/internal/component/local/model/PublishArtifactLocalArtifactMetadata
instanceKlass org/gradle/api/artifacts/component/ComponentArtifactIdentifier
instanceKlass org/gradle/internal/component/local/model/LocalComponentArtifactMetadata
instanceKlass org/gradle/internal/component/model/ComponentArtifactMetadata
instanceKlass org/gradle/api/artifacts/ModuleVersionIdentifier
instanceKlass org/gradle/api/capabilities/Capability
# instanceKlass java/lang/invoke/LambdaForm$MH+0x000001dec3269400
# instanceKlass java/lang/invoke/LambdaForm$MH+0x000001dec3269000
# instanceKlass java/lang/invoke/LambdaForm$MH+0x000001dec3268c00
# instanceKlass java/lang/invoke/LambdaForm$MH+0x000001dec3268800
# instanceKlass java/lang/invoke/LambdaForm$MH+0x000001dec3268400
instanceKlass org/gradle/api/artifacts/result/ComponentSelectionDescriptor
instanceKlass org/gradle/api/internal/artifacts/ivyservice/resolveengine/result/CachingComponentSelectionDescriptorFactory
instanceKlass org/gradle/api/internal/attributes/UsageCompatibilityHandler
instanceKlass  @bci java/util/Comparator comparing (Ljava/util/function/Function;)Ljava/util/Comparator; 6 <appendix> member <vmtarget> ; # java/util/Comparator$$Lambda+0x000001dec313abe0
instanceKlass  @cpi org/gradle/internal/watch/registry/impl/AbstractFileWatcherUpdater 400 form vmentry <vmtarget> ; # java/lang/invoke/LambdaForm$DMH+0x000001dec3268000
instanceKlass  @bci org/gradle/api/internal/attributes/DefaultImmutableAttributesContainer <clinit> ()V 0 <appendix> argL0 ; # org/gradle/api/internal/attributes/DefaultImmutableAttributesContainer$$Lambda+0x000001dec3262238
instanceKlass org/gradle/api/attributes/Attribute
instanceKlass org/gradle/api/internal/attributes/AbstractAttributeContainer
instanceKlass org/gradle/api/internal/attributes/AttributeValue
instanceKlass org/gradle/internal/snapshot/impl/DefaultIsolatableFactory$IsolatableVisitor
instanceKlass org/gradle/internal/snapshot/impl/AbstractValueProcessor$ValueVisitor
instanceKlass org/gradle/internal/snapshot/impl/AbstractValueProcessor
instanceKlass com/google/common/cache/LocalCache$StrongValueReference
instanceKlass org/gradle/api/internal/provider/ManagedFactories$ProviderManagedFactory
instanceKlass org/gradle/api/internal/provider/ManagedFactories$PropertyManagedFactory
instanceKlass org/gradle/api/internal/provider/ManagedFactories$MapPropertyManagedFactory
instanceKlass org/gradle/api/internal/provider/ManagedFactories$ListPropertyManagedFactory
instanceKlass org/gradle/api/internal/provider/CollectionPropertyInternal
instanceKlass org/gradle/api/internal/provider/CollectionProviderInternal
instanceKlass org/gradle/api/internal/provider/ManagedFactories$SetPropertyManagedFactory
instanceKlass org/gradle/api/internal/file/ManagedFactories$DirectoryPropertyManagedFactory
instanceKlass org/gradle/api/internal/file/ManagedFactories$DirectoryManagedFactory
instanceKlass org/gradle/api/internal/file/ManagedFactories$RegularFilePropertyManagedFactory
instanceKlass org/gradle/api/internal/file/ManagedFactories$RegularFileManagedFactory
instanceKlass org/gradle/api/internal/file/collections/ManagedFactories$ConfigurableFileCollectionManagedFactory
instanceKlass org/gradle/internal/state/DefaultManagedFactoryRegistry
# instanceKlass java/lang/invoke/LambdaForm$MH+0x000001dec3261c00
# instanceKlass java/lang/invoke/LambdaForm$MH+0x000001dec3261800
# instanceKlass java/lang/invoke/LambdaForm$MH+0x000001dec3261400
# instanceKlass java/lang/invoke/LambdaForm$MH+0x000001dec3261000
# instanceKlass java/lang/invoke/LambdaForm$MH+0x000001dec3260c00
# instanceKlass java/lang/invoke/LambdaForm$MH+0x000001dec3260800
# instanceKlass java/lang/invoke/LambdaForm$MH+0x000001dec3260400
# instanceKlass java/lang/invoke/LambdaForm$MH+0x000001dec3260000
instanceKlass org/gradle/internal/classloader/ConfigurableClassLoaderHierarchyHasher
instanceKlass org/gradle/internal/classloader/DefaultClassLoaderFactory
instanceKlass org/gradle/api/internal/initialization/loadercache/DefaultClasspathHasher
instanceKlass  @bci org/gradle/api/internal/changedetection/state/PropertiesFileAwareClasspathResourceHasher appendConfigurationToHasher (Lorg/gradle/internal/hash/Hasher;)V 48 <appendix> member <vmtarget> ; # org/gradle/api/internal/changedetection/state/PropertiesFileAwareClasspathResourceHasher$$Lambda+0x000001dec325d070
instanceKlass  @bci org/gradle/api/internal/changedetection/state/PropertiesFileAwareClasspathResourceHasher appendConfigurationToHasher (Lorg/gradle/internal/hash/Hasher;)V 28 <appendix> member <vmtarget> ; # org/gradle/api/internal/changedetection/state/PropertiesFileAwareClasspathResourceHasher$$Lambda+0x000001dec325ce38
instanceKlass org/gradle/internal/fingerprint/impl/EmptyCurrentFileCollectionFingerprint
instanceKlass  @bci org/gradle/api/internal/changedetection/state/ZipHasher <init> (Lorg/gradle/internal/fingerprint/hashing/ResourceHasher;)V 3 <appendix> argL0 ; # org/gradle/api/internal/changedetection/state/ZipHasher$$Lambda+0x000001dec325c080
instanceKlass org/gradle/internal/snapshot/AbstractFileSystemLocationSnapshot
instanceKlass org/gradle/internal/snapshot/FileSystemLeafSnapshot
instanceKlass org/gradle/api/internal/changedetection/state/ZipHasher$HashingExceptionReporter
instanceKlass org/gradle/internal/fingerprint/hashing/ZipEntryContext
instanceKlass org/gradle/api/internal/file/archive/ZipInput
instanceKlass org/gradle/api/internal/changedetection/state/ZipHasher
instanceKlass org/gradle/api/internal/changedetection/state/IgnoringResourceHasher
instanceKlass  @bci org/gradle/api/internal/changedetection/state/PropertiesFileAwareClasspathResourceHasher <init> (Lorg/gradle/internal/fingerprint/hashing/ResourceHasher;Ljava/util/Map;)V 18 <appendix> member <vmtarget> ; # org/gradle/api/internal/changedetection/state/PropertiesFileAwareClasspathResourceHasher$$Lambda+0x000001dec325a668
instanceKlass org/gradle/api/internal/changedetection/state/LineEndingNormalizingResourceHasher$1
instanceKlass org/gradle/api/internal/file/archive/ZipEntry
instanceKlass org/gradle/api/internal/changedetection/state/FallbackHandlingResourceHasher
instanceKlass org/gradle/internal/snapshot/RelativePathTrackingFileSystemSnapshotHierarchyVisitor
instanceKlass org/gradle/internal/fingerprint/CurrentFileCollectionFingerprint
instanceKlass org/gradle/internal/fingerprint/FileCollectionFingerprint
instanceKlass org/gradle/internal/fingerprint/impl/AbstractFingerprintingStrategy
instanceKlass org/gradle/api/internal/changedetection/state/RuntimeClasspathResourceHasher
instanceKlass org/gradle/api/internal/changedetection/state/PropertiesFileFilter
instanceKlass org/gradle/api/internal/changedetection/state/ResourceEntryFilter$1
instanceKlass org/gradle/api/internal/changedetection/state/ResourceEntryFilter
instanceKlass org/gradle/api/internal/changedetection/state/ResourceFilter$1
instanceKlass org/gradle/api/internal/changedetection/state/ResourceFilter
instanceKlass org/gradle/internal/fingerprint/FingerprintingStrategy
instanceKlass org/gradle/internal/fingerprint/impl/AbstractFileCollectionFingerprinter
# instanceKlass java/lang/invoke/LambdaForm$MH+0x000001dec3257400
# instanceKlass java/lang/invoke/LambdaForm$MH+0x000001dec3257000
# instanceKlass java/lang/invoke/LambdaForm$MH+0x000001dec3256c00
# instanceKlass java/lang/invoke/LambdaForm$MH+0x000001dec3256800
instanceKlass org/gradle/internal/execution/FileCollectionSnapshotter$Result
instanceKlass org/gradle/api/internal/file/FileCollectionStructureVisitor
instanceKlass org/gradle/internal/fingerprint/impl/DefaultFileCollectionSnapshotter
instanceKlass  @bci java/util/function/Predicate or (Ljava/util/function/Predicate;)Ljava/util/function/Predicate; 7 <appendix> member <vmtarget> ; # java/util/function/Predicate$$Lambda+0x000001dec313a988
instanceKlass  @bci org/gradle/internal/snapshot/impl/DirectorySnapshotter$DefaultExcludes <init> (Ljava/util/Collection;)V 249 <appendix> argL0 ; # org/gradle/internal/snapshot/impl/DirectorySnapshotter$DefaultExcludes$$Lambda+0x000001dec32532c0
instanceKlass  @bci org/gradle/internal/snapshot/impl/DirectorySnapshotter$DefaultExcludes <init> (Ljava/util/Collection;)V 244 <appendix> argL0 ; # org/gradle/internal/snapshot/impl/DirectorySnapshotter$DefaultExcludes$$Lambda+0x000001dec3253070
instanceKlass  @bci org/gradle/internal/snapshot/impl/DirectorySnapshotter$DefaultExcludes <init> (Ljava/util/Collection;)V 146 <appendix> argL0 ; # org/gradle/internal/snapshot/impl/DirectorySnapshotter$DefaultExcludes$$Lambda+0x000001dec3252e20
instanceKlass  @bci org/gradle/internal/snapshot/impl/DirectorySnapshotter$DefaultExcludes <init> (Ljava/util/Collection;)V 180 <appendix> argL0 ; # org/gradle/internal/snapshot/impl/DirectorySnapshotter$DefaultExcludes$$Lambda+0x000001dec3252bd0
instanceKlass  @bci java/util/function/Predicate and (Ljava/util/function/Predicate;)Ljava/util/function/Predicate; 7 <appendix> member <vmtarget> ; # java/util/function/Predicate$$Lambda+0x000001dec313a190
instanceKlass  @cpi java/util/function/Predicate 72 form vmentry <vmtarget> ; # java/lang/invoke/LambdaForm$DMH+0x000001dec3256400
instanceKlass org/gradle/internal/snapshot/impl/DirectorySnapshotter$DefaultExcludes$EndMatcher
instanceKlass org/gradle/internal/snapshot/impl/DirectorySnapshotter$DefaultExcludes$StartMatcher
instanceKlass org/gradle/internal/snapshot/impl/DirectorySnapshotter$DefaultExcludes
instanceKlass org/gradle/internal/snapshot/impl/DirectorySnapshotter$1
instanceKlass org/gradle/internal/snapshot/impl/DirectorySnapshotter$SymbolicLinkMapping
instanceKlass org/gradle/internal/snapshot/impl/DirectorySnapshotter
instanceKlass  @bci com/google/common/util/concurrent/Striped lock (I)Lcom/google/common/util/concurrent/Striped; 1 <appendix> argL0 ; # com/google/common/util/concurrent/Striped$$Lambda+0x000001dec3251c48
instanceKlass java/util/concurrent/Semaphore
instanceKlass com/google/common/util/concurrent/Striped
instanceKlass org/gradle/internal/vfs/impl/DefaultFileSystemAccess$StripedProducerGuard
instanceKlass org/gradle/internal/vfs/impl/DefaultFileSystemAccess
# instanceKlass java/lang/invoke/LambdaForm$MH+0x000001dec3256000
# instanceKlass java/lang/invoke/LambdaForm$MH+0x000001dec3255c00
# instanceKlass java/lang/invoke/LambdaForm$MH+0x000001dec3255800
# instanceKlass java/lang/invoke/LambdaForm$MH+0x000001dec3255400
# instanceKlass java/lang/invoke/LambdaForm$MH+0x000001dec3255000
# instanceKlass java/lang/invoke/LambdaForm$MH+0x000001dec3254c00
# instanceKlass java/lang/invoke/LambdaForm$MH+0x000001dec3254800
# instanceKlass java/lang/invoke/LambdaForm$MH+0x000001dec3254400
# instanceKlass java/lang/invoke/LambdaForm$MH+0x000001dec3254000
instanceKlass org/gradle/internal/snapshot/impl/DirectorySnapshotterStatistics
instanceKlass  @bci org/gradle/internal/service/scopes/VirtualFileSystemServices$GradleUserHomeServices createVirtualFileSystem (Lorg/gradle/internal/watch/vfs/impl/FileWatchingFilter;Lorg/gradle/api/internal/DocumentationRegistry;Lorg/gradle/internal/nativeintegration/NativeCapabilities;Lorg/gradle/internal/event/ListenerManager;Lorg/gradle/internal/watch/vfs/FileChangeListeners;Lorg/gradle/internal/nativeintegration/services/NativeServices$FileEventFunctionsProvider;Lorg/gradle/internal/nativeintegration/filesystem/FileSystem;Lorg/gradle/internal/watch/vfs/WatchableFileSystemDetector;)Lorg/gradle/internal/watch/vfs/BuildLifecycleAwareVirtualFileSystem; 88 <appendix> member <vmtarget> ; # org/gradle/internal/service/scopes/VirtualFileSystemServices$GradleUserHomeServices$$Lambda+0x000001dec3250308
instanceKlass org/gradle/internal/build/BuildAddedListener
instanceKlass org/gradle/internal/snapshot/EmptyChildMap
instanceKlass org/gradle/internal/snapshot/ChildMap$NodeHandler
instanceKlass org/gradle/internal/snapshot/ChildMap$StoreHandler
instanceKlass org/gradle/internal/vfs/impl/VersionHierarchy
instanceKlass org/gradle/internal/vfs/impl/VersionHierarchyRoot
instanceKlass  @bci org/gradle/internal/service/scopes/VirtualFileSystemServices$GradleUserHomeServices lambda$createVirtualFileSystem$1 (Lorg/gradle/internal/snapshot/SnapshotHierarchy;Lorg/gradle/api/internal/DocumentationRegistry;Lorg/gradle/internal/watch/vfs/impl/FileWatchingFilter;Lorg/gradle/internal/watch/vfs/WatchableFileSystemDetector;Lorg/gradle/internal/watch/vfs/FileChangeListeners;Lorg/gradle/internal/watch/registry/FileWatcherRegistryFactory;)Lorg/gradle/internal/watch/vfs/BuildLifecycleAwareVirtualFileSystem; 8 <appendix> member <vmtarget> ; # org/gradle/internal/service/scopes/VirtualFileSystemServices$GradleUserHomeServices$$Lambda+0x000001dec324b0a0
instanceKlass org/gradle/internal/watch/registry/impl/FileSystemWatchingDocumentationIndex
instanceKlass org/gradle/internal/snapshot/SnapshotHierarchy$NodeDiffListener
instanceKlass org/gradle/internal/vfs/impl/AbstractVirtualFileSystem
instanceKlass  @bci org/gradle/internal/service/scopes/VirtualFileSystemServices$GradleUserHomeServices createVirtualFileSystem (Lorg/gradle/internal/watch/vfs/impl/FileWatchingFilter;Lorg/gradle/api/internal/DocumentationRegistry;Lorg/gradle/internal/nativeintegration/NativeCapabilities;Lorg/gradle/internal/event/ListenerManager;Lorg/gradle/internal/watch/vfs/FileChangeListeners;Lorg/gradle/internal/nativeintegration/services/NativeServices$FileEventFunctionsProvider;Lorg/gradle/internal/nativeintegration/filesystem/FileSystem;Lorg/gradle/internal/watch/vfs/WatchableFileSystemDetector;)Lorg/gradle/internal/watch/vfs/BuildLifecycleAwareVirtualFileSystem; 59 <appendix> member <vmtarget> ; # org/gradle/internal/service/scopes/VirtualFileSystemServices$GradleUserHomeServices$$Lambda+0x000001dec324a468
instanceKlass org/gradle/fileevents/internal/AbstractFileEventFunctions$AbstractWatcherBuilder
instanceKlass  @bci org/gradle/internal/service/scopes/VirtualFileSystemServices$GradleUserHomeServices determineWatcherRegistryFactory (Lorg/gradle/internal/os/OperatingSystem;Lorg/gradle/internal/nativeintegration/NativeCapabilities;Lorg/gradle/internal/nativeintegration/services/NativeServices$FileEventFunctionsProvider;Ljava/util/function/Predicate;)Ljava/util/Optional; 56 <appendix> member <vmtarget> ; # org/gradle/internal/service/scopes/VirtualFileSystemServices$GradleUserHomeServices$$Lambda+0x000001dec324fc60
instanceKlass  @cpi org/gradle/internal/snapshot/impl/DirectorySnapshotter$DefaultExcludes 178 form vmentry <vmtarget> ; # java/lang/invoke/LambdaForm$DMH+0x000001dec3249c00
instanceKlass org/gradle/internal/watch/registry/impl/AbstractFileWatcherRegistryFactory$FileEventFunctionsLookup
instanceKlass org/gradle/internal/watch/registry/FileWatcherUpdater
instanceKlass org/gradle/fileevents/FileWatcher
instanceKlass org/gradle/internal/watch/registry/FileWatcherRegistry
instanceKlass org/gradle/internal/watch/registry/FileWatcherProbeRegistry
instanceKlass org/gradle/internal/watch/registry/impl/AbstractFileWatcherRegistryFactory
instanceKlass  @bci org/gradle/internal/service/scopes/VirtualFileSystemServices$GradleUserHomeServices createVirtualFileSystem (Lorg/gradle/internal/watch/vfs/impl/FileWatchingFilter;Lorg/gradle/api/internal/DocumentationRegistry;Lorg/gradle/internal/nativeintegration/NativeCapabilities;Lorg/gradle/internal/event/ListenerManager;Lorg/gradle/internal/watch/vfs/FileChangeListeners;Lorg/gradle/internal/nativeintegration/services/NativeServices$FileEventFunctionsProvider;Lorg/gradle/internal/nativeintegration/filesystem/FileSystem;Lorg/gradle/internal/watch/vfs/WatchableFileSystemDetector;)Lorg/gradle/internal/watch/vfs/BuildLifecycleAwareVirtualFileSystem; 43 <appendix> member <vmtarget> ; # org/gradle/internal/service/scopes/VirtualFileSystemServices$GradleUserHomeServices$$Lambda+0x000001dec324e960
instanceKlass org/gradle/internal/snapshot/ChildMap
instanceKlass org/gradle/internal/vfs/impl/DefaultSnapshotHierarchy$1
instanceKlass org/gradle/internal/vfs/impl/DefaultSnapshotHierarchy
instanceKlass  @bci com/google/common/io/Closer <clinit> ()V 0 <appendix> argL0 ; # com/google/common/io/Closer$$Lambda+0x000001dec324d5b0
instanceKlass  @cpi org/codehaus/groovy/vmplugin/v9/Java9 3416 form vmentry <vmtarget> ; # java/lang/invoke/LambdaForm$DMH+0x000001dec3249800
instanceKlass  @cpi org/gradle/internal/watch/registry/impl/DefaultFileWatcherRegistry 336 form vmentry <vmtarget> ; # java/lang/invoke/LambdaForm$DMH+0x000001dec3249400
instanceKlass com/google/common/io/Closer$Suppressor
instanceKlass com/google/common/io/Closer
instanceKlass com/google/common/io/CharSource
instanceKlass com/google/common/hash/PrimitiveSink
instanceKlass com/google/common/io/CharSink
instanceKlass java/io/File$TempDirectory
instanceKlass org/gradle/api/internal/file/temp/TempFiles
# instanceKlass java/lang/invoke/LambdaForm$MH+0x000001dec3249000
# instanceKlass java/lang/invoke/LambdaForm$MH+0x000001dec3248c00
# instanceKlass java/lang/invoke/LambdaForm$MH+0x000001dec3248800
# instanceKlass java/lang/invoke/LambdaForm$MH+0x000001dec3248400
# instanceKlass java/lang/invoke/LambdaForm$MH+0x000001dec3248000
# instanceKlass java/lang/invoke/LambdaForm$MH+0x000001dec3243c00
# instanceKlass java/lang/invoke/LambdaForm$MH+0x000001dec3243800
# instanceKlass java/lang/invoke/LambdaForm$MH+0x000001dec3243400
# instanceKlass java/lang/invoke/LambdaForm$MH+0x000001dec3243000
# instanceKlass java/lang/invoke/LambdaForm$DMH+0x000001dec3242c00
instanceKlass org/gradle/internal/watch/vfs/impl/DefaultWatchableFileSystemDetector
instanceKlass net/rubygrapefruit/platform/internal/PosixFileSystems
instanceKlass org/gradle/internal/nativeintegration/services/NativeServices$NativeFeatures$1$1$1
instanceKlass org/gradle/internal/watch/vfs/FileChangeListener
instanceKlass org/gradle/internal/watch/registry/FileWatcherRegistry$ChangeHandler
instanceKlass org/gradle/internal/service/scopes/DefaultFileChangeListeners
instanceKlass org/gradle/internal/nativeintegration/services/NativeServices$3
# instanceKlass java/lang/invoke/LambdaForm$MH+0x000001dec3242800
# instanceKlass java/lang/invoke/LambdaForm$MH+0x000001dec3242400
instanceKlass org/gradle/internal/service/scopes/VirtualFileSystemServices$GradleUserHomeServices$1
instanceKlass org/gradle/internal/file/FilePathUtil
instanceKlass org/gradle/internal/file/FileHierarchySet$Node
instanceKlass org/gradle/internal/file/FileHierarchySet$NodeVisitor
instanceKlass org/gradle/internal/file/FileHierarchySet
instanceKlass org/gradle/cache/internal/DefaultGlobalCacheLocations
instanceKlass java/util/IdentityHashMap$IdentityHashMapIterator
instanceKlass org/gradle/internal/hash/DefaultFileHasher
instanceKlass org/gradle/api/internal/changedetection/state/CachingFileHasher
# instanceKlass java/lang/invoke/LambdaForm$MH+0x000001dec3242000
# instanceKlass java/lang/invoke/LambdaForm$MH+0x000001dec3241c00
# instanceKlass java/lang/invoke/LambdaForm$MH+0x000001dec3241800
# instanceKlass java/lang/invoke/LambdaForm$MH+0x000001dec3241400
# instanceKlass java/lang/invoke/LambdaForm$MH+0x000001dec3241000
# instanceKlass java/lang/invoke/LambdaForm$MH+0x000001dec3240c00
# instanceKlass java/lang/invoke/LambdaForm$MH+0x000001dec3240800
# instanceKlass java/lang/invoke/LambdaForm$MH+0x000001dec3240400
# instanceKlass java/lang/invoke/LambdaForm$DMH+0x000001dec3240000
instanceKlass com/google/common/collect/MapMakerInternalMap$StrongValueEntry
instanceKlass com/google/common/collect/MapMakerInternalMap$WeakKeyDummyValueEntry$Helper
instanceKlass com/google/common/collect/MapMakerInternalMap$InternalEntry
instanceKlass com/google/common/collect/MapMakerInternalMap$1
instanceKlass com/google/common/collect/MapMakerInternalMap$InternalEntryHelper
instanceKlass com/google/common/collect/MapMakerInternalMap$WeakValueReference
instanceKlass com/google/common/collect/Interners$InternerImpl
instanceKlass com/google/common/collect/MapMaker
instanceKlass com/google/common/collect/Interners$InternerBuilder
instanceKlass com/google/common/collect/Interners
instanceKlass org/gradle/internal/hash/DefaultStreamHasher
instanceKlass  @bci org/gradle/api/internal/changedetection/state/FileTimeStampInspector <init> (Ljava/io/File;)V 29 <appendix> member <vmtarget> ; # org/gradle/api/internal/changedetection/state/FileTimeStampInspector$$Lambda+0x000001dec323c3d0
instanceKlass org/gradle/api/internal/changedetection/state/FileHasherStatistics
instanceKlass sun/security/provider/ByteArrayAccess$LE
instanceKlass org/gradle/internal/hash/Hashing$MessageDigestHasher
instanceKlass org/gradle/internal/hash/Hashing$DefaultHasher
instanceKlass org/gradle/internal/hash/Hasher
instanceKlass org/gradle/internal/hash/PrimitiveHasher
instanceKlass org/gradle/internal/hash/Hashing$MessageDigestHashFunction
instanceKlass org/gradle/internal/hash/HashFunction
instanceKlass org/gradle/internal/hash/Hashing
instanceKlass org/gradle/api/internal/changedetection/state/CachingResourceHasher
instanceKlass org/gradle/internal/fingerprint/hashing/ResourceHasher
instanceKlass org/gradle/internal/fingerprint/hashing/ZipEntryContextHasher
instanceKlass org/gradle/internal/fingerprint/hashing/RegularFileSnapshotContextHasher
instanceKlass org/gradle/internal/fingerprint/hashing/ConfigurableNormalizer
instanceKlass org/gradle/internal/snapshot/FileSystemLocationSnapshot
instanceKlass org/gradle/internal/snapshot/MetadataSnapshot
instanceKlass org/gradle/internal/snapshot/FileSystemNode
instanceKlass org/gradle/api/internal/changedetection/state/DefaultResourceSnapshotterCacheService
instanceKlass com/google/common/collect/TransformedIterator
instanceKlass org/gradle/launcher/daemon/server/DaemonRegistryUnavailableExpirationStrategy$1
instanceKlass org/gradle/launcher/daemon/toolchain/DaemonJvmCriteria$Spec
instanceKlass  @bci org/gradle/launcher/daemon/server/CompatibleDaemonExpirationStrategy checkExpiration ()Lorg/gradle/launcher/daemon/server/expiry/DaemonExpirationResult; 13 <appendix> member <vmtarget> ; # org/gradle/launcher/daemon/server/CompatibleDaemonExpirationStrategy$$Lambda+0x000001dec32337b0
instanceKlass java/util/LinkedList$ListItr
instanceKlass  @bci org/gradle/cache/internal/FileBackedObjectHolder get ()Ljava/lang/Object; 5 <appendix> member <vmtarget> ; # org/gradle/cache/internal/FileBackedObjectHolder$$Lambda+0x000001dec3233588
instanceKlass org/gradle/launcher/daemon/registry/PersistentDaemonRegistry$1
instanceKlass org/gradle/launcher/daemon/server/health/gc/GarbageCollectionStats
instanceKlass java/util/concurrent/LinkedBlockingDeque$AbstractItr
instanceKlass  @bci org/gradle/cache/internal/DefaultCacheCoordinator beforeLockRelease (Lorg/gradle/cache/FileLock;)V 35 <appendix> member <vmtarget> ; # org/gradle/cache/internal/DefaultCacheCoordinator$$Lambda+0x000001dec3232ef8
instanceKlass  @bci org/gradle/cache/internal/locklistener/DefaultFileLockContentionHandler$ContendedAction run ()V 5 <appendix> member <vmtarget> ; # org/gradle/cache/internal/locklistener/DefaultFileLockContentionHandler$ContendedAction$$Lambda+0x000001dec3232cd0
instanceKlass  @bci sun/nio/ch/DatagramChannelImpl$DatagramPackets <clinit> ()V 16 <appendix> argL0 ; # sun/nio/ch/DatagramChannelImpl$DatagramPackets$$Lambda+0x000001dec3138588
instanceKlass sun/nio/ch/DatagramChannelImpl$DatagramPackets
instanceKlass org/gradle/internal/hash/HashCode
instanceKlass  @bci org/gradle/internal/service/scopes/WorkerSharedGlobalScopeServices createGlobalCache (Lorg/gradle/api/internal/classpath/GlobalCacheRootsProvider;)Lorg/gradle/cache/GlobalCache; 6 <appendix> member <vmtarget> ; # org/gradle/internal/service/scopes/WorkerSharedGlobalScopeServices$$Lambda+0x000001dec3232410
instanceKlass org/apache/commons/lang/StringUtils
instanceKlass  @bci org/gradle/api/internal/artifacts/ivyservice/DefaultArtifactCaches <init> (Lorg/gradle/cache/scopes/GlobalScopedCacheBuilderFactory;Lorg/gradle/cache/UnscopedCacheBuilderFactory;Lorg/gradle/api/internal/artifacts/ivyservice/DefaultArtifactCaches$WritableArtifactCacheLockingParameters;Lorg/gradle/api/internal/DocumentationRegistry;Lorg/gradle/api/internal/cache/CacheConfigurationsInternal;Lorg/gradle/cache/CacheCleanupStrategyFactory;)V 28 <appendix> member <vmtarget> ; # org/gradle/api/internal/artifacts/ivyservice/DefaultArtifactCaches$$Lambda+0x000001dec3234768
instanceKlass org/gradle/api/internal/artifacts/ivyservice/WritableArtifactCacheLockingAccessCoordinator
instanceKlass org/gradle/api/internal/artifacts/ivyservice/DefaultArtifactCaches$LateInitWritableArtifactCacheLockingAccessCoordinator
instanceKlass com/google/common/primitives/IntsMethodsForWeb
instanceKlass org/apache/commons/lang/ArrayUtils
instanceKlass org/gradle/cache/internal/CacheVersion
instanceKlass org/gradle/util/internal/DefaultGradleVersion$Stage
instanceKlass org/gradle/internal/versionedcache/CacheVersionMapping$Builder
instanceKlass org/gradle/internal/versionedcache/CacheVersionMapping
instanceKlass org/gradle/api/internal/artifacts/ivyservice/DefaultArtifactCacheMetadata
instanceKlass org/gradle/api/internal/artifacts/ivyservice/ArtifactCacheLockingAccessCoordinator
instanceKlass org/gradle/api/internal/artifacts/ivyservice/ArtifactCacheMetadata
instanceKlass org/gradle/api/internal/artifacts/ivyservice/DefaultArtifactCaches
# instanceKlass java/lang/invoke/LambdaForm$MH+0x000001dec3231c00
# instanceKlass java/lang/invoke/LambdaForm$MH+0x000001dec3231800
# instanceKlass java/lang/invoke/LambdaForm$MH+0x000001dec3231400
# instanceKlass java/lang/invoke/LambdaForm$MH+0x000001dec3231000
# instanceKlass java/lang/invoke/LambdaForm$MH+0x000001dec3230c00
# instanceKlass java/lang/invoke/LambdaForm$MH+0x000001dec3230800
# instanceKlass java/lang/invoke/LambdaForm$MH+0x000001dec3230400
# instanceKlass java/lang/invoke/LambdaForm$MH+0x000001dec3230000
instanceKlass org/gradle/cache/internal/DefaultCacheCleanupStrategyFactory
instanceKlass org/gradle/api/internal/artifacts/DependencyManagementGradleUserHomeScopeServices$1
instanceKlass  @bci org/gradle/api/internal/changedetection/state/DefaultFileAccessTimeJournal loadOrPersistInceptionTimestamp ()J 5 <appendix> member <vmtarget> ; # org/gradle/api/internal/changedetection/state/DefaultFileAccessTimeJournal$$Lambda+0x000001dec3229000
instanceKlass org/gradle/cache/internal/DefaultCacheCoordinator$IndexedCacheEntry
instanceKlass  @bci org/gradle/cache/internal/DefaultCacheCoordinator afterLockAcquire (Lorg/gradle/cache/FileLock;)V 38 <appendix> member <vmtarget> ; # org/gradle/cache/internal/DefaultCacheCoordinator$$Lambda+0x000001dec322b738
instanceKlass org/gradle/cache/internal/locklistener/DefaultFileLockContentionHandler$ContendedAction
instanceKlass org/gradle/cache/internal/locklistener/DefaultFileLockContentionHandler$1
instanceKlass  @bci org/gradle/cache/internal/DefaultCacheCoordinator toSupplier (Ljava/lang/Runnable;)Ljava/util/function/Supplier; 1 <appendix> member <vmtarget> ; # org/gradle/cache/internal/DefaultCacheCoordinator$$Lambda+0x000001dec322b0b0
instanceKlass  @bci org/gradle/cache/internal/DefaultCacheCoordinator newCache (Lorg/gradle/cache/IndexedCacheParameters;)Lorg/gradle/cache/MultiProcessSafeIndexedCache; 140 <appendix> argL0 ; # org/gradle/cache/internal/DefaultCacheCoordinator$$Lambda+0x000001dec322ae90
instanceKlass org/gradle/cache/internal/CrossProcessSynchronizingIndexedCache
instanceKlass org/gradle/cache/internal/InMemoryDecoratedCache
instanceKlass org/gradle/cache/internal/InMemoryCacheController
instanceKlass com/google/common/cache/LongAddable
instanceKlass com/google/common/cache/LongAddables
instanceKlass com/google/common/cache/AbstractCache$SimpleStatsCounter
instanceKlass org/gradle/cache/internal/LoggingEvictionListener
instanceKlass  @bci org/gradle/internal/buildtree/DefaultBuildTreeModelCreator$DefaultBuildTreeModelController locateBuilderForBuildTarget (Lorg/gradle/internal/build/BuildState;Ljava/lang/String;Z)Lorg/gradle/tooling/provider/model/internal/ToolingModelScope; 3 <appendix> form vmentry <vmtarget> ; # java/lang/invoke/LambdaForm$DMH+0x000001dec3228c00
instanceKlass  @bci org/gradle/cache/internal/DefaultInMemoryCacheDecoratorFactory getCache (Ljava/lang/String;I)Lorg/gradle/cache/internal/DefaultInMemoryCacheDecoratorFactory$CacheDetails; 7 <appendix> member <vmtarget> ; # org/gradle/cache/internal/DefaultInMemoryCacheDecoratorFactory$$Lambda+0x000001dec322f798
instanceKlass org/gradle/cache/internal/DefaultInMemoryCacheDecoratorFactory$CacheDetails
instanceKlass org/gradle/cache/internal/AsyncCacheAccessDecoratedCache
instanceKlass org/gradle/cache/internal/ExclusiveCacheAccessingWorker
instanceKlass org/gradle/cache/internal/DefaultMultiProcessSafeIndexedCache
instanceKlass  @bci org/gradle/cache/internal/DefaultCacheCoordinator newCache (Lorg/gradle/cache/IndexedCacheParameters;)Lorg/gradle/cache/MultiProcessSafeIndexedCache; 72 <appendix> member <vmtarget> ; # org/gradle/cache/internal/DefaultCacheCoordinator$$Lambda+0x000001dec322eb10
instanceKlass org/gradle/cache/internal/btree/BTreePersistentIndexedCache
instanceKlass org/gradle/cache/internal/DefaultInMemoryCacheDecoratorFactory$InMemoryCacheDecorator
instanceKlass org/gradle/cache/IndexedCacheParameters
instanceKlass org/gradle/api/internal/changedetection/state/DefaultFileAccessTimeJournal
instanceKlass org/gradle/cache/internal/MultiProcessSafeAsyncPersistentIndexedCache
instanceKlass org/gradle/cache/CacheDecorator
instanceKlass org/gradle/cache/internal/DefaultInMemoryCacheDecoratorFactory
instanceKlass org/gradle/cache/internal/DefaultCacheFactory$ReferenceTrackingCache
instanceKlass org/gradle/cache/internal/DefaultCacheFactory$DirCacheReference
instanceKlass org/gradle/cache/internal/cacheops/CacheOperationStack
instanceKlass  @bci org/gradle/cache/internal/DefaultCacheCoordinator open ()V 2 <appendix> member <vmtarget> ; # org/gradle/cache/internal/DefaultCacheCoordinator$$Lambda+0x000001dec322cf78
instanceKlass org/gradle/cache/internal/LockOnDemandCrossProcessCacheAccess$ContendedAction
instanceKlass org/gradle/cache/internal/LockOnDemandCrossProcessCacheAccess$UnlockAction
instanceKlass org/gradle/cache/internal/DefaultCacheCoordinator$1
instanceKlass  @bci org/gradle/cache/internal/DefaultCacheCoordinator <init> (Ljava/lang/String;Ljava/io/File;Lorg/gradle/cache/LockOptions;Ljava/io/File;Lorg/gradle/cache/FileLockManager;Lorg/gradle/cache/internal/CacheInitializationAction;Lorg/gradle/cache/internal/CacheCleanupExecutor;Lorg/gradle/internal/concurrent/ExecutorFactory;)V 82 <appendix> member <vmtarget> ; # org/gradle/cache/internal/DefaultCacheCoordinator$$Lambda+0x000001dec322c460
instanceKlass  @bci org/gradle/cache/internal/DefaultCacheCoordinator <init> (Ljava/lang/String;Ljava/io/File;Lorg/gradle/cache/LockOptions;Ljava/io/File;Lorg/gradle/cache/FileLockManager;Lorg/gradle/cache/internal/CacheInitializationAction;Lorg/gradle/cache/internal/CacheCleanupExecutor;Lorg/gradle/internal/concurrent/ExecutorFactory;)V 74 <appendix> member <vmtarget> ; # org/gradle/cache/internal/DefaultCacheCoordinator$$Lambda+0x000001dec322c228
instanceKlass org/gradle/cache/internal/cacheops/CacheAccessOperationsStack
instanceKlass org/gradle/cache/internal/CacheInitializationAction$1
instanceKlass org/gradle/cache/internal/CacheInitializationAction
instanceKlass org/gradle/cache/AsyncCacheAccess
instanceKlass org/gradle/cache/MultiProcessSafeIndexedCache
instanceKlass org/gradle/cache/UnitOfWorkParticipant
instanceKlass org/gradle/cache/internal/AbstractCrossProcessCacheAccess
instanceKlass org/gradle/cache/CrossProcessCacheAccess
instanceKlass org/gradle/cache/internal/DefaultCacheCoordinator
instanceKlass org/gradle/cache/internal/CacheCreationCoordinator
instanceKlass org/gradle/cache/internal/DefaultCacheCleanupExecutor
instanceKlass org/gradle/cache/IndexedCache
instanceKlass org/gradle/cache/internal/CacheCleanupExecutor
instanceKlass org/gradle/cache/internal/DefaultPersistentDirectoryStore
instanceKlass org/gradle/cache/CacheCleanupStrategy$1
instanceKlass org/gradle/cache/CacheCleanupStrategy
instanceKlass org/gradle/cache/internal/DefaultCacheBuilder
instanceKlass org/gradle/cache/internal/scopes/DefaultCacheScopeMapping$1
instanceKlass  @bci org/gradle/language/java/internal/JavaLanguageServices$JavaGlobalScopeServices createJavaSubscribableBuildActionRunnerRegistration ()Lorg/gradle/internal/build/event/OperationResultPostProcessorFactory; 0 <appendix> argL0 ; # org/gradle/language/java/internal/JavaLanguageServices$JavaGlobalScopeServices$$Lambda+0x000001dec321efc8
# instanceKlass java/lang/invoke/LambdaForm$MH+0x000001dec3228800
# instanceKlass java/lang/invoke/LambdaForm$MH+0x000001dec3228400
# instanceKlass java/lang/invoke/LambdaForm$DMH+0x000001dec3228000
instanceKlass org/gradle/internal/DeprecatedInGradleScope
instanceKlass org/gradle/BuildAdapter
instanceKlass org/gradle/BuildListener
instanceKlass org/gradle/internal/file/DefaultFileSystemDefaultExcludesProvider$1
instanceKlass java/nio/file/attribute/PosixFilePermissions$1
instanceKlass java/util/RegularEnumSet$EnumSetIterator
instanceKlass java/nio/file/attribute/PosixFilePermissions
instanceKlass org/apache/tools/ant/util/FileUtils
instanceKlass org/apache/tools/ant/taskdefs/condition/Os
instanceKlass org/apache/tools/ant/taskdefs/condition/Condition
instanceKlass org/apache/tools/ant/types/resources/Appendable
instanceKlass org/apache/tools/ant/types/resources/FileProvider
instanceKlass org/apache/tools/ant/types/resources/Touchable
instanceKlass org/apache/tools/ant/ProjectComponent
instanceKlass org/apache/tools/ant/types/ResourceCollection
instanceKlass org/apache/tools/ant/DirectoryScanner
instanceKlass org/apache/tools/ant/types/ResourceFactory
instanceKlass org/apache/tools/ant/types/selectors/SelectorScanner
instanceKlass org/apache/tools/ant/FileScanner
instanceKlass org/gradle/internal/file/DefaultFileSystemDefaultExcludesProvider
instanceKlass org/gradle/internal/session/DefaultBuildSessionContext
instanceKlass org/gradle/internal/session/BuildSessionContext
instanceKlass org/gradle/plugin/use/internal/InjectedPluginClasspath
instanceKlass org/gradle/workers/internal/WorkerExecutionQueueFactory
instanceKlass org/gradle/workers/internal/WorkerDaemonClientCancellationHandler
instanceKlass org/gradle/process/internal/worker/child/WorkerDirectoryProvider
instanceKlass org/gradle/internal/work/ConditionalExecutionQueueFactory
instanceKlass org/gradle/workers/internal/WorkersServices$BuildSessionScopeServices
instanceKlass org/gradle/vcs/internal/resolver/PersistentVcsMetadataCache
instanceKlass org/gradle/vcs/internal/VcsDirectoryLayout
instanceKlass org/gradle/vcs/internal/VersionControlRepositoryConnection
instanceKlass org/gradle/vcs/internal/VersionControlSystem
instanceKlass org/gradle/vcs/internal/services/DefaultVersionControlRepositoryFactory
instanceKlass org/gradle/vcs/internal/VersionControlRepositoryConnectionFactory
instanceKlass org/gradle/api/artifacts/ModuleIdentifier
instanceKlass org/gradle/vcs/internal/services/VersionControlServices$VersionControlBuildSessionServices
instanceKlass org/gradle/api/internal/tasks/userinput/UserInputHandler
instanceKlass org/gradle/internal/session/BuildSessionActionExecutor
instanceKlass org/gradle/api/internal/tasks/userinput/BuildScanUserInputHandler
instanceKlass org/gradle/tooling/internal/provider/LauncherServices$ToolingBuildSessionScopeServices
instanceKlass org/gradle/api/problems/internal/ExceptionProblemRegistry
instanceKlass org/gradle/problems/internal/services/ProblemsBuildSessionServices
instanceKlass org/gradle/nativeplatform/toolchain/internal/gcc/metadata/SystemLibraryDiscovery
instanceKlass org/gradle/nativeplatform/toolchain/internal/xcode/AbstractLocator
instanceKlass org/gradle/nativeplatform/toolchain/internal/msvcpp/WindowsKitInstall
instanceKlass org/gradle/platform/base/internal/toolchain/SearchResult
instanceKlass org/gradle/platform/base/internal/toolchain/ToolSearchResult
instanceKlass org/gradle/nativeplatform/toolchain/internal/msvcpp/AbstractWindowsKitComponentLocator
instanceKlass org/gradle/nativeplatform/toolchain/internal/msvcpp/UcrtLocator
instanceKlass org/gradle/nativeplatform/toolchain/internal/msvcpp/version/SystemPathVersionLocator
instanceKlass org/gradle/nativeplatform/toolchain/internal/msvcpp/version/AbstractVisualStudioVersionLocator
instanceKlass org/gradle/nativeplatform/toolchain/internal/msvcpp/WindowsSdkLocator
instanceKlass org/gradle/nativeplatform/toolchain/internal/msvcpp/VisualStudioLocator
instanceKlass org/gradle/nativeplatform/toolchain/internal/msvcpp/WindowsComponentLocator
instanceKlass org/gradle/nativeplatform/toolchain/internal/msvcpp/version/VisualStudioMetaDataProvider
instanceKlass org/gradle/nativeplatform/toolchain/internal/msvcpp/version/VisualStudioVersionLocator
instanceKlass org/gradle/nativeplatform/toolchain/internal/msvcpp/version/VswhereVersionLocator
instanceKlass org/gradle/nativeplatform/toolchain/internal/msvcpp/version/VisualCppMetadataProvider
instanceKlass org/gradle/nativeplatform/internal/services/NativeBinaryServices$BuildSessionScopeServices
instanceKlass org/gradle/internal/jvm/inspection/JvmInstallationProblemReporter
instanceKlass org/gradle/internal/fingerprint/impl/FileCollectionFingerprinterRegistrations
instanceKlass org/gradle/internal/execution/InputFingerprinter
instanceKlass org/gradle/internal/execution/OutputSnapshotter
instanceKlass org/gradle/internal/execution/FileCollectionFingerprinterRegistry
instanceKlass org/gradle/internal/file/FileSystemDefaultExcludesProvider
instanceKlass org/gradle/internal/service/scopes/VirtualFileSystemServices$BuildSessionServices
instanceKlass org/gradle/internal/scopeids/PersistentScopeIdStoreFactory
instanceKlass org/gradle/internal/scopeids/ScopeIdsServices
instanceKlass org/gradle/internal/work/DefaultAsyncWorkTracker
instanceKlass org/gradle/internal/work/AsyncWorkTracker
instanceKlass org/gradle/internal/exceptions/FailureResolutionAware
instanceKlass org/gradle/internal/build/BuildLayoutValidator
instanceKlass org/gradle/internal/model/StateTransitionControllerFactory
instanceKlass org/gradle/internal/model/InMemoryInterner
instanceKlass org/gradle/internal/model/InMemoryLoadingCache
instanceKlass org/gradle/internal/problems/DefaultProblemLocationAnalyzer
instanceKlass org/gradle/initialization/ClassLoaderScopeRegistryListener
instanceKlass org/gradle/internal/problems/ProblemLocationAnalyzer
instanceKlass org/gradle/internal/model/ValueCalculator
instanceKlass org/gradle/internal/model/CalculatedValue
instanceKlass org/gradle/internal/model/CalculatedValueContainerFactory
instanceKlass org/gradle/internal/model/CalculatedValueFactory
instanceKlass org/gradle/internal/scopeids/id/ScopeId
instanceKlass org/gradle/internal/scopeids/PersistentScopeIdLoader
instanceKlass org/gradle/internal/buildevents/BuildStartedTime
instanceKlass org/gradle/initialization/layout/ProjectCacheDir
instanceKlass org/gradle/deployment/internal/DefaultDeploymentRegistry
instanceKlass org/gradle/deployment/internal/PendingChangesListener
instanceKlass org/gradle/deployment/internal/DeploymentRegistryInternal
instanceKlass org/gradle/deployment/internal/DeploymentRegistry
instanceKlass org/gradle/deployment/internal/PendingChangesManager
instanceKlass org/gradle/initialization/SettingsLocation
instanceKlass org/gradle/internal/hash/ChecksumService
instanceKlass org/gradle/api/internal/file/archive/DecompressionCoordinator
instanceKlass org/gradle/api/internal/project/CrossProjectConfigurator
instanceKlass org/gradle/internal/service/scopes/CoreBuildSessionServices
instanceKlass org/gradle/internal/cc/impl/ConfigurationCacheEntryCollector
instanceKlass org/gradle/cache/scopes/BuildTreeScopedCacheBuilderFactory
instanceKlass org/gradle/internal/cc/impl/ConfigurationCacheRepository
instanceKlass org/gradle/internal/cc/impl/DefaultBuildTreeModelControllerServices
instanceKlass org/gradle/internal/buildtree/BuildTreeModelControllerServices
instanceKlass org/gradle/composite/internal/CompositeBuildServices$CompositeBuildSessionScopeServices
instanceKlass org/gradle/api/internal/tasks/testing/results/HtmlTestReportGenerator
instanceKlass org/gradle/api/tasks/testing/TestDescriptor
instanceKlass org/gradle/api/internal/tasks/testing/operations/TestListenerBuildOperationAdapter
instanceKlass org/gradle/api/internal/tasks/testing/results/TestListenerInternal
instanceKlass org/gradle/api/internal/tasks/testing/TestingBasePluginServices$TestingBuildSessionScopeServices
instanceKlass org/gradle/api/internal/attributes/matching/AttributeSelectionSchema
instanceKlass org/gradle/api/internal/attributes/AttributeSchemaServices
instanceKlass org/gradle/api/internal/attributes/immutable/artifact/ImmutableArtifactTypeRegistryFactory
instanceKlass org/gradle/api/internal/attributes/immutable/ImmutableAttributesSchemaFactory
instanceKlass org/gradle/internal/component/model/IvyArtifactName
instanceKlass org/gradle/internal/component/external/model/ivy/MutableIvyModuleResolveMetadata
instanceKlass org/gradle/api/internal/artifacts/repositories/metadata/IvyMutableModuleMetadataFactory
instanceKlass org/gradle/internal/component/external/model/PreferJavaRuntimeVariant
instanceKlass org/gradle/internal/component/external/model/maven/MutableMavenModuleResolveMetadata
instanceKlass org/gradle/internal/component/external/model/MutableModuleComponentResolveMetadata
instanceKlass org/gradle/api/internal/artifacts/repositories/metadata/MavenAttributesFactory
instanceKlass org/gradle/api/internal/artifacts/repositories/metadata/MavenMutableModuleMetadataFactory
instanceKlass org/gradle/api/internal/artifacts/repositories/metadata/MutableModuleMetadataFactory
instanceKlass org/gradle/internal/isolation/Isolatable
instanceKlass org/gradle/internal/hash/Hashable
instanceKlass org/gradle/api/internal/artifacts/ivyservice/resolveengine/result/AttributeContainerSerializer
instanceKlass org/gradle/api/internal/attributes/ImmutableAttributes
instanceKlass org/gradle/api/internal/attributes/AttributeContainerInternal
instanceKlass org/gradle/api/attributes/AttributeContainer
instanceKlass org/gradle/api/attributes/HasAttributes
instanceKlass org/gradle/api/internal/attributes/DefaultAttributesFactory
instanceKlass org/gradle/api/internal/attributes/AttributeValueIsolator
instanceKlass org/gradle/api/internal/catalog/DependenciesAccessorsWorkspaceProvider
instanceKlass org/gradle/api/internal/attributes/AttributesFactory
instanceKlass org/gradle/internal/model/InMemoryCacheFactory
instanceKlass org/gradle/api/internal/artifacts/ivyservice/dependencysubstitution/ComponentSelectorNotationConverter
instanceKlass org/gradle/api/internal/artifacts/ivyservice/resolveengine/result/ComponentSelectionDescriptorFactory
instanceKlass org/gradle/api/internal/artifacts/DependencyManagementBuildSessionScopeServices
instanceKlass org/gradle/internal/snapshot/impl/ValueSnapshotterSerializerRegistry
instanceKlass org/gradle/internal/snapshot/ValueSnapshotter
instanceKlass org/gradle/internal/service/scopes/WorkerSharedBuildSessionScopeServices
instanceKlass org/gradle/internal/service/scopes/DefaultGradleUserHomeScopeServiceRegistry$Services
instanceKlass org/gradle/workers/internal/WorkerDaemonClientsManager
instanceKlass org/gradle/api/problems/internal/IsolatableToBytesSerializer
instanceKlass org/gradle/workers/internal/ClassLoaderStructureProvider
instanceKlass org/gradle/workers/internal/ActionExecutionSpecFactory
instanceKlass org/gradle/workers/internal/WorkersServices$GradleUserHomeServices
instanceKlass org/gradle/kotlin/dsl/provider/KotlinScriptClassloadingCache
instanceKlass org/gradle/kotlin/dsl/provider/GradleUserHomeServices
instanceKlass org/gradle/kotlin/dsl/support/EmbeddedKotlinProvider
instanceKlass org/gradle/kotlin/dsl/support/GradleUserHomeServices
instanceKlass org/gradle/kotlin/dsl/cache/KotlinDslWorkspaceProvider
instanceKlass org/gradle/kotlin/dsl/cache/GradleUserHomeServices
instanceKlass org/gradle/kotlin/dsl/accessors/ProjectSchemaProvider
instanceKlass org/gradle/kotlin/dsl/provider/plugins/KotlinDslDclSchemaCollector
instanceKlass org/gradle/kotlin/dsl/provider/PrecompiledScriptPluginsSupport
instanceKlass org/gradle/kotlin/dsl/provider/KotlinScriptBasePluginsApplicator
instanceKlass org/gradle/kotlin/dsl/provider/plugins/GradleUserHomeServices
instanceKlass org/gradle/internal/service/ServiceAccess$PrivateAccessScope
instanceKlass org/gradle/internal/watch/registry/FileWatcherRegistryFactory
instanceKlass org/gradle/internal/watch/vfs/impl/FileWatchingFilter
instanceKlass org/gradle/internal/vfs/FileSystemAccess$WriteListener
instanceKlass org/gradle/internal/snapshot/SnapshotHierarchy
instanceKlass org/gradle/internal/build/BuildState
instanceKlass org/gradle/api/internal/changedetection/state/CrossBuildFileHashCache
instanceKlass org/gradle/internal/watch/vfs/FileChangeListeners
instanceKlass org/gradle/internal/hash/FileHasher
instanceKlass org/gradle/internal/execution/FileCollectionSnapshotter
instanceKlass org/gradle/internal/watch/vfs/BuildLifecycleAwareVirtualFileSystem
instanceKlass org/gradle/internal/vfs/VirtualFileSystem
instanceKlass org/gradle/internal/watch/vfs/WatchableFileSystemDetector
instanceKlass org/gradle/api/internal/changedetection/state/ResourceSnapshotterCacheService
instanceKlass org/gradle/internal/service/scopes/VirtualFileSystemServices$GradleUserHomeServices
instanceKlass org/gradle/tooling/internal/provider/serialization/PayloadSerializer
instanceKlass org/gradle/tooling/internal/provider/serialization/PayloadClassLoaderRegistry
instanceKlass org/gradle/tooling/internal/provider/serialization/PayloadClassLoaderFactory
instanceKlass org/gradle/internal/daemon/services/DaemonServices$DaemonGradleUserHomeServices
instanceKlass org/gradle/api/internal/tasks/compile/incremental/cache/GeneralCompileCaches
instanceKlass org/gradle/api/internal/tasks/CompileServices$UserHomeScopeServices
instanceKlass org/gradle/internal/execution/ExecutionEngine$IdentityCacheResult
instanceKlass org/gradle/api/internal/artifacts/ivyservice/ArtifactCachesProvider
instanceKlass org/gradle/api/internal/artifacts/ivyservice/DefaultArtifactCaches$WritableArtifactCacheLockingParameters
instanceKlass org/gradle/api/internal/artifacts/transform/ImmutableTransformWorkspaceServices
instanceKlass org/gradle/api/internal/artifacts/DependencyManagementGradleUserHomeScopeServices
instanceKlass org/gradle/internal/service/DefaultServiceRegistry$InstanceUnpackingVisitor
instanceKlass org/gradle/internal/execution/workspace/ImmutableWorkspaceProvider
instanceKlass org/gradle/groovy/scripts/internal/GroovyDslWorkspaceProvider
instanceKlass org/gradle/internal/fingerprint/classpath/ClasspathFingerprinter
instanceKlass org/gradle/internal/execution/FileCollectionFingerprinter
instanceKlass org/gradle/internal/snapshot/FileSystemSnapshot
instanceKlass org/gradle/internal/classpath/ClasspathFileTransformer
instanceKlass org/gradle/internal/classpath/DefaultCachedClasspathTransformer
instanceKlass org/gradle/internal/classpath/CachedClasspathTransformer
instanceKlass org/gradle/internal/classpath/transforms/ClasspathElementTransformFactoryForLegacy
instanceKlass org/gradle/internal/classpath/transforms/ClasspathElementTransform
instanceKlass org/gradle/internal/classpath/transforms/ClasspathElementTransformFactoryForAgent
instanceKlass org/gradle/internal/classpath/transforms/ClasspathElementTransformFactory
instanceKlass org/gradle/internal/classpath/types/GradleCoreInstrumentationTypeRegistry
instanceKlass org/gradle/internal/classpath/types/InstrumentationTypeRegistry
instanceKlass org/gradle/api/internal/changedetection/state/FileTimeStampInspector
instanceKlass org/gradle/initialization/RootBuildLifecycleListener
instanceKlass org/gradle/cache/internal/FilesFinder
instanceKlass org/gradle/cache/CleanupAction
instanceKlass org/gradle/internal/file/FileAccessTracker
instanceKlass org/gradle/internal/classpath/DefaultClasspathTransformerCacheFactory
instanceKlass org/gradle/internal/classpath/ClasspathTransformerCacheFactory
instanceKlass org/gradle/internal/classpath/DefaultClasspathBuilder
instanceKlass org/gradle/internal/classpath/ClasspathBuilder
instanceKlass org/gradle/internal/classpath/ClasspathEntryVisitor$Entry
instanceKlass org/gradle/internal/classpath/ClasspathWalker
instanceKlass org/gradle/cache/internal/GradleUserHomeCleanupServices$1
instanceKlass org/gradle/internal/cache/MonitoredCleanupAction
instanceKlass org/gradle/internal/operations/CallableBuildOperation
instanceKlass org/gradle/cache/internal/GradleUserHomeCleanupService
instanceKlass org/gradle/internal/versionedcache/VersionSpecificCacheDirectoryScanner
instanceKlass org/gradle/internal/versionedcache/UsedGradleVersionsFromGradleUserHomeCaches
# instanceKlass java/lang/invoke/LambdaForm$MH+0x000001dec3207000
# instanceKlass java/lang/invoke/LambdaForm$MH+0x000001dec3206c00
# instanceKlass java/lang/invoke/LambdaForm$MH+0x000001dec3206800
# instanceKlass java/lang/invoke/LambdaForm$MH+0x000001dec3206400
# instanceKlass java/lang/invoke/LambdaForm$MH+0x000001dec3206000
# instanceKlass java/lang/invoke/LambdaForm$MH+0x000001dec3205c00
# instanceKlass java/lang/invoke/LambdaForm$MH+0x000001dec3205800
# instanceKlass java/lang/invoke/LambdaForm$MH+0x000001dec3205400
# instanceKlass java/lang/invoke/LambdaForm$MH+0x000001dec3205000
# instanceKlass java/lang/invoke/LambdaForm$MH+0x000001dec3204c00
# instanceKlass java/lang/invoke/LambdaForm$MH+0x000001dec3204800
# instanceKlass java/lang/invoke/LambdaForm$MH+0x000001dec3204400
# instanceKlass java/lang/invoke/LambdaForm$BMH+0x000001dec3204000
# instanceKlass java/lang/invoke/LambdaForm$DMH+0x000001dec31fc400
instanceKlass  @bci org/gradle/api/internal/cache/DefaultCacheConfigurations_Decorated $gradleInit ()V 1 <appendix> member <vmtarget> ; # org/gradle/api/internal/cache/DefaultCacheConfigurations_Decorated$$Lambda+0x000001dec3201000
instanceKlass org/gradle/api/internal/cache/NoMarkingStrategy
instanceKlass org/gradle/api/internal/cache/CacheDirTagMarkingStrategy
instanceKlass org/gradle/api/internal/provider/TypeSanitizingTransformer
instanceKlass  @bci org/gradle/api/internal/cache/DefaultCacheConfigurations$ContextualErrorMessageProperty convention (Lorg/gradle/api/provider/Provider;)Lorg/gradle/api/internal/cache/DefaultCacheConfigurations$ContextualErrorMessageProperty; 3 <appendix> member <vmtarget> ; # org/gradle/api/internal/cache/DefaultCacheConfigurations$ContextualErrorMessageProperty$$Lambda+0x000001dec31fccb0
instanceKlass  @bci org/gradle/api/internal/cache/DefaultCacheConfigurations providerFromSupplier (Ljava/util/function/Supplier;)Lorg/gradle/api/provider/Provider; 10 <appendix> member <vmtarget> ; # org/gradle/api/internal/cache/DefaultCacheConfigurations$$Lambda+0x000001dec31fdcf0
instanceKlass  @bci org/gradle/api/internal/cache/DefaultCacheConfigurations createCleanupConvention ()Lorg/gradle/api/provider/Provider; 1 <appendix> member <vmtarget> ; # org/gradle/api/internal/cache/DefaultCacheConfigurations$$Lambda+0x000001dec31fdac8
instanceKlass  @bci org/gradle/api/internal/cache/DefaultCacheConfigurations$ContextualErrorMessageProperty convention (Ljava/lang/Object;)Lorg/gradle/api/internal/cache/DefaultCacheConfigurations$ContextualErrorMessageProperty; 3 <appendix> member <vmtarget> ; # org/gradle/api/internal/cache/DefaultCacheConfigurations$ContextualErrorMessageProperty$$Lambda+0x000001dec31fd8a0
instanceKlass org/gradle/internal/serialization/Cached
instanceKlass  @bci org/gradle/internal/instantiation/generator/ManagedObjectFactory cachedOwnerDisplayNameOf (Lorg/gradle/internal/state/ModelObject;)Lorg/gradle/internal/serialization/Cached; 1 <appendix> member <vmtarget> ; # org/gradle/internal/instantiation/generator/ManagedObjectFactory$$Lambda+0x000001dec31fd250
instanceKlass org/gradle/internal/instantiation/generator/ManagedObjectFactory$ManagedPropertyName
instanceKlass  @bci org/gradle/api/internal/cache/DefaultCacheConfigurations$DefaultCacheResourceConfiguration_Decorated $gradleInit ()V 1 <appendix> member <vmtarget> ; # org/gradle/api/internal/cache/DefaultCacheConfigurations$DefaultCacheResourceConfiguration_Decorated$$Lambda+0x000001dec31ffdc0
instanceKlass org/gradle/api/internal/provider/ValueSanitizers$5
instanceKlass org/gradle/api/internal/provider/ValueSanitizers$3
instanceKlass org/gradle/api/internal/provider/ValueSanitizers$2
instanceKlass org/gradle/api/internal/provider/ValueSanitizers$1
instanceKlass org/gradle/api/internal/provider/ValueCollector
instanceKlass org/gradle/api/internal/provider/ValueSanitizer
instanceKlass org/gradle/api/internal/provider/ValueSanitizers
instanceKlass  @bci java/util/function/Function identity ()Ljava/util/function/Function; 0 <appendix> argL0 ; # java/util/function/Function$$Lambda+0x000001dec3135fd0
instanceKlass org/gradle/api/internal/provider/ValueState
instanceKlass org/gradle/api/internal/provider/ValueSupplier$Present
instanceKlass org/gradle/api/internal/provider/ValueSupplier$Missing
instanceKlass org/gradle/api/internal/provider/ValueSupplier$Value
instanceKlass org/gradle/api/NamedDomainObjectProvider
instanceKlass org/gradle/api/internal/provider/Providers
instanceKlass org/gradle/internal/Describables$AbstractDescribable
instanceKlass org/gradle/internal/Describables
instanceKlass org/gradle/api/internal/cache/CacheResourceConfigurationInternal$EntryRetention
instanceKlass org/gradle/api/internal/cache/DefaultCacheConfigurations$DefaultCacheResourceConfiguration
# instanceKlass java/lang/invoke/LambdaForm$MH+0x000001dec31fc000
instanceKlass org/gradle/internal/instantiation/generator/AsmBackedClassGenerator$ObjectCreationDetails
instanceKlass org/gradle/internal/instantiation/generator/InjectUtil
instanceKlass com/google/common/collect/Iterables
instanceKlass com/google/common/collect/Ordering
instanceKlass org/gradle/internal/instantiation/generator/ConstructorComparator
instanceKlass org/gradle/internal/instantiation/generator/AsmBackedClassGenerator$InvokeConstructorStrategy
instanceKlass org/gradle/internal/instantiation/generator/AbstractClassGenerator$GeneratedClassImpl$GeneratedConstructorImpl
instanceKlass org/gradle/internal/instantiation/generator/ClassGenerator$GeneratedConstructor
instanceKlass org/gradle/internal/instantiation/generator/ClassGenerator$SerializationConstructor
instanceKlass jdk/internal/org/objectweb/asm/ClassReader
instanceKlass org/objectweb/asm/Handler
instanceKlass org/objectweb/asm/Attribute
instanceKlass  @bci org/gradle/internal/instantiation/generator/AsmBackedClassGenerator$ClassBuilderImpl addConstructor (Ljava/lang/reflect/Constructor;Z)V 84 <adapter> ; # java/lang/invoke/LambdaForm$MH+0x000001dec31f5800
# instanceKlass java/lang/invoke/LambdaForm$DMH+0x000001dec31f5400
instanceKlass  @bci org/gradle/internal/instantiation/generator/AsmBackedClassGenerator$ClassBuilderImpl addConstructor (Ljava/lang/reflect/Constructor;Z)V 84 <appendix> form vmentry <vmtarget> ; # java/lang/invoke/LambdaForm$DMH+0x000001dec31f5000
instanceKlass  @bci org/gradle/internal/instantiation/generator/AsmBackedClassGenerator$ClassBuilderImpl addConstructor (Ljava/lang/reflect/Constructor;Z)V 84 <appendix> member <vmtarget> ; # org/gradle/internal/instantiation/generator/AsmBackedClassGenerator$ClassBuilderImpl$$Lambda+0x000001dec31f25b0
instanceKlass  @cpi org/gradle/internal/instantiation/generator/AsmBackedClassGenerator$ClassBuilderImpl 1678 form vmentry <vmtarget> ; # java/lang/invoke/LambdaForm$DMH+0x000001dec31f4c00
instanceKlass  @bci org/gradle/internal/instantiation/generator/AsmBackedClassGenerator$ClassBuilderImpl addLazyGroovySupportSetterOverloads (Lorg/gradle/internal/instantiation/generator/AbstractClassGenerator$PropertyMetadata;Lorg/gradle/internal/instantiation/generator/AbstractClassGenerator$MethodMetadata;)V 21 <appendix> member <vmtarget> ; # org/gradle/internal/instantiation/generator/AsmBackedClassGenerator$ClassBuilderImpl$$Lambda+0x000001dec31f1ec0
instanceKlass org/apache/groovy/util/BeanUtils
instanceKlass groovy/lang/MetaProperty
instanceKlass  @bci org/gradle/internal/instantiation/generator/AsmBackedClassGenerator$ClassBuilderImpl addSetMethod (Lorg/gradle/internal/instantiation/generator/AbstractClassGenerator$PropertyMetadata;Ljava/lang/reflect/Method;)V 67 <appendix> member <vmtarget> ; # org/gradle/internal/instantiation/generator/AsmBackedClassGenerator$ClassBuilderImpl$$Lambda+0x000001dec31f1598
instanceKlass  @bci org/gradle/internal/instantiation/generator/AsmBackedClassGenerator$ClassBuilderImpl addActionMethod (Ljava/lang/reflect/Method;)V 99 <adapter> ; # java/lang/invoke/LambdaForm$MH+0x000001dec31f4800
# instanceKlass java/lang/invoke/LambdaForm$DMH+0x000001dec31f4400
instanceKlass  @bci org/gradle/internal/instantiation/generator/AsmBackedClassGenerator$ClassBuilderImpl addActionMethod (Ljava/lang/reflect/Method;)V 99 <appendix> form vmentry <vmtarget> ; # java/lang/invoke/LambdaForm$DMH+0x000001dec31f4000
instanceKlass  @bci org/gradle/internal/instantiation/generator/AsmBackedClassGenerator$ClassBuilderImpl addActionMethod (Ljava/lang/reflect/Method;)V 99 <appendix> member <vmtarget> ; # org/gradle/internal/instantiation/generator/AsmBackedClassGenerator$ClassBuilderImpl$$Lambda+0x000001dec31f0ea0
instanceKlass  @cpi org/gradle/internal/instantiation/generator/AsmBackedClassGenerator$ClassBuilderImpl 1792 form vmentry <vmtarget> ; # java/lang/invoke/LambdaForm$DMH+0x000001dec31ecc00
instanceKlass  @bci org/gradle/internal/instantiation/generator/AsmBackedClassGenerator$ClassBuilderImpl addActionMethod (Ljava/lang/reflect/Method;)V 23 <appendix> argL0 ; # org/gradle/internal/instantiation/generator/AsmBackedClassGenerator$ClassBuilderImpl$$Lambda+0x000001dec31e5de0
instanceKlass com/google/common/collect/LinkedHashMultimap$ValueSet$1
instanceKlass com/google/common/collect/AbstractMapBasedMultimap$WrappedCollection$WrappedIterator
instanceKlass  @bci org/gradle/internal/instantiation/generator/AsmBackedClassGenerator$ClassBuilderImpl addDynamicMethods ()V 87 <appendix> member <vmtarget> ; # org/gradle/internal/instantiation/generator/AsmBackedClassGenerator$ClassBuilderImpl$$Lambda+0x000001dec31efbc0
instanceKlass  @bci org/gradle/internal/instantiation/generator/AsmBackedClassGenerator$ClassBuilderImpl addDynamicMethods ()V 68 <appendix> member <vmtarget> ; # org/gradle/internal/instantiation/generator/AsmBackedClassGenerator$ClassBuilderImpl$$Lambda+0x000001dec31ef998
instanceKlass  @bci org/gradle/internal/instantiation/generator/AsmBackedClassGenerator$ClassBuilderImpl addDynamicMethods ()V 52 <appendix> member <vmtarget> ; # org/gradle/internal/instantiation/generator/AsmBackedClassGenerator$ClassBuilderImpl$$Lambda+0x000001dec31ef2a8
instanceKlass  @bci org/gradle/internal/instantiation/generator/AsmBackedClassGenerator$ClassBuilderImpl addDynamicMethods ()V 36 <appendix> member <vmtarget> ; # org/gradle/internal/instantiation/generator/AsmBackedClassGenerator$ClassBuilderImpl$$Lambda+0x000001dec31eebb8
instanceKlass  @bci org/gradle/internal/instantiation/generator/AsmBackedClassGenerator$ClassBuilderImpl addSetter (Ljava/lang/String;Ljava/lang/String;Ljava/lang/String;Lorg/gradle/model/internal/asm/BytecodeFragment;)V 7 <appendix> member <vmtarget> ; # org/gradle/internal/instantiation/generator/AsmBackedClassGenerator$ClassBuilderImpl$$Lambda+0x000001dec31ee000
instanceKlass  @bci org/gradle/internal/instantiation/generator/AsmBackedClassGenerator$ClassBuilderImpl mixInGroovyObject ()V 54 <appendix> member <vmtarget> ; # org/gradle/internal/instantiation/generator/AsmBackedClassGenerator$ClassBuilderImpl$$Lambda+0x000001dec31ebcb8
instanceKlass  @bci org/gradle/internal/instantiation/generator/AsmBackedClassGenerator$ClassBuilderImpl mixInGroovyObject ()V 38 <appendix> member <vmtarget> ; # org/gradle/internal/instantiation/generator/AsmBackedClassGenerator$ClassBuilderImpl$$Lambda+0x000001dec31eb5c8
instanceKlass  @bci org/gradle/internal/instantiation/generator/AsmBackedClassGenerator$ClassBuilderImpl mixInDynamicAware ()V 64 <appendix> member <vmtarget> ; # org/gradle/internal/instantiation/generator/AsmBackedClassGenerator$ClassBuilderImpl$$Lambda+0x000001dec31eaeb8
instanceKlass  @bci org/gradle/internal/instantiation/generator/AsmBackedClassGenerator$ClassBuilderImpl mixInDynamicAware ()V 39 <appendix> member <vmtarget> ; # org/gradle/internal/instantiation/generator/AsmBackedClassGenerator$ClassBuilderImpl$$Lambda+0x000001dec31ea7c8
instanceKlass  @bci org/gradle/internal/instantiation/generator/AsmBackedClassGenerator$ClassBuilderImpl applyConventionMappingToGetter (Lorg/gradle/internal/instantiation/generator/AbstractClassGenerator$PropertyMetadata;Lorg/gradle/internal/instantiation/generator/AbstractClassGenerator$MethodMetadata;ZZ)V 55 <adapter> ; # java/lang/invoke/LambdaForm$MH+0x000001dec31ec800
# instanceKlass java/lang/invoke/LambdaForm$DMH+0x000001dec31ec400
instanceKlass  @bci org/gradle/internal/instantiation/generator/AsmBackedClassGenerator$ClassBuilderImpl applyConventionMappingToGetter (Lorg/gradle/internal/instantiation/generator/AbstractClassGenerator$PropertyMetadata;Lorg/gradle/internal/instantiation/generator/AbstractClassGenerator$MethodMetadata;ZZ)V 55 <appendix> form vmentry <vmtarget> ; # java/lang/invoke/LambdaForm$DMH+0x000001dec31ec000
instanceKlass  @bci org/gradle/internal/instantiation/generator/AsmBackedClassGenerator$ClassBuilderImpl applyConventionMappingToGetter (Lorg/gradle/internal/instantiation/generator/AbstractClassGenerator$PropertyMetadata;Lorg/gradle/internal/instantiation/generator/AbstractClassGenerator$MethodMetadata;ZZ)V 55 <appendix> member <vmtarget> ; # org/gradle/internal/instantiation/generator/AsmBackedClassGenerator$ClassBuilderImpl$$Lambda+0x000001dec31ea0b0
instanceKlass  @cpi org/gradle/internal/instantiation/generator/AsmBackedClassGenerator$ClassBuilderImpl 1780 form vmentry <vmtarget> ; # java/lang/invoke/LambdaForm$DMH+0x000001dec31e4c00
instanceKlass  @bci org/gradle/internal/instantiation/generator/AsmBackedClassGenerator$ClassBuilderImpl addLazyGetter (Ljava/lang/String;Lorg/objectweb/asm/Type;Ljava/lang/String;Ljava/lang/String;Ljava/lang/String;Lorg/objectweb/asm/Type;Lorg/gradle/model/internal/asm/BytecodeFragment;Lorg/gradle/model/internal/asm/BytecodeFragment;)V 15 <appendix> member <vmtarget> ; # org/gradle/internal/instantiation/generator/AsmBackedClassGenerator$ClassBuilderImpl$$Lambda+0x000001dec31e94f8
instanceKlass org/gradle/model/internal/asm/BytecodeFragment$1
instanceKlass  @bci org/gradle/internal/instantiation/generator/AsmBackedClassGenerator$ClassBuilderImpl mixInConventionAware ()V 35 <appendix> member <vmtarget> ; # org/gradle/internal/instantiation/generator/AsmBackedClassGenerator$ClassBuilderImpl$$Lambda+0x000001dec31e90a8
instanceKlass org/gradle/model/internal/asm/ClassVisitorScope$1
instanceKlass  @bci org/gradle/internal/instantiation/generator/AsmBackedClassGenerator$ClassBuilderImpl addExtensionsProperty ()V 11 <appendix> member <vmtarget> ; # org/gradle/internal/instantiation/generator/AsmBackedClassGenerator$ClassBuilderImpl$$Lambda+0x000001dec31e5bb8
instanceKlass  @bci org/gradle/internal/instantiation/generator/AsmBackedClassGenerator$ClassBuilderImpl addNoDeprecationConventionPrivateGetter ()V 8 <appendix> member <vmtarget> ; # org/gradle/internal/instantiation/generator/AsmBackedClassGenerator$ClassBuilderImpl$$Lambda+0x000001dec31e5990
instanceKlass  @bci org/gradle/api/internal/artifacts/ivyservice/DefaultArtifactCaches <init> (Lorg/gradle/cache/scopes/GlobalScopedCacheBuilderFactory;Lorg/gradle/cache/UnscopedCacheBuilderFactory;Lorg/gradle/api/internal/artifacts/ivyservice/DefaultArtifactCaches$WritableArtifactCacheLockingParameters;Lorg/gradle/api/internal/DocumentationRegistry;Lorg/gradle/api/internal/cache/CacheConfigurationsInternal;Lorg/gradle/cache/CacheCleanupStrategyFactory;)V 28 <appendix> form vmentry <vmtarget> ; # java/lang/invoke/LambdaForm$DMH+0x000001dec31e4800
instanceKlass  @bci org/gradle/internal/instantiation/generator/AsmBackedClassGenerator$ClassBuilderImpl addServiceGetter (Ljava/lang/String;Ljava/lang/String;Lorg/objectweb/asm/Type;Ljava/lang/String;Ljava/lang/String;)V 11 <appendix> member <vmtarget> ; # org/gradle/internal/instantiation/generator/AsmBackedClassGenerator$ClassBuilderImpl$$Lambda+0x000001dec31e7be0
instanceKlass  @cpi org/gradle/internal/instantiation/generator/AsmBackedClassGenerator$ClassBuilderImpl 1717 form vmentry <vmtarget> ; # java/lang/invoke/LambdaForm$DMH+0x000001dec31e4400
instanceKlass  @bci org/gradle/internal/instantiation/generator/AsmBackedClassGenerator$ClassBuilderImpl generateToStringSupport ()V 8 <appendix> member <vmtarget> ; # org/gradle/internal/instantiation/generator/AsmBackedClassGenerator$ClassBuilderImpl$$Lambda+0x000001dec31e79b8
instanceKlass  @bci org/gradle/internal/instantiation/generator/AsmBackedClassGenerator$ClassBuilderImpl generateModelObjectMethods ()V 108 <appendix> member <vmtarget> ; # org/gradle/internal/instantiation/generator/AsmBackedClassGenerator$ClassBuilderImpl$$Lambda+0x000001dec31e72a8
instanceKlass  @bci org/gradle/internal/instantiation/generator/AsmBackedClassGenerator$ClassBuilderImpl generateModelObjectMethods ()V 92 <appendix> member <vmtarget> ; # org/gradle/internal/instantiation/generator/AsmBackedClassGenerator$ClassBuilderImpl$$Lambda+0x000001dec31e6bb8
instanceKlass  @bci org/gradle/internal/instantiation/generator/AsmBackedClassGenerator$ClassBuilderImpl generateModelObjectMethods ()V 76 <appendix> member <vmtarget> ; # org/gradle/internal/instantiation/generator/AsmBackedClassGenerator$ClassBuilderImpl$$Lambda+0x000001dec31e64c8
instanceKlass org/gradle/api/Task
instanceKlass  @bci org/gradle/internal/instantiation/generator/AsmBackedClassGenerator$ClassBuilderImpl generateModelObjectMethods ()V 50 <appendix> member <vmtarget> ; # org/gradle/internal/instantiation/generator/AsmBackedClassGenerator$ClassBuilderImpl$$Lambda+0x000001dec31e39e0
instanceKlass  @bci org/gradle/internal/snapshot/PathUtil <clinit> ()V 38 <bsm> form vmentry <vmtarget> ; # java/lang/invoke/LambdaForm$DMH+0x000001dec31e4000
instanceKlass org/objectweb/asm/Edge
instanceKlass  @bci org/gradle/internal/instantiation/generator/AsmBackedClassGenerator$ClassBuilderImpl generateModelObjectMethods ()V 34 <appendix> member <vmtarget> ; # org/gradle/internal/instantiation/generator/AsmBackedClassGenerator$ClassBuilderImpl$$Lambda+0x000001dec31e30e0
instanceKlass  @bci org/gradle/internal/instantiation/generator/AsmBackedClassGenerator$ClassBuilderImpl generateGeneratedSubtypeMethods ()V 26 <appendix> member <vmtarget> ; # org/gradle/internal/instantiation/generator/AsmBackedClassGenerator$ClassBuilderImpl$$Lambda+0x000001dec31e29f0
instanceKlass  @bci org/gradle/internal/instantiation/generator/AsmBackedClassGenerator$ClassBuilderImpl generateGeneratedSubtypeMethods ()V 8 <appendix> member <vmtarget> ; # org/gradle/internal/instantiation/generator/AsmBackedClassGenerator$ClassBuilderImpl$$Lambda+0x000001dec31e2300
instanceKlass  @bci org/gradle/internal/instantiation/generator/AsmBackedClassGenerator$ClassBuilderImpl generateInitMethod ()V 62 <appendix> member <vmtarget> ; # org/gradle/internal/instantiation/generator/AsmBackedClassGenerator$ClassBuilderImpl$$Lambda+0x000001dec31e1bf0
instanceKlass  @bci org/gradle/internal/instantiation/generator/AsmBackedClassGenerator$ClassBuilderImpl generateInitMethod ()V 46 <appendix> member <vmtarget> ; # org/gradle/internal/instantiation/generator/AsmBackedClassGenerator$ClassBuilderImpl$$Lambda+0x000001dec31e14e0
instanceKlass org/objectweb/asm/Label
instanceKlass org/objectweb/asm/Frame
instanceKlass  @bci org/gradle/internal/instantiation/generator/AsmBackedClassGenerator$ClassBuilderImpl generateInitMethod ()V 30 <appendix> member <vmtarget> ; # org/gradle/internal/instantiation/generator/AsmBackedClassGenerator$ClassBuilderImpl$$Lambda+0x000001dec31d8c50
instanceKlass org/gradle/model/internal/asm/AsmClassGeneratorUtils
instanceKlass org/objectweb/asm/ByteVector
instanceKlass org/objectweb/asm/Symbol
instanceKlass org/objectweb/asm/SymbolTable
instanceKlass org/objectweb/asm/FieldVisitor
instanceKlass org/objectweb/asm/MethodVisitor
instanceKlass org/objectweb/asm/AnnotationVisitor
instanceKlass org/objectweb/asm/ModuleVisitor
instanceKlass org/objectweb/asm/RecordComponentVisitor
instanceKlass org/gradle/model/internal/asm/AsmClassGenerator
instanceKlass org/objectweb/asm/Handle
instanceKlass org/gradle/internal/DisplayName
instanceKlass org/gradle/api/Project
instanceKlass org/gradle/api/internal/provider/AbstractMinimalProvider
instanceKlass org/gradle/api/internal/provider/PropertyInternal
instanceKlass org/gradle/api/internal/provider/support/LazyGroovySupport
instanceKlass org/gradle/api/internal/provider/HasConfigurableValueInternal
instanceKlass org/gradle/api/internal/provider/ProviderInternal
instanceKlass org/gradle/internal/evaluation/EvaluationOwner
instanceKlass org/gradle/api/internal/provider/ValueSupplier
instanceKlass org/gradle/internal/instantiation/generator/ManagedObjectFactory
instanceKlass org/gradle/util/internal/ConfigureUtil
instanceKlass org/gradle/internal/metaobject/AbstractDynamicObject
instanceKlass org/gradle/api/plugins/Convention
instanceKlass org/gradle/api/plugins/ExtensionContainer
instanceKlass org/gradle/internal/metaobject/DynamicObject
instanceKlass org/gradle/internal/metaobject/PropertyAccess
instanceKlass org/gradle/internal/metaobject/MethodAccess
instanceKlass org/gradle/internal/extensibility/ConventionAwareHelper
instanceKlass org/gradle/api/internal/HasConvention
instanceKlass org/gradle/api/internal/IConventionAware
instanceKlass org/gradle/internal/state/OwnerAware
instanceKlass org/gradle/api/internal/ConventionMapping
instanceKlass org/gradle/model/internal/asm/BytecodeFragment
instanceKlass  @bci org/gradle/internal/instantiation/generator/AbstractClassGenerator$PropertyMetadata findAnnotation (Ljava/lang/Class;)Ljava/lang/annotation/Annotation; 10 <appendix> member <vmtarget> ; # org/gradle/internal/instantiation/generator/AbstractClassGenerator$PropertyMetadata$$Lambda+0x000001dec31d6430
instanceKlass  @bci org/gradle/internal/instantiation/generator/AbstractClassGenerator hasNestedAnnotation (Lorg/gradle/internal/instantiation/generator/AbstractClassGenerator$PropertyMetadata;)Z 12 <appendix> member <vmtarget> ; # org/gradle/internal/instantiation/generator/AbstractClassGenerator$$Lambda+0x000001dec31d61d8
instanceKlass  @cpi org/gradle/internal/watch/registry/impl/AbstractFileWatcherUpdater 374 form vmentry <vmtarget> ; # java/lang/invoke/LambdaForm$DMH+0x000001dec31d8000
instanceKlass groovy/lang/GroovyObjectSupport
instanceKlass groovy/lang/GroovyCallable
instanceKlass org/gradle/api/IsolatedAction
instanceKlass  @bci java/util/stream/MatchOps makeRef (Ljava/util/function/Predicate;Ljava/util/stream/MatchOps$MatchKind;)Ljava/util/stream/TerminalOp; 20 <appendix> member <vmtarget> ; # java/util/stream/MatchOps$$Lambda+0x000001dec3135128
instanceKlass java/util/stream/MatchOps$BooleanTerminalSink
instanceKlass java/util/stream/MatchOps$MatchOp
instanceKlass java/util/stream/MatchOps
instanceKlass  @bci org/gradle/internal/instantiation/generator/AbstractClassGenerator$PropertyMetadata isReadableWithoutSetterOfPropertyType ()Z 17 <appendix> member <vmtarget> ; # org/gradle/internal/instantiation/generator/AbstractClassGenerator$PropertyMetadata$$Lambda+0x000001dec31d5520
instanceKlass jdk/internal/vm/annotation/IntrinsicCandidate
instanceKlass org/gradle/api/internal/DynamicObjectAware
instanceKlass org/gradle/internal/extensibility/NoConventionMapping
instanceKlass org/gradle/api/Incubating
instanceKlass org/gradle/api/NonExtensible
instanceKlass org/gradle/api/cache/MarkingStrategy
instanceKlass sun/reflect/generics/tree/Wildcard
instanceKlass sun/reflect/generics/tree/BottomSignature
instanceKlass org/gradle/internal/instantiation/generator/AbstractClassGenerator$MethodMetadata
instanceKlass org/gradle/internal/reflect/PropertyAccessor
instanceKlass org/gradle/internal/reflect/PropertyMutator
instanceKlass org/gradle/internal/reflect/JavaPropertyReflectionUtil
instanceKlass org/gradle/internal/instantiation/generator/AbstractClassGenerator$PropertyMetadata
instanceKlass org/gradle/internal/instantiation/generator/AbstractClassGenerator$ClassMetadata
instanceKlass org/gradle/internal/reflect/MethodSet$MethodKey
instanceKlass org/gradle/internal/reflect/MutablePropertyDetails
instanceKlass java/beans/Introspector$1
instanceKlass jdk/internal/access/JavaBeansAccess
instanceKlass java/beans/FeatureDescriptor
instanceKlass java/beans/Introspector
instanceKlass org/gradle/api/cache/Cleanup
instanceKlass org/gradle/api/invocation/Gradle
instanceKlass org/gradle/api/plugins/ExtensionAware
instanceKlass org/gradle/api/plugins/PluginAware
instanceKlass org/gradle/api/internal/cache/CacheResourceConfigurationInternal
instanceKlass org/gradle/cache/CleanupFrequency
instanceKlass org/gradle/api/cache/CacheResourceConfiguration
instanceKlass org/gradle/internal/reflect/PropertyDetails
instanceKlass org/gradle/internal/reflect/MutableClassDetails
instanceKlass org/gradle/internal/reflect/ClassDetails
instanceKlass org/gradle/internal/reflect/ClassInspector
instanceKlass org/gradle/internal/instantiation/generator/AbstractClassGenerator$ClassGenerationVisitor
instanceKlass org/gradle/internal/instantiation/generator/AsmBackedClassGenerator$ClassInspectionVisitorImpl
instanceKlass org/gradle/internal/instantiation/generator/AbstractClassGenerator$BooleanPropertyDeprecatingValidator
instanceKlass org/gradle/internal/instantiation/generator/AbstractClassGenerator$InjectionAnnotationValidator
instanceKlass org/gradle/internal/instantiation/generator/AbstractClassGenerator$DisabledAnnotationValidator
instanceKlass org/gradle/internal/instantiation/generator/AbstractClassGenerator$ClassValidator
instanceKlass com/google/common/collect/LinkedHashMultimap$ValueSetLink
instanceKlass com/google/common/collect/SortedMapDifference
instanceKlass com/google/common/collect/MapDifference
instanceKlass com/google/common/base/Converter
instanceKlass com/google/common/collect/Maps
instanceKlass org/gradle/internal/reflect/MethodSet
instanceKlass com/google/common/collect/SetMultimap
instanceKlass org/gradle/internal/instantiation/generator/AbstractClassGenerator$ClassGenerationHandler
instanceKlass  @bci org/gradle/internal/instantiation/generator/AbstractClassGenerator generate (Ljava/lang/Class;)Lorg/gradle/internal/instantiation/generator/ClassGenerator$GeneratedClass; 9 <appendix> member <vmtarget> ; # org/gradle/internal/instantiation/generator/AbstractClassGenerator$$Lambda+0x000001dec31cc460
instanceKlass org/gradle/internal/instantiation/generator/AbstractClassGenerator$GeneratedClassImpl
instanceKlass org/gradle/internal/instantiation/generator/ClassGenerator$GeneratedClass
instanceKlass org/gradle/api/internal/GeneratedSubclass
instanceKlass org/gradle/api/internal/GeneratedSubclasses
instanceKlass  @bci org/gradle/cache/internal/DefaultCrossBuildInMemoryCacheFactory$AbstractCrossBuildInMemoryCache lambda$get$2 (Ljava/util/function/Function;Ljava/lang/Object;)Lorg/gradle/internal/lazy/Lazy; 23 <appendix> member <vmtarget> ; # org/gradle/cache/internal/DefaultCrossBuildInMemoryCacheFactory$AbstractCrossBuildInMemoryCache$$Lambda+0x000001dec31c7830
instanceKlass  @bci org/gradle/cache/internal/DefaultCrossBuildInMemoryCacheFactory$AbstractCrossBuildInMemoryCache get (Ljava/lang/Object;Ljava/util/function/Function;)Ljava/lang/Object; 7 <appendix> member <vmtarget> ; # org/gradle/cache/internal/DefaultCrossBuildInMemoryCacheFactory$AbstractCrossBuildInMemoryCache$$Lambda+0x000001dec31c75e8
instanceKlass  @bci org/gradle/internal/instantiation/generator/Jsr330ConstructorSelector forType (Ljava/lang/Class;)Lorg/gradle/internal/instantiation/generator/ClassGenerator$GeneratedConstructor; 7 <appendix> member <vmtarget> ; # org/gradle/internal/instantiation/generator/Jsr330ConstructorSelector$$Lambda+0x000001dec31c73c0
instanceKlass org/gradle/internal/instantiation/generator/Jsr330ConstructorSelector$CachedConstructor
instanceKlass org/gradle/api/internal/cache/DefaultCacheConfigurations
# instanceKlass java/lang/invoke/LambdaForm$MH+0x000001dec31cb800
# instanceKlass java/lang/invoke/LambdaForm$MH+0x000001dec31cb400
instanceKlass org/gradle/api/internal/model/DefaultObjectFactory
# instanceKlass java/lang/invoke/LambdaForm$MH+0x000001dec31cb000
# instanceKlass java/lang/invoke/LambdaForm$MH+0x000001dec31cac00
# instanceKlass java/lang/invoke/LambdaForm$MH+0x000001dec31ca800
# instanceKlass java/lang/invoke/LambdaForm$MH+0x000001dec31ca400
# instanceKlass java/lang/invoke/LambdaForm$MH+0x000001dec31ca000
# instanceKlass java/lang/invoke/LambdaForm$MH+0x000001dec31c9c00
# instanceKlass java/lang/invoke/LambdaForm$MH+0x000001dec31c9800
# instanceKlass java/lang/invoke/LambdaForm$MH+0x000001dec31c9400
# instanceKlass java/lang/invoke/LambdaForm$MH+0x000001dec31c9000
# instanceKlass java/lang/invoke/LambdaForm$MH+0x000001dec31c8c00
# instanceKlass java/lang/invoke/LambdaForm$MH+0x000001dec31c8800
# instanceKlass java/lang/invoke/LambdaForm$DMH+0x000001dec31c8400
# instanceKlass java/lang/invoke/LambdaForm$DMH+0x000001dec31c8000
instanceKlass  @bci org/gradle/api/internal/model/NamedObjectInstantiator <init> (Lorg/gradle/cache/internal/ClassCacheFactory;)V 6 <appendix> member <vmtarget> ; # org/gradle/api/internal/model/NamedObjectInstantiator$$Lambda+0x000001dec31c6838
instanceKlass org/gradle/internal/state/Managed
instanceKlass com/google/common/base/ExtraObjectsMethodsForWeb
instanceKlass org/gradle/model/internal/inspect/ValidationProblemCollector
instanceKlass org/gradle/api/internal/MutationGuards$1
instanceKlass org/gradle/api/internal/MutationGuard
instanceKlass org/gradle/api/internal/MutationGuards
instanceKlass org/gradle/api/internal/CollectionCallbackActionDecorator$1
instanceKlass org/gradle/api/internal/collections/DefaultDomainObjectCollectionFactory
instanceKlass org/gradle/api/file/Directory
instanceKlass org/gradle/api/file/RegularFile
instanceKlass org/gradle/api/file/FileSystemLocation
instanceKlass  @bci org/gradle/api/internal/file/DefaultFileCollectionFactory <init> (Lorg/gradle/internal/file/PathToFileResolver;Lorg/gradle/api/internal/tasks/TaskDependencyFactory;Lorg/gradle/api/internal/file/collections/DirectoryFileTreeFactory;Lorg/gradle/api/tasks/util/internal/PatternSetFactory;Lorg/gradle/api/internal/provider/PropertyHost;Lorg/gradle/internal/nativeintegration/filesystem/FileSystem;)V 10 <appendix> argL0 ; # org/gradle/api/internal/file/DefaultFileCollectionFactory$$Lambda+0x000001dec31c29f8
instanceKlass  @cpi org/gradle/caching/internal/BuildCacheServices$2 95 form vmentry <vmtarget> ; # java/lang/invoke/LambdaForm$DMH+0x000001dec31c5c00
instanceKlass org/gradle/api/internal/file/collections/FileCollectionObservationListener
instanceKlass org/gradle/api/internal/tasks/DefaultTaskDependencyFactory
instanceKlass org/gradle/api/internal/file/collections/MinimalFileTree
instanceKlass org/gradle/api/internal/file/collections/MinimalFileCollection
instanceKlass org/gradle/api/internal/file/FileTreeInternal
instanceKlass org/gradle/api/internal/file/FileCollectionInternal
instanceKlass org/gradle/api/internal/tasks/TaskDependencyContainer
instanceKlass org/gradle/api/internal/file/DefaultFileCollectionFactory
# instanceKlass java/lang/invoke/LambdaForm$MH+0x000001dec31c5800
# instanceKlass java/lang/invoke/LambdaForm$MH+0x000001dec31c5400
# instanceKlass java/lang/invoke/LambdaForm$MH+0x000001dec31c5000
# instanceKlass java/lang/invoke/LambdaForm$MH+0x000001dec31c4c00
# instanceKlass java/lang/invoke/LambdaForm$MH+0x000001dec31c4800
# instanceKlass java/lang/invoke/LambdaForm$MH+0x000001dec31c4400
# instanceKlass java/lang/invoke/LambdaForm$MH+0x000001dec31c4000
instanceKlass org/gradle/internal/typeconversion/CompositeNotationConverter
instanceKlass  @bci org/gradle/api/internal/file/AbstractFileResolver <init> ()V 47 <appendix> member <vmtarget> ; # org/gradle/api/internal/file/AbstractFileResolver$$Lambda+0x000001dec31c13e0
instanceKlass org/gradle/internal/typeconversion/TransformingConverter
instanceKlass org/gradle/api/internal/file/UriNotationConverter
instanceKlass org/gradle/internal/exceptions/DiagnosticsVisitor
instanceKlass org/gradle/internal/typeconversion/ErrorHandlingNotationParser
instanceKlass org/gradle/internal/typeconversion/NotationConvertResult
instanceKlass org/gradle/internal/typeconversion/NotationConverterToNotationParserAdapter
instanceKlass org/gradle/internal/typeconversion/TypeInfo
instanceKlass org/gradle/internal/typeconversion/NotationParserBuilder
instanceKlass org/gradle/api/internal/file/FileNotationConverter
instanceKlass org/gradle/internal/typeconversion/NotationParser
instanceKlass org/gradle/internal/typeconversion/NotationConverter
instanceKlass org/gradle/api/internal/file/AbstractFileResolver
instanceKlass org/gradle/api/internal/provider/DefaultPropertyFactory
instanceKlass  @bci org/gradle/api/internal/provider/PropertyHost <clinit> ()V 0 <appendix> argL0 ; # org/gradle/api/internal/provider/PropertyHost$$Lambda+0x000001dec31be870
instanceKlass org/gradle/internal/state/ModelObject
instanceKlass org/gradle/api/internal/file/collections/DefaultDirectoryFileTreeFactory
instanceKlass org/gradle/api/tasks/util/PatternSet
instanceKlass org/gradle/api/tasks/util/internal/DefaultPatternSetFactory
instanceKlass com/google/common/cache/LocalCache$AbstractReferenceEntry
instanceKlass java/util/concurrent/atomic/AtomicReferenceArray
instanceKlass com/google/common/cache/LocalCache$LoadingValueReference
instanceKlass com/google/common/cache/RemovalListener
instanceKlass com/google/common/cache/Weigher
instanceKlass com/google/common/base/Equivalence
instanceKlass java/util/function/BiPredicate
instanceKlass com/google/common/base/MoreObjects
instanceKlass com/google/common/cache/LocalCache$1
instanceKlass com/google/common/cache/ReferenceEntry
instanceKlass com/google/common/cache/LocalCache$ValueReference
instanceKlass com/google/common/cache/LocalCache$LocalManualCache
instanceKlass com/google/common/cache/CacheBuilder$2
instanceKlass com/google/common/cache/CacheStats
instanceKlass com/google/common/base/Suppliers$SupplierOfInstance
instanceKlass com/google/common/base/Suppliers
instanceKlass com/google/common/cache/CacheBuilder$1
instanceKlass com/google/common/cache/AbstractCache$StatsCounter
instanceKlass com/google/common/cache/LoadingCache
instanceKlass com/google/common/cache/Cache
instanceKlass com/google/common/base/Ticker
instanceKlass com/google/common/cache/CacheBuilder
instanceKlass org/gradle/cache/internal/HeapProportionalCacheSizer
instanceKlass org/gradle/internal/instantiation/generator/DefaultInstantiationScheme$DefaultDeserializationInstantiator
instanceKlass org/gradle/internal/instantiation/InstanceFactory
instanceKlass org/gradle/internal/instantiation/generator/DependencyInjectingInstantiator
instanceKlass org/gradle/internal/instantiation/DeserializationInstantiator
instanceKlass org/gradle/internal/instantiation/generator/DefaultInstantiationScheme
instanceKlass org/gradle/internal/instantiation/generator/ParamsMatchingConstructorSelector
instanceKlass org/gradle/cache/internal/DefaultCrossBuildInMemoryCacheFactory$2
instanceKlass org/gradle/internal/instantiation/generator/Jsr330ConstructorSelector
instanceKlass com/google/common/collect/ImmutableMultimap$Builder
instanceKlass com/google/common/collect/Multiset
instanceKlass org/gradle/cache/internal/DefaultCrossBuildInMemoryCacheFactory$AbstractCrossBuildInMemoryCache
instanceKlass org/gradle/internal/session/BuildSessionLifecycleListener
instanceKlass org/gradle/model/internal/asm/ClassGeneratorSuffixRegistry
instanceKlass org/gradle/api/artifacts/dsl/DependencyCollector
instanceKlass org/gradle/api/ExtensiblePolymorphicDomainObjectContainer
instanceKlass org/gradle/api/internal/rules/NamedDomainObjectFactoryRegistry
instanceKlass org/gradle/api/PolymorphicDomainObjectContainer
instanceKlass org/gradle/api/NamedDomainObjectContainer
instanceKlass org/gradle/util/Configurable
instanceKlass org/gradle/api/NamedDomainObjectSet
instanceKlass org/gradle/api/DomainObjectSet
instanceKlass org/gradle/api/NamedDomainObjectCollection
instanceKlass org/gradle/api/DomainObjectCollection
instanceKlass org/gradle/api/file/DirectoryProperty
instanceKlass org/gradle/api/file/RegularFileProperty
instanceKlass org/gradle/api/file/FileSystemLocationProperty
instanceKlass org/gradle/api/provider/Property
instanceKlass org/gradle/api/provider/MapProperty
instanceKlass org/gradle/api/provider/SetProperty
instanceKlass org/gradle/api/provider/ListProperty
instanceKlass org/gradle/api/provider/HasMultipleValues
instanceKlass org/gradle/api/provider/Provider
instanceKlass org/gradle/api/file/ConfigurableFileTree
instanceKlass org/gradle/api/tasks/util/PatternFilterable
instanceKlass org/gradle/api/file/DirectoryTree
instanceKlass org/gradle/api/file/FileTree
instanceKlass org/gradle/api/file/ConfigurableFileCollection
instanceKlass org/gradle/api/provider/SupportsConvention
instanceKlass org/gradle/api/provider/HasConfigurableValue
instanceKlass org/gradle/api/file/FileCollection
instanceKlass org/gradle/api/tasks/AntBuilderAware
instanceKlass org/gradle/internal/instantiation/generator/AbstractClassGenerator$ClassInspectionVisitor
instanceKlass org/gradle/internal/instantiation/generator/AbstractClassGenerator$InstantiationStrategy
instanceKlass com/google/common/reflect/TypeCapture
instanceKlass com/google/common/collect/ListMultimap
instanceKlass com/google/common/collect/AbstractMultimap
instanceKlass com/google/common/collect/Multimap
instanceKlass org/gradle/internal/instantiation/generator/AbstractClassGenerator$UnclaimedPropertyHandler
instanceKlass org/gradle/internal/instantiation/generator/AbstractClassGenerator
instanceKlass org/gradle/internal/instantiation/generator/ClassGenerator
instanceKlass org/gradle/internal/service/ServiceRegistryBuilder$1
instanceKlass  @bci org/gradle/internal/instantiation/generator/DefaultInstantiatorFactory defaultServiceRegistry ()Lorg/gradle/internal/service/ServiceRegistry; 9 <appendix> member <vmtarget> ; # org/gradle/internal/instantiation/generator/DefaultInstantiatorFactory$$Lambda+0x000001dec31aca80
instanceKlass org/gradle/internal/service/ServiceRegistrationAction
instanceKlass org/gradle/api/internal/tasks/properties/annotations/OutputPropertyRoleAnnotationHandler
instanceKlass org/gradle/internal/instantiation/generator/DefaultInstantiatorFactory$ManagedTypeFactory
instanceKlass org/gradle/internal/instantiation/InstantiationScheme
instanceKlass org/gradle/internal/instantiation/generator/ConstructorSelector
instanceKlass org/gradle/internal/instantiation/generator/DefaultInstantiatorFactory
# instanceKlass java/lang/invoke/LambdaForm$MH+0x000001dec31a8400
# instanceKlass java/lang/invoke/LambdaForm$MH+0x000001dec31a8000
instanceKlass org/gradle/cache/internal/CrossBuildInMemoryCache
instanceKlass org/gradle/cache/internal/DefaultCrossBuildInMemoryCacheFactory
instanceKlass java/util/stream/ForEachOps$ForEachOp
instanceKlass java/util/stream/ForEachOps
instanceKlass  @bci org/gradle/internal/execution/model/annotations/ModifierAnnotationCategory annotationsOf ([Lorg/gradle/internal/execution/model/annotations/ModifierAnnotationCategory;)Lcom/google/common/collect/ImmutableSet; 24 <appendix> member <vmtarget> ; # org/gradle/internal/execution/model/annotations/ModifierAnnotationCategory$$Lambda+0x000001dec31a7030
instanceKlass  @bci org/gradle/internal/execution/model/annotations/ModifierAnnotationCategory annotationsOf ([Lorg/gradle/internal/execution/model/annotations/ModifierAnnotationCategory;)Lcom/google/common/collect/ImmutableSet; 8 <appendix> argL0 ; # org/gradle/internal/execution/model/annotations/ModifierAnnotationCategory$$Lambda+0x000001dec31a6df0
instanceKlass org/gradle/work/NormalizeLineEndings
instanceKlass org/gradle/api/tasks/IgnoreEmptyDirectories
instanceKlass org/gradle/api/tasks/Optional
instanceKlass org/gradle/api/tasks/PathSensitive
instanceKlass org/gradle/api/tasks/CompileClasspath
instanceKlass org/gradle/api/tasks/Classpath
instanceKlass org/gradle/api/tasks/SkipWhenEmpty
instanceKlass org/gradle/work/Incremental
instanceKlass  @bci org/gradle/internal/service/scopes/WorkerSharedGlobalScopeServices createDeleter (Lorg/gradle/internal/time/Clock;Lorg/gradle/internal/nativeintegration/filesystem/FileSystem;Lorg/gradle/internal/os/OperatingSystem;)Lorg/gradle/internal/file/Deleter; 21 <appendix> member <vmtarget> ; # org/gradle/internal/service/scopes/WorkerSharedGlobalScopeServices$$Lambda+0x000001dec31a4f00
instanceKlass  @bci org/gradle/internal/service/scopes/WorkerSharedGlobalScopeServices createDeleter (Lorg/gradle/internal/time/Clock;Lorg/gradle/internal/nativeintegration/filesystem/FileSystem;Lorg/gradle/internal/os/OperatingSystem;)Lorg/gradle/internal/file/Deleter; 10 <appendix> member <vmtarget> ; # org/gradle/internal/service/scopes/WorkerSharedGlobalScopeServices$$Lambda+0x000001dec31a4cd8
instanceKlass  @cpi org/gradle/internal/service/scopes/WorkerSharedGlobalScopeServices 306 form vmentry <vmtarget> ; # java/lang/invoke/LambdaForm$DMH+0x000001dec31a3400
instanceKlass org/gradle/internal/file/impl/DefaultDeleter
# instanceKlass java/lang/invoke/LambdaForm$MH+0x000001dec31a3000
# instanceKlass java/lang/invoke/LambdaForm$MH+0x000001dec31a2c00
# instanceKlass java/lang/invoke/LambdaForm$MH+0x000001dec31a2800
instanceKlass org/gradle/cache/internal/scopes/DefaultCacheScopeMapping
instanceKlass org/gradle/cache/internal/CacheScopeMapping
# instanceKlass java/lang/invoke/LambdaForm$MH+0x000001dec31a2400
# instanceKlass java/lang/invoke/LambdaForm$MH+0x000001dec31a2000
# instanceKlass java/lang/invoke/LambdaForm$MH+0x000001dec31a1c00
instanceKlass org/gradle/cache/CacheBuilder
instanceKlass org/gradle/cache/internal/DefaultUnscopedCacheBuilderFactory
instanceKlass org/gradle/cache/internal/ReferencablePersistentCache
instanceKlass org/gradle/cache/PersistentCache
instanceKlass org/gradle/cache/HasCleanupAction
instanceKlass org/gradle/cache/CleanableStore
instanceKlass org/gradle/cache/ExclusiveCacheAccessCoordinator
instanceKlass org/gradle/cache/internal/DefaultCacheFactory
# instanceKlass java/lang/invoke/LambdaForm$MH+0x000001dec31a1800
# instanceKlass java/lang/invoke/LambdaForm$MH+0x000001dec31a1400
# instanceKlass java/lang/invoke/LambdaForm$MH+0x000001dec31a1000
# instanceKlass java/lang/invoke/LambdaForm$MH+0x000001dec31a0c00
instanceKlass  @bci org/gradle/internal/service/scopes/WorkerSharedGlobalScopeServices createBuildOperationRunner (Lorg/gradle/internal/time/Clock;Lorg/gradle/internal/operations/CurrentBuildOperationRef;Lorg/gradle/internal/logging/progress/ProgressLoggerFactory;Lorg/gradle/internal/operations/BuildOperationIdFactory;Lorg/gradle/internal/operations/BuildOperationListenerManager;)Lorg/gradle/internal/operations/BuildOperationRunner; 21 <appendix> member <vmtarget> ; # org/gradle/internal/service/scopes/WorkerSharedGlobalScopeServices$$Lambda+0x000001dec319f2f0
instanceKlass org/gradle/internal/operations/DefaultBuildOperationRunner$BuildOperationExecutionListenerFactory
instanceKlass org/gradle/internal/operations/DefaultBuildOperationRunner$1
instanceKlass org/gradle/internal/operations/DefaultBuildOperationRunner$ReadableBuildOperationContext
instanceKlass org/gradle/internal/operations/BuildOperationContext
instanceKlass org/gradle/internal/operations/DefaultBuildOperationRunner$BuildOperationExecution
instanceKlass org/gradle/internal/operations/BuildOperation
instanceKlass org/gradle/internal/operations/BuildOperationWorker
instanceKlass org/gradle/internal/operations/DefaultBuildOperationRunner
# instanceKlass java/lang/invoke/LambdaForm$MH+0x000001dec31a0800
# instanceKlass java/lang/invoke/LambdaForm$MH+0x000001dec31a0400
# instanceKlass java/lang/invoke/LambdaForm$MH+0x000001dec31a0000
# instanceKlass java/lang/invoke/LambdaForm$MH+0x000001dec319dc00
# instanceKlass java/lang/invoke/LambdaForm$MH+0x000001dec319d800
# instanceKlass java/lang/invoke/LambdaForm$MH+0x000001dec319d400
# instanceKlass java/lang/invoke/LambdaForm$MH+0x000001dec319d000
instanceKlass org/gradle/internal/logging/services/ProgressLoggingBridge
instanceKlass org/gradle/internal/logging/progress/ProgressLogger
instanceKlass org/gradle/internal/logging/progress/DefaultProgressLoggerFactory
# instanceKlass java/lang/invoke/LambdaForm$MH+0x000001dec319cc00
# instanceKlass java/lang/invoke/LambdaForm$MH+0x000001dec319c800
# instanceKlass java/lang/invoke/LambdaForm$MH+0x000001dec319c400
instanceKlass org/gradle/internal/operations/DefaultBuildOperationIdFactory
instanceKlass  @bci org/gradle/internal/service/scopes/DefaultGradleUserHomeScopeServiceRegistry$1 createGradleUserHomeDirProvider ()Lorg/gradle/initialization/GradleUserHomeDirProvider; 4 <appendix> member <vmtarget> ; # org/gradle/internal/service/scopes/DefaultGradleUserHomeScopeServiceRegistry$1$$Lambda+0x000001dec319b6d0
# instanceKlass java/lang/invoke/LambdaForm$DMH+0x000001dec319c000
instanceKlass org/gradle/internal/versionedcache/UsedGradleVersions
instanceKlass org/gradle/cache/internal/GradleUserHomeCleanupServices
instanceKlass org/gradle/cache/internal/scopes/AbstractScopedCacheBuilderFactory
instanceKlass org/gradle/initialization/layout/GlobalCacheDir
instanceKlass org/gradle/groovy/scripts/internal/CrossBuildInMemoryCachingScriptClassCache
instanceKlass org/gradle/cache/internal/DefaultGeneratedGradleJarCache
instanceKlass org/gradle/cache/internal/GeneratedGradleJarCache
instanceKlass org/gradle/internal/vfs/FileSystemAccess
instanceKlass org/gradle/api/internal/cache/CacheConfigurationsInternal
instanceKlass org/gradle/api/cache/CacheConfigurations
instanceKlass org/gradle/cache/internal/LegacyCacheCleanupEnablement
instanceKlass org/gradle/cache/scopes/GlobalScopedCacheBuilderFactory
instanceKlass org/gradle/execution/plan/ToPlannedNodeConverterRegistry
instanceKlass org/gradle/initialization/ClassLoaderScopeRegistryListenerManager
instanceKlass org/gradle/internal/jvm/JavaModuleDetector
instanceKlass org/gradle/internal/classloader/ClasspathHasher
instanceKlass org/gradle/process/internal/worker/child/WorkerProcessClassPathProvider
instanceKlass org/gradle/internal/service/scopes/DefaultGradleUserHomeScopeServiceRegistry$1
instanceKlass org/gradle/internal/session/BuildSessionState
instanceKlass org/gradle/internal/buildoption/DefaultInternalOptions
instanceKlass org/gradle/internal/buildoption/StringInternalOption
instanceKlass com/fasterxml/jackson/core/type/TypeReference
instanceKlass com/fasterxml/jackson/databind/Module
instanceKlass com/fasterxml/jackson/core/Versioned
instanceKlass com/fasterxml/jackson/databind/ser/BeanSerializerModifier
instanceKlass com/fasterxml/jackson/databind/JsonSerializer
instanceKlass com/fasterxml/jackson/databind/jsonFormatVisitors/JsonFormatVisitable
instanceKlass org/gradle/internal/operations/DefaultBuildOperationListenerManager$1
instanceKlass org/gradle/internal/operations/DefaultBuildOperationListenerManager
instanceKlass org/gradle/internal/buildoption/InternalOptions
instanceKlass org/gradle/internal/operations/DefaultBuildOperationsParameters
instanceKlass org/gradle/internal/operations/BuildOperationsParameters
instanceKlass org/gradle/configuration/internal/DefaultDynamicCallContextTracker
instanceKlass org/gradle/configuration/internal/DynamicCallContextTracker
instanceKlass org/gradle/internal/work/Synchronizer
instanceKlass org/gradle/internal/work/WorkerLeaseRegistry$WorkerLeaseCompletion
instanceKlass org/gradle/internal/work/WorkerLeaseRegistry$WorkerLease
instanceKlass org/gradle/internal/resources/ResourceLock
instanceKlass org/gradle/internal/work/DefaultWorkerLeaseService
instanceKlass org/gradle/internal/work/ProjectParallelExecutionController
instanceKlass org/gradle/internal/resources/ResourceLockState
instanceKlass org/gradle/internal/resources/DefaultResourceLockCoordinationService
instanceKlass org/gradle/internal/resources/ResourceLockCoordinationService
instanceKlass org/gradle/internal/operations/logging/LoggingBuildOperationProgressBroadcaster
instanceKlass org/gradle/internal/work/WorkerLeaseService
instanceKlass org/gradle/internal/work/WorkerThreadRegistry
instanceKlass org/gradle/internal/resources/ProjectLeaseRegistry
instanceKlass org/gradle/internal/work/WorkerLeaseRegistry
instanceKlass org/gradle/internal/operations/notify/BuildOperationNotificationValve
instanceKlass org/gradle/internal/operations/notify/BuildOperationNotificationBridge
instanceKlass org/gradle/internal/operations/notify/BuildOperationNotificationListenerRegistrar
instanceKlass org/gradle/internal/operations/trace/BuildOperationTrace
instanceKlass org/gradle/internal/service/scopes/CrossBuildSessionParameters
instanceKlass org/gradle/internal/code/UserCodeApplicationContext
instanceKlass org/gradle/internal/operations/BuildOperationExecutor
instanceKlass org/gradle/internal/operations/BuildOperationQueueFactory
instanceKlass org/gradle/configuration/internal/ListenerBuildOperationDecorator
instanceKlass org/gradle/internal/work/WorkerLimits
instanceKlass org/gradle/api/internal/CollectionCallbackActionDecorator
instanceKlass org/gradle/internal/service/scopes/CoreCrossBuildSessionServices
instanceKlass org/gradle/internal/service/DefaultServiceRegistry$CollectionService
instanceKlass org/gradle/internal/service/DefaultServiceRegistry$CollectingVisitor
instanceKlass sun/reflect/generics/tree/VoidDescriptor
instanceKlass org/gradle/internal/session/CrossBuildSessionState$Services
instanceKlass org/gradle/internal/session/CrossBuildSessionState
instanceKlass org/gradle/internal/buildprocess/execution/BuildSessionLifecycleBuildActionExecutor$ActionImpl
instanceKlass org/gradle/tooling/internal/protocol/ModelIdentifier
instanceKlass org/gradle/tooling/internal/protocol/InternalProtocolInterface
instanceKlass  @bci org/gradle/internal/buildprocess/execution/StartParamsValidatingActionExecutor execute (Lorg/gradle/internal/invocation/BuildAction;Lorg/gradle/launcher/exec/BuildActionParameters;Lorg/gradle/initialization/BuildRequestContext;)Lorg/gradle/launcher/exec/BuildActionResult; 127 <appendix> member <vmtarget> ; # org/gradle/internal/buildprocess/execution/StartParamsValidatingActionExecutor$$Lambda+0x000001dec3190458
instanceKlass  @bci org/gradle/internal/buildprocess/execution/StartParamsValidatingActionExecutor execute (Lorg/gradle/internal/invocation/BuildAction;Lorg/gradle/launcher/exec/BuildActionParameters;Lorg/gradle/initialization/BuildRequestContext;)Lorg/gradle/launcher/exec/BuildActionResult; 15 <appendix> member <vmtarget> ; # org/gradle/internal/buildprocess/execution/StartParamsValidatingActionExecutor$$Lambda+0x000001dec3190230
instanceKlass org/gradle/internal/logging/sink/OutputEventRenderer$3
instanceKlass org/gradle/internal/logging/sink/ProgressLogEventGenerator
instanceKlass org/gradle/internal/logging/console/BuildLogLevelFilterRenderer
instanceKlass org/gradle/launcher/daemon/server/exec/ExecuteBuild$1
instanceKlass org/gradle/initialization/DefaultBuildRequestContext
instanceKlass org/gradle/initialization/DefaultBuildRequestMetaData
instanceKlass org/gradle/configuration/DefaultBuildClientMetaData
instanceKlass org/gradle/launcher/daemon/server/exec/DaemonConnectionBackedEventConsumer
instanceKlass org/gradle/launcher/daemon/server/exec/WatchForDisconnection$1
instanceKlass org/gradle/internal/featurelifecycle/LoggingIncubatingFeatureHandler
instanceKlass org/gradle/util/internal/IncubationLogger
instanceKlass org/gradle/internal/daemon/clientinput/ClientInputForwarder$2
instanceKlass org/gradle/internal/daemon/clientinput/ClientInputForwarder$1
instanceKlass  @bci org/gradle/launcher/daemon/server/exec/ForwardClientInput execute (Lorg/gradle/launcher/daemon/server/api/DaemonCommandExecution;)V 5 <appendix> member <vmtarget> ; # org/gradle/launcher/daemon/server/exec/ForwardClientInput$$Lambda+0x000001dec318f248
instanceKlass java/math/MathContext
instanceKlass org/gradle/internal/util/NumberUtil
instanceKlass org/gradle/launcher/daemon/server/exec/LogToClient$AsynchronousLogDispatcher$1
instanceKlass java/util/concurrent/CountDownLatch
instanceKlass java/util/Collections$UnmodifiableMap$UnmodifiableEntrySet$UnmodifiableEntry
instanceKlass java/util/Collections$UnmodifiableMap$UnmodifiableEntrySet$1
instanceKlass  @bci org/gradle/launcher/daemon/server/DaemonStateCoordinator runCommand (Ljava/lang/Runnable;Ljava/lang/String;)V 11 <appendix> member <vmtarget> ; # org/gradle/launcher/daemon/server/DaemonStateCoordinator$$Lambda+0x000001dec318bd80
instanceKlass  @cpi org/codehaus/groovy/runtime/metaclass/MetaClassRegistryImpl 213 form vmentry <vmtarget> ; # java/lang/invoke/LambdaForm$DMH+0x000001dec318c000
instanceKlass org/gradle/launcher/daemon/registry/PersistentDaemonRegistry$5
instanceKlass jdk/internal/math/MathUtils
instanceKlass jdk/internal/math/DoubleToDecimal
instanceKlass org/gradle/launcher/daemon/server/exec/StartBuildOrRespondWithBusy$1
instanceKlass org/gradle/launcher/daemon/server/DefaultDaemonConnection$CommandQueue$1
instanceKlass org/gradle/launcher/daemon/server/exec/HandleCancel$1
instanceKlass com/google/common/collect/Platform
instanceKlass org/gradle/launcher/daemon/server/api/DaemonCommandExecution
instanceKlass org/gradle/launcher/exec/DefaultBuildActionParameters
instanceKlass org/gradle/configuration/GradleLauncherMetaData
instanceKlass com/google/common/collect/CollectPreconditions
instanceKlass com/google/common/collect/AbstractMapEntry
instanceKlass com/google/common/collect/ImmutableMap$Builder
instanceKlass com/google/common/collect/BiMap
instanceKlass com/google/common/collect/ImmutableMap
instanceKlass  @bci org/gradle/tooling/internal/provider/action/BuildActionSerializer$StartParameterSerializer read (Lorg/gradle/internal/serialize/Decoder;)Lorg/gradle/api/internal/StartParameterInternal; 153 <appendix> member <vmtarget> ; # org/gradle/tooling/internal/provider/action/BuildActionSerializer$StartParameterSerializer$$Lambda+0x000001dec3185a08
instanceKlass org/gradle/internal/deprecation/DeprecationMessageBuilder$WithDocumentation
instanceKlass org/gradle/internal/deprecation/Documentation
instanceKlass org/gradle/api/problems/internal/InternalDocLink
instanceKlass org/gradle/internal/deprecation/DeprecationTimeline
instanceKlass org/gradle/internal/deprecation/Documentation$AbstractBuilder
instanceKlass org/gradle/internal/deprecation/DeprecationLogger$4
instanceKlass org/gradle/internal/problems/NoOpProblemDiagnosticsFactory$2
instanceKlass org/gradle/internal/problems/NoOpProblemDiagnosticsFactory$1
instanceKlass org/gradle/problems/buildtree/ProblemStream
instanceKlass org/gradle/problems/ProblemDiagnostics
instanceKlass org/gradle/internal/problems/NoOpProblemDiagnosticsFactory
instanceKlass org/gradle/problems/buildtree/ProblemStream$StackTraceTransformer
instanceKlass org/gradle/api/problems/Problem
instanceKlass org/gradle/internal/featurelifecycle/LoggingDeprecatedFeatureHandler
instanceKlass org/gradle/internal/featurelifecycle/FeatureHandler
instanceKlass org/gradle/internal/deprecation/DeprecationMessageBuilder
instanceKlass org/gradle/internal/deprecation/DeprecationLogger
instanceKlass  @bci org/gradle/tooling/internal/provider/action/BuildActionSerializer$StartParameterSerializer read (Lorg/gradle/internal/serialize/Decoder;)Lorg/gradle/api/internal/StartParameterInternal; 125 <appendix> member <vmtarget> ; # org/gradle/tooling/internal/provider/action/BuildActionSerializer$StartParameterSerializer$$Lambda+0x000001dec3181108
instanceKlass org/gradle/internal/deprecation/DeprecationLogger$ThrowingRunnable
instanceKlass com/google/common/collect/Sets
instanceKlass com/google/common/collect/Lists
instanceKlass org/gradle/internal/buildoption/Option$Value
instanceKlass org/gradle/internal/RunDefaultTasksExecutionRequest
instanceKlass org/gradle/TaskExecutionRequest
instanceKlass org/gradle/api/launcher/cli/WelcomeMessageConfiguration
instanceKlass org/gradle/internal/concurrent/DefaultParallelismConfiguration
instanceKlass org/gradle/internal/logging/DefaultLoggingConfiguration
instanceKlass org/gradle/initialization/BuildLayoutParameters
instanceKlass java/nio/channels/spi/AbstractSelector$1
instanceKlass org/gradle/launcher/daemon/server/DefaultDaemonConnection$1
instanceKlass org/gradle/launcher/daemon/server/DefaultDaemonConnection$ReceiveQueue
instanceKlass org/gradle/launcher/daemon/server/DefaultDaemonConnection$DisconnectQueue
instanceKlass org/gradle/launcher/daemon/server/DefaultDaemonConnection$CommandQueue
instanceKlass org/gradle/launcher/daemon/server/DefaultDaemonConnection
instanceKlass org/gradle/launcher/daemon/server/api/DaemonConnection
instanceKlass org/gradle/launcher/daemon/server/DefaultIncomingConnectionHandler$ConnectionWorker
instanceKlass org/gradle/launcher/daemon/server/SynchronizedDispatchConnection
instanceKlass org/gradle/internal/serialize/Serializers$StatefulSerializerAdapter$2
instanceKlass org/gradle/internal/serialize/PositionAwareEncoder
instanceKlass org/gradle/internal/serialize/Serializers$StatefulSerializerAdapter$1
instanceKlass org/gradle/internal/remote/internal/inet/SocketInetAddress$Serializer
instanceKlass org/gradle/internal/io/BufferCaster
instanceKlass java/lang/invoke/ConstantBootstraps
instanceKlass java/nio/channels/SelectionKey
instanceKlass java/nio/BufferMismatch
instanceKlass  @bci sun/security/provider/certpath/ldap/JdkLDAP <init> ()V 15 <appendix> member <vmtarget> ; # sun/security/provider/certpath/ldap/JdkLDAP$$Lambda+0x000001dec312dba0
instanceKlass com/sun/security/sasl/Provider$1
instanceKlass org/jcp/xml/dsig/internal/dom/XMLDSigRI$2
instanceKlass org/jcp/xml/dsig/internal/dom/XMLDSigRI$1
instanceKlass  @bci sun/security/ssl/SunJSSE registerAlgorithms ()V 1 <appendix> member <vmtarget> ; # sun/security/ssl/SunJSSE$$Lambda+0x000001dec312c6d0
instanceKlass java/security/spec/ECFieldF2m
instanceKlass sun/security/util/ObjectIdentifier
instanceKlass sun/security/util/ByteArrayTagOrder
instanceKlass sun/security/util/ByteArrayLexOrder
instanceKlass sun/security/util/DerEncoder
instanceKlass java/security/spec/ECParameterSpec
instanceKlass java/security/spec/AlgorithmParameterSpec
instanceKlass java/security/spec/ECPoint
instanceKlass java/security/spec/EllipticCurve
instanceKlass java/security/spec/ECFieldFp
instanceKlass java/security/spec/ECField
instanceKlass sun/security/util/CurveDB
instanceKlass sun/security/ec/SunEC$1
instanceKlass  @bci sun/security/jgss/SunProvider <init> ()V 15 <appendix> member <vmtarget> ; # sun/security/jgss/SunProvider$$Lambda+0x000001dec3177080
instanceKlass  @bci sun/security/pkcs11/SunPKCS11 register (Lsun/security/pkcs11/SunPKCS11$Descriptor;)V 27 <appendix> argL0 ; # sun/security/pkcs11/SunPKCS11$$Lambda+0x000001dec3176750
instanceKlass sun/security/pkcs11/SunPKCS11$Descriptor
instanceKlass javax/security/auth/Subject
instanceKlass javax/security/auth/callback/CallbackHandler
instanceKlass sun/security/mscapi/SunMSCAPI$2
instanceKlass sun/security/mscapi/SunMSCAPI$1
instanceKlass com/sun/security/sasl/gsskerb/JdkSASL$1
instanceKlass sun/security/smartcardio/SunPCSC$1
instanceKlass sun/security/jca/ProviderConfig$ProviderLoader
instanceKlass sun/security/jca/ProviderConfig$3
instanceKlass sun/security/rsa/SunRsaSignEntries
instanceKlass sun/net/NetProperties$1
instanceKlass sun/net/NetProperties
instanceKlass  @bci sun/nio/ch/UnixDomainSocketsUtil getTempDir ()Ljava/lang/String; 0 <appendix> argL0 ; # sun/nio/ch/UnixDomainSocketsUtil$$Lambda+0x000001dec31277b0
instanceKlass sun/nio/ch/UnixDomainSocketsUtil
instanceKlass sun/nio/ch/UnixDomainSockets
instanceKlass sun/nio/ch/PipeImpl$Initializer$LoopbackConnector
instanceKlass sun/nio/ch/PipeImpl$Initializer
instanceKlass java/nio/channels/Pipe
instanceKlass sun/nio/ch/WEPoll
instanceKlass sun/nio/ch/Util$2
instanceKlass java/nio/channels/Selector
instanceKlass org/gradle/internal/remote/internal/KryoBackedMessageSerializer
instanceKlass org/gradle/internal/remote/internal/inet/SocketConnection
instanceKlass org/gradle/internal/serialize/ObjectReader
instanceKlass org/gradle/internal/serialize/ObjectWriter
instanceKlass org/gradle/internal/serialize/Serializers$StatefulSerializerAdapter
instanceKlass org/gradle/internal/serialize/StatefulSerializer
instanceKlass org/gradle/internal/serialize/Serializers
instanceKlass org/gradle/internal/remote/internal/RemoteConnection
instanceKlass org/gradle/internal/remote/internal/Connection
instanceKlass org/gradle/internal/dispatch/Receive
instanceKlass org/gradle/internal/remote/internal/MessageSerializer
instanceKlass org/gradle/internal/remote/internal/inet/SocketConnectCompletion
instanceKlass org/gradle/internal/remote/internal/ConnectCompletion
instanceKlass org/gradle/launcher/daemon/server/DaemonStateCoordinator$1
instanceKlass org/gradle/internal/remote/internal/inet/SocketBlockingUtil
instanceKlass java/net/Socket
instanceKlass org/gradle/internal/event/DefaultListenerManager$ExclusiveEventBroadcast$1
instanceKlass org/gradle/launcher/daemon/server/Daemon$DefaultDaemonExpirationListener
instanceKlass org/gradle/launcher/daemon/server/Daemon$DaemonExpirationPeriodicCheck
instanceKlass org/gradle/launcher/daemon/server/expiry/AnyDaemonExpirationStrategy
instanceKlass org/gradle/launcher/daemon/server/DaemonRegistryUnavailableExpirationStrategy
instanceKlass  @bci org/gradle/internal/model/StateTransitionController transition (Lorg/gradle/internal/model/StateTransitionController$State;Lorg/gradle/internal/model/StateTransitionController$State;Ljava/util/function/Supplier;)Ljava/lang/Object; 8 <appendix> form vmentry <vmtarget> ; # java/lang/invoke/LambdaForm$DMH+0x000001dec316dc00
instanceKlass  @bci sun/reflect/annotation/AnnotationParser parseEnumArray (ILjava/lang/Class;Ljava/nio/ByteBuffer;Ljdk/internal/reflect/ConstantPool;Ljava/lang/Class;)Ljava/lang/Object; 16 <appendix> member <vmtarget> ; # sun/reflect/annotation/AnnotationParser$$Lambda+0x000001dec31241f0
instanceKlass org/gradle/internal/reflect/JavaReflectionUtil
instanceKlass org/gradle/internal/service/scopes/ParallelListener
instanceKlass org/gradle/internal/event/DefaultListenerManager$ListenerDetails
instanceKlass org/gradle/launcher/daemon/server/health/LowMemoryDaemonExpirationStrategy
instanceKlass org/gradle/process/internal/health/memory/OsMemoryStatusListener
instanceKlass org/gradle/launcher/daemon/server/NotMostRecentlyUsedDaemonExpirationStrategy
instanceKlass com/google/common/base/Functions$ConstantFunction
instanceKlass com/google/common/base/Functions
instanceKlass org/gradle/launcher/daemon/server/DaemonIdleTimeoutExpirationStrategy
instanceKlass org/gradle/launcher/daemon/toolchain/DaemonJvmCriteria$JavaHome
instanceKlass org/gradle/launcher/daemon/context/DaemonRequestContext
instanceKlass org/gradle/launcher/daemon/context/DaemonCompatibilitySpec
instanceKlass org/gradle/api/internal/specs/ExplainingSpec
instanceKlass org/gradle/launcher/daemon/server/CompatibleDaemonExpirationStrategy
instanceKlass org/gradle/launcher/daemon/server/expiry/AllDaemonExpirationStrategy
instanceKlass org/gradle/launcher/daemon/server/FileLockContentionExpirationStrategy
# instanceKlass java/lang/invoke/LambdaForm$MH+0x000001dec316d800
# instanceKlass java/lang/invoke/LambdaForm$MH+0x000001dec316d400
# instanceKlass java/lang/invoke/LambdaForm$MH+0x000001dec316d000
# instanceKlass java/lang/invoke/LambdaForm$MH+0x000001dec316cc00
# instanceKlass java/lang/invoke/LambdaForm$MH+0x000001dec316c800
# instanceKlass java/lang/invoke/LambdaForm$MH+0x000001dec316c400
instanceKlass org/gradle/internal/stream/EncodedStream
instanceKlass org/gradle/launcher/daemon/bootstrap/DaemonStartupCommunication
instanceKlass  @bci org/gradle/cache/internal/DefaultFileLockManager$DefaultFileLock close ()V 32 <appendix> member <vmtarget> ; # org/gradle/cache/internal/DefaultFileLockManager$DefaultFileLock$$Lambda+0x000001dec3169ee0
instanceKlass  @bci org/gradle/cache/internal/DefaultFileLockManager$DefaultFileLock close ()V 21 <appendix> member <vmtarget> ; # org/gradle/cache/internal/DefaultFileLockManager$DefaultFileLock$$Lambda+0x000001dec3169cb8
instanceKlass  @bci org/gradle/cache/internal/DefaultFileLockManager$DefaultFileLock close ()V 10 <appendix> member <vmtarget> ; # org/gradle/cache/internal/DefaultFileLockManager$DefaultFileLock$$Lambda+0x000001dec3169a90
instanceKlass java/io/FileOutputStream$1
instanceKlass org/gradle/internal/remote/internal/inet/SocketInetAddress
instanceKlass org/gradle/internal/serialize/AbstractEncoder
instanceKlass org/gradle/internal/serialize/FlushableEncoder
instanceKlass  @bci org/gradle/launcher/daemon/registry/DaemonRegistryContent removeInfo (I)V 10 <appendix> member <vmtarget> ; # org/gradle/launcher/daemon/registry/DaemonRegistryContent$$Lambda+0x000001dec3168a68
instanceKlass  @cpi org/gradle/launcher/daemon/registry/DaemonRegistryContent 159 form vmentry <vmtarget> ; # java/lang/invoke/LambdaForm$DMH+0x000001dec316c000
instanceKlass org/gradle/launcher/daemon/registry/DaemonStopEvent$Serializer
instanceKlass org/gradle/launcher/daemon/registry/DaemonStopEvent
instanceKlass org/gradle/launcher/daemon/registry/DaemonInfo$Serializer
instanceKlass org/gradle/cache/internal/filelock/DefaultLockStateSerializer$SequenceNumberLockState
instanceKlass sun/nio/ch/IOStatus
instanceKlass sun/nio/ch/Util$BufferCache
instanceKlass sun/nio/ch/Util
instanceKlass  @bci java/net/DatagramPacket setData ([BII)V 9 <appendix> argL0 ; # java/net/DatagramPacket$$Lambda+0x000001dec3122a50
instanceKlass java/net/DatagramPacket
instanceKlass org/gradle/cache/internal/locklistener/FileLockPacketPayload
instanceKlass  @bci org/gradle/cache/internal/DefaultFileLockManager$DefaultFileLock lockInformationRegion (Lorg/gradle/cache/FileLockManager$LockMode;Lorg/gradle/internal/time/ExponentialBackoff;)Lorg/gradle/cache/internal/filelock/FileLockOutcome; 3 <appendix> member <vmtarget> ; # org/gradle/cache/internal/DefaultFileLockManager$DefaultFileLock$$Lambda+0x000001dec3161000
instanceKlass org/gradle/internal/time/ExponentialBackoff$Result
instanceKlass org/gradle/cache/internal/filelock/LockInfo
instanceKlass org/gradle/cache/internal/filelock/FileLockOutcome
instanceKlass org/gradle/cache/internal/DefaultFileLockManager$DefaultFileLock$1
instanceKlass org/gradle/internal/time/ExponentialBackoff
instanceKlass org/gradle/cache/internal/DefaultFileLockManager$AwaitableFileLockReleasedSignal
instanceKlass org/gradle/cache/FileLockReleasedSignal
instanceKlass org/gradle/cache/internal/filelock/LockInfoSerializer
instanceKlass org/gradle/cache/internal/filelock/LockInfoAccess
instanceKlass org/gradle/cache/internal/filelock/LockStateAccess
instanceKlass org/gradle/cache/internal/filelock/LockFileAccess
instanceKlass org/gradle/cache/internal/filelock/LockState
instanceKlass org/gradle/cache/internal/filelock/DefaultLockStateSerializer
instanceKlass org/apache/commons/io/filefilter/IOFileFilter
instanceKlass java/nio/file/PathMatcher
instanceKlass java/io/FilenameFilter
instanceKlass java/nio/file/FileVisitor
instanceKlass org/apache/commons/io/file/PathFilter
instanceKlass org/apache/commons/io/FileUtils
instanceKlass org/gradle/cache/FileLock$State
instanceKlass org/gradle/cache/internal/filelock/LockStateSerializer
instanceKlass org/gradle/internal/time/ExponentialBackoff$Query
instanceKlass org/gradle/cache/internal/filelock/DefaultLockOptions
instanceKlass org/gradle/cache/internal/FileBackedObjectHolder$1Updater
instanceKlass  @bci org/gradle/cache/internal/FileIntegrityViolationSuppressingObjectHolderDecorator update (Lorg/gradle/cache/ObjectHolder$UpdateAction;)Ljava/lang/Object; 4 <appendix> member <vmtarget> ; # org/gradle/cache/internal/FileIntegrityViolationSuppressingObjectHolderDecorator$$Lambda+0x000001dec3165218
instanceKlass org/gradle/launcher/daemon/registry/PersistentDaemonRegistry$8
instanceKlass org/gradle/launcher/daemon/registry/DaemonInfo
instanceKlass org/gradle/launcher/daemon/context/DaemonConnectDetails
instanceKlass sun/util/cldr/CLDRBaseLocaleDataMetaInfo$TZCanonicalIDMapHolder
instanceKlass java/time/chrono/AbstractChronology
instanceKlass java/time/chrono/Chronology
instanceKlass java/time/LocalTime
instanceKlass java/time/temporal/ValueRange
instanceKlass java/time/Duration
instanceKlass java/time/temporal/TemporalAmount
instanceKlass java/time/temporal/TemporalUnit
instanceKlass java/time/temporal/TemporalField
instanceKlass java/time/LocalDate
instanceKlass java/time/chrono/ChronoLocalDate
instanceKlass java/time/zone/ZoneOffsetTransition
instanceKlass java/time/LocalDateTime
instanceKlass java/time/chrono/ChronoLocalDateTime
instanceKlass java/time/temporal/TemporalAdjuster
instanceKlass java/time/temporal/Temporal
instanceKlass java/time/temporal/TemporalAccessor
instanceKlass java/time/zone/ZoneOffsetTransitionRule
instanceKlass java/time/zone/ZoneRules
instanceKlass java/time/zone/Ser
instanceKlass java/io/Externalizable
instanceKlass java/time/zone/ZoneRulesProvider$1
instanceKlass java/time/zone/ZoneRulesProvider
instanceKlass java/time/ZoneId
instanceKlass sun/util/resources/provider/NonBaseLocaleDataMetaInfo
instanceKlass  @bci sun/util/locale/provider/JRELocaleProviderAdapter createSupportedLocaleString (Ljava/lang/String;)Ljava/lang/String; 6 <appendix> member <vmtarget> ; # sun/util/locale/provider/JRELocaleProviderAdapter$$Lambda+0x000001dec311d6f8
instanceKlass sun/util/locale/provider/BaseLocaleDataMetaInfo
instanceKlass  @bci sun/util/locale/provider/JRELocaleProviderAdapter getTimeZoneNameProvider ()Ljava/util/spi/TimeZoneNameProvider; 8 <appendix> member <vmtarget> ; # sun/util/locale/provider/JRELocaleProviderAdapter$$Lambda+0x000001dec311d278
instanceKlass  @bci sun/util/cldr/CLDRLocaleProviderAdapter getTimeZoneNameProvider ()Ljava/util/spi/TimeZoneNameProvider; 8 <appendix> member <vmtarget> ; # sun/util/cldr/CLDRLocaleProviderAdapter$$Lambda+0x000001dec311cbd0
instanceKlass sun/util/locale/provider/TimeZoneNameUtility$TimeZoneNameGetter
instanceKlass sun/util/locale/provider/TimeZoneNameUtility
instanceKlass org/gradle/internal/remote/internal/inet/TcpIncomingConnector$1
instanceKlass org/gradle/internal/remote/internal/inet/TcpIncomingConnector$Receiver
instanceKlass org/gradle/internal/remote/internal/inet/MultiChoiceAddress
instanceKlass org/gradle/internal/remote/internal/inet/InetEndpoint
instanceKlass java/util/UUID$Holder
instanceKlass java/util/UUID
instanceKlass sun/net/NetHooks
instanceKlass java/net/SocketImpl
instanceKlass java/net/SocketOptions
instanceKlass  @bci sun/nio/ch/ServerSocketAdaptor create (Lsun/nio/ch/ServerSocketChannelImpl;)Ljava/net/ServerSocket; 1 <appendix> member <vmtarget> ; # sun/nio/ch/ServerSocketAdaptor$$Lambda+0x000001dec311b4c0
instanceKlass java/net/ServerSocket
instanceKlass  @bci java/nio/channels/spi/SelectorProvider$Holder provider ()Ljava/nio/channels/spi/SelectorProvider; 0 <appendix> argL0 ; # java/nio/channels/spi/SelectorProvider$Holder$$Lambda+0x000001dec311a628
instanceKlass java/nio/channels/spi/SelectorProvider$Holder
instanceKlass org/gradle/launcher/daemon/server/DaemonTcpServerConnector$1
instanceKlass org/gradle/launcher/daemon/server/Daemon$5
instanceKlass org/gradle/launcher/daemon/server/DefaultIncomingConnectionHandler
instanceKlass java/util/LinkedList$Node
instanceKlass org/gradle/initialization/DefaultBuildCancellationToken
instanceKlass org/gradle/launcher/daemon/server/DaemonStateCoordinator
instanceKlass org/gradle/launcher/daemon/server/Daemon$4
instanceKlass org/gradle/launcher/daemon/server/Daemon$3
instanceKlass org/gradle/launcher/daemon/server/Daemon$2
instanceKlass org/gradle/launcher/daemon/server/Daemon$1
instanceKlass org/gradle/launcher/daemon/server/DaemonRegistryUpdater
instanceKlass sun/security/provider/AbstractDrbg$NonceProvider
instanceKlass  @bci sun/security/provider/AbstractDrbg$SeederHolder <clinit> ()V 42 <appendix> member <vmtarget> ; # sun/security/provider/AbstractDrbg$SeederHolder$$Lambda+0x000001dec3119570
instanceKlass  @cpi sun/security/provider/AbstractDrbg$SeederHolder 91 form vmentry <vmtarget> ; # java/lang/invoke/LambdaForm$DMH+0x000001dec3160c00
# instanceKlass java/lang/invoke/LambdaForm$DMH+0x000001dec3160800
instanceKlass sun/nio/fs/BasicFileAttributesHolder
instanceKlass sun/nio/fs/WindowsDirectoryStream$WindowsDirectoryIterator
instanceKlass sun/nio/fs/WindowsDirectoryStream
instanceKlass java/nio/file/DirectoryStream
instanceKlass java/nio/file/Files$AcceptAllFilter
instanceKlass java/nio/file/DirectoryStream$Filter
instanceKlass sun/security/provider/ByteArrayAccess$BE
instanceKlass sun/security/provider/ByteArrayAccess
instanceKlass sun/security/provider/SeedGenerator$1
instanceKlass sun/security/util/MessageDigestSpi2
instanceKlass sun/security/jca/GetInstance$Instance
instanceKlass sun/security/jca/GetInstance
instanceKlass sun/security/util/CryptoAlgorithmConstraints$CryptoHolder
instanceKlass sun/security/util/AbstractAlgorithmConstraints
instanceKlass java/security/AlgorithmConstraints
instanceKlass java/security/MessageDigestSpi
instanceKlass java/util/concurrent/LinkedBlockingDeque$Node
instanceKlass java/lang/management/MemoryUsage
instanceKlass org/gradle/launcher/daemon/server/health/gc/GarbageCollectionEvent
instanceKlass sun/security/provider/SeedGenerator
instanceKlass sun/security/provider/AbstractDrbg$SeederHolder
instanceKlass java/security/DrbgParameters$NextBytes
instanceKlass  @bci sun/security/provider/AbstractDrbg <clinit> ()V 12 <appendix> argL0 ; # sun/security/provider/AbstractDrbg$$Lambda+0x000001dec3114c30
instanceKlass  @cpi sun/security/provider/AbstractDrbg 383 form vmentry <vmtarget> ; # java/lang/invoke/LambdaForm$DMH+0x000001dec3160400
# instanceKlass java/lang/invoke/LambdaForm$DMH+0x000001dec3160000
instanceKlass sun/security/provider/EntropySource
instanceKlass sun/security/provider/AbstractDrbg
instanceKlass java/security/DrbgParameters$Instantiation
instanceKlass java/security/DrbgParameters
instanceKlass sun/security/provider/MoreDrbgParameters
instanceKlass  @bci sun/security/provider/DRBG <init> (Ljava/security/SecureRandomParameters;)V 26 <appendix> argL0 ; # sun/security/provider/DRBG$$Lambda+0x000001dec31136d0
instanceKlass java/security/SecureRandomSpi
instanceKlass jdk/internal/event/Event
instanceKlass sun/security/util/SecurityProviderConstants
instanceKlass java/security/Provider$UString
instanceKlass java/security/Provider$Service
instanceKlass sun/security/provider/NativePRNG$NonBlocking
instanceKlass sun/security/provider/NativePRNG$Blocking
instanceKlass sun/security/provider/NativePRNG
instanceKlass sun/security/provider/SunEntries$1
instanceKlass sun/security/provider/SunEntries
instanceKlass sun/security/util/SecurityConstants
instanceKlass sun/security/jca/ProviderList$2
instanceKlass jdk/internal/math/FloatingDecimal$ASCIIToBinaryBuffer
instanceKlass jdk/internal/math/FloatingDecimal$PreparedASCIIToBinaryBuffer
instanceKlass jdk/internal/math/FloatingDecimal$ASCIIToBinaryConverter
instanceKlass jdk/internal/math/FloatingDecimal$BinaryToASCIIBuffer
instanceKlass jdk/internal/math/FloatingDecimal$ExceptionalBinaryToASCIIBuffer
instanceKlass jdk/internal/math/FloatingDecimal$BinaryToASCIIConverter
instanceKlass jdk/internal/math/FloatingDecimal
instanceKlass javax/security/auth/login/Configuration$Parameters
instanceKlass java/security/Policy$Parameters
instanceKlass java/security/cert/CertStoreParameters
instanceKlass java/security/SecureRandomParameters
instanceKlass java/security/Provider$EngineDescription
instanceKlass java/security/Provider$ServiceKey
instanceKlass sun/security/jca/ProviderConfig
instanceKlass sun/security/jca/ProviderList
instanceKlass sun/security/jca/Providers
instanceKlass com/google/common/base/Joiner
instanceKlass org/gradle/launcher/daemon/server/exec/DaemonCommandExecuter
instanceKlass org/gradle/internal/remote/ConnectionAcceptor
instanceKlass org/gradle/internal/remote/Address
instanceKlass org/gradle/internal/remote/internal/inet/TcpIncomingConnector
instanceKlass org/gradle/launcher/daemon/protocol/DaemonMessageSerializer$OutputMessageSerializer
instanceKlass org/gradle/internal/logging/serializer/LogLevelChangeEventSerializer
instanceKlass org/gradle/internal/logging/serializer/ProgressEventSerializer
instanceKlass org/gradle/internal/logging/serializer/ProgressCompleteEventSerializer
instanceKlass org/gradle/internal/operations/BuildOperationMetadata
instanceKlass org/gradle/internal/logging/serializer/ProgressStartEventSerializer
instanceKlass org/gradle/internal/logging/serializer/SpanSerializer
instanceKlass org/gradle/internal/logging/serializer/StyledTextOutputEventSerializer
instanceKlass org/gradle/internal/logging/serializer/ReadStdInEventSerializer
instanceKlass org/gradle/internal/logging/serializer/UserInputResumeEventSerializer
instanceKlass org/gradle/internal/logging/serializer/SelectOptionPromptEventSerializer
instanceKlass org/gradle/internal/logging/serializer/IntQuestionPromptEventSerializer
instanceKlass org/gradle/internal/logging/serializer/TextQuestionPromptEventSerializer
instanceKlass org/gradle/internal/logging/serializer/BooleanQuestionPromptEventSerializer
instanceKlass org/gradle/internal/logging/serializer/YesNoQuestionPromptEventSerializer
instanceKlass org/gradle/internal/logging/serializer/UserInputRequestEventSerializer
instanceKlass org/gradle/internal/logging/serializer/LogEventSerializer
instanceKlass org/gradle/launcher/daemon/protocol/DaemonMessageSerializer$CloseInputSerializer
instanceKlass org/gradle/launcher/daemon/protocol/DaemonMessageSerializer$UserResponseSerializer
instanceKlass org/gradle/launcher/daemon/protocol/DaemonMessageSerializer$ForwardInputSerializer
instanceKlass org/gradle/launcher/daemon/protocol/DaemonMessageSerializer$BuildEventSerializer
instanceKlass org/gradle/launcher/daemon/protocol/DaemonMessageSerializer$FinishedSerializer
instanceKlass org/gradle/launcher/daemon/protocol/DaemonMessageSerializer$SuccessSerializer
instanceKlass org/gradle/launcher/daemon/protocol/DaemonMessageSerializer$FailureSerializer
instanceKlass org/gradle/launcher/daemon/protocol/DaemonMessageSerializer$BuildStartedSerializer
instanceKlass org/gradle/launcher/daemon/protocol/DaemonMessageSerializer$DaemonUnavailableSerializer
instanceKlass org/gradle/launcher/daemon/protocol/DaemonMessageSerializer$CancelSerializer
instanceKlass org/gradle/launcher/exec/BuildActionParameters
instanceKlass org/gradle/launcher/daemon/protocol/DaemonMessageSerializer$BuildActionParametersSerializer
instanceKlass org/gradle/launcher/daemon/protocol/DaemonMessageSerializer$BuildSerializer
instanceKlass org/gradle/launcher/daemon/protocol/DaemonMessageSerializer
instanceKlass org/gradle/launcher/daemon/server/DaemonTcpServerConnector
instanceKlass org/gradle/launcher/daemon/server/IncomingConnectionHandler
instanceKlass org/gradle/launcher/daemon/server/api/DaemonStateControl
# instanceKlass java/lang/invoke/LambdaForm$MH+0x000001dec3153800
# instanceKlass java/lang/invoke/LambdaForm$MH+0x000001dec3153400
# instanceKlass java/lang/invoke/LambdaForm$MH+0x000001dec3153000
# instanceKlass java/lang/invoke/LambdaForm$MH+0x000001dec3152c00
# instanceKlass java/lang/invoke/LambdaForm$MH+0x000001dec3152800
# instanceKlass java/lang/invoke/LambdaForm$MH+0x000001dec3152400
# instanceKlass java/lang/invoke/LambdaForm$MH+0x000001dec3152000
# instanceKlass java/lang/invoke/LambdaForm$MH+0x000001dec3151c00
# instanceKlass java/lang/invoke/LambdaForm$MH+0x000001dec3151800
# instanceKlass java/lang/invoke/LambdaForm$DMH+0x000001dec3151400
instanceKlass org/gradle/internal/remote/internal/inet/MultiChoiceAddressSerializer
instanceKlass org/gradle/launcher/daemon/registry/DaemonRegistryContent$Serializer
instanceKlass org/gradle/launcher/daemon/registry/DaemonRegistryContent
instanceKlass org/gradle/cache/LockOptions
instanceKlass org/gradle/cache/internal/AbstractFileAccess
instanceKlass org/gradle/internal/serialize/Encoder
instanceKlass org/gradle/cache/internal/FileBackedObjectHolder
instanceKlass org/gradle/cache/internal/FileIntegrityViolationSuppressingObjectHolderDecorator
instanceKlass org/gradle/cache/ObjectHolder$UpdateAction
instanceKlass org/gradle/cache/ObjectHolder
instanceKlass org/gradle/launcher/daemon/registry/PersistentDaemonRegistry
instanceKlass  @bci org/gradle/cache/internal/CacheAccessSerializer get (Ljava/lang/Object;Ljava/util/function/Function;)Ljava/lang/Object; 7 <appendix> member <vmtarget> ; # org/gradle/cache/internal/CacheAccessSerializer$$Lambda+0x000001dec314f448
instanceKlass  @bci org/gradle/cache/Cache get (Ljava/lang/Object;Ljava/util/function/Supplier;)Ljava/lang/Object; 3 <appendix> member <vmtarget> ; # org/gradle/cache/Cache$$Lambda+0x000001dec314f200
instanceKlass  @bci org/gradle/launcher/daemon/registry/DaemonRegistryServices createDaemonRegistry (Lorg/gradle/launcher/daemon/registry/DaemonDir;Lorg/gradle/cache/FileLockManager;Lorg/gradle/internal/file/Chmod;)Lorg/gradle/launcher/daemon/registry/DaemonRegistry; 16 <appendix> member <vmtarget> ; # org/gradle/launcher/daemon/registry/DaemonRegistryServices$$Lambda+0x000001dec314efd8
# instanceKlass java/lang/invoke/LambdaForm$MH+0x000001dec3151000
# instanceKlass java/lang/invoke/LambdaForm$MH+0x000001dec3150c00
# instanceKlass java/lang/invoke/LambdaForm$MH+0x000001dec3150800
# instanceKlass java/lang/invoke/LambdaForm$MH+0x000001dec3150400
instanceKlass org/gradle/internal/nativeintegration/filesystem/services/FallbackStat
instanceKlass org/gradle/internal/nativeintegration/filesystem/services/EmptyChmod
instanceKlass org/gradle/internal/nativeintegration/filesystem/jdk7/Jdk7Symlink
# instanceKlass java/lang/invoke/LambdaForm$MH+0x000001dec3150000
# instanceKlass java/lang/invoke/LambdaForm$MH+0x000001dec314dc00
# instanceKlass java/lang/invoke/LambdaForm$MH+0x000001dec314d800
# instanceKlass java/lang/invoke/LambdaForm$MH+0x000001dec314d400
# instanceKlass java/lang/invoke/LambdaForm$MH+0x000001dec314d000
# instanceKlass java/lang/invoke/LambdaForm$MH+0x000001dec314cc00
# instanceKlass java/lang/invoke/LambdaForm$MH+0x000001dec314c800
# instanceKlass java/lang/invoke/LambdaForm$DMH+0x000001dec314c400
instanceKlass net/rubygrapefruit/platform/file/PosixFileInfo
instanceKlass org/gradle/internal/nativeintegration/services/NativeServices$BrokenService
instanceKlass org/gradle/internal/nativeintegration/filesystem/services/UnavailablePosixFiles
instanceKlass net/rubygrapefruit/platform/memory/WindowsMemory
instanceKlass net/rubygrapefruit/platform/terminal/Terminals
instanceKlass org/gradle/api/internal/file/temp/GradleUserHomeTemporaryFileProvider$1
instanceKlass org/gradle/internal/nativeintegration/services/NativeServices$2
instanceKlass net/rubygrapefruit/platform/file/WindowsFileInfo
instanceKlass net/rubygrapefruit/platform/file/FileInfo
instanceKlass net/rubygrapefruit/platform/internal/DirList
instanceKlass net/rubygrapefruit/platform/internal/AbstractFiles
instanceKlass org/gradle/internal/nativeintegration/filesystem/services/NativePlatformBackedFileMetadataAccessor
instanceKlass org/gradle/cache/internal/DefaultFileLockManager$RandomLongIdGenerator
instanceKlass org/gradle/cache/internal/DefaultProcessMetaDataProvider
instanceKlass org/gradle/internal/time/ExponentialBackoff$Signal
instanceKlass org/gradle/cache/FileLock
instanceKlass org/gradle/cache/FileAccess
instanceKlass java/util/function/LongSupplier
instanceKlass org/gradle/cache/internal/DefaultFileLockManager
instanceKlass sun/nio/ch/ExtendedSocketOption$1
instanceKlass sun/nio/ch/ExtendedSocketOption
instanceKlass sun/nio/ch/OptionKey
instanceKlass sun/nio/ch/SocketOptionRegistry$LazyInitialization
instanceKlass sun/nio/ch/SocketOptionRegistry$RegistryKey
instanceKlass sun/nio/ch/SocketOptionRegistry
instanceKlass sun/nio/ch/DatagramChannelImpl$DefaultOptionsHolder
instanceKlass java/net/StandardSocketOptions$StdSocketOption
instanceKlass java/net/StandardSocketOptions
instanceKlass  @bci sun/nio/ch/DatagramSocketAdaptor$DatagramSockets <clinit> ()V 0 <appendix> argL0 ; # sun/nio/ch/DatagramSocketAdaptor$DatagramSockets$$Lambda+0x000001dec3108580
instanceKlass sun/nio/ch/DatagramSocketAdaptor$DatagramSockets
instanceKlass  @bci sun/nio/ch/DatagramChannelImpl releaserFor (Ljava/io/FileDescriptor;[Lsun/nio/ch/NativeSocketAddress;)Ljava/lang/Runnable; 2 <appendix> member <vmtarget> ; # sun/nio/ch/DatagramChannelImpl$$Lambda+0x000001dec3107d80
instanceKlass sun/nio/ch/NativeSocketAddress
instanceKlass sun/net/ResourceManager
instanceKlass jdk/net/ExtendedSocketOptions$2
instanceKlass jdk/net/ExtendedSocketOptions$PlatformSocketOptions
instanceKlass jdk/net/ExtendedSocketOptions$ExtSocketOption
instanceKlass java/net/SocketOption
instanceKlass jdk/net/ExtendedSocketOptions
instanceKlass sun/net/ext/ExtendedSocketOptions
instanceKlass sun/nio/ch/Net$1
instanceKlass java/net/ProtocolFamily
instanceKlass sun/nio/ch/Net
instanceKlass java/nio/channels/MulticastChannel
instanceKlass java/nio/channels/NetworkChannel
instanceKlass sun/nio/ch/SelChImpl
instanceKlass  @bci sun/nio/ch/DefaultSelectorProvider <clinit> ()V 0 <appendix> argL0 ; # sun/nio/ch/DefaultSelectorProvider$$Lambda+0x000001dec3103898
instanceKlass java/nio/channels/spi/SelectorProvider
instanceKlass sun/nio/ch/DefaultSelectorProvider
instanceKlass java/net/InetSocketAddress$InetSocketAddressHolder
# instanceKlass java/lang/invoke/LambdaForm$MH+0x000001dec314c000
instanceKlass java/net/NetworkInterface$1
instanceKlass java/net/DefaultInterface
instanceKlass java/net/Inet6Address$Inet6AddressHolder
instanceKlass java/net/InetAddress$PlatformResolver
instanceKlass java/net/spi/InetAddressResolver
instanceKlass java/net/spi/InetAddressResolver$LookupPolicy
instanceKlass java/net/Inet4AddressImpl
instanceKlass java/net/Inet6AddressImpl
instanceKlass java/net/InetAddressImpl
instanceKlass java/net/InetAddress$InetAddressHolder
instanceKlass java/net/InetAddress$1
instanceKlass jdk/internal/access/JavaNetInetAddressAccess
instanceKlass java/net/InetAddress
instanceKlass java/net/InterfaceAddress
instanceKlass java/net/NetworkInterface
instanceKlass org/gradle/internal/remote/internal/inet/InetAddresses
instanceKlass java/net/SocketAddress
instanceKlass java/net/DatagramSocket
instanceKlass org/gradle/cache/internal/locklistener/DefaultFileLockCommunicator
instanceKlass org/gradle/internal/service/scopes/BasicGlobalScopeServices$1
instanceKlass org/gradle/cache/internal/locklistener/FileLockCommunicator
instanceKlass org/gradle/cache/internal/locklistener/DefaultFileLockContentionHandler
instanceKlass org/gradle/internal/serialize/DefaultSerializerRegistry$TypeInfo
instanceKlass java/util/AbstractMap$SimpleImmutableEntry
instanceKlass java/util/concurrent/ConcurrentSkipListMap$Iter
instanceKlass org/gradle/tooling/internal/protocol/test/InternalTaskSpec
instanceKlass org/gradle/tooling/internal/provider/action/BuildActionSerializer$InternalTaskSpecSerializer
instanceKlass org/gradle/tooling/internal/provider/action/BuildActionSerializer$TestExecutionRequestActionSerializer
instanceKlass org/gradle/tooling/internal/provider/action/BuildActionSerializer$ClientProvidedPhasedActionSerializer
instanceKlass org/gradle/tooling/internal/provider/serialization/SerializedPayloadSerializer
instanceKlass org/gradle/tooling/internal/provider/action/BuildActionSerializer$ClientProvidedBuildActionSerializer
instanceKlass org/gradle/tooling/internal/provider/action/BuildActionSerializer$BuildEventSubscriptionsSerializer
instanceKlass org/gradle/tooling/internal/provider/action/BuildActionSerializer$BuildModelActionSerializer
instanceKlass org/gradle/tooling/internal/provider/action/SubscribableBuildAction
instanceKlass java/util/concurrent/atomic/Striped64$1
instanceKlass jdk/internal/util/random/RandomSupport
instanceKlass java/util/Random
instanceKlass java/util/random/RandomGenerator
instanceKlass org/gradle/internal/serialize/DefaultSerializerRegistry$InstanceBasedSerializerFactory
instanceKlass org/gradle/tooling/internal/provider/action/BuildActionSerializer$ValueSerializer
instanceKlass org/gradle/internal/serialize/AbstractSerializer
instanceKlass org/gradle/internal/serialize/BaseSerializerFactory
instanceKlass org/gradle/internal/serialize/AbstractCollectionSerializer
instanceKlass org/gradle/tooling/internal/provider/action/BuildActionSerializer$NullableFileSerializer
instanceKlass org/gradle/tooling/internal/provider/action/BuildActionSerializer$StartParameterSerializer
instanceKlass org/gradle/tooling/internal/provider/action/BuildActionSerializer$ExecuteBuildActionSerializer
instanceKlass org/gradle/tooling/internal/provider/action/ExecuteBuildAction
instanceKlass org/gradle/internal/serialize/DefaultSerializerRegistry$HierarchySerializerMatcher
instanceKlass org/gradle/internal/serialize/DefaultSerializerRegistry$StrictSerializerMatcher
instanceKlass org/gradle/internal/serialize/DefaultSerializerRegistry$SerializerClassMatcherStrategy
instanceKlass java/util/concurrent/ConcurrentSkipListMap$Node
instanceKlass java/util/concurrent/ConcurrentSkipListMap$Index
instanceKlass java/util/concurrent/ConcurrentNavigableMap
instanceKlass org/gradle/internal/serialize/DefaultSerializerRegistry$1
instanceKlass org/gradle/internal/serialize/DefaultSerializerRegistry$SerializerFactory
instanceKlass org/gradle/internal/serialize/DefaultSerializerRegistry
instanceKlass org/gradle/internal/serialize/SerializerRegistry
instanceKlass org/gradle/tooling/internal/provider/action/BuildActionSerializer
instanceKlass org/gradle/initialization/BuildRequestContext
instanceKlass org/gradle/launcher/daemon/server/exec/WatchForDisconnection
instanceKlass org/gradle/launcher/daemon/server/exec/ResetDeprecationLogger
instanceKlass org/gradle/launcher/daemon/server/exec/RequestStopIfSingleUsedDaemon
instanceKlass org/gradle/internal/daemon/clientinput/StdinHandler
instanceKlass org/gradle/internal/daemon/clientinput/ClientInputForwarder
instanceKlass org/gradle/launcher/daemon/server/exec/ForwardClientInput
instanceKlass org/gradle/launcher/daemon/server/exec/LogAndCheckHealth
instanceKlass org/gradle/launcher/daemon/server/exec/ReturnResult
instanceKlass java/util/concurrent/LinkedTransferQueue$DualNode
instanceKlass java/util/concurrent/TransferQueue
instanceKlass java/util/concurrent/ForkJoinTask
instanceKlass java/util/concurrent/CompletableFuture$AsynchronousCompletionTask
instanceKlass java/util/concurrent/ForkJoinPool$2
instanceKlass jdk/internal/access/JavaUtilConcurrentFJPAccess
instanceKlass java/util/concurrent/ForkJoinPool$DefaultForkJoinWorkerThreadFactory
instanceKlass java/util/concurrent/ForkJoinPool$WorkQueue
instanceKlass java/util/concurrent/ForkJoinPool$ForkJoinWorkerThreadFactory
instanceKlass java/util/concurrent/CompletableFuture$AltResult
instanceKlass java/util/concurrent/CompletableFuture
instanceKlass java/util/concurrent/CompletionStage
instanceKlass org/gradle/launcher/daemon/server/exec/BuildCommandOnly
instanceKlass org/gradle/launcher/daemon/server/api/HandleReportStatus
instanceKlass org/gradle/launcher/daemon/server/exec/HandleCancel
instanceKlass org/gradle/launcher/daemon/server/api/HandleInvalidateVirtualFileSystem
instanceKlass org/gradle/launcher/daemon/protocol/Message
instanceKlass org/gradle/launcher/daemon/server/api/HandleStop
instanceKlass org/gradle/launcher/daemon/diagnostics/DaemonDiagnostics
# instanceKlass java/lang/invoke/LambdaForm$MH+0x000001dec30fa800
# instanceKlass java/lang/invoke/LambdaForm$MH+0x000001dec30fa400
# instanceKlass java/lang/invoke/LambdaForm$MH+0x000001dec30fa000
# instanceKlass java/lang/invoke/LambdaForm$DMH+0x000001dec30f9c00
# instanceKlass java/lang/invoke/LambdaForm$MH+0x000001dec30f9800
# instanceKlass java/lang/invoke/LambdaForm$DMH+0x000001dec30f9400
# instanceKlass java/lang/invoke/LambdaForm$MH+0x000001dec30f9000
# instanceKlass java/lang/invoke/LambdaForm$DMH+0x000001dec30f8c00
# instanceKlass java/lang/invoke/LambdaForm$MH+0x000001dec30f8800
# instanceKlass java/lang/invoke/LambdaForm$DMH+0x000001dec30f8400
instanceKlass java/lang/invoke/ClassSpecializer$Factory$1Var
# instanceKlass java/lang/invoke/LambdaForm$MH+0x000001dec30f8000
# instanceKlass java/lang/invoke/LambdaForm$MH+0x000001dec30f7c00
# instanceKlass java/lang/invoke/LambdaForm$MH+0x000001dec30f7800
# instanceKlass java/lang/invoke/LambdaForm$MH+0x000001dec30f7400
# instanceKlass java/lang/invoke/LambdaForm$MH+0x000001dec30f7000
# instanceKlass java/lang/invoke/LambdaForm$MH+0x000001dec30f6c00
# instanceKlass java/lang/invoke/LambdaForm$MH+0x000001dec30f6800
# instanceKlass java/lang/invoke/LambdaForm$MH+0x000001dec30f6400
# instanceKlass java/lang/invoke/LambdaForm$BMH+0x000001dec30f6000
# instanceKlass java/lang/invoke/LambdaForm$DMH+0x000001dec30f5c00
# instanceKlass java/lang/invoke/LambdaForm$DMH+0x000001dec30f5800
instanceKlass org/gradle/launcher/daemon/server/expiry/DaemonExpirationResult
instanceKlass jdk/internal/foreign/MemorySessionImpl
instanceKlass java/lang/foreign/MemorySegment$Scope
instanceKlass org/gradle/launcher/daemon/server/expiry/DaemonExpirationListener
instanceKlass java/lang/Thread$ThreadNumbering
instanceKlass java/util/concurrent/Executors$RunnableAdapter
instanceKlass java/util/concurrent/Executors
instanceKlass java/util/concurrent/FutureTask$WaitNode
instanceKlass java/util/concurrent/FutureTask
instanceKlass org/gradle/internal/concurrent/AbstractManagedExecutor$1
instanceKlass org/gradle/launcher/daemon/server/health/gc/GarbageCollectionCheck
instanceKlass  @bci org/gradle/launcher/daemon/server/health/gc/DefaultGarbageCollectionMonitor pollForValues ()V 4 <appendix> member <vmtarget> ; # org/gradle/launcher/daemon/server/health/gc/DefaultGarbageCollectionMonitor$$Lambda+0x000001dec30f2800
instanceKlass java/util/concurrent/BlockingDeque
instanceKlass org/gradle/launcher/daemon/server/health/gc/DefaultSlidingWindow
instanceKlass org/gradle/launcher/daemon/server/health/gc/SlidingWindow
instanceKlass org/gradle/launcher/daemon/server/health/gc/DefaultGarbageCollectionMonitor
instanceKlass org/gradle/launcher/daemon/server/health/gc/GarbageCollectionInfo
instanceKlass org/gradle/internal/concurrent/ExecutorPolicy$CatchAndRecordFailures
instanceKlass jdk/internal/vm/ThreadContainers
instanceKlass jdk/internal/vm/StackableScope
instanceKlass java/util/concurrent/RunnableScheduledFuture
instanceKlass java/util/concurrent/ScheduledFuture
instanceKlass java/util/concurrent/Delayed
instanceKlass java/util/concurrent/RunnableFuture
instanceKlass java/util/concurrent/Future
instanceKlass org/gradle/internal/concurrent/ThreadFactoryImpl
instanceKlass java/util/concurrent/ThreadPoolExecutor$AbortPolicy
instanceKlass java/util/concurrent/RejectedExecutionHandler
instanceKlass java/util/concurrent/AbstractExecutorService
instanceKlass  @bci java/lang/invoke/BootstrapMethodInvoker invoke (Ljava/lang/Class;Ljava/lang/invoke/MethodHandle;Ljava/lang/String;Ljava/lang/Object;Ljava/lang/Object;Ljava/lang/Class;)Ljava/lang/Object; 462 <adapter> ; # java/lang/invoke/LambdaForm$MH+0x000001dec30f5400
# instanceKlass java/lang/invoke/LambdaForm$MH+0x000001dec30f5000
# instanceKlass java/lang/invoke/LambdaForm$MH+0x000001dec30f4c00
# instanceKlass java/lang/invoke/LambdaForm$MH+0x000001dec30f4800
# instanceKlass java/lang/invoke/LambdaForm$MH+0x000001dec30f4400
# instanceKlass java/lang/invoke/LambdaForm$DMH+0x000001dec30f4000
instanceKlass org/gradle/internal/concurrent/ManagedScheduledExecutor
instanceKlass java/util/concurrent/ScheduledExecutorService
instanceKlass org/gradle/internal/concurrent/ManagedThreadPoolExecutor
instanceKlass org/gradle/internal/concurrent/ManagedExecutor
instanceKlass java/util/concurrent/ExecutorService
instanceKlass java/util/concurrent/Executor
instanceKlass org/gradle/internal/concurrent/AsyncStoppable
instanceKlass org/gradle/internal/concurrent/ExecutorPolicy
instanceKlass org/gradle/internal/concurrent/DefaultExecutorFactory
instanceKlass  @bci org/gradle/launcher/daemon/server/health/gc/GarbageCollectorMonitoringStrategy determineGcStrategy ()Lorg/gradle/launcher/daemon/server/health/gc/GarbageCollectorMonitoringStrategy; 52 <appendix> argL0 ; # org/gradle/launcher/daemon/server/health/gc/GarbageCollectorMonitoringStrategy$$Lambda+0x000001dec30ef800
instanceKlass sun/management/Sensor
instanceKlass sun/management/MemoryPoolImpl
instanceKlass java/lang/management/MemoryPoolMXBean
instanceKlass  @bci org/gradle/launcher/daemon/server/health/gc/GarbageCollectorMonitoringStrategy determineGcStrategy ()Lorg/gradle/launcher/daemon/server/health/gc/GarbageCollectorMonitoringStrategy; 16 <appendix> member <vmtarget> ; # org/gradle/launcher/daemon/server/health/gc/GarbageCollectorMonitoringStrategy$$Lambda+0x000001dec30ebd90
instanceKlass  @bci org/gradle/launcher/daemon/server/health/gc/GarbageCollectorMonitoringStrategy determineGcStrategy ()Lorg/gradle/launcher/daemon/server/health/gc/GarbageCollectorMonitoringStrategy; 3 <appendix> argL0 ; # org/gradle/launcher/daemon/server/health/gc/GarbageCollectorMonitoringStrategy$$Lambda+0x000001dec30ebb70
instanceKlass  @cpi org/codehaus/groovy/vmplugin/v9/Java9 268 form vmentry <vmtarget> ; # java/lang/invoke/LambdaForm$DMH+0x000001dec30ef400
instanceKlass  @bci sun/management/spi/PlatformMBeanProvider$PlatformComponent getMBeans (Ljava/lang/Class;)Ljava/util/List; 63 <appendix> member <vmtarget> ; # sun/management/spi/PlatformMBeanProvider$PlatformComponent$$Lambda+0x000001dec30767d8
instanceKlass  @bci sun/management/spi/PlatformMBeanProvider$PlatformComponent getMBeans (Ljava/lang/Class;)Ljava/util/List; 47 <appendix> member <vmtarget> ; # sun/management/spi/PlatformMBeanProvider$PlatformComponent$$Lambda+0x000001dec3076580
instanceKlass com/sun/jmx/mbeanserver/Util
instanceKlass javax/management/ObjectName$Property
instanceKlass com/sun/jmx/mbeanserver/GetPropertyAction
instanceKlass javax/management/ObjectName
instanceKlass javax/management/QueryExp
instanceKlass  @bci sun/management/Util newObjectName (Ljava/lang/String;Ljava/lang/String;)Ljavax/management/ObjectName; 2 <appendix> form vmentry <vmtarget> ; # java/lang/invoke/LambdaForm$MH+0x000001dec30ef000
instanceKlass java/lang/invoke/LambdaFormEditor$1
# instanceKlass java/lang/invoke/LambdaForm$MH+0x000001dec30eec00
instanceKlass  @bci sun/management/Util newObjectName (Ljava/lang/String;Ljava/lang/String;)Ljavax/management/ObjectName; 2 <appendix> argL3 form vmentry <vmtarget> ; # java/lang/invoke/LambdaForm$MH+0x000001dec30ee800
instanceKlass java/lang/invoke/MethodHandles$1
# instanceKlass java/lang/invoke/LambdaForm$MH+0x000001dec30ee400
# instanceKlass java/lang/invoke/LambdaForm$MH+0x000001dec30ee000
# instanceKlass java/lang/invoke/LambdaForm$MH+0x000001dec30edc00
# instanceKlass java/lang/invoke/LambdaForm$MH+0x000001dec30ed800
instanceKlass  @bci sun/management/Util newObjectName (Ljava/lang/String;Ljava/lang/String;)Ljavax/management/ObjectName; 2 <appendix> argL1 form vmentry <vmtarget> ; # java/lang/invoke/LambdaForm$MH+0x000001dec30ed400
# instanceKlass java/lang/invoke/LambdaForm$MH+0x000001dec30ed000
instanceKlass  @bci sun/management/Util newObjectName (Ljava/lang/String;Ljava/lang/String;)Ljavax/management/ObjectName; 2 <appendix> argL1 argL0 form vmentry <vmtarget> ; # java/lang/invoke/LambdaForm$MH+0x000001dec30ecc00
# instanceKlass java/lang/invoke/LambdaForm$MH+0x000001dec30ec800
# instanceKlass java/lang/invoke/LambdaForm$MH+0x000001dec30ec400
instanceKlass java/lang/Long$LongCache
# instanceKlass java/lang/invoke/LambdaForm$MH+0x000001dec30ec000
instanceKlass sun/management/Util
instanceKlass com/sun/management/GarbageCollectorMXBean
instanceKlass java/lang/management/MemoryMXBean
instanceKlass  @bci java/util/stream/Collectors toList ()Ljava/util/stream/Collector; 14 <appendix> argL0 ; # java/util/stream/Collectors$$Lambda+0x000001dec3073d68
instanceKlass  @bci java/util/stream/Collectors toList ()Ljava/util/stream/Collector; 9 <appendix> argL0 ; # java/util/stream/Collectors$$Lambda+0x000001dec3073b38
instanceKlass  @bci java/util/stream/Collectors toList ()Ljava/util/stream/Collector; 4 <appendix> argL0 ; # java/util/stream/Collectors$$Lambda+0x000001dec3073918
instanceKlass  @bci java/lang/management/ManagementFactory getPlatformMXBeans (Ljava/lang/Class;)Ljava/util/List; 35 <appendix> member <vmtarget> ; # java/lang/management/ManagementFactory$$Lambda+0x000001dec30736d0
instanceKlass  @bci java/lang/management/ManagementFactory$PlatformMBeanFinder findFirst (Ljava/lang/Class;)Lsun/management/spi/PlatformMBeanProvider$PlatformComponent; 19 <appendix> member <vmtarget> ; # java/lang/management/ManagementFactory$PlatformMBeanFinder$$Lambda+0x000001dec3073478
instanceKlass java/util/HashMap$HashMapSpliterator
instanceKlass jdk/management/jfr/internal/FlightRecorderMXBeanProvider$SingleMBeanComponent
instanceKlass jdk/management/jfr/FlightRecorderMXBean
instanceKlass java/lang/management/DefaultPlatformMBeanProvider$11
instanceKlass java/lang/management/DefaultPlatformMBeanProvider$10
instanceKlass java/lang/management/DefaultPlatformMBeanProvider$9
instanceKlass sun/management/ManagementFactoryHelper$LoggingMXBeanAccess$1
instanceKlass sun/management/ManagementFactoryHelper$LoggingMXBeanAccess
instanceKlass java/lang/management/DefaultPlatformMBeanProvider$8
instanceKlass java/lang/management/DefaultPlatformMBeanProvider$7
instanceKlass java/lang/management/DefaultPlatformMBeanProvider$6
instanceKlass java/lang/management/DefaultPlatformMBeanProvider$5
instanceKlass java/lang/management/DefaultPlatformMBeanProvider$4
instanceKlass java/lang/management/DefaultPlatformMBeanProvider$3
instanceKlass java/lang/management/DefaultPlatformMBeanProvider$2
instanceKlass java/lang/management/DefaultPlatformMBeanProvider$1
instanceKlass com/sun/management/internal/PlatformMBeanProviderImpl$5
instanceKlass sun/management/VMManagementImpl
instanceKlass sun/management/VMManagement
instanceKlass sun/management/ManagementFactoryHelper
instanceKlass sun/management/NotificationEmitterSupport
instanceKlass javax/management/NotificationEmitter
instanceKlass javax/management/NotificationBroadcaster
instanceKlass com/sun/management/DiagnosticCommandMBean
instanceKlass javax/management/DynamicMBean
instanceKlass com/sun/management/internal/PlatformMBeanProviderImpl$4
instanceKlass com/sun/management/internal/PlatformMBeanProviderImpl$3
instanceKlass com/sun/management/internal/PlatformMBeanProviderImpl$2
instanceKlass com/sun/management/internal/PlatformMBeanProviderImpl$1
instanceKlass sun/management/spi/PlatformMBeanProvider$PlatformComponent
instanceKlass  @bci com/sun/management/internal/PlatformMBeanProviderImpl <clinit> ()V 8 <appendix> argL0 ; # com/sun/management/internal/PlatformMBeanProviderImpl$$Lambda+0x000001dec306e570
instanceKlass java/util/concurrent/Callable
instanceKlass sun/management/spi/PlatformMBeanProvider
instanceKlass java/lang/management/ManagementFactory$PlatformMBeanFinder$1
instanceKlass java/lang/management/ManagementFactory$PlatformMBeanFinder
instanceKlass java/lang/management/GarbageCollectorMXBean
instanceKlass java/lang/management/MemoryManagerMXBean
instanceKlass java/lang/management/PlatformManagedObject
instanceKlass  @bci java/lang/management/ManagementFactory loadNativeLib ()V 0 <appendix> argL0 ; # java/lang/management/ManagementFactory$$Lambda+0x000001dec306d0e0
instanceKlass java/lang/management/ManagementFactory
instanceKlass org/gradle/launcher/daemon/server/health/gc/GarbageCollectionMonitor
instanceKlass org/gradle/internal/time/DefaultTimer
instanceKlass java/lang/Deprecated
instanceKlass com/google/errorprone/annotations/DoNotMock
instanceKlass com/google/common/collect/ObjectArrays
instanceKlass org/gradle/internal/service/scopes/ListenerService
instanceKlass org/gradle/internal/service/scopes/StatefulListener
instanceKlass org/gradle/internal/event/DefaultListenerManager$EventBroadcast
instanceKlass org/gradle/internal/event/DefaultListenerManager
instanceKlass org/gradle/internal/buildprocess/execution/BuildSessionLifecycleBuildActionExecutor
instanceKlass org/gradle/internal/buildprocess/execution/StartParamsValidatingActionExecutor
instanceKlass org/gradle/initialization/BuildRequestMetaData
instanceKlass org/gradle/internal/exception/ExceptionAnalyser
instanceKlass org/gradle/initialization/exception/ExceptionCollector
instanceKlass org/gradle/problems/buildtree/ProblemDiagnosticsFactory
instanceKlass org/gradle/internal/buildprocess/execution/SessionFailureReportingActionExecutor
instanceKlass org/gradle/StartParameter
instanceKlass org/gradle/concurrent/ParallelismConfiguration
instanceKlass org/gradle/internal/buildprocess/execution/SetupLoggingActionExecutor
# instanceKlass java/lang/invoke/LambdaForm$MH+0x000001dec30e6c00
# instanceKlass java/lang/invoke/LambdaForm$MH+0x000001dec30e6800
# instanceKlass java/lang/invoke/LambdaForm$MH+0x000001dec30e6400
# instanceKlass java/lang/invoke/LambdaForm$MH+0x000001dec30e6000
# instanceKlass java/lang/invoke/LambdaForm$MH+0x000001dec30e5c00
# instanceKlass java/lang/invoke/LambdaForm$MH+0x000001dec30e5800
# instanceKlass java/lang/invoke/LambdaForm$DMH+0x000001dec30e5400
instanceKlass org/gradle/internal/hash/ClassLoaderHierarchyHasher
instanceKlass org/gradle/execution/plan/ToPlannedNodeConverter
instanceKlass org/gradle/internal/file/FileAccessTimeJournal
instanceKlass org/gradle/cache/internal/FileContentCacheFactory
instanceKlass org/gradle/cache/scopes/ScopedCacheBuilderFactory
instanceKlass org/gradle/initialization/ClassLoaderScopeRegistry
instanceKlass org/gradle/api/internal/initialization/loadercache/ClassLoaderCache
instanceKlass org/gradle/internal/execution/timeout/TimeoutHandler
instanceKlass org/gradle/process/internal/worker/WorkerProcessFactory
instanceKlass org/gradle/internal/jvm/inspection/JvmMetadataDetector
instanceKlass org/gradle/internal/jvm/inspection/JvmVersionDetector
instanceKlass org/gradle/cache/GlobalCacheLocations
instanceKlass org/gradle/internal/classloader/HashingClassLoaderFactory
instanceKlass org/gradle/cache/UnscopedCacheBuilderFactory
instanceKlass org/gradle/internal/isolation/IsolatableFactory
instanceKlass org/gradle/internal/service/scopes/WorkerSharedUserHomeScopeServices
instanceKlass org/gradle/internal/service/scopes/DefaultGradleUserHomeScopeServiceRegistry
instanceKlass org/gradle/internal/logging/text/AbstractStyledTextOutputFactory
# instanceKlass java/lang/invoke/LambdaForm$MH+0x000001dec30e5000
# instanceKlass java/lang/invoke/LambdaForm$MH+0x000001dec30e4c00
# instanceKlass java/lang/invoke/LambdaForm$MH+0x000001dec30e4800
instanceKlass java/util/concurrent/atomic/AtomicBoolean
instanceKlass org/gradle/internal/instrumentation/agent/DefaultClassFileTransformer
instanceKlass org/gradle/internal/logging/text/AbstractLineChoppingStyledTextOutput$StateContext
instanceKlass java/text/DontCareFieldPosition$1
instanceKlass java/text/Format$FieldDelegate
instanceKlass java/util/Date
instanceKlass java/text/DigitList
instanceKlass java/text/FieldPosition
instanceKlass  @bci sun/util/locale/provider/JRELocaleProviderAdapter getDecimalFormatSymbolsProvider ()Ljava/text/spi/DecimalFormatSymbolsProvider; 8 <appendix> member <vmtarget> ; # sun/util/locale/provider/JRELocaleProviderAdapter$$Lambda+0x800000065
instanceKlass java/text/DecimalFormatSymbols
instanceKlass  @bci sun/util/locale/provider/JRELocaleProviderAdapter getNumberFormatProvider ()Ljava/text/spi/NumberFormatProvider; 8 <appendix> member <vmtarget> ; # sun/util/locale/provider/JRELocaleProviderAdapter$$Lambda+0x800000066
instanceKlass  @bci sun/util/locale/provider/JRELocaleProviderAdapter getDateFormatSymbolsProvider ()Ljava/text/spi/DateFormatSymbolsProvider; 8 <appendix> member <vmtarget> ; # sun/util/locale/provider/JRELocaleProviderAdapter$$Lambda+0x800000064
instanceKlass java/text/DateFormatSymbols
instanceKlass sun/util/calendar/CalendarUtils
instanceKlass sun/util/calendar/CalendarDate
instanceKlass sun/util/resources/Bundles$CacheKeyReference
instanceKlass  @bci java/util/ResourceBundle$ResourceBundleProviderHelper newResourceBundle (Ljava/lang/Class;)Ljava/util/ResourceBundle; 22 <appendix> member <vmtarget> ; # java/util/ResourceBundle$ResourceBundleProviderHelper$$Lambda+0x80000000f
instanceKlass java/util/ResourceBundle$ResourceBundleProviderHelper
instanceKlass  @bci sun/util/cldr/CLDRLocaleProviderAdapter applyAliases (Ljava/util/Locale;)Ljava/util/Locale; 4 <appendix> argL0 ; # sun/util/cldr/CLDRLocaleProviderAdapter$$Lambda+0x80000005e
instanceKlass sun/util/resources/Bundles$CacheKey
instanceKlass java/util/ResourceBundle$1
instanceKlass jdk/internal/access/JavaUtilResourceBundleAccess
instanceKlass sun/util/resources/Bundles
instanceKlass sun/util/resources/LocaleData$LocaleDataStrategy
instanceKlass sun/util/resources/Bundles$Strategy
instanceKlass sun/util/resources/LocaleData$1
instanceKlass sun/util/resources/LocaleData
instanceKlass sun/util/locale/provider/LocaleResources
instanceKlass java/util/stream/Nodes$ArrayNode
instanceKlass  @bci sun/util/locale/provider/LocaleProviderAdapter toLocaleArray (Ljava/util/Set;)[Ljava/util/Locale; 16 <appendix> argL0 ; # sun/util/locale/provider/LocaleProviderAdapter$$Lambda+0x800000068
instanceKlass  @bci sun/util/locale/provider/LocaleProviderAdapter toLocaleArray (Ljava/util/Set;)[Ljava/util/Locale; 6 <appendix> argL0 ; # sun/util/locale/provider/LocaleProviderAdapter$$Lambda+0x800000067
instanceKlass  @bci sun/util/cldr/CLDRLocaleProviderAdapter getCalendarDataProvider ()Ljava/util/spi/CalendarDataProvider; 8 <appendix> member <vmtarget> ; # sun/util/cldr/CLDRLocaleProviderAdapter$$Lambda+0x800000061
instanceKlass java/util/ResourceBundle
instanceKlass java/util/ResourceBundle$Control
instanceKlass sun/util/locale/provider/CalendarDataUtility$CalendarWeekParameterGetter
instanceKlass sun/util/locale/provider/LocaleServiceProviderPool$LocalizedObjectGetter
instanceKlass sun/util/locale/provider/LocaleServiceProviderPool
instanceKlass java/util/Locale$Builder
instanceKlass sun/util/locale/provider/CalendarDataUtility
instanceKlass sun/util/calendar/CalendarSystem$GregorianHolder
instanceKlass sun/util/calendar/CalendarSystem
instanceKlass java/util/Calendar$Builder
instanceKlass sun/util/locale/provider/AvailableLanguageTags
instanceKlass  @bci sun/util/locale/provider/JRELocaleProviderAdapter getCalendarProvider ()Lsun/util/spi/CalendarProvider; 8 <appendix> member <vmtarget> ; # sun/util/locale/provider/JRELocaleProviderAdapter$$Lambda+0x800000062
instanceKlass sun/util/resources/cldr/provider/CLDRLocaleDataMetaInfo
instanceKlass jdk/internal/jimage/decompressor/ZipDecompressor
instanceKlass jdk/internal/jimage/decompressor/ResourceDecompressor
instanceKlass jdk/internal/jimage/decompressor/ResourceDecompressorFactory
instanceKlass jdk/internal/jimage/decompressor/ResourceDecompressorRepository
instanceKlass jdk/internal/jimage/decompressor/CompressedResourceHeader
instanceKlass  @bci jdk/internal/jimage/BasicImageReader getResourceBuffer (Ljdk/internal/jimage/ImageLocation;)Ljava/nio/ByteBuffer; 168 <appendix> member <vmtarget> ; # jdk/internal/jimage/BasicImageReader$$Lambda+0x000001dec306a5c0
instanceKlass jdk/internal/jimage/decompressor/ResourceDecompressor$StringsProvider
instanceKlass java/util/AbstractMap$SimpleEntry
instanceKlass jdk/internal/jimage/ImageBufferCache$2
instanceKlass jdk/internal/jimage/ImageBufferCache
instanceKlass jdk/internal/module/ModulePatcher$PatchedModuleReader
instanceKlass  @bci sun/util/cldr/CLDRLocaleProviderAdapter <init> ()V 4 <appendix> argL0 ; # sun/util/cldr/CLDRLocaleProviderAdapter$$Lambda+0x800000060
instanceKlass sun/util/locale/LocaleObjectCache
instanceKlass sun/util/locale/BaseLocale$Key
instanceKlass sun/util/locale/InternalLocaleBuilder$CaseInsensitiveChar
instanceKlass sun/util/locale/InternalLocaleBuilder
instanceKlass sun/util/locale/StringTokenIterator
instanceKlass sun/util/locale/ParseStatus
instanceKlass sun/util/locale/LanguageTag
instanceKlass sun/util/cldr/CLDRBaseLocaleDataMetaInfo
instanceKlass sun/util/locale/provider/LocaleDataMetaInfo
instanceKlass sun/util/locale/provider/ResourceBundleBasedAdapter
instanceKlass sun/util/locale/provider/LocaleProviderAdapter
instanceKlass java/util/spi/LocaleServiceProvider
instanceKlass sun/util/calendar/ZoneInfoFile$ZoneOffsetTransitionRule
instanceKlass jdk/internal/util/ByteArray
instanceKlass sun/util/calendar/ZoneInfoFile$1
instanceKlass sun/util/calendar/ZoneInfoFile
instanceKlass java/util/TimeZone
instanceKlass java/util/Calendar
instanceKlass java/text/AttributedCharacterIterator$Attribute
instanceKlass java/text/Format
instanceKlass org/gradle/internal/logging/sink/LogEventDispatcher
instanceKlass org/gradle/internal/logging/text/AbstractLineChoppingStyledTextOutput$SeenFromEol
instanceKlass org/gradle/internal/SystemProperties
instanceKlass org/gradle/internal/logging/text/AbstractLineChoppingStyledTextOutput$4
instanceKlass org/gradle/internal/logging/text/AbstractLineChoppingStyledTextOutput$3
instanceKlass org/gradle/internal/logging/text/AbstractLineChoppingStyledTextOutput$2
instanceKlass org/gradle/internal/logging/text/AbstractLineChoppingStyledTextOutput$1
instanceKlass org/gradle/internal/logging/text/AbstractLineChoppingStyledTextOutput$State
instanceKlass org/gradle/internal/logging/text/StreamBackedStandardOutputListener
instanceKlass org/gradle/internal/logging/text/AbstractStyledTextOutput
instanceKlass org/gradle/internal/logging/console/StyledTextOutputBackedRenderer
instanceKlass org/slf4j/helpers/FormattingTuple
instanceKlass org/slf4j/helpers/MessageFormatter
instanceKlass net/rubygrapefruit/platform/internal/FunctionResult
instanceKlass org/gradle/internal/logging/source/PrintStreamLoggingSystem$PrintStreamDestination
instanceKlass java/util/logging/ErrorManager
instanceKlass org/gradle/internal/logging/source/JavaUtilLoggingSystem$SnapshotImpl
instanceKlass org/gradle/internal/logging/config/LoggingSystemAdapter$SnapshotImpl
instanceKlass org/gradle/internal/logging/events/OutputEventListener$1
instanceKlass org/gradle/internal/dispatch/MethodInvocation
instanceKlass org/gradle/internal/logging/sink/OutputEventRenderer$SnapshotImpl
instanceKlass org/gradle/process/internal/shutdown/ShutdownHooks
instanceKlass org/gradle/launcher/daemon/bootstrap/DaemonMain$1
instanceKlass  @bci com/google/common/io/Files <clinit> ()V 0 <appendix> argL0 ; # com/google/common/io/Files$$Lambda+0x000001dec30da0b0
instanceKlass com/google/common/graph/SuccessorsFunction
instanceKlass com/google/common/io/ByteSource
instanceKlass com/google/common/io/LineProcessor
instanceKlass com/google/common/io/ByteSink
instanceKlass com/google/common/base/Predicate
instanceKlass com/google/common/io/Files
# instanceKlass java/lang/invoke/LambdaForm$MH+0x000001dec30dd000
# instanceKlass java/lang/invoke/LambdaForm$MH+0x000001dec30dcc00
instanceKlass org/gradle/util/internal/GFileUtils
instanceKlass  @bci java/util/regex/CharPredicates ctype (I)Ljava/util/regex/Pattern$CharPredicate; 1 <appendix> member <vmtarget> ; # java/util/regex/CharPredicates$$Lambda+0x000001dec3067550
instanceKlass org/gradle/util/GradleVersion
# instanceKlass java/lang/invoke/LambdaForm$MH+0x000001dec30dc800
instanceKlass sun/invoke/util/ValueConversions$WrapperCache
# instanceKlass java/lang/invoke/LambdaForm$MH+0x000001dec30dc400
# instanceKlass java/lang/invoke/LambdaForm$BMH+0x000001dec30dc000
instanceKlass net/rubygrapefruit/platform/internal/jni/PosixProcessFunctions
instanceKlass org/gradle/jvm/toolchain/internal/DefaultJavaLanguageVersion
instanceKlass org/gradle/jvm/toolchain/JavaLanguageVersion
instanceKlass com/google/common/base/Optional
instanceKlass org/gradle/internal/FileUtils$1
instanceKlass org/gradle/internal/FileUtils
instanceKlass org/gradle/launcher/daemon/context/DefaultDaemonContext$Serializer
instanceKlass org/gradle/launcher/daemon/toolchain/DaemonJvmCriteria
instanceKlass org/gradle/launcher/daemon/context/DefaultDaemonContext
instanceKlass org/gradle/internal/nativeintegration/ReflectiveEnvironment
instanceKlass org/gradle/internal/nativeintegration/processenvironment/AbstractProcessEnvironment
instanceKlass net/rubygrapefruit/platform/internal/DefaultProcess
instanceKlass net/rubygrapefruit/platform/internal/WrapperProcess
instanceKlass net/rubygrapefruit/platform/file/WindowsFiles
instanceKlass org/gradle/launcher/daemon/server/api/DaemonCommandAction
instanceKlass org/gradle/internal/invocation/BuildAction
instanceKlass org/gradle/launcher/daemon/server/stats/DaemonRunningStats
instanceKlass org/gradle/launcher/daemon/server/health/DaemonHealthCheck
instanceKlass org/gradle/launcher/daemon/server/DaemonLogFile
instanceKlass org/gradle/launcher/daemon/registry/DaemonDir
instanceKlass org/gradle/internal/serialize/Serializer
instanceKlass org/gradle/launcher/daemon/server/health/DaemonHealthStats
instanceKlass org/gradle/launcher/daemon/server/MasterExpirationStrategy
instanceKlass org/gradle/launcher/daemon/server/health/HealthExpirationStrategy
instanceKlass org/gradle/launcher/daemon/server/Daemon
instanceKlass org/gradle/launcher/daemon/server/health/gc/GarbageCollectorMonitoringStrategy
instanceKlass org/gradle/tooling/internal/provider/runner/OperationDependencyLookup
instanceKlass org/gradle/tooling/internal/provider/runner/ToolingApiBuildEventListenerFactory
instanceKlass org/gradle/tooling/internal/provider/LauncherServices$ToolingGlobalScopeServices
instanceKlass org/gradle/tooling/internal/provider/ExecuteBuildActionRunner
instanceKlass org/gradle/internal/buildtree/BuildActionRunner
instanceKlass org/gradle/plugin/internal/PluginUseServices$GlobalScopeServices
instanceKlass org/gradle/platform/base/internal/registry/ComponentModelBaseServices$GlobalScopeServices
instanceKlass org/gradle/nativeplatform/NativeBinarySpec
instanceKlass org/gradle/platform/base/BinarySpec
instanceKlass org/gradle/platform/base/Binary
instanceKlass org/gradle/api/CheckableComponentSpec
instanceKlass org/gradle/api/BuildableComponentSpec
instanceKlass org/gradle/platform/base/ComponentSpec
instanceKlass org/gradle/model/ModelElement
instanceKlass org/gradle/api/Buildable
instanceKlass org/gradle/nativeplatform/TargetMachineBuilder
instanceKlass org/gradle/nativeplatform/TargetMachine
instanceKlass org/gradle/nativeplatform/internal/DefaultTargetMachineFactory
instanceKlass org/gradle/nativeplatform/TargetMachineFactory
instanceKlass org/gradle/nativeplatform/internal/NativePlatformResolver
instanceKlass org/gradle/platform/base/internal/PlatformResolver
instanceKlass org/gradle/nativeplatform/platform/internal/OperatingSystemInternal
instanceKlass org/gradle/nativeplatform/platform/OperatingSystem
instanceKlass org/gradle/nativeplatform/platform/internal/NativePlatformInternal
instanceKlass org/gradle/nativeplatform/platform/NativePlatform
instanceKlass org/gradle/platform/base/Platform
instanceKlass org/gradle/api/Named
instanceKlass org/gradle/nativeplatform/platform/internal/NativePlatforms
instanceKlass org/gradle/internal/logging/text/DiagnosticsVisitor
# instanceKlass java/lang/invoke/LambdaForm$MH+0x000001dec30cc400
instanceKlass org/gradle/initialization/BuildEventConsumer
instanceKlass org/gradle/internal/build/event/BuildEventSubscriptions
instanceKlass org/gradle/internal/build/event/OperationResultPostProcessorFactory
instanceKlass org/gradle/language/java/internal/JavaLanguageServices$JavaGlobalScopeServices
instanceKlass org/gradle/kotlin/dsl/support/ImplicitImports
instanceKlass org/gradle/kotlin/dsl/support/GlobalServices
instanceKlass org/gradle/jvm/toolchain/internal/install/JavaToolchainHttpRedirectVerifierFactory
instanceKlass com/google/common/base/Supplier
instanceKlass org/gradle/platform/internal/CurrentBuildPlatform
instanceKlass org/gradle/jvm/toolchain/internal/DefaultToolchainSpec
instanceKlass org/gradle/jvm/toolchain/internal/JavaToolchainSpecInternal
instanceKlass org/gradle/jvm/toolchain/JavaToolchainSpec
instanceKlass org/gradle/jvm/internal/services/ToolchainsJvmServices$GlobalServices
instanceKlass org/gradle/api/internal/changedetection/state/FileHasherStatistics$Collector
instanceKlass org/gradle/internal/snapshot/impl/DirectorySnapshotterStatistics$Collector
instanceKlass org/gradle/internal/service/scopes/VirtualFileSystemServices$GlobalScopeServices
# instanceKlass java/lang/invoke/LambdaForm$MH+0x000001dec30cc000
instanceKlass java/lang/invoke/MethodHandle$1
instanceKlass org/gradle/internal/service/scopes/ExecutionGlobalServices$AnnotationHandlerRegistration
instanceKlass org/gradle/internal/properties/bean/PropertyWalker
instanceKlass org/gradle/internal/service/scopes/ExecutionGlobalServices$AnnotationHandlerRegistar
instanceKlass org/gradle/internal/instrumentation/api/annotations/ReplacesEagerProperty
instanceKlass org/gradle/api/model/ReplacedBy
instanceKlass org/gradle/api/tasks/Internal
instanceKlass org/gradle/api/tasks/TaskAction
instanceKlass org/gradle/api/internal/plugins/software/SoftwareType
instanceKlass org/gradle/api/services/ServiceReference
instanceKlass org/gradle/api/tasks/OutputFiles
instanceKlass org/gradle/api/tasks/OutputFile
instanceKlass org/gradle/api/tasks/OutputDirectory
instanceKlass org/gradle/api/tasks/OutputDirectories
instanceKlass org/gradle/api/tasks/options/OptionValues
instanceKlass org/gradle/api/tasks/Nested
instanceKlass org/gradle/api/tasks/LocalState
instanceKlass org/gradle/api/tasks/InputFiles
instanceKlass org/gradle/api/tasks/InputFile
instanceKlass org/gradle/api/tasks/InputDirectory
instanceKlass org/gradle/api/artifacts/transform/InputArtifactDependencies
instanceKlass org/gradle/api/artifacts/transform/InputArtifact
instanceKlass org/gradle/api/tasks/Input
instanceKlass org/gradle/api/tasks/Destroys
instanceKlass org/gradle/api/tasks/Console
instanceKlass org/gradle/internal/execution/history/ImmutableWorkspaceMetadataStore
instanceKlass org/gradle/internal/reflect/annotations/TypeAnnotationMetadataStore
instanceKlass org/gradle/api/internal/project/taskfactory/TaskClassInfoStore
instanceKlass org/gradle/internal/properties/annotations/FunctionAnnotationHandler
instanceKlass org/gradle/internal/execution/WorkExecutionTracker
instanceKlass org/gradle/internal/execution/WorkInputListeners
instanceKlass org/gradle/internal/service/scopes/ExecutionGlobalServices
instanceKlass kotlin/annotation/Target
instanceKlass kotlin/annotation/Retention
instanceKlass kotlin/Metadata
instanceKlass org/gradle/internal/serialize/beans/services/BeanConstructors
instanceKlass org/gradle/internal/resource/transport/sftp/SftpClientFactory
instanceKlass org/gradle/internal/resource/transport/sftp/SftpResourcesServices$GlobalScopeServices
instanceKlass java/lang/FunctionalInterface
instanceKlass org/gradle/internal/resource/transport/http/HttpClientHelper$Factory
instanceKlass org/gradle/internal/resource/transport/http/SslContextFactory
instanceKlass org/gradle/internal/resource/transport/http/HttpResourcesServices$GlobalScopeServices
instanceKlass org/gradle/internal/resource/transport/gcp/gcs/GcsResourcesServices$GlobalScopeServices
instanceKlass org/gradle/internal/resource/transport/aws/s3/S3ResourcesServices$GlobalScopeServices
instanceKlass org/gradle/tooling/internal/provider/serialization/ClassLoaderCache
instanceKlass org/gradle/api/internal/tasks/userinput/UserInputReader$UserInput
instanceKlass org/gradle/api/internal/tasks/userinput/DefaultUserInputReader
instanceKlass org/gradle/api/internal/tasks/userinput/UserInputReader
instanceKlass org/gradle/internal/operations/BuildOperationAncestryTracker
instanceKlass org/gradle/internal/build/event/BuildEventServices$1
instanceKlass org/gradle/internal/build/event/BuildEventListenerFactory
instanceKlass org/gradle/internal/build/event/DefaultBuildEventsListenerRegistry
instanceKlass org/gradle/internal/build/event/BuildEventListenerRegistryInternal
instanceKlass org/gradle/build/event/BuildEventsListenerRegistry
instanceKlass org/gradle/internal/file/BufferProvider
instanceKlass org/gradle/caching/internal/BuildCacheServices$1
instanceKlass org/gradle/buildinit/plugins/internal/action/InitBuiltInCommand
instanceKlass org/gradle/reporting/ReportRenderer
instanceKlass org/gradle/api/reporting/components/internal/DiagnosticsServices$1
instanceKlass org/gradle/api/plugins/internal/HelpBuiltInCommand
instanceKlass org/gradle/configuration/project/BuiltInCommand
instanceKlass org/gradle/api/component/SoftwareComponentFactory
instanceKlass org/gradle/api/publish/internal/service/PublishServices$GlobalScopeServices
instanceKlass org/gradle/api/internal/tasks/testing/report/generic/MetadataRendererRegistry$MetadataRenderer
instanceKlass com/google/common/cache/CacheLoader
instanceKlass org/gradle/api/internal/tasks/testing/report/generic/MetadataRendererRegistry
instanceKlass org/gradle/api/internal/tasks/testing/TestingBasePluginServices$TestingGlobalScopeServices
instanceKlass org/gradle/internal/fingerprint/FileNormalizer
instanceKlass org/gradle/internal/reflect/annotations/AnnotationCategory
instanceKlass org/gradle/api/problems/ProblemSpec
instanceKlass org/gradle/api/problems/DocLink
instanceKlass org/gradle/internal/component/model/ExcludeMetadata
instanceKlass org/gradle/api/internal/artifacts/ivyservice/moduleconverter/dependencies/DefaultExcludeRuleConverter
instanceKlass org/gradle/api/internal/artifacts/DefaultImmutableModuleIdentifierFactory
instanceKlass org/gradle/api/internal/artifacts/ImmutableModuleIdentifierFactory
instanceKlass org/apache/ivy/util/MessageLogger
instanceKlass org/gradle/api/internal/artifacts/ivyservice/DefaultIvyContextManager
instanceKlass org/gradle/api/internal/artifacts/ivyservice/IvyContextManager
instanceKlass org/gradle/api/internal/artifacts/ivyservice/ivyresolve/strategy/Version
instanceKlass org/gradle/api/internal/artifacts/ivyservice/ivyresolve/strategy/VersionParser
instanceKlass org/gradle/api/Transformer
instanceKlass sun/invoke/util/VerifyAccess$1
instanceKlass java/lang/reflect/WildcardType
instanceKlass org/gradle/internal/resource/ExternalResourceName
instanceKlass org/gradle/api/Describable
instanceKlass org/gradle/api/internal/artifacts/ivyservice/moduleconverter/dependencies/ExcludeRuleConverter
instanceKlass org/gradle/api/internal/tasks/properties/AbstractTypeScheme
instanceKlass org/gradle/api/internal/tasks/properties/TypeScheme
instanceKlass org/gradle/api/internal/tasks/properties/InspectionSchemeFactory
instanceKlass org/gradle/api/internal/artifacts/dsl/dependencies/PlatformSupport
instanceKlass org/gradle/cache/internal/ProducerGuard
instanceKlass org/gradle/api/internal/artifacts/ivyservice/moduleconverter/dependencies/DependencyMetadataFactory
instanceKlass org/gradle/internal/resource/connector/ResourceConnectorFactory
instanceKlass org/gradle/internal/properties/annotations/TypeAnnotationHandler
instanceKlass org/gradle/api/internal/artifacts/DependencyManagementGlobalScopeServices
instanceKlass org/gradle/internal/buildoption/IntegerInternalOption
instanceKlass org/gradle/internal/buildoption/InternalFlag
instanceKlass org/gradle/internal/buildoption/InternalOption
instanceKlass org/gradle/internal/buildoption/Option
instanceKlass org/gradle/internal/service/DefaultServiceLocator$ServiceFactory
instanceKlass org/gradle/internal/service/scopes/AbstractGradleModuleServices
instanceKlass org/gradle/internal/service/scopes/GradleModuleServices
# instanceKlass java/lang/invoke/LambdaForm$MH+0x000001dec30b1400
# instanceKlass java/lang/invoke/LambdaForm$MH+0x000001dec30b1000
# instanceKlass java/lang/invoke/LambdaForm$MH+0x000001dec30b0c00
# instanceKlass java/lang/invoke/LambdaForm$MH+0x000001dec30b0800
instanceKlass  @cpi org/gradle/internal/model/StateTransitionController 351 form vmentry <vmtarget> ; # java/lang/invoke/LambdaForm$DMH+0x000001dec30b0400
# instanceKlass java/lang/invoke/LambdaForm$DMH+0x000001dec30b0000
instanceKlass org/gradle/internal/classpath/intercept/JvmBytecodeInterceptorFactoryProvider$CompositeJvmBytecodeInterceptorFactoryProvider
instanceKlass org/gradle/internal/classpath/GroovyCallInterceptorsProvider$CompositeGroovyCallInterceptorsProvider
instanceKlass  @bci org/gradle/internal/classpath/GroovyCallInterceptorsProvider$ClassLoaderSourceGroovyCallInterceptorsProvider <init> (Ljava/lang/ClassLoader;Ljava/lang/String;)V 10 <appendix> member <vmtarget> ; # org/gradle/internal/classpath/GroovyCallInterceptorsProvider$ClassLoaderSourceGroovyCallInterceptorsProvider$$Lambda+0x000001dec30ae6b8
instanceKlass org/gradle/internal/classpath/GroovyCallInterceptorsProvider$ClassLoaderSourceGroovyCallInterceptorsProvider
instanceKlass  @bci org/gradle/internal/classpath/intercept/JvmBytecodeInterceptorFactoryProvider$ClassLoaderSourceJvmBytecodeInterceptorFactoryProvider <init> (Ljava/lang/ClassLoader;Ljava/lang/String;)V 10 <appendix> member <vmtarget> ; # org/gradle/internal/classpath/intercept/JvmBytecodeInterceptorFactoryProvider$ClassLoaderSourceJvmBytecodeInterceptorFactoryProvider$$Lambda+0x000001dec30ae250
instanceKlass org/gradle/internal/classpath/intercept/JvmBytecodeInterceptorFactoryProvider$ClassLoaderSourceJvmBytecodeInterceptorFactoryProvider
instanceKlass org/gradle/internal/classpath/intercept/JvmBytecodeInterceptorSet
instanceKlass org/gradle/internal/classpath/intercept/DefaultJvmBytecodeInterceptorFactorySet
instanceKlass  @bci org/gradle/internal/classpath/GroovyCallInterceptorsProvider$ClassSourceGroovyCallInterceptorsProvider <init> (Ljava/lang/String;)V 9 <appendix> member <vmtarget> ; # org/gradle/internal/classpath/GroovyCallInterceptorsProvider$ClassSourceGroovyCallInterceptorsProvider$$Lambda+0x000001dec30ad9b8
instanceKlass org/gradle/internal/classpath/Instrumented
instanceKlass org/gradle/internal/classpath/GroovyCallInterceptorsProvider$ClassSourceGroovyCallInterceptorsProvider
instanceKlass org/gradle/internal/classpath/intercept/DefaultCallSiteInterceptorSet
instanceKlass org/gradle/internal/classpath/intercept/CallSiteDecorator
instanceKlass org/gradle/internal/classpath/intercept/JvmBytecodeInterceptorFactoryProvider
instanceKlass org/gradle/internal/classpath/GroovyCallInterceptorsProvider
instanceKlass org/gradle/internal/classpath/intercept/JvmBytecodeInterceptorFactorySet
instanceKlass org/gradle/internal/classpath/intercept/CallSiteInterceptorSet
instanceKlass org/gradle/internal/classpath/intercept/CallInterceptorRegistry
instanceKlass org/gradle/internal/classpath/TransformedClassPath
instanceKlass org/gradle/api/internal/classpath/DefaultModuleRegistry$DefaultModule
instanceKlass org/gradle/internal/IoActions
instanceKlass org/gradle/util/internal/GUtil
instanceKlass  @bci org/gradle/api/internal/classpath/DefaultModuleRegistry loadOptionalModule (Ljava/lang/String;)Lorg/gradle/api/internal/classpath/Module; 4 <appendix> member <vmtarget> ; # org/gradle/api/internal/classpath/DefaultModuleRegistry$$Lambda+0x000001dec30ab990
instanceKlass groovy/lang/MetaClass
instanceKlass groovy/lang/MetaObjectProtocol
instanceKlass groovy/lang/GroovySystem
instanceKlass groovy/lang/MetaClassRegistry
instanceKlass groovy/lang/GroovyObject
instanceKlass org/objectweb/asm/ClassVisitor
instanceKlass org/gradle/internal/classloader/InstrumentingClassLoader
instanceKlass java/util/ComparableTimSort
instanceKlass org/gradle/internal/classloader/FilteringClassLoader$Trie$Builder
instanceKlass org/gradle/internal/classloader/FilteringClassLoader$Trie
instanceKlass org/gradle/internal/classloader/FilteringClassLoader$TrieSet
instanceKlass  @bci java/lang/ClassLoader definePackage (Ljava/lang/String;Ljava/lang/Module;)Ljava/lang/Package; 73 <appendix> member <vmtarget> ; # java/lang/ClassLoader$$Lambda+0x000001dec3065978
instanceKlass  @bci jdk/internal/loader/BootLoader$PackageHelper findModule (Ljava/lang/String;)Ljava/lang/Module; 90 <appendix> member <vmtarget> ; # jdk/internal/loader/BootLoader$PackageHelper$$Lambda+0x000001dec3065750
instanceKlass jdk/internal/loader/BootLoader$PackageHelper
instanceKlass  @bci java/util/stream/StreamSpliterators$WrappingSpliterator forEachRemaining (Ljava/util/function/Consumer;)V 33 <appendix> member <vmtarget> ; # java/util/stream/StreamSpliterators$WrappingSpliterator$$Lambda+0x000001dec3065298
instanceKlass java/util/stream/StreamSpliterators
instanceKlass java/util/stream/AbstractSpinedBuffer
instanceKlass java/util/stream/Node$Builder
instanceKlass java/util/stream/Node$OfDouble
instanceKlass java/util/stream/Node$OfLong
instanceKlass java/util/stream/Node$OfInt
instanceKlass java/util/stream/Node$OfPrimitive
instanceKlass java/util/stream/Nodes$EmptyNode
instanceKlass java/util/stream/Node
instanceKlass java/util/stream/Nodes
instanceKlass  @bci java/lang/ClassLoader getPackages ()[Ljava/lang/Package; 38 <appendix> argL0 ; # java/lang/ClassLoader$$Lambda+0x000001dec30645b0
instanceKlass java/util/function/IntFunction
instanceKlass  @bci jdk/internal/loader/BootLoader packages ()Ljava/util/stream/Stream; 6 <appendix> argL0 ; # jdk/internal/loader/BootLoader$$Lambda+0x000001dec3063f80
instanceKlass java/util/stream/Streams$2
instanceKlass java/util/stream/StreamSpliterators$AbstractWrappingSpliterator
instanceKlass  @bci java/util/stream/AbstractPipeline spliterator ()Ljava/util/Spliterator; 103 <appendix> member <vmtarget> ; # java/util/stream/AbstractPipeline$$Lambda+0x000001dec30635f8
instanceKlass java/util/stream/Streams$ConcatSpliterator
instanceKlass  @bci java/lang/ClassLoader packages ()Ljava/util/stream/Stream; 13 <appendix> member <vmtarget> ; # java/lang/ClassLoader$$Lambda+0x000001dec3062e70
instanceKlass org/gradle/internal/classloader/ClassLoaderUtils$Java9PackagesFetcher
instanceKlass org/gradle/internal/classloader/ClassLoaderUtils$AbstractClassLoaderLookuper
instanceKlass org/gradle/internal/classloader/ClassLoaderUtils$ClassLoaderPackagesFetcher
instanceKlass org/gradle/internal/classloader/ClassLoaderUtils$ClassDefiner
instanceKlass org/gradle/internal/classloader/ClassLoaderUtils
instanceKlass org/gradle/initialization/GradleApiSpecAggregator$DefaultSpec
instanceKlass kotlin/jvm/internal/Intrinsics
instanceKlass kotlin/collections/SetsKt__SetsJVMKt
instanceKlass com/google/common/collect/PeekingIterator
instanceKlass com/google/common/collect/UnmodifiableIterator
instanceKlass com/google/common/collect/Iterators
instanceKlass com/google/common/collect/Hashing
instanceKlass com/google/common/math/IntMath$1
instanceKlass com/google/common/math/MathPreconditions
instanceKlass com/google/common/math/IntMath
instanceKlass com/google/common/base/Preconditions
instanceKlass org/apache/groovy/json/DefaultFastStringServiceFactory
instanceKlass org/apache/groovy/json/FastStringServiceFactory
instanceKlass org/gradle/internal/reflect/ReflectionCache$CacheEntry
instanceKlass com/google/common/collect/ImmutableCollection$Builder
instanceKlass com/google/common/collect/ImmutableSet$SetBuilderImpl
instanceKlass java/util/TimSort
instanceKlass java/util/Arrays$LegacyMergeSort
instanceKlass org/gradle/internal/service/DefaultServiceLocator$ServiceImplementationComparator
instanceKlass org/gradle/kotlin/dsl/provider/KotlinGradleApiSpecProvider
instanceKlass org/gradle/initialization/GradleApiSpecProvider$SpecAdapter
instanceKlass org/gradle/initialization/GradleApiSpecProvider
instanceKlass org/gradle/internal/service/DefaultServiceLocator
instanceKlass org/gradle/initialization/GradleApiSpecProvider$Spec
instanceKlass org/gradle/initialization/GradleApiSpecAggregator
instanceKlass com/google/common/base/Function
instanceKlass org/gradle/internal/reflect/CachedInvokable
instanceKlass org/gradle/internal/reflect/ReflectionCache
instanceKlass org/gradle/internal/reflect/DirectInstantiator
instanceKlass org/gradle/initialization/DefaultClassLoaderRegistry
instanceKlass org/gradle/internal/installation/GradleRuntimeShadedJarDetector
# instanceKlass java/lang/invoke/LambdaForm$MH+0x000001dec309a000
# instanceKlass java/lang/invoke/LambdaForm$MH+0x000001dec3099c00
# instanceKlass java/lang/invoke/LambdaForm$MH+0x000001dec3099800
instanceKlass sun/net/www/protocol/jar/JarFileFactory
instanceKlass sun/net/www/protocol/jar/URLJarFile$URLJarFileCloseController
instanceKlass java/net/URLClassLoader$2
instanceKlass org/objectweb/asm/Type
instanceKlass org/gradle/initialization/DefaultLegacyTypesSupport
instanceKlass org/gradle/api/internal/jvm/JavaVersionParser
instanceKlass org/gradle/api/internal/DynamicModulesClassPathProvider
instanceKlass org/gradle/api/internal/DefaultClassPathProvider
instanceKlass org/gradle/api/internal/ClassPathProvider
instanceKlass org/gradle/api/internal/DefaultClassPathRegistry
# instanceKlass java/lang/invoke/LambdaForm$MH+0x000001dec3099400
# instanceKlass java/lang/invoke/LambdaForm$MH+0x000001dec3099000
# instanceKlass java/lang/invoke/LambdaForm$MH+0x000001dec3098c00
# instanceKlass java/lang/invoke/LambdaForm$DMH+0x000001dec3098800
instanceKlass org/gradle/api/internal/classpath/DefaultPluginModuleRegistry
instanceKlass org/gradle/api/internal/classpath/ManifestUtil
instanceKlass org/gradle/internal/classpath/DefaultClassPath$ImmutableUniqueList$Builder
instanceKlass org/gradle/internal/classloader/ClassLoaderSpec
instanceKlass org/gradle/internal/classloader/ClassLoaderHierarchy
instanceKlass org/gradle/internal/classloader/ClassLoaderVisitor
instanceKlass  @bci org/gradle/api/internal/classpath/DefaultModuleRegistry <clinit> ()V 0 <appendix> argL0 ; # org/gradle/api/internal/classpath/DefaultModuleRegistry$$Lambda+0x000001dec309c000
instanceKlass org/gradle/api/internal/classpath/Module
# instanceKlass java/lang/invoke/LambdaForm$MH+0x000001dec3098400
# instanceKlass java/lang/invoke/LambdaForm$MH+0x000001dec3098000
instanceKlass org/gradle/internal/installation/GradleInstallation$1
instanceKlass org/gradle/internal/installation/GradleInstallation
instanceKlass org/gradle/internal/classloader/ClasspathUtil
instanceKlass org/gradle/internal/installation/CurrentGradleInstallationLocator
instanceKlass org/gradle/internal/buildevents/BuildLoggerFactory
instanceKlass org/gradle/execution/DefaultWorkValidationWarningRecorder
instanceKlass org/gradle/execution/WorkValidationWarningReporter
instanceKlass org/gradle/internal/execution/steps/ValidateStep$ValidationWarningRecorder
instanceKlass javax/inject/Inject
instanceKlass org/gradle/initialization/layout/BuildLayoutFactory
instanceKlass org/gradle/internal/service/scopes/EventScope
instanceKlass org/gradle/internal/scripts/DefaultScriptFileResolverListeners
instanceKlass org/gradle/internal/scripts/ScriptFileResolverListeners
instanceKlass org/gradle/internal/id/UUIDGenerator
instanceKlass org/gradle/internal/remote/MessagingClient
instanceKlass org/gradle/internal/remote/internal/OutgoingConnector
instanceKlass org/gradle/internal/remote/internal/IncomingConnector
instanceKlass org/gradle/internal/remote/MessagingServer
instanceKlass org/gradle/internal/id/IdGenerator
instanceKlass org/gradle/internal/remote/services/MessagingServices
instanceKlass org/gradle/api/internal/file/DefaultFileLookup
instanceKlass org/gradle/internal/service/scopes/Scope$Settings
instanceKlass javax/annotation/meta/TypeQualifierDefault
instanceKlass javax/annotation/Nonnull
instanceKlass org/gradle/api/NonNullApi
instanceKlass org/gradle/internal/service/scopes/Scope$Project
instanceKlass org/gradle/internal/service/scopes/Scope$Gradle
instanceKlass org/gradle/internal/service/scopes/Scope$Build
instanceKlass org/gradle/internal/service/scopes/Scope$BuildTree
instanceKlass org/gradle/internal/service/scopes/Scope$BuildSession
instanceKlass org/gradle/internal/service/scopes/Scope$CrossBuildSession
instanceKlass org/gradle/internal/service/scopes/Scope$UserHome
instanceKlass java/lang/annotation/Documented
instanceKlass org/gradle/internal/service/ServiceScopeValidatorWorkarounds
instanceKlass org/gradle/api/internal/file/FileLookup
instanceKlass org/gradle/internal/remote/internal/inet/InetAddressFactory
instanceKlass org/gradle/api/internal/DocumentationRegistry
instanceKlass org/gradle/cache/GlobalCache
instanceKlass org/gradle/api/internal/classpath/DefaultModuleRegistry
instanceKlass org/gradle/api/internal/classpath/GlobalCacheRootsProvider
instanceKlass org/gradle/api/internal/file/DefaultFilePropertyFactory
instanceKlass org/gradle/api/internal/provider/PropertyHost
instanceKlass org/gradle/internal/operations/BuildOperationListener
instanceKlass org/gradle/internal/installation/CurrentGradleInstallation
instanceKlass org/gradle/internal/state/ManagedFactoryRegistry
instanceKlass org/gradle/api/internal/file/FileFactory
instanceKlass org/gradle/model/internal/inspect/MethodModelRuleExtractor
instanceKlass org/gradle/internal/properties/annotations/AbstractAnnotationHandler
instanceKlass org/gradle/internal/properties/annotations/PropertyAnnotationHandler
instanceKlass org/gradle/internal/properties/annotations/AnnotationHandler
instanceKlass org/gradle/internal/instantiation/InjectAnnotationHandler
instanceKlass org/gradle/model/internal/manage/schema/extract/ModelSchemaExtractionStrategy
instanceKlass sun/reflect/generics/reflectiveObjects/LazyReflectiveObjectGenerator
instanceKlass sun/reflect/generics/tree/TypeVariableSignature
instanceKlass sun/reflect/generics/tree/ClassSignature
instanceKlass sun/reflect/generics/reflectiveObjects/ParameterizedTypeImpl
instanceKlass org/gradle/model/internal/manage/schema/extract/ModelSchemaAspectExtractionStrategy
instanceKlass sun/reflect/generics/tree/MethodTypeSignature
instanceKlass sun/reflect/generics/tree/Signature
instanceKlass sun/reflect/generics/tree/FormalTypeParameter
instanceKlass java/lang/reflect/TypeVariable
instanceKlass sun/reflect/generics/repository/AbstractRepository
instanceKlass org/gradle/internal/instantiation/InstanceGenerator
instanceKlass org/gradle/api/internal/file/FileResolver
instanceKlass org/gradle/internal/file/RelativeFilePathResolver
instanceKlass org/gradle/internal/scripts/ScriptFileResolvedListener
instanceKlass org/gradle/api/internal/model/NamedObjectInstantiator
instanceKlass org/gradle/internal/state/ManagedFactory
instanceKlass org/gradle/api/internal/tasks/TaskDependencyFactory
instanceKlass org/gradle/api/internal/file/FilePropertyFactory
instanceKlass org/gradle/internal/instrumentation/agent/AgentInitializer
instanceKlass org/gradle/api/internal/cache/StringInterner
instanceKlass com/google/common/collect/Interner
instanceKlass org/gradle/api/internal/classpath/ModuleRegistry
instanceKlass org/gradle/model/internal/inspect/ModelRuleExtractor
instanceKlass org/gradle/model/internal/manage/instance/ManagedProxyFactory
instanceKlass org/gradle/internal/operations/CurrentBuildOperationRef
instanceKlass org/gradle/model/internal/inspect/ModelRuleSourceDetector
instanceKlass org/gradle/model/internal/manage/schema/extract/ModelSchemaAspectExtractor
instanceKlass org/gradle/internal/service/CachingServiceLocator
instanceKlass org/gradle/internal/service/DefaultServiceRegistry$RegistrationWrapper
instanceKlass java/lang/Class$AnnotationData
instanceKlass org/gradle/internal/service/scopes/ServiceScope
instanceKlass org/gradle/internal/service/ServiceScopeValidator
instanceKlass org/gradle/internal/service/DefaultServiceRegistry$CompositeServiceProvider
instanceKlass org/gradle/internal/service/DefaultServiceRegistry$ParentServices
instanceKlass org/gradle/cache/internal/Synchronizer
instanceKlass org/gradle/cache/internal/CacheSupport
instanceKlass org/gradle/cache/internal/CacheAccessSerializer
instanceKlass org/gradle/cache/Cache
instanceKlass org/gradle/launcher/daemon/registry/DaemonRegistry
instanceKlass org/gradle/launcher/daemon/registry/DaemonRegistryServices
instanceKlass org/gradle/launcher/daemon/server/DaemonServerConnector
instanceKlass org/gradle/launcher/daemon/server/scaninfo/DaemonScanInfo
instanceKlass org/gradle/launcher/daemon/server/expiry/DaemonExpirationStrategy
instanceKlass org/gradle/launcher/daemon/context/DaemonContext
instanceKlass org/gradle/launcher/daemon/server/DaemonServices
instanceKlass org/gradle/launcher/exec/BuildExecutor
instanceKlass org/gradle/launcher/exec/BuildActionExecutor
instanceKlass org/gradle/internal/buildprocess/BuildProcessScopeServices
instanceKlass  @bci org/gradle/internal/service/scopes/GlobalScopeServices <init> (ZLorg/gradle/internal/instrumentation/agent/AgentStatus;Lorg/gradle/internal/classpath/ClassPath;)V 12 <appendix> member <vmtarget> ; # org/gradle/internal/service/scopes/GlobalScopeServices$$Lambda+0x000001dec308a8b0
instanceKlass org/gradle/internal/environment/GradleBuildEnvironment
instanceKlass org/gradle/process/internal/health/memory/OsMemoryInfo
instanceKlass org/gradle/process/internal/ExecFactory
instanceKlass org/gradle/api/internal/ProcessOperations
instanceKlass org/gradle/process/internal/JavaForkOptionsFactory
instanceKlass org/gradle/process/internal/JavaExecHandleFactory
instanceKlass org/gradle/process/internal/ExecHandleFactory
instanceKlass org/gradle/process/internal/ExecActionFactory
instanceKlass org/gradle/internal/scripts/ScriptFileResolver
instanceKlass org/gradle/api/model/ObjectFactory
instanceKlass org/gradle/internal/reflect/Instantiator
instanceKlass org/gradle/internal/problems/failure/FailureFactory
instanceKlass org/gradle/process/internal/health/memory/JvmMemoryInfo
instanceKlass org/gradle/initialization/JdkToolsInitializer
instanceKlass org/gradle/initialization/ClassLoaderRegistry
instanceKlass org/gradle/api/tasks/util/internal/PatternSpecFactory
instanceKlass org/gradle/internal/file/excludes/FileSystemDefaultExcludesListener
instanceKlass org/gradle/groovy/scripts/internal/ScriptSourceHasher
instanceKlass org/gradle/api/internal/classpath/PluginModuleRegistry
instanceKlass org/gradle/model/internal/manage/schema/ModelSchemaStore
instanceKlass org/gradle/model/internal/manage/binding/StructBindingsStore
instanceKlass org/gradle/api/internal/ClassPathRegistry
instanceKlass org/gradle/configuration/ImportsReader
instanceKlass org/gradle/internal/instantiation/InstantiatorFactory
instanceKlass org/gradle/internal/instantiation/PropertyRoleAnnotationHandler
instanceKlass org/gradle/model/internal/manage/schema/extract/ModelSchemaExtractor
instanceKlass org/gradle/process/internal/health/memory/MemoryManager
instanceKlass org/gradle/internal/operations/BuildOperationProgressEventEmitter
instanceKlass org/gradle/internal/service/scopes/GradleUserHomeScopeServiceRegistry
instanceKlass org/gradle/api/internal/collections/DomainObjectCollectionFactory
instanceKlass org/gradle/internal/execution/history/OverlappingOutputDetector
instanceKlass org/gradle/internal/execution/history/changes/ExecutionStateChangeDetector
instanceKlass org/gradle/cache/CacheCleanupStrategyFactory
instanceKlass org/gradle/cache/internal/InMemoryCacheDecoratorFactory
instanceKlass org/gradle/internal/service/ServiceLocator
instanceKlass org/gradle/internal/file/Deleter
instanceKlass org/gradle/internal/hash/StreamHasher
instanceKlass org/gradle/cache/internal/CacheFactory
instanceKlass org/gradle/api/internal/provider/PropertyFactory
instanceKlass org/gradle/internal/classloader/ClassLoaderFactory
instanceKlass org/gradle/internal/operations/BuildOperationRunner
instanceKlass org/gradle/initialization/LegacyTypesSupport
instanceKlass org/gradle/cache/internal/CrossBuildInMemoryCacheFactory
instanceKlass org/gradle/internal/operations/BuildOperationListenerManager
instanceKlass org/gradle/internal/operations/DefaultBuildOperationRunner$BuildOperationExecutionListener
instanceKlass org/gradle/internal/operations/BuildOperationIdFactory
instanceKlass org/gradle/internal/logging/progress/ProgressLoggerFactory
instanceKlass org/gradle/internal/logging/progress/ProgressListener
instanceKlass org/gradle/cache/internal/ClassCacheFactory
instanceKlass org/gradle/internal/event/ScopedListenerManager
instanceKlass org/gradle/internal/event/ListenerManager
instanceKlass org/gradle/internal/concurrent/ExecutorFactory
instanceKlass org/gradle/api/tasks/util/internal/PatternSetFactory
instanceKlass org/gradle/process/internal/ClientExecHandleBuilderFactory
instanceKlass org/gradle/internal/file/PathToFileResolver
instanceKlass org/gradle/cache/FileLockManager
instanceKlass org/gradle/cache/internal/ProcessMetaDataProvider
instanceKlass org/gradle/api/internal/file/collections/DirectoryFileTreeFactory
instanceKlass org/gradle/initialization/BuildCancellationToken
instanceKlass org/gradle/cache/internal/locklistener/FileLockContentionHandler
instanceKlass org/gradle/cache/internal/locklistener/InetAddressProvider
instanceKlass org/gradle/api/internal/file/FileCollectionFactory
instanceKlass org/gradle/internal/service/scopes/BasicGlobalScopeServices
instanceKlass org/gradle/internal/service/scopes/Scope$Global
instanceKlass org/gradle/internal/service/scopes/Scope
instanceKlass  @bci org/gradle/internal/instrumentation/agent/DefaultAgentStatus <clinit> ()V 3 <appendix> argL0 ; # org/gradle/internal/instrumentation/agent/DefaultAgentStatus$$Lambda+0x000001dec30810a8
instanceKlass  @cpi org/gradle/internal/instrumentation/agent/DefaultAgentStatus 60 form vmentry <vmtarget> ; # java/lang/invoke/LambdaForm$DMH+0x000001dec3084400
# instanceKlass java/lang/invoke/LambdaForm$DMH+0x000001dec3084000
instanceKlass org/gradle/internal/instrumentation/agent/AgentControl
instanceKlass  @bci org/gradle/internal/lazy/Lazy locking ()Lorg/gradle/internal/lazy/Lazy$Factory; 0 <appendix> argL0 ; # org/gradle/internal/lazy/Lazy$$Lambda+0x000001dec3080c80
instanceKlass org/gradle/internal/lazy/LockingLazy
instanceKlass org/gradle/internal/lazy/Lazy$Factory
instanceKlass org/gradle/internal/lazy/Lazy
instanceKlass org/gradle/internal/instrumentation/agent/DefaultAgentStatus
instanceKlass org/gradle/internal/instrumentation/agent/AgentStatus
instanceKlass org/gradle/api/specs/Spec
instanceKlass org/gradle/internal/classpath/DefaultClassPath
instanceKlass org/gradle/internal/classpath/ClassPath
instanceKlass org/gradle/internal/buildprocess/BuildProcessState
instanceKlass org/gradle/launcher/daemon/server/DaemonProcessState
instanceKlass org/gradle/internal/logging/services/DefaultLoggingManager$StartableLoggingSystem
instanceKlass org/gradle/internal/logging/services/DefaultLoggingManager$StartableLoggingRouter
instanceKlass org/gradle/internal/logging/services/DefaultLoggingManager
instanceKlass jdk/internal/logger/DefaultLoggerFinder$1
instanceKlass java/util/logging/Logger$SystemLoggerHelper$1
instanceKlass java/util/logging/Logger$SystemLoggerHelper
instanceKlass java/util/logging/LogManager$4
instanceKlass jdk/internal/logger/BootstrapLogger$BootstrapExecutors
instanceKlass jdk/internal/logger/BootstrapLogger$RedirectedLoggers
instanceKlass java/util/ServiceLoader$ProviderImpl
instanceKlass java/util/ServiceLoader$Provider
instanceKlass java/util/ServiceLoader$1
instanceKlass java/util/concurrent/CopyOnWriteArrayList$COWIterator
instanceKlass java/util/ServiceLoader$3
instanceKlass java/util/ServiceLoader$2
instanceKlass java/util/ServiceLoader$LazyClassPathLookupIterator
instanceKlass java/util/Spliterators$1Adapter
instanceKlass java/util/Spliterators$ArraySpliterator
instanceKlass java/util/ServiceLoader$ModuleServicesLookupIterator
instanceKlass java/util/ServiceLoader
instanceKlass jdk/internal/logger/BootstrapLogger$DetectBackend$1
instanceKlass jdk/internal/logger/BootstrapLogger$DetectBackend
instanceKlass jdk/internal/logger/BootstrapLogger
instanceKlass sun/util/logging/PlatformLogger$ConfigurableBridge
instanceKlass sun/util/logging/PlatformLogger$Bridge
instanceKlass java/lang/System$Logger
instanceKlass java/util/stream/Streams
instanceKlass java/util/stream/Stream$Builder
instanceKlass java/util/stream/Streams$AbstractStreamBuilderImpl
instanceKlass  @bci java/util/logging/Level$KnownLevel findByName (Ljava/lang/String;Ljava/util/function/Function;)Ljava/util/Optional; 29 <appendix> argL0 ; # java/util/logging/Level$KnownLevel$$Lambda+0x800000022
instanceKlass java/util/ArrayList$ArrayListSpliterator
instanceKlass  @bci java/util/logging/Level findLevel (Ljava/lang/String;)Ljava/util/logging/Level; 13 <appendix> argL0 ; # java/util/logging/Level$$Lambda+0x800000010
instanceKlass java/util/Hashtable$Enumerator
instanceKlass java/util/Collections$SynchronizedCollection
instanceKlass java/util/Properties$EntrySet
instanceKlass java/util/Collections$3
instanceKlass java/util/logging/LogManager$LoggerContext$1
instanceKlass java/util/logging/LogManager$VisitedLoggers
instanceKlass  @bci java/beans/Introspector findCustomizerClass (Ljava/lang/Class;)Ljava/lang/Class; 4 <appendix> form vmentry <vmtarget> ; # java/lang/invoke/LambdaForm$MH+0x000001dec3039400
instanceKlass java/util/logging/LogManager$2
instanceKlass java/lang/System$LoggerFinder
instanceKlass java/util/logging/LogManager$LoggingProviderAccess
instanceKlass sun/util/logging/internal/LoggingProviderImpl$LogManagerAccess
instanceKlass java/lang/Shutdown$Lock
instanceKlass java/lang/Shutdown
instanceKlass java/lang/ApplicationShutdownHooks$1
instanceKlass java/lang/ApplicationShutdownHooks
instanceKlass java/util/Collections$SynchronizedMap
instanceKlass java/util/logging/LogManager$LogNode
instanceKlass java/util/logging/LogManager$LoggerContext
instanceKlass java/util/logging/LogManager$1
instanceKlass java/util/logging/LogManager
instanceKlass java/util/logging/Logger$ConfigurationData
instanceKlass java/util/logging/Logger$LoggerBundle
instanceKlass java/util/logging/Handler
instanceKlass java/util/logging/Logger
instanceKlass  @bci java/util/logging/Level$KnownLevel add (Ljava/util/logging/Level;)V 49 <appendix> argL0 ; # java/util/logging/Level$KnownLevel$$Lambda+0x800000021
instanceKlass  @bci java/util/logging/Level$KnownLevel add (Ljava/util/logging/Level;)V 19 <appendix> argL0 ; # java/util/logging/Level$KnownLevel$$Lambda+0x800000020
instanceKlass java/util/logging/Level
instanceKlass org/gradle/internal/logging/source/JavaUtilLoggingSystem
instanceKlass org/gradle/internal/logging/slf4j/Slf4jLoggingConfigurer
instanceKlass org/gradle/internal/logging/config/LoggingSystemAdapter
instanceKlass org/gradle/internal/logging/LoggingManagerInternal
instanceKlass org/gradle/internal/logging/StandardOutputCapture
instanceKlass org/gradle/api/logging/LoggingManager
instanceKlass org/gradle/internal/logging/services/DefaultLoggingManagerFactory
instanceKlass org/gradle/internal/logging/source/StdErrLoggingSystem
instanceKlass org/gradle/internal/logging/source/PrintStreamLoggingSystem$SnapshotImpl
instanceKlass org/gradle/internal/logging/source/PrintStreamLoggingSystem$OutputEventDestination
instanceKlass org/gradle/internal/logging/source/PrintStreamLoggingSystem$1
instanceKlass org/gradle/internal/logging/events/operations/StyledTextBuildOperationProgressDetails
instanceKlass org/gradle/internal/operations/logging/StyledTextBuildOperationProgressDetails
instanceKlass org/gradle/internal/io/TextStream
instanceKlass org/gradle/internal/logging/source/PrintStreamLoggingSystem
instanceKlass org/gradle/internal/logging/source/StdOutLoggingSystem
# instanceKlass java/lang/invoke/LambdaForm$MH+0x000001dec3039000
# instanceKlass java/lang/invoke/LambdaForm$MH+0x000001dec3038c00
instanceKlass org/gradle/internal/service/AnnotatedServiceLifecycleHandler
instanceKlass java/lang/reflect/ParameterizedType
instanceKlass java/lang/invoke/VarHandle$AccessDescriptor
instanceKlass org/gradle/internal/logging/services/TextStreamOutputEventListener
instanceKlass org/gradle/internal/logging/sink/OutputEventListenerManager$1
instanceKlass org/gradle/internal/logging/sink/OutputEventListenerManager
instanceKlass org/gradle/internal/logging/services/LoggingServiceRegistry$1
instanceKlass org/gradle/internal/logging/LoggingManagerFactory
instanceKlass org/gradle/internal/logging/config/LoggingConfigurer
instanceKlass org/gradle/internal/logging/config/LoggingSourceSystem
instanceKlass org/gradle/internal/logging/services/LoggingServiceRegistry
instanceKlass org/gradle/launcher/daemon/configuration/DefaultDaemonServerConfiguration
instanceKlass org/gradle/api/internal/file/temp/DefaultTemporaryFileProvider
# instanceKlass java/lang/invoke/LambdaForm$MH+0x000001dec3038800
# instanceKlass java/lang/invoke/LambdaForm$MH+0x000001dec3038400
# instanceKlass java/lang/invoke/LambdaForm$MH+0x000001dec3038000
instanceKlass java/lang/Class$EnclosingMethodInfo
instanceKlass  @cpi org/gradle/internal/watch/registry/impl/AbstractFileWatcherUpdater 407 form vmentry <vmtarget> ; # java/lang/invoke/LambdaForm$DMH+0x000001dec3036400
instanceKlass net/rubygrapefruit/platform/file/FileSystems
instanceKlass net/rubygrapefruit/platform/memory/Memory
instanceKlass net/rubygrapefruit/platform/SystemInfo
instanceKlass org/gradle/internal/jvm/Jvm
instanceKlass org/gradle/internal/jvm/JavaInfo
instanceKlass net/rubygrapefruit/platform/WindowsRegistry
instanceKlass org/gradle/internal/file/StatStatistics
instanceKlass org/gradle/internal/file/StatStatistics$Collector
instanceKlass org/gradle/internal/nativeintegration/filesystem/services/GenericFileSystem
instanceKlass org/gradle/internal/service/InjectUtil
# instanceKlass java/lang/invoke/LambdaForm$MH+0x000001dec3036000
# instanceKlass java/lang/invoke/LambdaForm$MH+0x000001dec3035c00
# instanceKlass java/lang/invoke/LambdaForm$MH+0x000001dec3035800
instanceKlass  @cpi org/gradle/internal/watch/registry/impl/WatchableHierarchies 559 form vmentry <vmtarget> ; # java/lang/invoke/LambdaForm$DMH+0x000001dec3035400
# instanceKlass java/lang/invoke/LambdaForm$MH+0x000001dec3035000
# instanceKlass java/lang/invoke/LambdaForm$DMH+0x000001dec3034c00
# instanceKlass java/lang/invoke/LambdaForm$DMH+0x000001dec3034800
instanceKlass  @cpi org/gradle/cache/internal/DefaultInMemoryCacheDecoratorFactory 222 form vmentry <vmtarget> ; # java/lang/invoke/LambdaForm$DMH+0x000001dec3034400
instanceKlass java/lang/invoke/MethodHandleImpl$ArrayAccessor
instanceKlass java/lang/invoke/MethodHandleImpl$LoopClauses
instanceKlass java/lang/invoke/MethodHandleImpl$CasesHolder
# instanceKlass java/lang/invoke/LambdaForm$MH+0x000001dec3034000
instanceKlass org/gradle/internal/service/DefaultServiceRegistry$1
instanceKlass org/gradle/internal/service/DefaultServiceRegistry$ClassInspector$ClassDetails
instanceKlass org/gradle/util/internal/CollectionUtils
instanceKlass org/gradle/internal/service/DefaultServiceRegistry$SingletonService$1
instanceKlass java/util/concurrent/ConcurrentLinkedQueue$Node
instanceKlass org/gradle/internal/service/PrivateService
instanceKlass org/gradle/internal/reflect/JavaMethod
instanceKlass org/gradle/util/internal/ArrayUtils
instanceKlass com/google/errorprone/annotations/Keep
instanceKlass java/lang/annotation/Target
instanceKlass sun/reflect/annotation/AnnotationInvocationHandler
instanceKlass sun/reflect/annotation/AnnotationParser$1
instanceKlass java/lang/annotation/Inherited
instanceKlass java/lang/annotation/Retention
instanceKlass sun/reflect/annotation/ExceptionProxy
instanceKlass  @bci sun/reflect/annotation/AnnotationParser parseClassArray (ILjava/nio/ByteBuffer;Ljdk/internal/reflect/ConstantPool;Ljava/lang/Class;)Ljava/lang/Object; 10 <appendix> member <vmtarget> ; # sun/reflect/annotation/AnnotationParser$$Lambda+0x000001dec3059dc8
instanceKlass sun/reflect/annotation/AnnotationType$1
instanceKlass sun/reflect/annotation/AnnotationType
instanceKlass java/lang/reflect/GenericArrayType
instanceKlass sun/reflect/generics/visitor/Reifier
instanceKlass sun/reflect/generics/visitor/TypeTreeVisitor
instanceKlass sun/reflect/generics/factory/CoreReflectionFactory
instanceKlass sun/reflect/generics/factory/GenericsFactory
instanceKlass sun/reflect/generics/scope/AbstractScope
instanceKlass sun/reflect/generics/scope/Scope
instanceKlass sun/reflect/generics/tree/ClassTypeSignature
instanceKlass sun/reflect/generics/tree/SimpleClassTypeSignature
instanceKlass sun/reflect/generics/tree/FieldTypeSignature
instanceKlass sun/reflect/generics/tree/BaseType
instanceKlass sun/reflect/generics/tree/TypeSignature
instanceKlass sun/reflect/generics/tree/ReturnType
instanceKlass sun/reflect/generics/tree/TypeArgument
instanceKlass sun/reflect/generics/tree/TypeTree
instanceKlass sun/reflect/generics/tree/Tree
instanceKlass sun/reflect/generics/parser/SignatureParser
instanceKlass org/gradle/internal/service/Provides
instanceKlass org/gradle/internal/service/AbstractServiceMethod
instanceKlass net/rubygrapefruit/platform/file/PosixFiles
instanceKlass net/rubygrapefruit/platform/file/Files
instanceKlass org/gradle/internal/nativeintegration/filesystem/services/GenericFileSystem$Factory
instanceKlass org/gradle/api/internal/file/temp/TemporaryFileProvider
instanceKlass org/gradle/internal/file/FileCanonicalizer
instanceKlass org/gradle/internal/service/TypeStringFormatter
instanceKlass org/gradle/internal/service/RelevantMethods$RelevantMethodsBuilder
instanceKlass org/gradle/internal/Cast
instanceKlass org/gradle/internal/service/ServiceMethod
instanceKlass org/gradle/internal/service/MethodHandleBasedServiceMethodFactory
instanceKlass org/gradle/internal/service/DefaultServiceMethodFactory
instanceKlass org/gradle/internal/service/ServiceMethodFactory
instanceKlass org/gradle/internal/service/RelevantMethods
instanceKlass org/gradle/internal/service/DefaultServiceAccessToken
instanceKlass org/gradle/internal/service/DefaultServiceRegistry$ClassInspector
instanceKlass org/gradle/internal/service/ServiceAccess$1
instanceKlass org/gradle/internal/service/ServiceAccessToken
instanceKlass org/gradle/internal/service/ServiceAccessScope
instanceKlass org/gradle/internal/service/ServiceAccess
instanceKlass org/gradle/internal/service/DefaultServiceRegistry$ThisAsService
instanceKlass org/gradle/internal/concurrent/CompositeStoppable$1
instanceKlass org/gradle/internal/concurrent/CompositeStoppable
instanceKlass org/gradle/internal/service/AnnotatedServiceLifecycleHandler$Registration
instanceKlass org/gradle/internal/service/DefaultServiceRegistry$OwnServices
instanceKlass org/gradle/internal/service/ServiceRegistration
instanceKlass org/gradle/internal/service/ServiceProvider$Visitor
instanceKlass org/gradle/internal/InternalTransformer
instanceKlass org/gradle/internal/service/DefaultServiceRegistry$ManagedObjectServiceProvider
instanceKlass org/gradle/internal/service/Service
instanceKlass org/gradle/internal/service/ServiceProvider
instanceKlass org/gradle/internal/concurrent/Stoppable
instanceKlass org/gradle/internal/nativeintegration/jansi/JansiStorage
instanceKlass org/fusesource/jansi/Ansi
instanceKlass org/gradle/internal/nativeintegration/jansi/JansiLibrary
instanceKlass org/gradle/internal/nativeintegration/jansi/JansiLibraryFactory$1
instanceKlass org/gradle/internal/nativeintegration/services/NativeServices$FileEventFunctionsProvider
instanceKlass org/gradle/internal/nativeintegration/services/NativeServices$NativeFeatures$1$1
instanceKlass org/gradle/fileevents/internal/AbstractFileEventFunctions
instanceKlass  @bci org/gradle/fileevents/internal/NativeLogger$LogLevel <clinit> ()V 119 <appendix> member <vmtarget> ; # org/gradle/fileevents/internal/NativeLogger$LogLevel$$Lambda+0x000001dec30294d8
instanceKlass  @bci org/gradle/fileevents/internal/NativeLogger$LogLevel <clinit> ()V 93 <appendix> member <vmtarget> ; # org/gradle/fileevents/internal/NativeLogger$LogLevel$$Lambda+0x000001dec30292a0
instanceKlass  @bci org/gradle/fileevents/internal/NativeLogger$LogLevel <clinit> ()V 67 <appendix> member <vmtarget> ; # org/gradle/fileevents/internal/NativeLogger$LogLevel$$Lambda+0x000001dec3029068
instanceKlass  @bci org/gradle/fileevents/internal/NativeLogger$LogLevel <clinit> ()V 41 <appendix> member <vmtarget> ; # org/gradle/fileevents/internal/NativeLogger$LogLevel$$Lambda+0x000001dec3028e30
instanceKlass  @bci org/gradle/fileevents/internal/NativeLogger$LogLevel <clinit> ()V 15 <appendix> member <vmtarget> ; # org/gradle/fileevents/internal/NativeLogger$LogLevel$$Lambda+0x000001dec3028bf8
instanceKlass  @cpi org/gradle/internal/execution/steps/IdentifyStep 194 form vmentry <vmtarget> ; # java/lang/invoke/LambdaForm$DMH+0x000001dec302c000
instanceKlass org/gradle/fileevents/internal/NativeLogger
instanceKlass org/gradle/fileevents/FileEvents
instanceKlass org/gradle/internal/os/OperatingSystem
instanceKlass org/gradle/internal/nativeintegration/services/NativeServices$1
instanceKlass org/gradle/internal/nativeintegration/filesystem/FileSystem
instanceKlass org/gradle/internal/file/FileSystem
instanceKlass org/gradle/internal/file/Stat
instanceKlass org/gradle/internal/file/Chmod
instanceKlass org/gradle/internal/file/FileModeMutator
instanceKlass org/gradle/internal/file/FileModeAccessor
instanceKlass org/gradle/internal/nativeintegration/filesystem/Symlink
instanceKlass org/gradle/internal/nativeintegration/filesystem/services/FileSystemServices
instanceKlass org/gradle/internal/service/DefaultServiceRegistry
instanceKlass org/gradle/internal/service/ContainsServices
instanceKlass org/gradle/internal/service/CloseableServiceRegistry
instanceKlass net/rubygrapefruit/platform/internal/jni/NativeLibraryFunctions
instanceKlass jdk/internal/loader/NativeLibraries$Unloader
instanceKlass java/nio/channels/spi/AbstractInterruptibleChannel$1
instanceKlass sun/nio/ch/Interruptible
instanceKlass sun/nio/ch/FileKey
instanceKlass sun/nio/ch/FileLockTable
instanceKlass sun/nio/ch/NativeThread
instanceKlass java/nio/channels/FileLock
instanceKlass sun/nio/ch/NativeThreadSet
instanceKlass sun/nio/ch/IOUtil
instanceKlass sun/nio/ch/NativeDispatcher
instanceKlass java/nio/file/attribute/FileAttribute
instanceKlass java/nio/channels/spi/AbstractInterruptibleChannel
instanceKlass java/nio/channels/InterruptibleChannel
instanceKlass java/nio/channels/ScatteringByteChannel
instanceKlass java/nio/channels/GatheringByteChannel
instanceKlass java/nio/channels/SeekableByteChannel
instanceKlass java/nio/channels/ByteChannel
instanceKlass java/nio/channels/WritableByteChannel
instanceKlass java/nio/channels/ReadableByteChannel
instanceKlass java/nio/channels/Channel
instanceKlass java/util/Formatter$Flags
instanceKlass java/util/Formattable
instanceKlass java/util/Formatter$FormatSpecifier
instanceKlass java/util/Formatter$Conversion
instanceKlass java/util/Formatter$FixedString
instanceKlass java/util/Formatter$FormatString
instanceKlass  @bci java/util/regex/Pattern Single (I)Ljava/util/regex/Pattern$BmpCharPredicate; 1 <appendix> member <vmtarget> ; # java/util/regex/Pattern$$Lambda+0x800000028
instanceKlass java/util/Formatter
instanceKlass net/rubygrapefruit/platform/internal/LibraryDef
instanceKlass java/util/Arrays$ArrayItr
instanceKlass net/rubygrapefruit/platform/internal/NativeLibraryLocator
instanceKlass net/rubygrapefruit/platform/internal/NativeLibraryLoader
instanceKlass net/rubygrapefruit/platform/Process
instanceKlass net/rubygrapefruit/platform/internal/Platform
instanceKlass net/rubygrapefruit/platform/Native
instanceKlass java/lang/ProcessEnvironment$CheckedEntry
instanceKlass java/lang/ProcessEnvironment$CheckedEntrySet$1
instanceKlass java/lang/ProcessEnvironment$EntryComparator
instanceKlass java/lang/ProcessEnvironment$NameComparator
instanceKlass org/gradle/internal/service/ServiceRegistryBuilder
instanceKlass org/gradle/internal/nativeintegration/jansi/DefaultJansiRuntimeResolver
instanceKlass org/gradle/internal/nativeintegration/jansi/JansiRuntimeResolver
instanceKlass org/gradle/internal/nativeintegration/jansi/JansiLibraryFactory
instanceKlass org/gradle/internal/nativeintegration/jansi/JansiStorageLocator
instanceKlass org/gradle/internal/nativeintegration/jansi/JansiBootPathConfigurer
instanceKlass org/gradle/initialization/GradleUserHomeDirProvider
instanceKlass org/gradle/internal/file/FileMetadataAccessor
instanceKlass org/gradle/internal/nativeintegration/NativeCapabilities
instanceKlass net/rubygrapefruit/platform/ProcessLauncher
instanceKlass net/rubygrapefruit/platform/NativeIntegration
instanceKlass org/gradle/internal/nativeintegration/network/HostnameLookup
instanceKlass org/gradle/internal/nativeintegration/ProcessEnvironment
instanceKlass org/gradle/internal/nativeintegration/console/ConsoleDetector
instanceKlass org/gradle/internal/service/ServiceRegistry
instanceKlass org/gradle/internal/service/ServiceLookup
instanceKlass org/gradle/internal/nativeintegration/services/NativeServices
instanceKlass org/gradle/internal/service/ServiceRegistrationProvider
instanceKlass org/gradle/internal/serialize/AbstractDecoder
instanceKlass org/gradle/internal/serialize/Decoder
instanceKlass org/gradle/launcher/bootstrap/EntryPoint$RecordingExecutionListener
# instanceKlass java/lang/invoke/LambdaForm$MH+0x000001dec301cc00
# instanceKlass java/lang/invoke/LambdaForm$MH+0x000001dec301c800
# instanceKlass java/lang/invoke/LambdaForm$MH+0x000001dec301c400
instanceKlass org/gradle/internal/logging/events/operations/LogEventBuildOperationProgressDetails
instanceKlass org/gradle/internal/operations/logging/LogEventBuildOperationProgressDetails
instanceKlass org/gradle/internal/logging/slf4j/BuildOperationAwareLogger
instanceKlass org/gradle/internal/logging/sink/OutputEventRenderer$2
instanceKlass org/gradle/internal/dispatch/ReflectionDispatch
instanceKlass org/gradle/internal/logging/sink/OutputEventRenderer$1
instanceKlass org/gradle/internal/logging/sink/OutputEventRenderer$LazyListener
# instanceKlass java/lang/invoke/LambdaForm$MH+0x000001dec301c000
instanceKlass java/lang/reflect/Proxy$ProxyBuilder$1
instanceKlass jdk/internal/org/objectweb/asm/Edge
instanceKlass  @bci java/lang/reflect/ProxyGenerator addProxyMethod (Ljava/lang/reflect/Method;Ljava/lang/Class;)V 23 <appendix> argL0 ; # java/lang/reflect/ProxyGenerator$$Lambda+0x000001dec304fd00
instanceKlass  @bci java/lang/reflect/ProxyGenerator addProxyMethod (Ljava/lang/reflect/ProxyGenerator$ProxyMethod;)V 10 <appendix> argL0 ; # java/lang/reflect/ProxyGenerator$$Lambda+0x000001dec304fac0
instanceKlass java/util/StringJoiner
instanceKlass java/lang/reflect/ProxyGenerator$ProxyMethod
instanceKlass  @bci java/lang/reflect/Proxy getLoader (Ljava/lang/Module;)Ljava/lang/ClassLoader; 6 <appendix> member <vmtarget> ; # java/lang/reflect/Proxy$$Lambda+0x000001dec304f108
instanceKlass  @bci java/lang/module/ModuleDescriptor$Builder packages (Ljava/util/Set;)Ljava/lang/module/ModuleDescriptor$Builder; 17 <appendix> argL0 ; # java/lang/module/ModuleDescriptor$Builder$$Lambda+0x800000002
instanceKlass jdk/internal/module/Checks
instanceKlass java/lang/module/ModuleDescriptor$Builder
instanceKlass  @bci java/lang/reflect/Proxy$ProxyBuilder getDynamicModule (Ljava/lang/ClassLoader;)Ljava/lang/Module; 4 <appendix> argL0 ; # java/lang/reflect/Proxy$ProxyBuilder$$Lambda+0x000001dec304ecc8
instanceKlass java/lang/PublicMethods
instanceKlass java/lang/reflect/Proxy$ProxyBuilder
instanceKlass  @bci java/lang/reflect/Proxy getProxyConstructor (Ljava/lang/Class;Ljava/lang/ClassLoader;[Ljava/lang/Class;)Ljava/lang/reflect/Constructor; 35 <appendix> argL0 ; # java/lang/reflect/Proxy$$Lambda+0x000001dec304d9f8
instanceKlass java/lang/ClassValue$Version
instanceKlass java/lang/ClassValue$Identity
instanceKlass java/lang/ClassValue
instanceKlass java/lang/reflect/Proxy
instanceKlass org/gradle/internal/dispatch/ProxyDispatchAdapter$DispatchingInvocationHandler
instanceKlass java/lang/reflect/InvocationHandler
instanceKlass org/gradle/internal/dispatch/ProxyDispatchAdapter
instanceKlass org/gradle/internal/logging/events/operations/ProgressStartBuildOperationProgressDetails
instanceKlass org/gradle/internal/operations/logging/ProgressStartBuildOperationProgressDetails
instanceKlass org/gradle/internal/logging/sink/OutputEventTransformer
instanceKlass org/gradle/internal/exceptions/NonGradleCauseExceptionsHolder
instanceKlass org/gradle/internal/exceptions/MultiCauseException
instanceKlass org/gradle/internal/exceptions/ResolutionProvider
instanceKlass org/gradle/internal/event/AbstractBroadcastDispatch
instanceKlass org/gradle/internal/event/ListenerBroadcast
instanceKlass org/gradle/internal/dispatch/Dispatch
instanceKlass org/gradle/internal/logging/console/ColorMap
instanceKlass org/gradle/internal/nativeintegration/console/ConsoleMetaData
instanceKlass org/gradle/internal/logging/format/LogHeaderFormatter
instanceKlass org/gradle/internal/logging/text/StyledTextOutput
instanceKlass org/gradle/internal/Factory
instanceKlass org/gradle/api/logging/StandardOutputListener
instanceKlass org/gradle/internal/logging/config/LoggingSystem$Snapshot
instanceKlass org/gradle/internal/logging/events/InteractiveEvent
instanceKlass org/gradle/internal/logging/events/OutputEvent
instanceKlass org/gradle/internal/logging/sink/OutputEventRenderer
instanceKlass org/gradle/internal/logging/config/LoggingRouter
instanceKlass org/gradle/internal/logging/LoggingOutputInternal
instanceKlass org/gradle/api/logging/LoggingOutput
instanceKlass org/gradle/internal/logging/config/LoggingSystem
instanceKlass org/gradle/internal/logging/console/UserInputReceiver$Normalizer
instanceKlass org/gradle/internal/logging/console/DefaultUserInputReceiver
instanceKlass org/gradle/internal/logging/slf4j/OutputEventListenerBackedLoggerContext$NoOpLogger
instanceKlass org/gradle/api/logging/Logger
instanceKlass java/lang/invoke/VarForm
instanceKlass java/lang/invoke/VarHandleGuards
instanceKlass java/lang/invoke/VarHandles
instanceKlass java/util/concurrent/atomic/AtomicReference
instanceKlass org/gradle/internal/time/TimeSource$1
instanceKlass org/gradle/internal/time/TimeSource
instanceKlass org/gradle/internal/time/MonotonicClock
instanceKlass org/gradle/internal/time/CountdownTimer
instanceKlass org/gradle/internal/time/Timer
instanceKlass org/gradle/internal/time/Clock
instanceKlass org/gradle/internal/time/Time
instanceKlass org/gradle/internal/logging/events/OutputEventListener
instanceKlass org/gradle/internal/logging/console/GlobalUserInputReceiver
instanceKlass org/gradle/internal/logging/slf4j/OutputEventListenerBackedLoggerContext
instanceKlass org/slf4j/impl/StaticLoggerBinder
instanceKlass org/slf4j/spi/LoggerFactoryBinder
instanceKlass java/net/URLClassLoader$3$1
instanceKlass java/net/URLClassLoader$3
instanceKlass jdk/internal/loader/URLClassPath$1
instanceKlass java/lang/CompoundEnumeration
instanceKlass jdk/internal/loader/BuiltinClassLoader$1
instanceKlass java/util/Collections$EmptyEnumeration
instanceKlass org/slf4j/helpers/Util
instanceKlass org/slf4j/helpers/NOPLoggerFactory
instanceKlass java/util/concurrent/LinkedBlockingQueue$Node
instanceKlass java/util/concurrent/BlockingQueue
instanceKlass org/slf4j/Logger
instanceKlass org/slf4j/helpers/SubstituteLoggerFactory
instanceKlass org/slf4j/event/LoggingEvent
instanceKlass org/slf4j/ILoggerFactory
instanceKlass org/slf4j/LoggerFactory
instanceKlass org/slf4j/helpers/BasicMarker
instanceKlass org/slf4j/Marker
instanceKlass org/slf4j/helpers/BasicMarkerFactory
instanceKlass org/slf4j/IMarkerFactory
instanceKlass org/slf4j/MarkerFactory
instanceKlass org/gradle/api/logging/Logging
instanceKlass org/gradle/launcher/daemon/configuration/DaemonServerConfiguration
instanceKlass org/gradle/launcher/bootstrap/ExecutionListener
instanceKlass org/gradle/launcher/bootstrap/ExecutionCompleter
instanceKlass org/gradle/api/Action
instanceKlass org/gradle/internal/logging/text/StyledTextOutputFactory
instanceKlass org/gradle/api/logging/configuration/LoggingConfiguration
instanceKlass org/gradle/initialization/BuildClientMetaData
instanceKlass org/gradle/launcher/bootstrap/EntryPoint
instanceKlass java/util/TreeMap$PrivateEntryIterator
instanceKlass java/util/TreeMap$Entry
instanceKlass java/util/NavigableMap
instanceKlass java/util/SortedMap
instanceKlass java/util/NavigableSet
instanceKlass java/util/SortedSet
instanceKlass  @bci java/io/FilePermissionCollection add (Ljava/security/Permission;)V 68 <appendix> argL0 ; # java/io/FilePermissionCollection$$Lambda+0x000001dec304ad28
instanceKlass java/security/Security$1
instanceKlass jdk/internal/access/JavaSecurityPropertiesAccess
instanceKlass java/util/concurrent/ConcurrentHashMap$MapEntry
instanceKlass java/io/FileInputStream$1
instanceKlass  @bci java/security/Security <clinit> ()V 9 <appendix> argL0 ; # java/security/Security$$Lambda+0x80000000b
instanceKlass java/security/Security
instanceKlass sun/security/util/SecurityProperties
instanceKlass sun/security/util/FilePermCompat
instanceKlass java/io/FilePermission$1
instanceKlass jdk/internal/access/JavaIOFilePermissionAccess
instanceKlass sun/net/www/MessageHeader
instanceKlass java/net/URLConnection
instanceKlass java/net/URLClassLoader$1
instanceKlass org/gradle/internal/classloader/InstrumentingClassLoader
instanceKlass jdk/internal/jimage/ImageLocation
instanceKlass jdk/internal/jimage/decompressor/Decompressor
instanceKlass jdk/internal/jimage/ImageStringsReader
instanceKlass jdk/internal/jimage/ImageStrings
instanceKlass jdk/internal/jimage/ImageHeader
instanceKlass jdk/internal/jimage/NativeImageBuffer$1
instanceKlass jdk/internal/jimage/NativeImageBuffer
instanceKlass jdk/internal/jimage/BasicImageReader$1
instanceKlass jdk/internal/jimage/BasicImageReader
instanceKlass jdk/internal/jimage/ImageReader
instanceKlass jdk/internal/jimage/ImageReaderFactory$1
instanceKlass java/nio/file/FileSystems$DefaultFileSystemHolder$1
instanceKlass java/nio/file/FileSystems$DefaultFileSystemHolder
instanceKlass java/nio/file/FileSystems
instanceKlass java/nio/file/Paths
instanceKlass jdk/internal/jimage/ImageReaderFactory
instanceKlass jdk/internal/module/SystemModuleFinders$SystemImage
instanceKlass jdk/internal/module/SystemModuleFinders$SystemModuleReader
instanceKlass java/lang/module/ModuleReader
instanceKlass jdk/internal/loader/BuiltinClassLoader$5
instanceKlass jdk/internal/loader/BuiltinClassLoader$2
instanceKlass jdk/internal/module/Resources
instanceKlass java/io/RandomAccessFile$1
instanceKlass org/gradle/api/Action
instanceKlass org/gradle/internal/IoActions
instanceKlass java/util/Properties$LineReader
instanceKlass  @bci java/util/regex/Pattern union (Ljava/util/regex/Pattern$CharPredicate;Ljava/util/regex/Pattern$CharPredicate;Z)Ljava/util/regex/Pattern$CharPredicate; 6 <appendix> member <vmtarget> ; # java/util/regex/Pattern$$Lambda+0x800000031
instanceKlass  @bci java/util/regex/Pattern Range (II)Ljava/util/regex/Pattern$CharPredicate; 23 <appendix> member <vmtarget> ; # java/util/regex/Pattern$$Lambda+0x800000029
instanceKlass java/util/regex/Pattern$BitClass
instanceKlass java/util/regex/Pattern$TreeInfo
instanceKlass  @bci java/util/regex/Pattern negate (Ljava/util/regex/Pattern$CharPredicate;)Ljava/util/regex/Pattern$CharPredicate; 1 <appendix> member <vmtarget> ; # java/util/regex/Pattern$$Lambda+0x800000030
instanceKlass  @bci java/util/regex/CharPredicates ASCII_WORD ()Ljava/util/regex/Pattern$BmpCharPredicate; 0 <appendix> argL0 ; # java/util/regex/CharPredicates$$Lambda+0x000001dec3048e08
instanceKlass org/gradle/internal/InternalTransformer
instanceKlass org/gradle/util/internal/GUtil
instanceKlass  @bci org/gradle/api/internal/classpath/DefaultModuleRegistry loadOptionalModule (Ljava/lang/String;)Lorg/gradle/api/internal/classpath/Module; 4 <appendix> member <vmtarget> ; # org/gradle/api/internal/classpath/DefaultModuleRegistry$$Lambda+0x000001dec3009cb8
instanceKlass  @cpi org/gradle/api/internal/classpath/DefaultModuleRegistry 635 form vmentry <vmtarget> ; # java/lang/invoke/LambdaForm$DMH+0x000001dec300c000
instanceKlass org/gradle/internal/classpath/TransformedClassPath
instanceKlass java/util/LinkedHashMap$LinkedHashIterator
instanceKlass java/util/Collections$EmptyIterator
instanceKlass java/util/Collections$1
instanceKlass org/gradle/api/internal/classpath/DefaultModuleRegistry$DefaultModule
instanceKlass java/util/regex/IntHashSet
instanceKlass java/util/regex/Matcher
instanceKlass java/util/regex/MatchResult
instanceKlass  @bci java/util/regex/Pattern DOT ()Ljava/util/regex/Pattern$CharPredicate; 0 <appendix> argL0 ; # java/util/regex/Pattern$$Lambda+0x000001dec3047828
instanceKlass  @bci java/util/regex/CharPredicates ASCII_DIGIT ()Ljava/util/regex/Pattern$BmpCharPredicate; 0 <appendix> argL0 ; # java/util/regex/CharPredicates$$Lambda+0x800000024
instanceKlass java/util/regex/Pattern$BmpCharPredicate
instanceKlass java/util/regex/Pattern$CharPredicate
instanceKlass java/util/regex/CharPredicates
instanceKlass java/util/regex/ASCII
instanceKlass java/util/regex/Pattern$Node
instanceKlass java/util/regex/Pattern
instanceKlass org/gradle/internal/service/CachingServiceLocator
instanceKlass java/io/Reader
instanceKlass org/gradle/internal/service/DefaultServiceLocator
instanceKlass org/gradle/internal/service/ServiceLocator
instanceKlass org/gradle/internal/classloader/DefaultClassLoaderFactory
instanceKlass org/gradle/api/internal/DefaultClassPathProvider
instanceKlass org/gradle/api/internal/ClassPathProvider
instanceKlass org/gradle/api/internal/DefaultClassPathRegistry
instanceKlass org/gradle/api/internal/classpath/ManifestUtil
instanceKlass org/gradle/internal/Cast
instanceKlass java/util/AbstractList$Itr
instanceKlass org/gradle/internal/classpath/DefaultClassPath$ImmutableUniqueList$Builder
instanceKlass org/gradle/internal/classloader/ClassLoaderSpec
instanceKlass org/gradle/internal/classloader/ClassLoaderVisitor
instanceKlass org/gradle/internal/classpath/DefaultClassPath
instanceKlass org/gradle/internal/classpath/ClassPath
instanceKlass org/gradle/internal/installation/GradleInstallation$1
instanceKlass java/io/FileFilter
instanceKlass org/gradle/internal/installation/GradleInstallation
instanceKlass java/net/URI$Parser
instanceKlass org/gradle/internal/classloader/ClasspathUtil
instanceKlass org/gradle/internal/installation/CurrentGradleInstallationLocator
instanceKlass org/gradle/internal/installation/CurrentGradleInstallation
instanceKlass  @bci org/gradle/api/internal/classpath/DefaultModuleRegistry <clinit> ()V 0 <appendix> argL0 ; # org/gradle/api/internal/classpath/DefaultModuleRegistry$$Lambda+0x000001dec3004b40
instanceKlass  @cpi org/gradle/api/internal/classpath/DefaultModuleRegistry 649 form vmentry <vmtarget> ; # java/lang/invoke/LambdaForm$DMH+0x000001dec3006000
instanceKlass org/gradle/api/specs/Spec
instanceKlass org/gradle/api/internal/classpath/Module
instanceKlass org/gradle/api/internal/classpath/DefaultModuleRegistry
instanceKlass org/gradle/api/internal/classpath/GlobalCacheRootsProvider
instanceKlass org/gradle/internal/classloader/ClassLoaderHierarchy
instanceKlass org/gradle/internal/classloader/ClassLoaderFactory
instanceKlass org/gradle/api/internal/ClassPathRegistry
instanceKlass org/gradle/api/internal/classpath/ModuleRegistry
instanceKlass org/gradle/launcher/bootstrap/ProcessBootstrap
instanceKlass jdk/internal/misc/PreviewFeatures
instanceKlass jdk/internal/misc/MainMethodFinder
instanceKlass org/gradle/launcher/daemon/bootstrap/GradleDaemon
instanceKlass sun/security/util/ManifestEntryVerifier
instanceKlass jdk/internal/misc/ThreadTracker
instanceKlass java/util/jar/JarFile$ThreadTrackHolder
instanceKlass sun/nio/cs/ArrayDecoder
instanceKlass sun/launcher/LauncherHelper
instanceKlass  @bci jdk/internal/reflect/DirectConstructorHandleAccessor invokeImpl ([Ljava/lang/Object;)Ljava/lang/Object; 88 <adapter> ; # java/lang/invoke/LambdaForm$MH+0x000001dec3002800
# instanceKlass java/lang/invoke/LambdaForm$MH+0x000001dec3002400
# instanceKlass java/lang/invoke/LambdaForm$MH+0x000001dec3002000
# instanceKlass java/lang/invoke/LambdaForm$MH+0x000001dec3001c00
# instanceKlass java/lang/invoke/LambdaForm$MH+0x000001dec3001800
# instanceKlass java/lang/invoke/LambdaForm$MH+0x000001dec3001400
instanceKlass  @cpi org/gradle/api/internal/artifacts/JavaEcosystemSupport 219 form vmentry <vmtarget> ; # java/lang/invoke/LambdaForm$DMH+0x000001dec3001000
instanceKlass java/lang/instrument/ClassFileTransformer
instanceKlass org/gradle/instrumentation/agent/Agent
instanceKlass java/security/SecureClassLoader$DebugHolder
instanceKlass java/security/Permission
instanceKlass java/security/Guard
instanceKlass java/security/PermissionCollection
instanceKlass java/security/SecureClassLoader$1
instanceKlass java/util/zip/Checksum$1
instanceKlass java/util/zip/CRC32
instanceKlass java/util/zip/Checksum
instanceKlass sun/nio/ByteBuffered
instanceKlass java/lang/Package$VersionInfo
instanceKlass java/lang/NamedPackage
instanceKlass jdk/internal/loader/Resource
instanceKlass java/util/StringTokenizer
instanceKlass java/util/jar/Attributes$Name
instanceKlass java/util/jar/Attributes
instanceKlass java/util/jar/JarVerifier
instanceKlass sun/security/action/GetIntegerAction
instanceKlass sun/security/util/Debug
instanceKlass sun/security/util/SignatureFileVerifier
instanceKlass java/util/zip/ZipFile$InflaterCleanupAction
instanceKlass java/util/zip/Inflater$InflaterZStreamRef
instanceKlass java/util/zip/Inflater
instanceKlass java/util/zip/ZipEntry
instanceKlass java/util/zip/ZipFile$2
instanceKlass java/nio/Bits$1
instanceKlass jdk/internal/misc/VM$BufferPool
instanceKlass java/nio/Bits
instanceKlass sun/nio/ch/DirectBuffer
instanceKlass jdk/internal/perf/PerfCounter$CoreCounters
instanceKlass jdk/internal/perf/Perf
instanceKlass jdk/internal/perf/Perf$GetPerfAction
instanceKlass jdk/internal/perf/PerfCounter
instanceKlass sun/util/locale/LocaleUtils
instanceKlass sun/util/locale/BaseLocale
instanceKlass java/util/Locale
instanceKlass java/nio/file/attribute/FileTime
instanceKlass java/util/zip/ZipUtils
instanceKlass java/util/zip/ZipFile$Source$End
instanceKlass java/io/RandomAccessFile$2
instanceKlass jdk/internal/access/JavaIORandomAccessFileAccess
instanceKlass java/io/RandomAccessFile
instanceKlass java/io/DataInput
instanceKlass java/io/DataOutput
instanceKlass sun/nio/fs/WindowsNativeDispatcher$CompletionStatus
instanceKlass sun/nio/fs/WindowsNativeDispatcher$AclInformation
instanceKlass sun/nio/fs/WindowsNativeDispatcher$Account
instanceKlass sun/nio/fs/WindowsNativeDispatcher$DiskFreeSpace
instanceKlass sun/nio/fs/WindowsNativeDispatcher$VolumeInformation
instanceKlass sun/nio/fs/WindowsNativeDispatcher$FirstStream
instanceKlass sun/nio/fs/WindowsNativeDispatcher$FirstFile
instanceKlass java/util/Enumeration
instanceKlass java/util/concurrent/ConcurrentHashMap$Traverser
instanceKlass java/util/concurrent/ForkJoinPool$ManagedBlocker
instanceKlass java/util/concurrent/locks/AbstractQueuedSynchronizer$Node
instanceKlass sun/nio/fs/WindowsNativeDispatcher
instanceKlass sun/nio/fs/NativeBuffer$Deallocator
instanceKlass sun/nio/fs/NativeBuffer
instanceKlass java/lang/ThreadLocal$ThreadLocalMap
instanceKlass java/lang/ThreadLocal
instanceKlass sun/nio/fs/NativeBuffers
instanceKlass sun/nio/fs/WindowsFileAttributes
instanceKlass java/nio/file/attribute/DosFileAttributes
instanceKlass sun/nio/fs/AbstractBasicFileAttributeView
instanceKlass sun/nio/fs/DynamicFileAttributeView
instanceKlass sun/nio/fs/WindowsFileAttributeViews
instanceKlass sun/nio/fs/Util
instanceKlass java/nio/file/attribute/BasicFileAttributeView
instanceKlass java/nio/file/attribute/FileAttributeView
instanceKlass java/nio/file/attribute/AttributeView
instanceKlass java/nio/file/Files
instanceKlass java/nio/file/CopyOption
instanceKlass java/nio/file/attribute/BasicFileAttributes
instanceKlass sun/nio/fs/WindowsPath
instanceKlass java/util/zip/ZipFile$Source$Key
instanceKlass sun/nio/fs/WindowsPathParser$Result
instanceKlass sun/nio/fs/WindowsPathParser
instanceKlass java/nio/file/FileSystem
instanceKlass java/nio/file/OpenOption
instanceKlass java/nio/file/spi/FileSystemProvider
instanceKlass sun/nio/fs/DefaultFileSystemProvider
instanceKlass java/util/zip/ZipFile$Source
instanceKlass java/lang/ref/Cleaner$Cleanable
instanceKlass jdk/internal/ref/CleanerImpl
instanceKlass java/lang/ref/Cleaner$1
instanceKlass java/lang/ref/Cleaner
instanceKlass jdk/internal/ref/CleanerFactory$1
instanceKlass java/util/concurrent/ThreadFactory
instanceKlass jdk/internal/ref/CleanerFactory
instanceKlass java/util/zip/ZipCoder
instanceKlass java/util/zip/ZipFile$CleanableResource
instanceKlass java/lang/Runtime$Version
instanceKlass java/util/jar/JavaUtilJarAccessImpl
instanceKlass jdk/internal/access/JavaUtilJarAccess
instanceKlass java/nio/charset/CoderResult
instanceKlass java/lang/StringCoding
instanceKlass java/nio/charset/CharsetDecoder
instanceKlass java/lang/Readable
instanceKlass jdk/internal/loader/FileURLMapper
instanceKlass jdk/internal/loader/URLClassPath$JarLoader$1
instanceKlass java/util/zip/ZipFile$1
instanceKlass jdk/internal/access/JavaUtilZipFileAccess
instanceKlass java/util/zip/ZipFile
instanceKlass java/util/zip/ZipConstants
instanceKlass jdk/internal/loader/URLClassPath$Loader
instanceKlass jdk/internal/loader/URLClassPath$3
instanceKlass java/security/PrivilegedExceptionAction
instanceKlass sun/net/util/URLUtil
instanceKlass sun/instrument/TransformerManager$TransformerInfo
instanceKlass sun/instrument/TransformerManager
instanceKlass jdk/internal/loader/NativeLibraries$3
instanceKlass jdk/internal/loader/NativeLibrary
instanceKlass java/util/ArrayDeque$DeqIterator
instanceKlass jdk/internal/loader/NativeLibraries$NativeLibraryContext$1
instanceKlass jdk/internal/loader/NativeLibraries$NativeLibraryContext
instanceKlass jdk/internal/loader/NativeLibraries$2
instanceKlass jdk/internal/loader/NativeLibraries$1
instanceKlass jdk/internal/loader/NativeLibraries$LibraryPaths
instanceKlass  @bci sun/instrument/InstrumentationImpl <clinit> ()V 16 <appendix> argL0 ; # sun/instrument/InstrumentationImpl$$Lambda+0x000001dec30424e0
instanceKlass sun/instrument/InstrumentationImpl
instanceKlass java/lang/instrument/Instrumentation
instanceKlass java/lang/invoke/StringConcatFactory
instanceKlass jdk/internal/module/ModuleBootstrap$SafeModuleFinder
instanceKlass  @bci java/lang/WeakPairMap computeIfAbsent (Ljava/lang/Object;Ljava/lang/Object;Ljava/util/function/BiFunction;)Ljava/lang/Object; 18 <appendix> member <vmtarget> ; # java/lang/WeakPairMap$$Lambda+0x000001dec3041d68
instanceKlass  @bci java/lang/Module implAddExportsOrOpens (Ljava/lang/String;Ljava/lang/Module;ZZ)V 145 <appendix> argL0 ; # java/lang/Module$$Lambda+0x000001dec3041410
instanceKlass  @bci jdk/internal/module/ModuleBootstrap decode (Ljava/lang/String;Ljava/lang/String;Z)Ljava/util/Map; 193 <appendix> argL0 ; # jdk/internal/module/ModuleBootstrap$$Lambda+0x000001dec30411d0
instanceKlass java/lang/ModuleLayer$Controller
instanceKlass java/util/concurrent/CopyOnWriteArrayList
instanceKlass jdk/internal/module/ServicesCatalog$ServiceProvider
instanceKlass jdk/internal/loader/AbstractClassLoaderValue$Memoizer
instanceKlass jdk/internal/module/ModuleLoaderMap$Modules
instanceKlass jdk/internal/module/ModuleLoaderMap$Mapper
instanceKlass jdk/internal/module/ModuleLoaderMap
instanceKlass java/lang/module/ResolvedModule
instanceKlass java/util/Collections$UnmodifiableCollection$1
instanceKlass java/util/SequencedMap
instanceKlass java/util/SequencedSet
instanceKlass java/lang/ModuleLayer
instanceKlass java/util/ImmutableCollections$ListItr
instanceKlass java/util/ListIterator
instanceKlass java/lang/module/ModuleFinder$1
instanceKlass java/nio/file/Path
instanceKlass java/nio/file/Watchable
instanceKlass java/lang/module/Resolver
instanceKlass java/lang/module/Configuration
instanceKlass  @bci java/util/stream/FindOps$FindSink$OfRef <clinit> ()V 43 <appendix> argL0 ; # java/util/stream/FindOps$FindSink$OfRef$$Lambda+0x800000047
instanceKlass  @bci java/util/stream/FindOps$FindSink$OfRef <clinit> ()V 38 <appendix> argL0 ; # java/util/stream/FindOps$FindSink$OfRef$$Lambda+0x800000049
instanceKlass  @bci java/util/stream/FindOps$FindSink$OfRef <clinit> ()V 16 <appendix> argL0 ; # java/util/stream/FindOps$FindSink$OfRef$$Lambda+0x800000048
instanceKlass  @bci java/util/stream/FindOps$FindSink$OfRef <clinit> ()V 11 <appendix> argL0 ; # java/util/stream/FindOps$FindSink$OfRef$$Lambda+0x80000004a
instanceKlass java/util/stream/FindOps$FindOp
instanceKlass java/util/stream/FindOps$FindSink
instanceKlass java/util/stream/FindOps
instanceKlass  @bci jdk/internal/module/DefaultRoots exportsAPI (Ljava/lang/module/ModuleDescriptor;)Z 9 <appendix> argL0 ; # jdk/internal/module/DefaultRoots$$Lambda+0x800000050
instanceKlass java/util/stream/Sink$ChainedReference
instanceKlass java/util/stream/ReduceOps$AccumulatingSink
instanceKlass java/util/stream/TerminalSink
instanceKlass java/util/stream/Sink
instanceKlass java/util/function/Consumer
instanceKlass java/util/stream/ReduceOps$Box
instanceKlass java/util/stream/ReduceOps$ReduceOp
instanceKlass java/util/stream/TerminalOp
instanceKlass java/util/stream/ReduceOps
instanceKlass  @bci java/util/stream/Collectors castingIdentity ()Ljava/util/function/Function; 0 <appendix> argL0 ; # java/util/stream/Collectors$$Lambda+0x800000041
instanceKlass  @bci java/util/stream/Collectors toSet ()Ljava/util/stream/Collector; 14 <appendix> argL0 ; # java/util/stream/Collectors$$Lambda+0x80000003f
instanceKlass java/util/function/BinaryOperator
instanceKlass  @bci java/util/stream/Collectors toSet ()Ljava/util/stream/Collector; 9 <appendix> argL0 ; # java/util/stream/Collectors$$Lambda+0x800000038
instanceKlass java/util/function/BiConsumer
instanceKlass  @bci java/util/stream/Collectors toSet ()Ljava/util/stream/Collector; 4 <appendix> argL0 ; # java/util/stream/Collectors$$Lambda+0x800000044
instanceKlass java/util/stream/Collector
instanceKlass java/util/Collections$UnmodifiableCollection
instanceKlass java/util/stream/Collectors
instanceKlass  @bci jdk/internal/module/DefaultRoots compute (Ljava/lang/module/ModuleFinder;Ljava/lang/module/ModuleFinder;)Ljava/util/Set; 42 <appendix> argL0 ; # jdk/internal/module/DefaultRoots$$Lambda+0x80000004d
instanceKlass  @bci jdk/internal/module/DefaultRoots compute (Ljava/lang/module/ModuleFinder;Ljava/lang/module/ModuleFinder;)Ljava/util/Set; 32 <appendix> member <vmtarget> ; # jdk/internal/module/DefaultRoots$$Lambda+0x800000051
instanceKlass  @bci jdk/internal/module/DefaultRoots compute (Ljava/lang/module/ModuleFinder;Ljava/lang/module/ModuleFinder;)Ljava/util/Set; 21 <appendix> argL0 ; # jdk/internal/module/DefaultRoots$$Lambda+0x80000004e
instanceKlass  @bci org/gradle/internal/snapshot/PathUtil <clinit> ()V 38 <appendix> form vmentry <vmtarget> ; # java/lang/invoke/LambdaForm$MH+0x000001dec3000800
instanceKlass  @bci jdk/internal/module/DefaultRoots compute (Ljava/lang/module/ModuleFinder;Ljava/lang/module/ModuleFinder;)Ljava/util/Set; 11 <appendix> argL0 ; # jdk/internal/module/DefaultRoots$$Lambda+0x80000004f
instanceKlass java/lang/invoke/LambdaProxyClassArchive
instanceKlass java/lang/invoke/InfoFromMemberName
instanceKlass java/lang/invoke/MethodHandleInfo
instanceKlass jdk/internal/org/objectweb/asm/ConstantDynamic
instanceKlass jdk/internal/org/objectweb/asm/Handle
instanceKlass sun/security/action/GetBooleanAction
instanceKlass java/lang/invoke/AbstractValidatingLambdaMetafactory
instanceKlass java/lang/invoke/BootstrapMethodInvoker
instanceKlass java/util/function/Predicate
instanceKlass java/lang/WeakPairMap$Pair$Lookup
instanceKlass java/lang/WeakPairMap$Pair
instanceKlass java/lang/WeakPairMap
instanceKlass java/lang/Module$ReflectionData
instanceKlass java/lang/invoke/LambdaMetafactory
# instanceKlass java/lang/invoke/LambdaForm$MH+0x000001dec3000400
instanceKlass java/lang/invoke/MethodHandles$Lookup$ClassDefiner
instanceKlass java/lang/invoke/MethodHandles$Lookup$ClassFile
instanceKlass jdk/internal/org/objectweb/asm/Handler
instanceKlass jdk/internal/org/objectweb/asm/Attribute
instanceKlass jdk/internal/org/objectweb/asm/FieldVisitor
instanceKlass java/util/ArrayList$Itr
instanceKlass sun/invoke/empty/Empty
instanceKlass sun/invoke/util/VerifyType
instanceKlass java/lang/invoke/InvokerBytecodeGenerator$ClassData
instanceKlass jdk/internal/org/objectweb/asm/AnnotationVisitor
instanceKlass jdk/internal/org/objectweb/asm/Frame
instanceKlass jdk/internal/org/objectweb/asm/Label
instanceKlass jdk/internal/org/objectweb/asm/Type
instanceKlass jdk/internal/org/objectweb/asm/MethodVisitor
instanceKlass sun/invoke/util/BytecodeDescriptor
instanceKlass jdk/internal/org/objectweb/asm/ByteVector
instanceKlass jdk/internal/org/objectweb/asm/Symbol
instanceKlass jdk/internal/org/objectweb/asm/SymbolTable
instanceKlass jdk/internal/org/objectweb/asm/ClassVisitor
instanceKlass java/lang/invoke/LambdaFormBuffer
instanceKlass java/lang/invoke/LambdaFormEditor$TransformKey
instanceKlass java/lang/invoke/LambdaFormEditor
instanceKlass java/lang/invoke/Invokers$Holder
instanceKlass java/lang/invoke/DelegatingMethodHandle$Holder
instanceKlass java/lang/invoke/DirectMethodHandle$2
instanceKlass java/lang/invoke/ClassSpecializer$Factory
instanceKlass java/lang/invoke/ClassSpecializer$SpeciesData
instanceKlass java/lang/invoke/ClassSpecializer$1
instanceKlass java/lang/invoke/ClassSpecializer
instanceKlass java/lang/invoke/InvokerBytecodeGenerator$1
instanceKlass java/lang/invoke/InvokerBytecodeGenerator
instanceKlass java/lang/invoke/LambdaForm$Holder
instanceKlass java/lang/invoke/LambdaForm$Name
instanceKlass java/lang/reflect/Array
instanceKlass java/lang/invoke/Invokers
instanceKlass sun/invoke/util/ValueConversions
instanceKlass java/lang/invoke/DirectMethodHandle$Holder
instanceKlass java/lang/Void
instanceKlass sun/invoke/util/Wrapper$Format
instanceKlass java/lang/invoke/MethodHandleImpl$1
instanceKlass jdk/internal/access/JavaLangInvokeAccess
instanceKlass java/lang/invoke/LambdaForm$NamedFunction
instanceKlass java/lang/invoke/MethodHandleImpl
instanceKlass jdk/internal/reflect/MethodHandleAccessorFactory$LazyStaticHolder
instanceKlass java/lang/invoke/MethodTypeForm
instanceKlass jdk/internal/util/StrongReferenceKey
instanceKlass jdk/internal/util/ReferenceKey
instanceKlass jdk/internal/util/ReferencedKeyMap
instanceKlass java/lang/invoke/MethodType$1
instanceKlass sun/reflect/annotation/AnnotationParser
instanceKlass java/lang/Class$3
instanceKlass java/lang/PublicMethods$Key
instanceKlass java/lang/PublicMethods$MethodList
instanceKlass java/util/EnumMap$1
instanceKlass java/util/stream/StreamOpFlag$MaskBuilder
instanceKlass java/util/stream/Stream
instanceKlass java/util/stream/BaseStream
instanceKlass java/util/stream/PipelineHelper
instanceKlass java/util/stream/StreamSupport
instanceKlass java/util/Spliterators$IteratorSpliterator
instanceKlass java/util/Spliterator$OfDouble
instanceKlass java/util/Spliterator$OfLong
instanceKlass java/util/Spliterator$OfInt
instanceKlass java/util/Spliterator$OfPrimitive
instanceKlass java/util/Spliterator
instanceKlass java/util/Spliterators$EmptySpliterator
instanceKlass java/util/Spliterators
instanceKlass jdk/internal/module/DefaultRoots
instanceKlass jdk/internal/loader/BuiltinClassLoader$LoadedModule
instanceKlass jdk/internal/loader/AbstractClassLoaderValue
instanceKlass jdk/internal/module/ServicesCatalog
instanceKlass java/util/Deque
instanceKlass java/util/Queue
instanceKlass sun/net/util/IPAddressUtil$MASKS
instanceKlass sun/net/util/IPAddressUtil
instanceKlass java/net/URLStreamHandler
instanceKlass sun/net/www/ParseUtil
instanceKlass jdk/internal/misc/Blocker
instanceKlass java/net/URL$3
instanceKlass jdk/internal/access/JavaNetURLAccess
instanceKlass java/net/URL$DefaultFactory
instanceKlass java/net/URLStreamHandlerFactory
instanceKlass jdk/internal/loader/URLClassPath
instanceKlass java/security/Principal
instanceKlass java/security/ProtectionDomain$Key
instanceKlass java/security/ProtectionDomain$JavaSecurityAccessImpl
instanceKlass jdk/internal/access/JavaSecurityAccess
instanceKlass java/util/concurrent/locks/AbstractQueuedSynchronizer$ConditionObject
instanceKlass java/util/concurrent/locks/Condition
instanceKlass java/lang/ClassLoader$ParallelLoaders
instanceKlass java/security/cert/Certificate
instanceKlass jdk/internal/loader/ArchivedClassLoaders
instanceKlass java/util/concurrent/ConcurrentHashMap$CollectionView
instanceKlass jdk/internal/loader/ClassLoaderHelper
instanceKlass jdk/internal/loader/NativeLibraries
instanceKlass java/lang/Module$EnableNativeAccess
instanceKlass jdk/internal/loader/BootLoader
instanceKlass java/util/Optional
instanceKlass jdk/internal/module/SystemModuleFinders$SystemModuleFinder
instanceKlass java/lang/module/ModuleFinder
instanceKlass jdk/internal/module/SystemModuleFinders$3
instanceKlass jdk/internal/module/ModuleHashes$HashSupplier
instanceKlass jdk/internal/module/SystemModuleFinders$2
instanceKlass java/util/function/Supplier
instanceKlass java/lang/module/ModuleReference
instanceKlass jdk/internal/module/ModuleResolution
instanceKlass java/util/Collections$UnmodifiableMap
instanceKlass jdk/internal/module/ModuleHashes$Builder
instanceKlass jdk/internal/module/ModuleHashes
instanceKlass jdk/internal/module/ModuleTarget
instanceKlass java/util/ImmutableCollections$Set12$1
instanceKlass java/lang/reflect/AccessFlag$18
instanceKlass java/lang/reflect/AccessFlag$17
instanceKlass java/lang/reflect/AccessFlag$16
instanceKlass java/lang/reflect/AccessFlag$15
instanceKlass java/lang/reflect/AccessFlag$14
instanceKlass java/lang/reflect/AccessFlag$13
instanceKlass java/lang/reflect/AccessFlag$12
instanceKlass java/lang/reflect/AccessFlag$11
instanceKlass java/lang/reflect/AccessFlag$10
instanceKlass java/lang/reflect/AccessFlag$9
instanceKlass java/lang/reflect/AccessFlag$8
instanceKlass java/lang/reflect/AccessFlag$7
instanceKlass java/lang/reflect/AccessFlag$6
instanceKlass java/lang/reflect/AccessFlag$5
instanceKlass java/lang/reflect/AccessFlag$4
instanceKlass java/lang/reflect/AccessFlag$3
instanceKlass java/lang/reflect/AccessFlag$2
instanceKlass java/lang/reflect/AccessFlag$1
instanceKlass java/lang/module/ModuleDescriptor$Version
instanceKlass java/lang/module/ModuleDescriptor$Provides
instanceKlass java/lang/module/ModuleDescriptor$Opens
instanceKlass java/util/ImmutableCollections$SetN$SetNIterator
instanceKlass java/lang/module/ModuleDescriptor$Exports
instanceKlass java/lang/module/ModuleDescriptor$Requires
instanceKlass jdk/internal/module/Builder
instanceKlass jdk/internal/module/SystemModules$all
instanceKlass jdk/internal/module/SystemModules
instanceKlass jdk/internal/module/SystemModulesMap
instanceKlass java/net/URI$1
instanceKlass jdk/internal/access/JavaNetUriAccess
instanceKlass java/net/URI
instanceKlass jdk/internal/module/SystemModuleFinders
instanceKlass jdk/internal/module/ArchivedModuleGraph
instanceKlass jdk/internal/module/ArchivedBootLayer
instanceKlass jdk/internal/module/ModuleBootstrap$Counters
instanceKlass jdk/internal/module/ModulePatcher
instanceKlass java/io/FileSystem
instanceKlass java/io/DefaultFileSystem
instanceKlass java/io/File
instanceKlass java/lang/module/ModuleDescriptor$1
instanceKlass jdk/internal/access/JavaLangModuleAccess
instanceKlass sun/invoke/util/VerifyAccess
instanceKlass java/util/KeyValueHolder
instanceKlass java/util/ImmutableCollections$MapN$MapNIterator
instanceKlass java/lang/StrictMath
instanceKlass java/lang/invoke/MethodHandles$Lookup
instanceKlass java/lang/invoke/MemberName$Factory
instanceKlass java/lang/invoke/MethodHandles
instanceKlass java/lang/module/ModuleDescriptor
instanceKlass jdk/internal/module/ModuleBootstrap
instanceKlass java/lang/Character$CharacterCache
instanceKlass java/util/HexFormat
instanceKlass jdk/internal/util/ClassFileDumper
instanceKlass sun/security/action/GetPropertyAction
instanceKlass java/lang/invoke/MethodHandleStatics
instanceKlass java/util/Collections
instanceKlass java/lang/Thread$ThreadIdentifiers
instanceKlass sun/io/Win32ErrorMode
instanceKlass jdk/internal/misc/OSEnvironment
instanceKlass java/lang/Integer$IntegerCache
instanceKlass jdk/internal/misc/Signal$NativeHandler
instanceKlass java/util/Hashtable$Entry
instanceKlass jdk/internal/misc/Signal
instanceKlass java/lang/Terminator$1
instanceKlass jdk/internal/misc/Signal$Handler
instanceKlass java/lang/Terminator
instanceKlass java/nio/ByteOrder
instanceKlass java/nio/Buffer$2
instanceKlass jdk/internal/access/JavaNioAccess
instanceKlass java/nio/Buffer$1
instanceKlass jdk/internal/misc/ScopedMemoryAccess
instanceKlass java/nio/charset/CodingErrorAction
instanceKlass sun/nio/cs/SingleByte
instanceKlass java/lang/StringUTF16
instanceKlass sun/nio/cs/MS1252$Holder
instanceKlass sun/nio/cs/ArrayEncoder
instanceKlass java/nio/charset/CharsetEncoder
instanceKlass java/io/Writer
instanceKlass java/io/PrintStream$1
instanceKlass jdk/internal/access/JavaIOPrintStreamAccess
instanceKlass jdk/internal/misc/InternalLock
instanceKlass java/io/OutputStream
instanceKlass java/io/Flushable
instanceKlass java/io/FileDescriptor$1
instanceKlass jdk/internal/access/JavaIOFileDescriptorAccess
instanceKlass java/io/FileDescriptor
instanceKlass jdk/internal/util/StaticProperty
instanceKlass jdk/internal/reflect/MethodHandleAccessorFactory
instanceKlass java/lang/reflect/Modifier
instanceKlass java/lang/Class$1
instanceKlass java/lang/Class$Atomic
instanceKlass java/lang/Class$ReflectionData
instanceKlass java/nio/charset/StandardCharsets
instanceKlass sun/nio/cs/HistoricallyNamedCharset
instanceKlass java/nio/charset/spi/CharsetProvider
instanceKlass java/nio/charset/Charset
instanceKlass java/util/HashMap$HashIterator
instanceKlass java/util/concurrent/locks/LockSupport
instanceKlass java/util/concurrent/ConcurrentHashMap$Node
instanceKlass java/util/concurrent/ConcurrentHashMap$CounterCell
instanceKlass java/util/concurrent/locks/ReentrantLock
instanceKlass java/util/concurrent/locks/Lock
instanceKlass java/lang/CharacterData
instanceKlass java/util/Arrays
instanceKlass jdk/internal/util/Preconditions$3
instanceKlass jdk/internal/util/Preconditions$2
instanceKlass jdk/internal/util/Preconditions$4
instanceKlass java/util/function/BiFunction
instanceKlass jdk/internal/util/Preconditions$1
instanceKlass java/util/function/Function
instanceKlass jdk/internal/util/Preconditions
instanceKlass java/lang/Runtime
instanceKlass java/lang/VersionProps
instanceKlass java/lang/StringConcatHelper
instanceKlass java/util/HashMap$Node
instanceKlass java/util/Map$Entry
instanceKlass jdk/internal/util/ArraysSupport
instanceKlass jdk/internal/util/SystemProps$Raw
instanceKlass jdk/internal/util/SystemProps
instanceKlass java/lang/System$2
instanceKlass jdk/internal/access/JavaLangAccess
instanceKlass java/lang/ref/NativeReferenceQueue$Lock
instanceKlass java/lang/ref/ReferenceQueue
instanceKlass java/lang/ref/Reference$1
instanceKlass jdk/internal/access/JavaLangRefAccess
instanceKlass jdk/internal/reflect/ReflectionFactory
instanceKlass java/lang/Math
instanceKlass java/lang/StringLatin1
instanceKlass jdk/internal/reflect/Reflection
instanceKlass jdk/internal/reflect/ReflectionFactory$GetReflectionFactoryAction
instanceKlass java/security/PrivilegedAction
instanceKlass jdk/internal/access/SharedSecrets
instanceKlass java/lang/reflect/ReflectAccess
instanceKlass jdk/internal/access/JavaLangReflectAccess
instanceKlass java/util/ImmutableCollections
instanceKlass java/util/Objects
instanceKlass java/util/Set
instanceKlass jdk/internal/misc/CDS
instanceKlass java/lang/Module$ArchivedData
instanceKlass jdk/internal/misc/VM
instanceKlass java/lang/String$CaseInsensitiveComparator
instanceKlass java/util/Comparator
instanceKlass java/io/ObjectStreamField
instanceKlass jdk/internal/vm/FillerObject
instanceKlass jdk/internal/vm/vector/VectorSupport$VectorPayload
instanceKlass jdk/internal/vm/vector/VectorSupport
instanceKlass java/lang/reflect/RecordComponent
instanceKlass java/util/Iterator
instanceKlass java/lang/Number
instanceKlass java/lang/Character
instanceKlass java/lang/Boolean
instanceKlass java/util/concurrent/locks/AbstractOwnableSynchronizer
instanceKlass java/lang/LiveStackFrame
instanceKlass java/lang/StackFrameInfo
instanceKlass java/lang/StackWalker$StackFrame
instanceKlass java/lang/StackStreamFactory$AbstractStackWalker
instanceKlass java/lang/StackWalker
instanceKlass java/nio/Buffer
instanceKlass java/lang/StackTraceElement
instanceKlass java/util/RandomAccess
instanceKlass java/util/List
instanceKlass java/util/SequencedCollection
instanceKlass java/util/AbstractCollection
instanceKlass java/util/Collection
instanceKlass java/lang/Iterable
instanceKlass java/util/concurrent/ConcurrentMap
instanceKlass java/util/AbstractMap
instanceKlass java/security/CodeSource
instanceKlass jdk/internal/loader/ClassLoaders
instanceKlass java/util/jar/Manifest
instanceKlass java/lang/Enum
instanceKlass java/net/URL
instanceKlass java/io/InputStream
instanceKlass java/io/Closeable
instanceKlass java/lang/AutoCloseable
instanceKlass jdk/internal/module/Modules
instanceKlass jdk/internal/misc/Unsafe
instanceKlass jdk/internal/misc/UnsafeConstants
instanceKlass java/lang/AbstractStringBuilder
instanceKlass java/lang/Appendable
instanceKlass java/lang/AssertionStatusDirectives
instanceKlass jdk/internal/foreign/abi/ABIDescriptor
instanceKlass jdk/internal/foreign/abi/NativeEntryPoint
instanceKlass java/lang/invoke/CallSite
instanceKlass java/lang/invoke/MethodType
instanceKlass java/lang/invoke/TypeDescriptor$OfMethod
instanceKlass java/lang/invoke/LambdaForm
instanceKlass java/lang/invoke/MethodHandleNatives
instanceKlass java/lang/invoke/ResolvedMethodName
instanceKlass java/lang/invoke/MemberName
instanceKlass java/lang/invoke/VarHandle
instanceKlass java/lang/invoke/MethodHandle
instanceKlass jdk/internal/reflect/CallerSensitive
instanceKlass java/lang/annotation/Annotation
instanceKlass jdk/internal/reflect/FieldAccessor
instanceKlass jdk/internal/reflect/ConstantPool
instanceKlass jdk/internal/reflect/ConstructorAccessor
instanceKlass jdk/internal/reflect/MethodAccessor
instanceKlass jdk/internal/reflect/MagicAccessorImpl
instanceKlass jdk/internal/vm/StackChunk
instanceKlass jdk/internal/vm/Continuation
instanceKlass jdk/internal/vm/ContinuationScope
instanceKlass java/lang/reflect/Parameter
instanceKlass java/lang/reflect/Member
instanceKlass java/lang/reflect/AccessibleObject
instanceKlass java/lang/Module
instanceKlass java/util/Map
instanceKlass java/util/Dictionary
instanceKlass java/lang/ThreadGroup
instanceKlass java/lang/Thread$UncaughtExceptionHandler
instanceKlass java/lang/Thread$Constants
instanceKlass java/lang/Thread$FieldHolder
instanceKlass java/lang/Thread
instanceKlass java/lang/Runnable
instanceKlass java/lang/ref/Reference
instanceKlass java/lang/Record
instanceKlass java/security/AccessController
instanceKlass java/security/AccessControlContext
instanceKlass java/security/ProtectionDomain
instanceKlass java/lang/SecurityManager
instanceKlass java/lang/Throwable
instanceKlass java/lang/System
instanceKlass java/lang/ClassLoader
instanceKlass java/lang/Cloneable
instanceKlass java/lang/Class
instanceKlass java/lang/invoke/TypeDescriptor$OfField
instanceKlass java/lang/invoke/TypeDescriptor
instanceKlass java/lang/reflect/Type
instanceKlass java/lang/reflect/GenericDeclaration
instanceKlass java/lang/reflect/AnnotatedElement
instanceKlass java/lang/String
instanceKlass java/lang/constant/ConstantDesc
instanceKlass java/lang/constant/Constable
instanceKlass java/lang/CharSequence
instanceKlass java/lang/Comparable
instanceKlass java/io/Serializable
ciInstanceKlass java/lang/Object 1 1 124 7 1 10 12 1 1 10 7 12 1 1 1 10 7 12 1 1 1 10 12 1 1 8 1 10 12 1 1 10 7 12 1 1 1 10 12 1 10 12 1 1 10 7 12 1 1 1 10 12 1 10 12 1 7 1 10 7 12 1 1 1 10 12 1 1 10 12 1 100 1 8 1 10 12 1 3 8 1 7 1 5 0 1 1 1 1 1 1 1 1 1 1 1 1 1 1 1 1 7 1 1 1 1 1 1 1 1 1 1 7 1 1 1 1 1 1 1 1 1 1 3 1 1
ciMethod java/lang/Object equals (Ljava/lang/Object;)Z 1024 0 17350 0 -1
ciMethod java/lang/Object hashCode ()I 256 0 128 0 -1
ciInstanceKlass java/io/Serializable 1 0 7 100 1 100 1 1 1
ciInstanceKlass java/lang/System 1 1 834 10 7 12 1 1 1 9 7 12 1 1 1 10 12 1 10 12 1 1 10 12 1 1 10 12 1 9 12 1 1 10 7 12 1 1 1 11 100 12 1 1 1 10 100 12 1 1 1 10 12 1 1 10 12 1 1 100 1 8 1 10 12 1 10 7 12 1 1 1 10 100 12 1 1 1 18 12 1 1 10 7 12 1 1 1 7 1 10 12 1 1 10 7 12 1 1 1 10 12 1 10 7 12 1 1 1 9 100 12 1 1 1 10 7 12 1 1 1 11 7 12 1 1 1 10 12 1 1 10 7 12 1 1 1 7 1 10 10 12 1 1 8 1 10 12 1 8 1 10 12 1 9 12 1 1 8 1 10 7 12 1 1 1 10 12 1 1 100 1 8 1 10 9 12 1 1 8 1 10 12 1 1 10 100 12 1 1 1 8 1 10 12 1 7 1 10 12 1 8 1 10 12 1 10 12 1 1 100 1 10 12 10 12 1 9 12 1 1 9 12 1 1 10 7 12 1 1 1 10 7 12 1 1 1 10 12 1 1 10 12 1 10 12 1 10 7 12 1 1 1 10 12 1 100 1 100 1 8 1 10 12 1 10 12 1 1 7 1 10 12 1 100 1 8 1 10 10 12 1 100 1 8 1 10 8 1 10 7 12 1 1 8 1 10 12 100 1 8 1 10 10 12 1 1 10 100 12 1 1 1 100 1 18 12 1 100 1 9 100 12 1 1 1 10 12 1 100 1 10 12 1 1 10 12 1 1 10 7 12 1 1 1 10 12 1 1 10 12 1 10 12 1 10 12 1 1 10 12 1 7 1 10 12 1 9 7 12 1 1 1 10 7 12 1 1 1 10 12 1 10 12 1 10 7 12 1 1 1 7 1 8 1 10 9 12 1 9 12 1 10 12 1 10 7 12 1 1 10 12 1 10 12 1 1 8 1 10 12 1 1 8 1 11 12 1 10 12 11 12 1 1 11 7 12 1 1 1 11 7 12 1 1 11 12 1 1 7 1 11 12 1 10 12 1 8 1 10 12 1 1 8 1 8 1 8 1 8 1 11 12 1 10 12 1 10 12 1 10 12 1 8 1 10 12 1 1 8 1 9 12 1 8 1 10 7 12 1 1 8 1 7 1 9 7 12 1 1 1 10 12 1 7 1 9 12 10 9 12 7 1 10 12 9 12 1 1 8 1 10 12 1 1 8 1 10 7 12 1 1 10 12 1 10 12 1 1 11 7 12 1 1 10 12 10 7 12 1 1 1 9 12 1 1 7 1 8 1 10 12 1 1 10 7 12 1 1 1 7 1 10 12 1 1 10 12 1 8 1 8 1 10 8 1 8 1 8 1 8 1 10 10 7 12 1 1 10 12 1 10 12 1 1 10 12 1 1 10 12 1 10 100 12 1 1 1 10 7 1 8 1 10 10 10 12 1 1 10 12 1 1 8 1 10 12 1 8 1 8 1 10 12 1 10 7 12 1 1 1 10 12 1 1 7 1 10 10 12 1 10 12 1 9 12 1 1 3 1 3 1 1 1 1 1 1 1 1 1 1 1 1 100 1 1 100 1 1 1 1 1 1 1 1 1 1 1 100 1 7 1 1 1 1 1 1 1 1 1 1 1 1 1 1 1 1 1 1 1 1 1 1 1 1 1 1 1 1 1 1 1 1 1 1 1 1 1 1 1 1 1 1 1 1 1 1 1 1 1 1 1 1 1 1 1 1 1 1 100 1 1 1 1 1 1 1 1 1 1 1 1 1 1 1 1 1 1 1 1 1 1 1 1 1 1 1 1 1 1 1 1 1 100 1 1 16 15 10 12 1 1 16 15 10 12 16 1 15 10 100 12 1 1 1 1 1 1 1 1 1 100 1 100 1 1
staticfield java/lang/System in Ljava/io/InputStream; org/gradle/internal/daemon/clientinput/StdInStream
staticfield java/lang/System out Ljava/io/PrintStream; org/gradle/internal/io/LinePerThreadBufferingOutputStream
staticfield java/lang/System err Ljava/io/PrintStream; org/gradle/internal/io/LinePerThreadBufferingOutputStream
instanceKlass org/codehaus/groovy/reflection/ReflectionUtils$ClassContextHelper
ciInstanceKlass java/lang/SecurityManager 1 1 576 10 7 12 1 1 1 9 7 12 1 1 1 10 7 12 1 1 1 100 1 8 1 10 12 1 10 12 1 1 10 7 12 1 1 1 10 7 1 10 100 1 10 9 100 12 1 1 1 10 7 12 1 1 1 10 12 1 1 10 7 12 1 1 100 1 8 1 10 9 12 1 1 9 12 1 8 1 9 12 1 7 1 10 8 1 10 12 1 1 10 12 1 10 12 1 1 100 1 10 10 12 1 1 100 1 8 1 10 12 1 8 1 8 1 8 1 8 1 8 1 8 1 10 12 1 8 1 8 1 8 1 8 1 8 1 10 7 12 1 1 1 10 12 1 1 8 1 100 1 8 1 10 8 1 8 1 8 1 8 1 8 1 10 100 12 1 1 8 1 100 1 8 1 8 1 10 8 1 10 12 1 100 1 8 1 10 10 12 1 1 10 12 1 10 12 1 10 12 1 10 7 12 1 1 1 10 12 1 10 7 12 1 1 11 7 12 1 1 1 18 12 1 1 11 7 12 1 1 1 18 12 1 1 11 12 1 1 18 18 11 12 1 18 12 1 11 12 1 1 9 12 1 1 9 12 1 9 12 1 9 12 1 7 1 10 7 12 1 1 10 12 1 10 12 1 18 12 1 18 10 7 12 1 1 1 18 12 1 10 12 1 18 18 8 1 10 12 1 9 12 1 1 11 7 12 1 1 1 8 1 100 1 10 12 1 10 12 1 1 10 12 1 1 9 12 1 1 10 12 1 10 12 1 1 8 1 100 1 10 9 12 1 8 1 10 12 1 8 1 100 1 10 10 7 12 1 1 10 7 1 9 7 12 1 1 1 11 12 1 1 10 12 1 11 12 1 10 12 1 7 1 10 10 12 1 1 10 12 1 1 1 1 1 1 1 1 1 1 1 7 1 1 1 1 1 1 1 1 1 1 1 1 1 1 1 1 1 1 1 1 1 1 1 1 1 1 1 1 1 1 1 1 1 1 1 1 1 1 1 1 1 1 1 1 1 1 1 1 1 1 1 1 1 1 1 1 3 1 1 1 1 1 1 1 1 1 1 100 1 1 1 1 1 1 1 1 1 1 1 1 1 1 1 1 1 1 1 1 1 1 1 1 1 1 1 1 1 1 1 1 1 1 1 1 1 1 16 15 10 7 12 1 1 1 16 1 16 15 10 12 16 1 15 10 12 16 15 11 7 1 16 1 16 1 15 10 12 16 15 10 12 16 15 10 12 1 16 1 15 11 12 1 15 10 12 16 15 10 16 1 15 10 7 12 1 1 1 1 1 1 100 1 100 1 1
staticfield java/lang/SecurityManager packageAccessLock Ljava/lang/Object; java/lang/Object
staticfield java/lang/SecurityManager packageDefinitionLock Ljava/lang/Object; java/lang/Object
staticfield java/lang/SecurityManager nonExportedPkgs Ljava/util/Map; java/util/concurrent/ConcurrentHashMap
ciInstanceKlass java/security/AccessController 1 1 295 10 7 12 1 1 1 10 7 12 1 1 1 10 7 12 1 1 1 10 12 1 1 10 12 1 1 10 7 12 1 1 1 10 12 1 1 10 12 1 10 12 1 1 10 12 1 100 1 8 1 10 12 1 10 12 1 10 12 1 1 10 12 1 7 1 7 1 10 12 1 1 10 12 1 10 12 1 10 12 1 1 10 7 12 1 1 1 10 12 1 1 9 100 12 1 1 1 10 7 12 1 1 1 10 12 1 10 12 1 9 100 12 1 1 1 10 12 1 10 12 1 1 9 12 1 1 10 100 1 10 11 7 12 1 1 1 10 7 12 1 1 11 7 1 100 1 10 12 1 10 12 1 10 12 1 8 1 10 12 1 1 8 1 10 100 12 1 1 1 8 1 7 1 10 10 12 1 1 10 12 1 10 7 12 1 1 1 10 12 1 8 1 10 7 12 1 1 8 1 8 1 10 12 1 8 1 10 12 1 10 12 1 1 10 12 1 1 1 1 1 1 1 1 1 1 1 1 1 1 1 1 1 1 1 1 1 1 1 1 1 1 1 1 100 1 1 1 1 1 1 1 1 1 1 1 1 1 1 1 1 1 1 1 1 1 1 1 1 1 1 1 1 1 1 1 1 1 1 100 1 100 1 1 1 1 1 1 1 1 1 3 1 1 1
staticfield java/security/AccessController $assertionsDisabled Z 1
ciInstanceKlass java/security/ProtectionDomain 1 1 348 10 7 12 1 1 1 9 7 12 1 1 1 7 1 10 9 12 1 1 9 12 1 1 9 12 1 1 10 7 12 1 1 7 1 9 12 1 9 12 1 1 7 1 9 12 1 1 9 12 1 10 100 12 1 1 10 100 12 1 1 1 10 12 1 1 10 12 1 9 12 1 9 100 12 1 1 10 12 1 1 10 100 1 10 12 1 1 8 1 7 1 8 1 10 12 1 10 11 10 7 12 1 1 1 10 12 1 1 8 1 11 8 1 10 12 1 8 1 8 1 10 12 1 1 10 12 1 10 12 1 1 10 12 1 8 1 10 12 1 8 1 8 1 10 7 12 1 1 1 9 100 12 1 1 1 10 12 1 1 9 100 12 1 1 1 10 7 12 1 1 1 100 1 18 12 1 1 10 7 12 1 1 1 10 7 1 10 12 1 10 12 1 1 11 100 12 1 1 11 12 1 100 1 11 7 12 1 1 1 10 12 1 10 11 12 1 1 11 12 1 1 10 12 1 10 7 12 1 1 10 100 12 1 1 11 12 1 10 12 10 12 1 8 1 8 1 10 7 12 1 1 1 7 1 10 10 7 12 1 1 1 1 1 1 1 1 1 1 7 1 1 7 1 1 1 1 1 1 1 1 1 1 1 1 1 1 1 1 1 1 1 1 1 1 1 1 1 1 1 1 1 1 1 1 1 1 1 1 1 1 1 1 1 1 1 1 7 1 1 1 1 1 1 100 1 1 16 15 10 12 16 15 10 100 12 1 1 1 1 1 1 1 100 1 100 1 1
staticfield java/security/ProtectionDomain filePermCompatInPD Z 0
ciInstanceKlass java/security/CodeSource 1 1 398 10 7 12 1 1 1 9 7 12 1 1 1 9 12 1 1 9 12 1 1 9 12 1 1 10 7 12 1 1 1 9 12 1 1 10 100 12 1 1 10 100 10 7 12 1 1 1 10 100 12 1 1 1 10 12 1 1 7 1 10 10 100 12 1 1 1 10 100 12 1 1 1 10 12 1 1 100 1 10 12 1 1 10 12 1 1 10 12 1 1 10 12 1 10 10 10 12 1 1 10 7 12 1 1 1 10 12 1 10 12 1 10 12 1 8 1 10 12 1 10 12 1 10 12 1 1 10 12 1 8 1 10 12 1 1 10 7 1 10 10 12 1 1 8 1 10 12 1 10 12 1 10 12 1 8 1 8 1 9 12 1 1 100 1 8 1 10 12 1 10 12 1 1 8 1 10 12 1 8 1 8 1 8 1 10 100 12 1 1 10 12 1 1 10 12 1 10 12 1 1 10 12 1 1 10 12 1 1 100 1 100 1 10 12 1 10 12 10 12 1 1 10 100 12 1 1 10 12 1 7 1 10 12 10 100 12 1 1 1 10 8 1 10 12 1 10 12 1 10 12 1 1 100 1 10 12 1 1 100 1 7 1 8 1 8 1 10 10 12 1 1 10 100 12 1 1 1 7 1 10 12 10 12 1 1 11 7 12 1 1 10 10 12 1 11 10 12 1 8 1 100 1 10 12 1 10 12 1 1 10 12 1 11 12 1 1 7 1 1 1 1 5 0 1 1 1 1 1 1 1 1 1 1 1 1 1 1 1 1 1 1 1 1 1 1 1 1 1 1 1 1 1 1 1 1 1 1 1 1 1 1 1 1 1 1 1 1 1 1 1 1 1 1 1 1 1 1 1 1 1 1 1 1 1 1 1 1 1 1 100 1 1 1 1 1 1 1
ciInstanceKlass java/lang/Boolean 1 1 152 10 7 12 1 1 1 9 7 12 1 1 1 10 12 1 1 10 12 1 8 1 10 7 12 1 1 9 12 1 1 9 12 1 10 12 1 1 10 12 1 1 10 12 1 1 10 7 12 1 1 1 100 1 100 1 10 12 1 1 9 100 12 1 1 9 12 10 100 12 1 1 1 10 12 1 1 8 1 10 7 12 1 1 1 9 12 1 1 7 1 7 1 7 1 1 1 1 1 1 5 0 1 1 1 1 1 1 1 1 1 1 3 1 1 1 1 1 1 1 1 1 1 1 1 1 1 1 1 1 1 7 1 1 1 1 1 1 1 1 1 1 100 1 1 1 1 1 1 1 1 1
staticfield java/lang/Boolean TRUE Ljava/lang/Boolean; java/lang/Boolean
staticfield java/lang/Boolean FALSE Ljava/lang/Boolean; java/lang/Boolean
staticfield java/lang/Boolean TYPE Ljava/lang/Class; java/lang/Class
ciInstanceKlass java/lang/Comparable 1 0 12 100 1 100 1 1 1 1 1 1 1 1
ciInstanceKlass java/lang/constant/Constable 1 0 11 100 1 100 1 1 1 1 1 1 1
ciInstanceKlass java/util/Map 1 1 263 11 7 12 1 1 1 11 12 1 1 10 100 12 1 1 11 12 1 1 11 7 12 1 1 1 11 100 12 1 1 1 11 12 1 1 7 1 11 12 1 11 12 1 100 1 100 1 10 12 1 1 11 100 12 1 1 1 11 100 12 1 1 1 11 12 1 11 12 1 10 12 1 1 11 12 1 11 100 12 1 9 7 12 1 1 1 100 1 10 12 7 1 7 1 10 12 1 7 1 10 7 1 11 12 1 11 12 1 1 11 12 1 1 7 1 11 12 1 1 1 1 1 1 1 1 1 1 1 1 1 1 1 1 1 1 1 1 1 1 1 1 1 1 1 1 1 1 1 1 1 1 1 1 1 1 1 1 1 1 1 1 1 1 1 1 1 1 1 1 1 1 1 1 1 1 1 1 1 1 1 1 1 1 1 1 1 1 1 1 1 1 1 1 1 1 1 1 1 1 1 1 1 1 1 1 1 1 1 1 1 1 1 1 1 1 1 1 1 1 1 1 1 1 1 1 1 1 1 1 1 1 1 1 1 1 1 1 1 1 1 1 1 1 100 1 1 1 1 1 1 1 1 1 1 1 1 1 1 1 1 1 1
ciInstanceKlass java/lang/Class 1 1 1687 10 7 12 1 1 1 9 7 12 1 1 1 9 12 1 1 10 12 1 1 8 1 10 12 1 8 1 8 1 10 12 1 1 10 7 12 1 1 1 10 12 1 7 1 10 10 12 1 10 12 1 1 10 12 1 1 10 12 1 1 10 7 12 1 1 10 12 1 10 12 1 10 12 1 8 1 10 12 1 8 1 10 12 1 8 1 8 1 10 12 1 1 10 7 12 1 1 1 18 12 1 1 11 7 12 1 1 1 8 1 8 1 8 1 10 7 12 1 1 1 11 12 1 1 8 1 10 12 1 10 11 7 12 1 1 1 11 7 12 1 1 1 11 8 1 18 8 1 10 12 1 10 7 12 1 1 10 12 1 1 10 7 12 1 1 1 10 12 1 1 10 12 1 1 10 7 12 1 1 1 10 12 9 100 12 1 1 1 10 7 12 1 1 1 10 12 1 10 7 12 1 1 1 10 12 1 1 18 12 1 1 10 7 12 1 1 1 10 7 12 1 10 12 1 1 10 7 1 7 1 10 12 1 1 9 12 1 1 100 1 8 1 10 12 1 10 12 1 1 10 12 1 1 10 7 12 1 1 1 7 1 10 12 1 7 1 100 1 10 10 12 1 1 10 12 1 1 100 1 10 7 12 1 1 1 10 12 1 1 10 12 1 1 9 12 1 1 10 12 1 10 12 1 1 9 12 1 1 9 12 1 1 10 12 1 1 10 7 1 10 12 1 10 12 1 10 12 1 1 10 9 12 1 10 12 1 8 1 10 12 1 1 10 12 1 1 10 12 1 10 12 1 1 10 12 1 1 10 12 1 1 9 7 12 1 1 1 10 7 12 1 1 10 12 10 12 1 10 12 1 10 12 1 10 12 1 9 100 12 1 1 1 9 12 1 10 12 1 10 100 12 1 1 1 10 12 1 1 10 7 12 1 1 10 12 1 10 12 1 1 10 100 12 1 1 1 10 12 1 10 12 1 1 10 12 1 10 12 1 10 12 1 1 10 7 1 10 10 10 12 1 1 10 12 1 1 10 12 10 10 12 1 1 7 1 8 1 10 10 12 1 1 10 12 1 100 1 11 12 1 10 100 12 1 1 10 12 1 10 12 1 10 100 12 1 1 10 10 12 1 1 8 1 10 12 1 10 12 1 1 8 1 10 12 1 9 12 1 10 12 1 10 12 1 10 12 1 10 12 7 1 9 12 1 10 12 1 9 12 1 10 12 1 10 12 1 10 12 1 10 10 12 1 10 12 1 10 7 12 1 1 10 12 1 10 12 1 10 12 1 1 10 12 1 10 12 1 10 12 1 100 1 10 12 1 10 12 1 1 10 12 1 1 10 12 1 1 10 12 1 1 10 12 1 1 10 12 1 1 100 1 10 10 12 1 1 10 12 1 1 10 12 1 1 10 10 12 1 10 12 1 1 10 12 1 1 10 12 1 1 10 12 1 1 7 1 10 10 12 11 7 12 1 1 10 12 1 10 12 1 10 100 12 1 1 1 10 12 1 1 10 10 12 1 1 7 1 10 10 12 1 1 10 7 12 1 1 1 100 1 100 1 10 12 1 1 10 12 1 10 10 12 1 1 10 12 1 10 12 1 10 12 1 10 100 12 1 1 1 11 7 12 1 1 10 12 1 10 12 1 9 12 1 10 12 1 1 10 12 1 9 7 12 1 1 1 9 12 1 10 100 12 1 1 1 10 12 1 10 12 1 10 100 12 1 1 1 10 12 1 10 12 10 12 1 1 100 1 10 8 1 10 12 1 11 11 12 1 1 11 7 12 1 1 11 12 1 8 1 10 12 1 10 12 1 1 9 12 1 9 12 1 1 10 7 12 1 1 9 12 1 10 12 1 1 10 10 12 1 10 7 12 1 1 1 10 7 12 1 1 10 7 12 1 1 9 12 1 1 10 12 1 9 12 1 10 12 1 10 12 1 1 9 12 1 1 9 12 1 10 12 1 10 12 1 1 9 12 1 100 1 10 10 12 1 1 7 1 10 12 1 1 100 11 7 1 9 12 1 1 9 12 1 7 1 10 12 1 9 12 1 1 9 12 1 10 12 1 10 12 1 1 9 12 1 7 1 10 10 12 1 1 10 10 12 1 10 12 10 10 12 1 9 12 1 10 12 1 1 10 7 12 1 1 1 10 12 1 1 10 12 1 8 10 7 8 1 18 8 1 8 1 10 12 1 9 12 1 9 12 1 1 10 12 1 7 1 7 1 10 12 1 9 12 1 1 7 1 10 10 12 1 10 7 1 9 12 1 8 1 10 12 1 7 1 10 12 1 10 12 1 1 100 1 7 1 9 12 1 100 1 8 1 10 10 7 12 1 1 1 10 12 11 7 12 1 1 1 10 12 1 10 12 1 1 10 8 1 8 1 10 12 1 1 9 7 12 1 1 11 12 7 1 11 7 12 1 1 9 12 1 10 100 12 1 1 1 10 7 12 1 1 10 12 1 1 9 12 1 9 10 12 1 1 10 12 1 1 10 12 1 1 10 12 1 1 10 12 1 1 11 12 1 7 1 11 12 1 10 7 12 1 1 1 10 12 1 11 12 1 10 7 12 1 1 1 10 12 1 10 7 12 1 1 1 11 12 1 11 12 1 1 10 12 1 10 12 1 1 9 12 1 1 9 100 12 1 1 10 12 1 10 100 12 1 1 1 10 12 1 1 10 12 1 10 12 1 10 12 1 10 7 12 1 1 1 10 12 1 8 1 10 12 1 10 12 1 10 12 1 100 1 10 12 10 100 12 1 1 1 11 100 12 1 1 1 10 12 1 1 10 12 1 18 12 1 1 11 12 1 1 18 11 12 1 18 12 1 11 12 1 10 12 1 1 10 12 1 10 12 1 10 12 1 10 12 1 10 12 10 12 1 8 1 10 12 1 7 1 9 12 1 1 7 1 7 1 7 1 7 1 1 1 3 1 3 1 3 1 1 1 1 1 1 1 5 0 1 1 1 1 1 1 1 1 1 1 1 1 1 1 1 1 1 1 1 1 1 1 1 1 100 1 1 1 1 1 1 1 100 1 1 1 1 1 7 1 1 1 1 1 1 1 1 1 1 1 1 1 1 1 1 1 1 1 1 1 1 1 1 1 1 1 1 1 1 1 1 1 1 1 1 1 1 1 1 1 1 100 1 1 1 1 1 1 1 1 1 1 1 1 1 1 1 1 1 1 1 1 1 1 1 1 1 1 1 1 1 1 1 100 1 1 1 1 1 1 1 1 1 1 1 1 1 1 1 1 1 1 1 1 3 1 1 1 1 1 1 1 1 1 1 1 1 1 1 1 1 1 1 1 1 1 1 1 1 1 1 1 1 1 1 1 1 1 1 1 7 1 7 1 1 1 1 1 1 1 7 1 1 1 1 1 1 1 1 1 1 1 1 1 1 1 1 1 1 1 1 1 1 1 1 1 1 1 1 1 1 1 1 1 1 1 1 1 1 1 1 1 1 1 1 1 1 1 1 1 1 1 1 1 1 1 1 1 1 1 1 1 1 1 1 1 1 1 1 1 1 1 1 1 1 1 1 1 1 1 1 1 1 1 1 1 1 1 1 1 1 1 1 1 1 1 1 1 1 1 1 1 1 1 1 1 1 1 1 1 1 1 1 1 1 1 1 1 1 1 1 1 1 1 1 16 15 10 12 16 15 11 12 16 1 16 15 16 15 10 12 16 16 15 10 12 16 15 16 1 15 10 12 16 15 10 7 12 1 1 1 1 1 1 1 1 1 1 1 1 1 7 1 1 100 1 100 1 1 100 1 100 1 1 100 1 100 1 1
staticfield java/lang/Class EMPTY_CLASS_ARRAY [Ljava/lang/Class; 0 [Ljava/lang/Class;
staticfield java/lang/Class serialPersistentFields [Ljava/io/ObjectStreamField; 0 [Ljava/io/ObjectStreamField;
ciInstanceKlass java/lang/reflect/AnnotatedElement 1 1 164 11 7 12 1 1 1 11 12 1 1 7 1 10 100 12 1 1 1 10 12 1 1 10 12 1 1 10 12 1 10 100 12 1 1 1 11 12 1 1 11 7 12 1 1 10 7 12 1 1 1 10 12 1 10 100 12 1 1 1 18 12 1 1 11 100 12 1 1 18 12 1 18 12 1 1 10 100 12 1 1 1 11 100 12 1 1 1 7 1 10 100 12 1 1 1 1 1 1 1 1 1 1 1 1 1 1 1 1 1 1 1 1 1 1 1 1 1 100 1 1 1 1 1 1 1 1 1 1 1 16 15 16 1 16 1 15 11 12 16 16 1 15 10 100 12 1 1 1 16 1 15 10 100 12 1 1 1 1 100 1 100 1 1
ciInstanceKlass java/lang/invoke/TypeDescriptor 1 0 17 100 1 100 1 1 1 1 1 1 100 1 100 1 1 1 1
ciInstanceKlass java/lang/reflect/GenericDeclaration 1 0 30 7 1 7 1 7 1 1 1 1 1 1 1 1 100 1 8 1 1 12 10 1 1 1 8 1 1 1 8 1
ciInstanceKlass java/lang/reflect/Type 1 1 17 11 7 12 1 1 1 100 1 1 1 1 1 1 1 1 1
ciInstanceKlass java/lang/invoke/TypeDescriptor$OfField 1 0 21 100 1 100 1 100 1 1 1 1 1 1 1 1 1 1 1 1 1 1 1
ciInstanceKlass java/lang/StringBuilder 1 1 422 10 7 12 1 1 1 10 12 1 10 12 1 10 12 1 1 10 7 12 1 1 1 10 7 12 1 1 1 10 12 1 10 12 1 10 12 1 10 12 1 10 12 1 10 12 1 10 12 1 10 12 1 10 12 1 10 12 1 10 12 1 10 12 1 10 12 1 10 12 1 1 10 12 1 10 12 1 1 10 12 1 1 10 12 1 10 12 1 10 12 1 10 12 1 10 12 1 10 12 1 10 12 1 10 12 10 12 1 10 12 1 10 12 1 10 12 1 1 10 12 1 10 12 1 10 12 10 12 1 1 10 12 1 10 12 1 10 12 1 10 100 12 1 1 1 9 12 1 1 10 12 1 10 12 1 1 10 12 1 1 9 12 1 1 10 100 12 1 1 1 10 100 1 10 12 1 1 10 100 12 1 1 10 12 1 10 12 1 1 100 1 100 1 8 1 10 10 12 1 1 10 12 1 10 12 1 10 12 1 1 10 12 1 10 12 1 10 12 1 10 12 1 10 12 1 10 12 10 12 1 10 12 1 10 12 1 10 12 1 10 12 1 10 12 1 10 12 1 10 12 1 10 12 1 1 10 12 1 1 10 12 1 10 12 1 10 12 1 10 12 10 12 10 12 1 10 12 1 10 12 1 10 12 10 12 1 10 12 1 10 12 1 10 12 1 10 12 1 10 12 1 10 12 1 10 12 1 10 12 1 1 10 12 1 10 12 1 1 10 12 1 10 12 1 1 10 12 1 10 12 1 1 10 12 1 10 12 1 10 12 1 10 10 12 1 10 12 1 7 1 7 1 7 1 7 1 1 1 1 5 0 1 1 1 1 1 1 1 1 1 1 1 1 1 1 1 1 1 1 1 1 1 1 1 1 1 1 1 1 1 1 1 1 1 1 1 1 1 1 1 1 1 1 1 1 100 1 1 1 7 1 1 1 1 1 1 1 1 1 1 1
instanceKlass java/lang/StringBuilder
instanceKlass java/lang/StringBuffer
ciInstanceKlass java/lang/AbstractStringBuilder 1 1 609 7 1 10 7 12 1 1 1 9 7 12 1 1 1 9 12 1 9 12 1 1 9 12 1 1 10 7 12 1 1 1 10 12 1 1 7 1 3 3 10 12 1 10 12 1 1 11 7 1 100 1 7 1 10 8 1 10 12 1 10 12 1 10 12 1 1 10 12 1 10 12 1 9 12 1 10 12 1 9 12 1 1 10 12 1 1 10 7 12 1 1 1 10 10 12 1 10 12 1 10 12 1 1 10 12 1 1 10 7 12 1 1 1 10 7 12 1 1 1 7 1 8 1 10 10 12 1 1 100 1 10 12 10 12 1 1 10 10 7 12 1 1 1 10 12 1 1 10 12 1 1 10 12 1 1 10 12 1 1 10 10 7 12 1 1 1 10 12 1 100 1 10 10 7 12 1 1 1 9 12 1 1 9 12 1 10 12 1 1 10 10 12 1 1 10 12 10 12 1 10 12 1 1 10 12 1 1 10 12 1 1 10 12 1 10 12 1 1 10 12 1 1 10 12 1 10 12 1 1 8 1 10 12 1 1 10 12 1 10 12 1 10 12 1 10 12 1 10 12 1 10 12 1 10 7 12 1 1 10 12 1 10 12 1 10 100 12 1 1 1 7 1 100 1 10 12 1 10 100 12 1 1 10 12 1 10 12 1 1 10 12 1 10 12 1 1 10 12 1 10 12 1 1 10 12 1 1 10 10 7 12 1 1 1 10 12 1 10 12 1 10 12 1 1 10 12 1 10 12 1 10 12 1 10 12 1 10 12 1 10 12 1 10 12 1 10 12 1 1 10 12 1 10 12 1 10 12 10 12 1 1 18 12 1 1 100 1 10 100 12 1 1 1 18 10 12 1 1 10 12 1 1 10 12 1 10 12 1 1 11 12 1 1 10 12 1 10 12 10 10 10 12 1 10 5 0 10 10 12 1 1 100 1 8 1 10 10 12 1 1 10 100 12 1 1 1 10 12 1 10 12 1 1 100 1 10 12 100 1 10 100 1 10 7 1 1 1 1 1 1 1 1 1 1 1 100 1 1 1 1 1 1 1 1 1 1 1 1 1 1 1 1 1 1 1 1 1 1 1 1 1 1 1 1 1 1 1 1 1 1 1 1 1 1 1 1 1 1 1 1 1 1 1 1 1 1 1 1 1 1 1 1 1 1 1 1 1 1 1 1 1 1 1 1 1 1 1 1 1 1 1 1 1 1 1 1 1 1 1 1 1 1 1 1 1 1 1 1 1 1 1 1 1 1 1 100 1 1 1 1 1 1 1 1 1 1 1 1 1 1 1 1 1 100 1 1 1 1 1 1 7 1 1 16 1 15 10 12 16 15 10 12 15 10 100 12 1 1 1 1 1 1 1 100 1 100 1 1
staticfield java/lang/AbstractStringBuilder EMPTYVALUE [B 0
ciInstanceKlass java/lang/Appendable 1 0 14 100 1 100 1 1 1 1 7 1 1 1 1 1
ciInstanceKlass java/lang/CharSequence 1 1 131 11 7 12 1 1 1 18 12 1 1 100 1 10 100 12 1 1 1 18 10 100 12 1 1 1 11 12 1 1 11 7 1 11 12 1 1 10 100 12 1 1 1 11 12 1 1 100 1 10 12 1 1 10 100 12 1 1 1 100 1 10 10 12 1 1 7 1 1 1 1 1 1 1 1 1 1 1 1 1 1 1 1 1 1 1 1 1 1 1 1 1 1 1 1 1 1 1 1 1 16 1 15 11 12 16 15 11 12 15 10 100 12 1 1 1 1 1 100 1 100 1 1 100 1 1 100 1 100 1 1
ciInstanceKlass java/lang/AutoCloseable 1 0 12 100 1 100 1 1 1 1 7 1 1 1
ciInstanceKlass java/io/Closeable 1 0 14 100 1 100 1 100 1 1 1 1 7 1 1 1
instanceKlass sun/nio/fs/WindowsException
instanceKlass java/sql/SQLException
instanceKlass java/awt/AWTException
instanceKlass java/beans/PropertyVetoException
instanceKlass java/util/concurrent/TimeoutException
instanceKlass javax/xml/xpath/XPathException
instanceKlass org/xml/sax/SAXException
instanceKlass javax/xml/parsers/ParserConfigurationException
instanceKlass java/lang/CloneNotSupportedException
instanceKlass com/google/common/collect/RegularImmutableMap$BucketOverflowException
instanceKlass sun/security/pkcs11/wrapper/PKCS11Exception
instanceKlass java/security/PrivilegedActionException
instanceKlass java/security/GeneralSecurityException
instanceKlass java/util/concurrent/ExecutionException
instanceKlass java/text/ParseException
instanceKlass java/lang/InterruptedException
instanceKlass java/net/URISyntaxException
instanceKlass java/io/IOException
instanceKlass java/lang/ReflectiveOperationException
instanceKlass java/lang/RuntimeException
ciInstanceKlass java/lang/Exception 1 1 40 10 7 12 1 1 1 10 12 1 10 12 1 10 12 1 10 12 1 100 1 1 1 1 5 0 1 1 1 1 1 1 1 1 1 1 1 1 1 1
instanceKlass java/lang/Exception
instanceKlass java/lang/Error
ciInstanceKlass java/lang/Throwable 1 1 404 10 7 12 1 1 1 9 7 12 1 1 1 9 12 1 1 9 12 1 9 12 1 1 9 12 1 10 12 1 1 9 12 1 1 10 12 1 1 10 12 1 100 1 7 1 10 8 1 10 12 1 1 8 1 10 100 12 1 1 10 10 12 1 100 1 8 1 10 10 12 1 1 10 7 12 1 1 10 12 1 8 1 9 7 12 1 1 1 10 12 1 1 100 1 10 12 10 12 1 10 100 12 1 1 1 100 1 10 12 10 12 1 10 12 1 100 1 10 10 7 12 1 1 1 11 100 12 1 1 1 10 12 1 1 10 12 1 1 8 1 10 12 1 10 12 1 1 8 1 8 1 10 12 1 1 10 12 1 8 1 8 1 9 12 1 1 10 12 1 1 100 1 10 11 12 1 8 1 8 1 10 7 12 1 1 8 1 10 12 1 8 1 100 1 10 12 1 9 12 1 1 10 12 1 10 100 12 1 9 12 1 1 10 12 1 1 100 1 8 1 10 12 1 10 100 12 1 1 10 12 1 1 7 1 10 100 12 1 1 1 10 12 1 11 7 12 1 1 1 11 7 12 1 1 11 12 1 8 1 10 12 1 1 8 1 10 10 9 100 12 1 1 1 8 1 10 12 1 1 11 10 100 1 8 1 10 11 12 1 1 8 1 9 12 1 10 100 12 1 1 11 9 12 1 1 11 12 1 1 100 10 12 1 10 12 1 1 7 1 1 1 1 5 0 1 1 1 1 1 1 1 1 1 1 1 1 1 7 1 1 1 1 1 1 1 1 1 1 1 1 1 1 1 1 1 1 1 1 1 1 1 1 1 1 1 1 1 1 1 1 1 1 1 1 1 1 1 1 1 1 1 1 100 1 7 1 1 1 1 1 1 1 1 1 1 1 1 1 1 1 1 1 1
staticfield java/lang/Throwable UNASSIGNED_STACK [Ljava/lang/StackTraceElement; 0 [Ljava/lang/StackTraceElement;
staticfield java/lang/Throwable SUPPRESSED_SENTINEL Ljava/util/List; java/util/Collections$EmptyList
staticfield java/lang/Throwable EMPTY_THROWABLE_ARRAY [Ljava/lang/Throwable; 0 [Ljava/lang/Throwable;
staticfield java/lang/Throwable $assertionsDisabled Z 1
instanceKlass java/security/Provider
ciInstanceKlass java/util/Properties 1 1 690 10 7 12 1 1 1 100 1 10 7 12 1 1 7 1 10 12 1 9 12 1 1 9 12 1 1 9 12 1 1 10 7 12 1 1 1 10 12 1 1 8 1 10 7 12 1 1 1 7 1 10 12 1 10 12 1 1 8 1 10 12 1 7 1 10 12 10 12 1 1 9 12 1 1 10 12 1 1 7 1 10 12 1 10 12 1 10 12 1 1 100 1 8 1 10 12 1 10 12 1 10 12 1 1 10 12 1 7 1 3 10 10 100 12 1 1 1 10 12 1 10 12 1 1 8 1 10 12 1 10 12 1 1 8 1 10 100 12 1 1 10 12 1 1 10 12 1 10 12 1 1 100 1 10 12 1 10 12 1 1 100 1 9 100 12 1 1 1 10 12 1 10 12 1 1 10 12 1 1 10 12 1 1 100 1 9 12 1 1 7 1 7 1 10 12 1 7 1 11 7 12 1 1 1 11 12 1 1 11 7 12 1 1 1 11 7 12 1 1 1 11 12 1 1 11 12 1 11 12 1 10 12 1 1 8 1 10 12 1 10 100 12 1 1 10 12 1 100 1 10 10 12 1 10 12 1 100 1 10 10 12 1 1 10 7 12 1 1 9 100 12 1 1 10 12 1 1 10 100 12 1 1 1 100 1 100 1 100 1 10 8 1 8 1 10 12 1 10 12 1 10 12 1 1 10 10 12 1 1 10 12 1 1 7 1 10 10 12 1 11 7 12 1 1 10 7 12 1 1 1 8 1 10 100 12 1 1 11 11 7 1 8 1 10 100 1 11 10 12 1 10 10 12 1 10 12 1 1 10 12 1 1 10 12 1 1 10 12 1 10 12 1 10 10 12 1 10 12 1 10 12 1 10 10 12 1 1 10 12 1 1 10 10 12 1 10 12 1 10 12 1 10 12 1 10 12 1 1 10 12 1 1 10 12 1 10 12 1 10 12 1 1 10 12 10 12 1 1 10 12 1 1 10 12 1 10 12 1 1 10 12 1 1 10 12 10 11 12 1 4 11 10 12 1 1 10 100 12 1 1 11 12 1 10 12 1 1 10 100 12 1 1 10 12 1 100 1 8 1 10 12 1 10 10 100 12 1 1 1 100 1 6 0 10 12 1 1 11 100 12 1 1 1 10 12 1 10 12 1 1 1 1 1 5 0 1 1 1 1 1 1 1 1 1 1 1 1 1 1 1 1 1 1 1 1 1 1 1 1 1 1 1 1 1 1 1 1 1 1 1 1 1 1 1 100 1 1 1 1 1 1 1 1 1 1 1 1 1 1 1 1 1 1 1 1 100 1 1 1 1 1 1 1 1 1 1 1 1 7 1 7 1 1 1 1 1 100 1 1 1 1 1 1 1 1 1 1 1 1 1 1 1 1 1 1 1 1 1 1 1 1 1 1 1 1 1 1 1 1 1 1 1 1 1 1 1 1 1 1 1 1 1 1 1 1 1 1 1 1 1 1 1 1 1 1 1 1 1 1 1 1 1 1 1 1 1 1 1 1 1 1 1 1 1 7 1 1 1 1 1 1 1 1 1 1 1 100 1 1
staticfield java/util/Properties UNSAFE Ljdk/internal/misc/Unsafe; jdk/internal/misc/Unsafe
instanceKlass java/util/Hashtable
ciInstanceKlass java/util/Dictionary 1 1 36 10 7 12 1 1 1 100 1 1 1 1 1 1 1 1 1 1 1 1 1 1 1 1 1 1 1 1 1 1 1 1 1 1 1 1
instanceKlass java/util/Properties
ciInstanceKlass java/util/Hashtable 1 1 516 7 1 10 7 12 1 1 1 9 7 12 1 1 1 100 1 7 1 10 8 1 10 12 1 1 10 12 1 10 12 1 1 10 12 1 10 7 12 1 1 1 8 1 10 12 1 9 12 1 1 7 1 9 12 1 1 4 10 7 12 1 1 1 9 12 1 4 10 12 1 11 7 12 1 1 1 10 12 1 1 10 12 1 1 9 12 1 10 12 1 1 100 1 10 9 12 1 1 10 7 12 1 1 1 9 12 1 1 10 12 1 10 12 1 3 9 12 1 9 12 1 3 10 12 1 10 12 1 10 12 1 1 11 12 1 1 11 7 12 1 1 1 11 7 12 1 1 1 11 12 1 7 1 11 12 1 11 12 1 10 12 1 1 10 12 1 1 10 12 1 9 12 1 1 9 12 9 12 1 1 10 100 1 7 1 10 12 1 10 8 1 10 10 12 1 8 1 10 8 1 10 7 12 1 1 1 7 1 10 12 1 10 12 1 100 1 10 12 1 10 12 1 1 7 1 10 100 1 10 10 12 1 1 11 12 1 1 11 12 1 7 1 10 10 10 100 12 1 1 11 100 12 1 1 1 100 1 10 11 100 12 1 1 11 100 12 1 10 12 1 10 12 1 1 10 100 12 1 1 10 12 1 1 10 12 1 1 10 12 1 1 10 100 12 1 1 1 8 10 100 12 1 1 100 1 8 1 10 4 4 10 12 1 1 10 12 1 8 1 4 10 12 10 100 12 1 1 1 100 1 11 100 12 1 1 1 10 100 12 1 1 1 10 12 1 10 12 1 1 10 7 1 7 1 1 1 1 1 1 5 0 1 1 1 1 1 3 1 3 1 3 1 1 1 1 1 1 1 1 1 1 1 1 1 1 1 1 1 1 1 1 1 1 1 1 1 100 1 1 1 1 1 1 1 1 1 1 1 1 1 1 1 1 1 1 1 1 1 1 1 1 1 1 1 1 1 7 1 1 1 1 1 1 1 1 1 1 1 1 1 1 7 1 1 1 1 1 1 1 1 1 1 1 1 1 1 1 1 1 1 1 1 1 1 1 1 1 1 1 1 1 1 1 1 1 1 1 1 1 1 1 1 1 1 1 1 100 1 1 1 7 1 1 1 1 1 7 1 1 1 1 1 1 1 1 1 1 1 1 1 1 1 1 1 1
ciInstanceKlass java/lang/String 1 1 1451 10 7 12 1 1 1 8 1 9 7 12 1 1 1 9 12 1 1 9 12 1 1 9 12 1 1 10 12 1 10 12 1 1 10 12 1 1 9 12 1 10 7 12 1 1 1 10 12 1 1 10 12 1 10 7 12 1 1 1 10 12 1 1 10 12 1 1 10 12 1 10 12 1 1 10 12 1 10 7 12 1 1 1 7 1 9 7 12 1 1 1 10 7 12 1 1 1 10 12 1 1 10 12 1 1 10 7 12 1 1 1 10 12 1 1 9 7 12 1 1 10 12 9 7 12 1 1 10 12 1 1 3 10 12 1 1 7 1 11 12 1 1 11 12 1 11 12 1 1 10 100 12 1 1 1 10 12 1 1 9 100 12 1 1 1 10 12 1 1 10 12 1 11 12 1 1 10 12 1 10 12 10 12 1 1 10 7 12 1 1 1 10 7 12 1 1 1 10 12 1 1 100 1 7 1 10 12 1 10 12 1 10 12 1 1 10 12 1 1 100 1 10 12 1 1 100 1 10 12 1 1 10 12 1 1 10 12 1 10 10 12 1 100 1 100 1 100 1 10 12 1 10 12 1 1 10 12 1 1 10 12 1 10 12 1 1 10 12 1 1 10 100 12 1 1 100 1 11 10 7 12 1 1 11 12 1 11 12 1 10 12 1 1 10 12 1 10 12 10 12 1 1 10 10 100 12 1 1 1 10 100 12 1 1 10 12 1 1 10 100 12 1 1 10 12 1 10 12 1 1 10 12 1 1 10 12 1 10 12 1 10 12 1 1 100 1 10 12 1 1 10 12 10 12 1 10 12 1 1 10 12 1 1 10 7 12 1 1 1 10 12 1 10 12 1 1 10 12 1 10 12 1 3 3 10 12 1 1 10 12 1 10 12 1 1 10 12 1 1 10 12 1 1 10 12 1 10 12 1 1 10 12 1 1 10 12 1 10 12 1 10 12 1 10 12 1 1 10 12 1 10 12 1 10 12 1 10 12 1 10 12 1 10 12 1 10 7 1 10 8 1 10 12 1 1 10 12 1 8 1 10 12 1 1 10 12 10 12 1 8 1 10 10 12 1 1 10 12 1 1 10 12 1 1 10 7 1 10 10 12 1 10 12 1 10 12 1 10 10 12 1 10 12 1 10 12 1 10 12 1 10 12 1 10 12 1 10 12 1 1 10 12 1 1 10 12 1 1 10 10 12 1 1 10 10 12 1 100 1 10 10 12 1 1 10 12 1 1 10 7 1 10 12 1 10 12 1 10 7 12 1 1 1 10 12 1 10 12 1 1 10 12 1 11 7 1 11 12 10 12 1 10 12 1 1 10 12 1 1 10 10 12 1 10 12 1 9 12 1 1 11 7 12 1 1 1 10 12 10 10 12 1 10 12 1 1 10 10 12 1 10 12 1 10 12 1 1 10 12 1 1 10 10 12 1 1 10 12 1 10 10 12 1 10 12 10 10 12 10 10 12 1 10 12 1 10 10 12 10 7 12 1 1 1 10 12 10 10 12 10 12 1 10 12 10 12 10 10 12 1 10 12 1 1 10 12 1 1 10 10 12 1 10 7 12 1 1 1 10 12 1 1 10 10 7 12 1 1 1 11 10 12 1 10 12 1 1 10 12 1 1 10 7 12 1 1 1 10 12 1 10 12 1 10 12 1 10 12 1 10 12 1 10 12 1 100 1 7 1 8 1 10 10 10 12 1 10 12 1 1 8 1 10 12 1 3 3 10 12 1 10 12 1 1 10 12 7 1 10 10 12 1 1 10 12 1 10 12 1 10 12 1 1 10 12 1 1 11 7 12 1 1 1 7 1 10 12 1 10 12 1 1 8 1 10 12 1 1 10 12 1 11 7 12 1 1 1 11 7 12 1 1 11 12 1 10 12 1 10 12 1 1 10 10 7 12 1 1 1 10 12 1 10 12 1 10 10 12 10 12 1 1 10 10 12 1 10 10 12 1 10 10 12 1 10 10 12 1 10 12 1 1 10 10 12 1 8 1 10 12 1 1 18 12 1 1 11 100 12 1 1 1 7 1 3 18 12 1 18 12 1 8 1 10 100 12 1 1 1 11 12 1 1 10 12 10 10 12 1 10 11 12 1 1 10 12 1 1 11 12 1 18 3 11 10 12 1 11 11 10 12 1 10 12 1 1 8 1 10 12 1 10 12 1 10 12 1 1 10 10 12 1 11 100 12 1 100 1 100 1 10 12 100 1 10 10 100 12 1 1 1 100 1 10 7 1 10 10 12 1 10 10 12 1 8 1 10 10 12 1 8 1 8 1 10 12 1 10 12 1 10 10 12 10 7 12 1 1 10 7 12 1 1 10 7 12 1 1 8 1 10 12 1 10 12 1 10 9 12 1 10 12 9 7 12 1 1 1 10 12 1 10 12 1 10 12 1 10 12 10 12 1 10 12 1 8 1 10 100 12 1 1 1 10 12 10 12 1 1 10 12 10 10 12 10 12 7 1 9 12 1 1 7 1 10 7 1 7 1 7 1 7 1 1 1 1 1 1 5 0 1 1 1 1 1 3 1 3 1 1 1 1 1 1 1 1 1 1 1 1 1 1 1 100 1 1 1 1 1 1 1 1 1 1 1 1 1 1 1 1 1 1 1 1 1 1 1 1 1 1 1 1 1 1 1 100 1 1 1 1 1 1 1 1 1 1 1 1 7 1 1 1 1 1 1 1 1 1 1 1 1 1 1 1 1 1 1 1 1 1 1 1 1 1 1 1 1 1 1 1 1 1 1 1 1 1 1 1 1 1 1 1 1 1 1 1 1 1 1 1 1 1 1 1 1 1 1 1 1 1 1 1 1 1 1 1 1 1 1 1 1 1 1 1 1 1 1 1 1 1 1 1 1 1 1 1 1 1 1 1 1 1 1 1 1 1 1 1 1 1 1 1 1 1 1 1 1 1 1 1 1 1 1 1 1 1 1 1 1 1 1 1 1 1 1 1 1 1 1 1 1 1 1 1 1 1 1 1 1 1 1 1 1 1 1 1 1 1 1 1 1 1 1 1 1 1 1 1 1 1 1 1 1 1 1 1 1 1 1 1 1 1 1 100 1 1 1 1 1 1 1 1 1 1 1 1 1 1 1 1 1 1 1 1 1 1 1 100 1 1 1 1 1 1 1 1 1 1 1 1 1 1 1 7 1 1 1 1 1 1 1 1 1 1 1 1 1 1 1 16 15 10 12 16 15 10 12 15 10 12 15 10 12 15 10 100 12 1 1 1 1 1 1 1 100 1 100 1 1 1
staticfield java/lang/String COMPACT_STRINGS Z 1
staticfield java/lang/String serialPersistentFields [Ljava/io/ObjectStreamField; 0 [Ljava/io/ObjectStreamField;
staticfield java/lang/String CASE_INSENSITIVE_ORDER Ljava/util/Comparator; java/lang/String$CaseInsensitiveComparator
ciInstanceKlass java/lang/constant/ConstantDesc 1 0 37 100 1 100 1 1 1 1 7 1 1 1 1 100 1 100 1 100 1 100 1 100 1 100 1 100 1 100 1 100 1 1 100 1 100 1 1
ciInstanceKlass java/lang/InternalError 1 1 34 10 7 12 1 1 1 10 12 1 10 12 1 10 12 1 100 1 1 1 1 5 0 1 1 1 1 1 1 1 1 1 1 1
instanceKlass kotlin/jvm/KotlinReflectionNotSupportedError
instanceKlass java/util/ServiceConfigurationError
instanceKlass kotlin/NotImplementedError
instanceKlass com/google/common/util/concurrent/ExecutionError
instanceKlass java/lang/AssertionError
instanceKlass java/lang/VirtualMachineError
instanceKlass java/lang/LinkageError
ciInstanceKlass java/lang/Error 1 1 40 10 7 12 1 1 1 10 12 1 10 12 1 10 12 1 10 12 1 100 1 1 1 1 5 0 1 1 1 1 1 1 1 1 1 1 1 1 1 1
instanceKlass java/lang/StackOverflowError
instanceKlass java/lang/OutOfMemoryError
instanceKlass java/lang/InternalError
ciInstanceKlass java/lang/VirtualMachineError 1 1 34 10 7 12 1 1 1 10 12 1 10 12 1 10 12 1 100 1 1 1 1 5 0 1 1 1 1 1 1 1 1 1 1 1
ciInstanceKlass java/util/Set 1 1 144 100 1 10 7 12 1 1 1 9 7 12 1 1 1 7 1 10 12 1 1 10 12 1 7 1 7 1 10 12 1 7 1 7 1 11 7 12 1 1 1 11 12 1 1 7 1 10 12 1 10 12 1 1 11 12 1 1 1 1 1 1 1 1 1 1 1 1 1 1 1 1 1 1 1 1 1 1 1 1 1 1 1 1 1 1 1 1 1 1 1 1 1 1 1 1 1 1 1 1 1 1 1 1 1 1 1 1 1 1 1 1 1 1 1 1 1 1 1 1 1 1 1 1 1 1 1 1 1 1 1 1 1 1 1 1 1 1 1 1 1 1 1 1
ciInstanceKlass java/util/Iterator 1 1 53 100 1 8 1 10 12 1 1 10 7 12 1 1 1 11 7 12 1 1 1 11 12 1 1 11 7 12 1 1 1 7 1 1 1 1 1 1 1 1 1 1 1 1 1 1 1 1 1 1 1 1 1
ciInstanceKlass java/util/Map$Entry 1 0 178 18 12 1 1 7 1 100 1 18 10 100 12 1 1 1 18 12 1 18 100 1 11 7 12 1 1 1 11 12 1 11 7 12 1 1 1 10 100 12 1 1 1 10 7 12 1 1 1 8 1 10 12 1 1 8 1 8 1 8 1 10 12 1 10 12 1 8 10 7 1 10 12 1 8 10 12 1 8 1 10 12 1 8 10 12 1 8 1 10 12 1 1 8 1 100 1 8 1 10 12 1 1 11 12 7 1 11 12 1 1 1 1 1 1 1 1 1 1 1 1 1 1 1 1 1 1 1 1 1 1 1 1 1 1 1 1 1 1 1 1 1 1 1 1 1 1 1 16 15 11 12 16 3 3 15 11 12 15 11 12 15 11 12 15 10 100 12 1 1 1 1 1 100 1 100 1 1
instanceKlass jdk/nio/zipfs/ZipFileSystem$EntryInputStream
instanceKlass java/io/ObjectInputStream
instanceKlass com/google/common/io/BaseEncoding$StandardBaseEncoding$2
instanceKlass org/gradle/util/internal/BulkReadInputStream
instanceKlass org/apache/tools/ant/util/FileUtils$1
instanceKlass org/gradle/internal/remote/internal/inet/SocketConnection$SocketInputStream
instanceKlass org/gradle/internal/file/RandomAccessFileInputStream
instanceKlass org/gradle/internal/daemon/clientinput/StdInStream
instanceKlass com/esotericsoftware/kryo/io/Input
instanceKlass org/gradle/internal/serialize/kryo/KryoBackedDecoder$1
instanceKlass org/gradle/internal/serialize/AbstractDecoder$DecoderStream
instanceKlass org/gradle/internal/stream/EncodedStream$EncodedInput
instanceKlass java/util/zip/ZipFile$ZipFileInputStream
instanceKlass java/io/FilterInputStream
instanceKlass java/io/FileInputStream
instanceKlass java/io/ByteArrayInputStream
ciInstanceKlass java/io/InputStream 1 1 195 7 1 10 7 12 1 1 1 100 1 10 10 7 12 1 1 1 10 7 12 1 1 1 10 12 1 7 1 3 10 12 1 1 100 1 8 1 10 12 1 10 7 12 1 1 1 3 7 1 8 1 10 10 7 12 1 1 1 7 1 10 11 7 12 1 1 1 10 12 1 1 11 12 1 1 11 7 12 1 1 1 11 12 1 1 7 1 10 7 12 1 1 1 5 0 10 12 1 10 12 1 1 100 1 10 8 1 10 8 1 8 1 10 12 1 1 10 100 12 1 1 1 7 1 5 0 10 12 1 100 1 7 1 1 1 1 3 1 3 1 1 1 1 1 1 1 1 1 1 1 1 1 1 1 1 1 1 1 1 1 1 1 1 1 1 1 1 1 1 1 1 1 1 1 1 1 1 1 1 1 1 1 1 1 1 1 1 1 1 1 1 1 1 1
ciInstanceKlass java/io/FileDescriptor 1 1 175 10 7 12 1 1 1 9 7 12 1 1 1 5 0 9 12 1 1 10 12 1 1 10 12 1 1 9 12 1 1 10 100 12 1 1 1 10 12 1 10 12 1 1 9 12 1 1 10 7 12 1 1 8 1 10 7 12 1 1 1 10 12 1 10 12 1 9 12 1 1 9 12 1 1 7 1 10 11 7 12 1 1 1 9 12 1 11 12 1 1 11 7 12 1 1 1 11 12 1 1 7 1 11 12 1 7 1 10 12 1 1 7 1 10 10 12 1 7 1 10 10 7 12 1 1 1 10 12 1 9 12 1 1 9 12 1 9 12 1 1 1 1 1 1 1 1 1 1 1 1 1 100 1 1 1 1 1 1 1 1 1 1 1 1 1 1 1 1 1 1 1 1 1 1
staticfield java/io/FileDescriptor in Ljava/io/FileDescriptor; java/io/FileDescriptor
staticfield java/io/FileDescriptor out Ljava/io/FileDescriptor; java/io/FileDescriptor
staticfield java/io/FileDescriptor err Ljava/io/FileDescriptor; java/io/FileDescriptor
ciInstanceKlass jdk/internal/misc/Unsafe 1 1 1287 10 7 12 1 1 1 9 7 12 1 1 1 9 12 1 1 10 12 1 1 10 7 12 1 1 1 10 12 1 1 10 12 1 1 10 12 1 1 10 12 1 1 10 12 1 1 10 12 1 1 10 12 1 1 10 12 1 1 10 12 1 1 10 12 1 1 10 12 1 1 10 12 1 1 10 12 1 1 10 12 1 10 12 1 100 1 10 10 12 1 1 10 12 1 1 5 0 10 12 1 1 10 12 1 1 10 7 12 1 1 1 10 12 1 1 10 12 1 10 12 1 10 12 1 1 10 12 1 1 10 12 1 10 12 1 7 1 7 1 10 8 1 10 12 1 1 10 12 1 8 1 10 12 1 1 10 12 1 10 12 1 10 12 1 1 10 12 1 10 12 1 1 10 12 1 1 10 12 1 10 12 1 10 12 1 10 12 1 1 10 12 1 10 12 1 10 12 1 1 10 12 1 5 0 5 0 5 0 10 12 1 10 12 1 10 12 1 10 12 1 10 12 1 10 12 1 10 12 1 10 12 1 10 12 1 1 10 12 1 10 12 1 7 1 8 1 10 100 1 10 10 12 1 1 10 12 1 1 10 12 1 10 12 1 1 10 12 1 1 10 12 1 10 12 1 1 10 12 1 9 7 12 1 1 9 12 1 100 1 10 10 12 1 1 8 1 10 8 1 8 1 10 12 1 1 9 7 12 1 1 1 9 7 1 9 7 1 9 7 1 9 9 7 1 9 7 1 9 7 1 10 12 1 1 10 12 1 1 10 12 1 1 10 12 1 1 5 0 5 0 9 12 1 1 10 12 1 10 12 1 10 12 1 1 10 12 1 1 10 12 1 8 1 3 10 12 1 1 10 12 1 1 10 12 1 10 12 1 1 10 12 1 1 10 12 1 10 12 1 10 12 1 10 12 1 10 12 1 10 12 1 1 10 12 1 1 10 12 1 10 12 1 10 12 1 10 12 1 10 12 1 10 12 1 1 10 12 1 1 10 12 1 10 12 1 10 12 1 10 12 1 10 12 1 10 12 1 1 10 12 1 1 10 12 1 1 10 12 1 1 10 12 1 10 12 1 10 12 1 10 12 1 10 12 1 10 12 1 10 12 1 1 10 12 1 1 10 12 1 10 12 1 10 12 1 10 12 1 10 12 1 10 12 1 10 12 1 1 10 12 1 1 10 12 1 10 12 1 10 12 1 10 12 1 10 12 1 10 12 1 10 12 1 10 12 1 1 10 12 1 10 12 1 10 12 1 10 12 1 10 12 1 1 10 12 1 10 12 1 10 12 1 10 12 1 10 12 1 10 12 1 10 12 1 10 12 1 1 10 12 1 10 12 1 10 12 1 10 12 1 10 12 1 10 12 1 1 10 12 1 10 12 1 10 12 1 1 10 12 1 10 12 1 10 12 1 10 12 1 10 12 1 10 12 1 10 12 1 10 12 1 10 12 1 10 12 1 10 12 1 10 12 1 10 12 1 10 12 1 10 12 1 10 12 1 10 12 1 10 12 1 10 12 1 10 12 1 10 12 1 10 12 1 10 12 1 100 1 10 100 1 10 9 12 1 5 0 10 12 1 1 5 0 10 12 1 5 0 10 12 1 10 12 1 10 12 1 1 10 12 1 1 10 12 1 10 12 1 10 12 1 10 12 1 1 10 12 1 10 12 1 10 12 1 10 12 1 10 12 1 1 10 12 1 10 12 1 10 12 1 10 12 1 1 10 12 1 10 12 1 10 12 1 1 10 12 1 10 12 1 10 12 1 10 12 1 1 10 12 1 10 10 12 1 1 10 12 1 10 12 1 1 10 12 1 10 12 5 0 5 0 5 0 10 12 1 1 10 12 1 10 12 1 10 12 10 100 12 1 1 8 1 100 1 11 12 1 1 8 1 11 12 1 1 10 100 12 1 1 10 12 1 10 12 1 10 12 1 10 12 1 10 12 1 1 10 12 1 10 12 1 10 12 1 10 12 1 10 12 1 10 12 1 10 7 1 10 12 1 9 12 1 7 1 9 12 1 7 1 9 12 1 7 1 9 12 1 7 1 9 12 1 7 1 9 12 1 7 1 9 12 1 7 1 9 12 1 7 1 9 12 1 10 12 1 9 12 1 9 12 1 9 12 1 9 12 1 9 12 1 9 12 1 9 12 1 9 12 1 9 12 1 9 12 1 1 1 3 1 1 1 1 1 1 1 1 1 1 1 1 1 1 1 1 1 1 1 1 1 1 1 1 1 1 1 1 1 1 1 1 1 1 1 1 1 1 1 1 1 1 1 1 1 1 1 1 1 1 1 1 1 1 1 1 1 1 1 1 1 1 1 1 1 1 1 1 1 1 1 1 1 1 1 1 1 1 1 1 1 1 1 1 1 1 1 1 1 100 1 1 1 1 1 1 1 1 1 1 1 1 1 1 1 1 1 1 1 1 1 1 1 1 1 1 1 1 1 1 1 1 1 1 1 1 1 1 1 1 1 1 1 1 1 1 1 1 1 1 1 1 1 1 1 1 1 1 1 1 1 1 1 1 1 1 1 1 1 1 1 1 1 1 1 1 1 1 1 1 1 1 1 1 1 1 1 1 1 1 1 1 1 1 1 1 1 1 1 1 1 1 1 1 1 1 1 1 1 1 1 1 1 1 1 1 1 1 1 1 1 1 1 1 1 1 1 1 1 1 1 1 1 1 1 1 1 1 1 1 1 1 1 1 1 1 1 1 1 1 1 1 1 1 1 1 1 1 1 1 1 1 1 1 1 1 1 1 1 1 1 1 1 1 1 1 1 1 1 1 1 1 1 1 1 1 1 1 1 1 1 1 1 1 1 1 1 1 1 1 1 1 1 1 1 1 3 1 1 1 1 1 1 1 1 1 1 1 1 1 1 1 1 1 1 1 1 1
staticfield jdk/internal/misc/Unsafe theUnsafe Ljdk/internal/misc/Unsafe; jdk/internal/misc/Unsafe
staticfield jdk/internal/misc/Unsafe ARRAY_BOOLEAN_BASE_OFFSET I 16
staticfield jdk/internal/misc/Unsafe ARRAY_BYTE_BASE_OFFSET I 16
staticfield jdk/internal/misc/Unsafe ARRAY_SHORT_BASE_OFFSET I 16
staticfield jdk/internal/misc/Unsafe ARRAY_CHAR_BASE_OFFSET I 16
staticfield jdk/internal/misc/Unsafe ARRAY_INT_BASE_OFFSET I 16
staticfield jdk/internal/misc/Unsafe ARRAY_LONG_BASE_OFFSET I 16
staticfield jdk/internal/misc/Unsafe ARRAY_FLOAT_BASE_OFFSET I 16
staticfield jdk/internal/misc/Unsafe ARRAY_DOUBLE_BASE_OFFSET I 16
staticfield jdk/internal/misc/Unsafe ARRAY_OBJECT_BASE_OFFSET I 16
staticfield jdk/internal/misc/Unsafe ARRAY_BOOLEAN_INDEX_SCALE I 1
staticfield jdk/internal/misc/Unsafe ARRAY_BYTE_INDEX_SCALE I 1
staticfield jdk/internal/misc/Unsafe ARRAY_SHORT_INDEX_SCALE I 2
staticfield jdk/internal/misc/Unsafe ARRAY_CHAR_INDEX_SCALE I 2
staticfield jdk/internal/misc/Unsafe ARRAY_INT_INDEX_SCALE I 4
staticfield jdk/internal/misc/Unsafe ARRAY_LONG_INDEX_SCALE I 8
staticfield jdk/internal/misc/Unsafe ARRAY_FLOAT_INDEX_SCALE I 4
staticfield jdk/internal/misc/Unsafe ARRAY_DOUBLE_INDEX_SCALE I 8
staticfield jdk/internal/misc/Unsafe ARRAY_OBJECT_INDEX_SCALE I 4
staticfield jdk/internal/misc/Unsafe ADDRESS_SIZE I 8
instanceKlass org/gradle/internal/classloader/CachingClassLoader
instanceKlass org/gradle/internal/classloader/MultiParentClassLoader
instanceKlass org/gradle/internal/classloader/FilteringClassLoader$RetrieveSystemPackagesClassLoader
instanceKlass org/gradle/internal/classloader/FilteringClassLoader
instanceKlass org/gradle/internal/classloader/FilteringClassLoader
instanceKlass jdk/internal/reflect/DelegatingClassLoader
instanceKlass java/security/SecureClassLoader
ciInstanceKlass java/lang/ClassLoader 1 1 1108 9 7 12 1 1 1 10 7 12 1 1 1 9 12 1 1 10 7 12 1 1 1 7 1 10 12 1 1 10 12 1 1 9 12 1 1 10 12 1 1 100 1 10 12 1 10 12 1 1 10 7 12 1 1 1 100 1 8 1 10 12 1 10 7 12 1 1 1 10 7 12 1 10 7 1 10 7 1 7 1 7 1 10 12 1 10 12 1 9 12 1 1 10 10 7 12 1 1 1 9 12 1 1 9 12 1 9 12 1 1 9 12 1 9 12 1 1 9 12 1 1 7 1 10 12 1 9 12 1 1 10 12 1 1 10 7 12 1 1 1 9 12 1 9 12 1 1 9 12 1 10 12 1 1 9 12 10 12 1 1 7 1 10 8 1 10 12 1 1 10 12 1 10 7 1 7 1 10 12 1 1 10 7 12 1 1 1 8 1 10 12 1 10 12 1 10 12 1 1 10 12 1 1 10 12 1 1 10 12 1 1 10 12 1 1 10 12 1 7 1 10 12 1 10 7 12 1 1 1 10 12 1 1 10 12 1 10 12 1 10 12 1 10 12 1 10 12 1 1 10 10 12 1 10 12 1 10 100 12 1 1 10 12 1 1 10 12 1 1 10 12 1 100 1 10 12 1 7 1 10 12 1 10 7 12 1 1 1 10 10 12 1 1 10 12 1 1 7 1 8 1 10 8 1 10 12 1 10 12 1 100 1 8 1 10 12 1 1 10 12 1 1 10 10 12 1 1 10 12 1 1 10 12 1 1 10 7 1 10 12 1 1 10 12 1 1 10 12 1 1 10 12 1 1 10 12 1 1 10 12 1 1 10 12 1 10 7 12 1 1 1 10 12 1 10 12 1 10 12 1 1 10 12 1 10 12 1 10 12 1 10 12 1 1 10 12 1 10 12 1 1 8 1 9 12 1 10 12 1 1 8 1 8 1 10 7 12 1 1 100 1 10 10 12 10 12 1 10 12 1 10 12 1 10 12 1 1 10 7 12 1 1 10 12 1 10 7 1 7 1 10 12 1 1 10 12 1 10 7 1 10 12 1 100 1 18 12 1 10 100 12 1 1 1 10 100 12 1 1 1 10 7 12 1 1 10 12 1 10 12 1 100 1 10 12 1 8 1 10 10 12 1 1 10 12 1 10 12 1 1 7 1 10 12 1 10 12 1 1 10 7 12 1 1 10 12 1 8 1 100 1 10 10 12 1 9 12 1 10 7 12 1 1 10 12 1 7 1 8 1 10 12 1 10 8 1 8 1 10 12 1 1 10 12 1 1 10 12 1 1 10 7 12 1 1 7 1 100 1 10 12 1 1 7 1 7 1 10 7 12 1 1 10 12 1 10 12 1 1 10 12 1 10 12 1 1 10 12 1 1 9 100 12 1 1 1 10 12 1 1 10 12 1 10 12 1 10 12 1 1 10 12 1 8 1 7 1 18 12 1 1 10 12 1 1 10 12 1 10 12 1 10 12 1 8 1 10 12 1 10 12 1 18 12 1 11 7 12 1 1 1 7 1 10 12 1 1 10 12 1 10 11 12 1 1 10 18 10 12 1 1 11 7 12 1 18 12 1 11 12 1 1 10 12 10 12 1 1 10 12 1 1 100 1 8 1 10 10 12 1 8 1 8 1 10 100 12 1 1 10 12 1 100 1 10 10 12 1 8 1 8 1 8 1 10 12 1 10 12 1 1 10 12 1 10 7 12 1 1 1 11 7 12 1 1 100 1 10 11 10 12 1 10 12 1 10 12 1 1 9 7 12 1 1 9 12 1 1 9 12 9 12 1 9 12 1 9 12 1 8 10 12 1 1 10 7 12 1 1 1 10 12 1 1 10 12 1 1 10 12 1 10 10 12 1 11 12 1 1 10 100 12 1 1 1 100 1 10 12 1 10 12 1 10 12 1 1 1 1 1 1 1 1 1 1 1 1 1 1 1 1 1 1 1 1 1 1 1 1 1 1 1 1 100 1 1 1 1 1 1 1 1 1 1 1 1 1 1 1 1 1 1 1 1 1 100 1 1 1 1 1 1 1 1 1 1 7 1 1 1 1 1 1 1 1 1 1 1 1 1 1 1 1 1 1 1 1 1 1 1 1 1 1 1 1 1 1 1 1 1 1 1 1 1 1 1 1 1 100 1 1 1 1 1 1 1 1 1 1 1 1 1 1 1 1 1 1 1 7 1 1 1 1 1 1 1 1 1 1 1 1 1 1 1 1 1 1 1 1 1 1 1 1 1 1 1 1 1 1 1 1 1 1 1 1 1 1 1 1 1 1 1 1 1 1 1 1 1 1 100 1 1 1 1 1 1 1 1 1 1 1 1 1 1 1 1 1 1 1 1 1 1 1 1 1 1 1 1 1 1 1 1 1 1 1 1 1 1 1 1 1 1 1 1 1 1 16 1 15 10 12 16 1 16 15 10 12 16 1 16 1 15 10 12 16 15 10 12 16 15 10 12 16 15 10 7 12 1 1 1 1 1 100 1 100 1 1
staticfield java/lang/ClassLoader nocerts [Ljava/security/cert/Certificate; 0 [Ljava/security/cert/Certificate;
staticfield java/lang/ClassLoader $assertionsDisabled Z 1
ciInstanceKlass java/lang/reflect/Constructor 1 1 439 10 7 12 1 1 1 10 7 12 1 1 9 7 12 1 1 1 10 12 1 1 10 12 1 1 10 7 12 1 1 9 12 1 1 10 7 12 1 1 1 9 12 1 1 9 12 1 1 9 12 1 9 12 1 1 9 12 1 9 12 1 1 9 12 1 1 9 12 1 100 1 8 1 10 12 1 10 12 1 9 12 1 1 10 7 12 1 1 10 7 12 1 1 1 10 12 1 1 10 12 1 1 10 12 1 7 1 100 1 8 1 10 10 12 1 10 12 1 10 12 1 1 10 12 1 1 9 7 12 1 1 1 10 7 12 1 1 10 12 1 1 10 12 1 10 12 1 1 10 7 12 1 1 1 10 100 12 1 1 10 12 1 1 10 12 1 10 7 12 1 1 1 8 1 10 10 12 1 100 1 8 1 10 12 1 10 12 1 1 10 12 1 1 10 12 1 10 12 1 10 12 1 1 10 12 1 1 9 12 1 1 10 12 1 1 10 12 1 1 10 12 1 1 11 7 12 1 1 1 10 12 1 1 10 12 1 10 12 1 10 12 1 8 1 9 12 1 1 10 7 12 1 1 1 10 7 12 1 1 10 12 1 1 10 12 1 1 10 12 1 1 10 12 1 1 10 12 1 9 7 12 1 1 10 12 1 10 12 1 10 12 1 100 1 8 1 10 10 12 1 1 10 12 1 10 10 12 1 1 10 12 1 1 10 100 12 1 1 1 11 100 12 1 1 1 10 12 1 1 9 100 12 1 1 1 10 100 12 1 1 1 10 12 1 1 1 1 1 1 1 1 1 1 1 1 1 1 1 1 1 1 1 1 1 1 1 1 1 1 1 1 1 1 1 1 1 1 1 1 1 1 1 1 1 1 1 1 1 1 1 1 1 1 1 1 100 1 100 1 100 1 100 1 1 1 1 1 1 1 1 1 1 1 1 1 1 1 1 1 1 1 1 1 1 1 1 1 1 1 1 1 1 1 1 1 100 1 1
instanceKlass java/lang/reflect/Executable
instanceKlass java/lang/reflect/Field
ciInstanceKlass java/lang/reflect/AccessibleObject 1 1 400 10 7 12 1 1 1 9 100 12 1 1 1 10 7 12 1 1 1 10 7 12 1 1 10 7 12 1 1 1 10 100 12 1 1 1 10 12 1 1 10 12 1 1 9 12 1 1 7 1 10 7 12 1 1 1 11 12 1 7 1 10 12 1 7 1 100 1 10 12 1 10 12 1 1 10 12 1 1 10 12 1 1 10 12 1 1 7 1 10 7 12 1 1 1 10 12 1 1 11 10 7 12 1 1 1 10 12 1 1 10 12 1 10 12 1 10 12 1 1 10 12 1 8 1 7 1 7 1 10 10 12 1 1 8 1 10 12 1 10 12 1 8 1 8 1 8 1 8 1 8 1 8 1 8 1 8 1 8 1 100 1 10 12 1 10 12 1 9 12 1 1 10 12 1 1 10 12 1 10 7 1 100 1 8 1 10 8 1 10 12 1 8 1 10 12 1 10 12 1 1 10 100 1 8 1 10 11 7 12 1 1 1 10 12 1 1 10 12 1 1 10 12 1 1 9 12 1 1 100 1 10 12 1 7 1 10 12 1 10 12 1 1 10 100 1 10 12 1 10 12 10 12 1 10 12 1 10 12 1 1 10 12 1 9 12 1 10 100 12 1 1 8 1 10 100 12 1 1 1 8 1 10 7 12 1 1 1 9 12 1 7 1 10 7 1 10 10 7 12 1 1 1 7 1 10 10 7 12 1 1 1 7 1 9 12 1 1 1 1 1 1 1 1 1 1 1 1 1 1 1 1 1 1 1 1 1 1 1 1 1 1 1 1 1 1 1 1 1 1 1 1 1 1 1 1 1 1 1 1 1 1 1 1 1 1 1 1 1 1 1 1 1 1 1 1 1 1 1 1 1 1 1 1 1 1 1 1 1 1 1 1 1 1 1 1 1 1 1 1
staticfield java/lang/reflect/AccessibleObject reflectionFactory Ljdk/internal/reflect/ReflectionFactory; jdk/internal/reflect/ReflectionFactory
instanceKlass java/lang/reflect/Constructor
instanceKlass java/lang/reflect/Method
ciInstanceKlass java/lang/reflect/Executable 1 1 581 10 7 12 1 1 1 10 7 12 1 1 1 10 7 12 1 1 1 11 7 12 1 1 1 10 7 12 1 1 1 10 12 1 1 10 7 12 1 1 1 10 7 12 1 1 1 10 12 1 8 1 10 10 12 1 1 10 12 1 1 10 7 12 1 1 1 18 12 1 1 11 7 12 1 1 1 8 1 8 1 8 1 10 7 12 1 1 1 11 12 1 1 7 1 8 1 8 1 10 12 1 7 1 8 1 10 12 1 8 1 11 100 12 1 1 1 7 1 11 7 12 1 1 1 11 12 1 8 1 18 8 1 10 12 1 10 12 1 1 18 8 1 10 12 1 7 1 10 12 1 10 12 1 11 12 1 10 12 1 1 8 1 8 1 10 12 1 1 10 12 1 1 10 10 12 1 9 100 12 1 1 1 10 100 12 1 1 1 10 12 1 10 12 1 1 10 7 12 1 1 10 12 1 10 12 1 10 12 1 10 7 12 1 1 7 1 10 100 12 1 1 1 10 12 1 1 10 7 12 1 1 10 12 1 10 12 1 1 9 100 12 1 1 1 10 100 10 12 1 8 1 10 12 1 10 12 1 3 100 1 8 1 10 12 1 10 12 1 10 10 12 1 10 12 1 1 8 1 8 1 8 1 9 12 1 1 9 12 1 10 12 1 100 1 8 1 10 12 1 10 12 1 10 12 1 1 10 12 1 1 10 12 1 10 12 10 12 1 100 1 10 12 1 10 12 1 1 100 1 10 7 12 1 1 1 7 1 10 7 12 1 1 1 10 12 1 1 11 7 12 1 1 10 12 1 10 100 12 1 1 1 10 12 1 1 9 12 1 10 12 1 1 10 12 1 10 12 1 1 9 100 12 1 1 1 10 100 12 1 1 1 10 12 1 10 12 1 1 9 12 1 10 10 10 10 100 12 1 1 1 10 12 1 9 12 1 10 12 1 1 9 12 1 7 1 7 1 1 1 1 1 1 1 1 1 1 1 1 1 1 1 1 1 1 1 1 1 1 1 1 1 1 1 1 1 1 1 1 1 1 1 1 100 1 1 1 1 1 1 1 1 1 1 1 1 1 1 1 1 1 1 1 100 1 1 1 1 1 1 1 1 1 1 1 1 1 1 1 1 1 1 1 1 1 1 1 1 1 1 1 1 1 1 1 1 1 1 1 1 1 1 1 1 1 1 1 7 1 1 1 1 1 1 1 1 1 1 1 1 1 1 1 1 1 1 1 1 1 1 7 1 1 16 15 16 1 16 1 15 10 12 16 15 10 7 12 1 1 1 1 1 1 100 1 1 100 1 100 1 1
ciInstanceKlass java/lang/reflect/Member 1 1 37 100 1 10 12 1 1 100 1 100 1 1 1 1 3 1 3 1 1 1 1 1 1 1 1 1 1 1 1 1 1 1 1 1 1 1 1
instanceKlass org/gradle/fileevents/internal/AbstractFileEventFunctions$AbstractFileWatcher$1
instanceKlass org/gradle/launcher/daemon/server/exec/DaemonConnectionBackedEventConsumer$ForwardEvents
instanceKlass org/gradle/launcher/daemon/server/exec/LogToClient$AsynchronousLogDispatcher
instanceKlass java/util/logging/LogManager$Cleaner
instanceKlass jdk/internal/misc/InnocuousThread
instanceKlass java/util/concurrent/ForkJoinWorkerThread
instanceKlass java/lang/ref/Finalizer$FinalizerThread
instanceKlass java/lang/ref/Reference$ReferenceHandler
instanceKlass java/lang/BaseVirtualThread
ciInstanceKlass java/lang/Thread 1 1 870 10 7 12 1 1 1 9 12 1 1 10 7 12 1 1 10 12 1 10 100 12 1 1 100 1 8 1 10 12 1 1 9 12 1 9 12 1 1 9 12 1 1 7 1 10 12 1 1 10 12 1 10 7 12 1 1 1 10 12 9 12 1 1 10 12 1 7 1 10 12 1 100 1 8 1 10 9 7 12 1 1 1 10 12 1 1 10 12 1 1 10 12 1 1 10 12 1 10 12 1 1 3 8 1 7 1 5 0 10 7 12 1 1 1 9 12 1 10 12 1 1 10 7 12 1 1 1 10 7 12 1 1 1 10 12 1 1 10 12 1 1 9 12 1 1 10 7 1 8 1 10 7 1 10 12 1 9 12 1 1 10 7 12 1 1 1 10 10 12 1 1 9 100 12 1 1 1 10 12 1 1 10 12 1 1 10 7 12 1 1 10 12 1 10 12 1 10 7 12 1 1 9 12 1 10 7 12 1 1 1 10 12 1 1 9 12 1 1 9 12 1 1 10 7 12 1 1 1 9 12 1 1 10 100 12 1 1 10 100 12 1 1 1 10 12 1 10 12 1 10 7 12 1 1 9 12 1 8 1 9 7 12 1 1 9 12 1 1 5 0 100 1 10 100 1 10 100 1 10 7 1 10 8 1 10 12 1 1 10 7 12 1 10 12 1 10 12 1 100 1 8 1 10 10 12 1 10 12 1 1 10 100 12 1 1 1 10 100 12 1 1 1 10 12 1 7 1 9 12 1 1 100 1 10 10 12 1 9 12 1 1 10 12 1 1 10 12 1 1 10 12 1 10 12 1 9 12 1 1 10 10 12 1 1 10 12 1 1 11 7 12 1 1 10 7 12 1 1 9 12 1 9 12 1 1 9 12 1 1 10 100 12 1 1 10 12 1 1 9 7 12 1 1 1 10 7 12 1 1 10 12 1 10 12 1 100 1 10 10 12 9 12 1 1 10 12 1 11 100 12 1 1 10 12 1 10 12 1 10 12 1 9 12 1 10 10 12 1 10 12 1 1 9 12 1 9 12 10 12 1 8 1 10 12 1 10 12 1 10 12 1 10 12 1 10 12 1 1 10 12 1 10 12 1 1 10 12 1 10 12 1 10 12 1 10 12 1 10 12 1 1 9 7 12 1 1 1 8 1 10 9 12 1 10 12 1 7 1 8 1 10 10 12 1 8 1 10 12 1 1 9 12 10 12 8 1 10 10 12 1 10 12 1 8 1 10 12 1 10 8 1 10 100 12 1 1 10 12 1 1 100 1 8 1 10 9 12 1 9 12 1 1 10 12 1 1 10 10 12 1 10 12 1 100 10 7 12 1 1 1 9 12 1 10 12 1 1 10 12 1 1 10 100 12 1 1 1 11 7 12 1 1 1 9 100 12 1 1 1 10 100 12 1 1 1 7 1 10 12 1 100 1 10 12 1 10 12 1 1 10 12 1 1 8 1 9 12 1 10 12 1 10 12 1 1 11 7 12 1 1 1 10 12 1 1 1 1 3 1 3 1 3 1 3 1 1 1 1 1 1 1 1 1 1 1 1 1 1 1 1 1 1 1 1 1 7 1 1 1 1 1 1 1 1 1 1 1 1 1 1 1 1 1 1 1 1 1 1 100 1 1 1 1 1 1 1 1 1 1 1 1 1 1 1 1 7 1 7 1 1 1 1 1 1 1 1 1 1 1 1 1 1 1 1 1 1 1 1 1 1 1 1 1 1 1 1 1 1 1 1 1 1 1 1 1 1 1 1 1 1 1 1 1 1 1 1 1 1 1 1 1 1 1 1 1 1 1 1 1 1 1 1 1 1 1 1 1 1 1 1 1 1 1 1 100 100 1 1 1 1 1 1 1 1 1 1 1 1 1 1 1 1 1 1 1 1 1 1 1 1 1 1 100 1 100 1 100 1 100 1 100 1 1 100 1 1 1 1 1 1 1 1 1 1 1 1 1 1 1
staticfield java/lang/Thread NEW_THREAD_BINDINGS Ljava/lang/Object; java/lang/Class
staticfield java/lang/Thread EMPTY_STACK_TRACE [Ljava/lang/StackTraceElement; 0 [Ljava/lang/StackTraceElement;
ciInstanceKlass java/lang/Runnable 1 0 11 100 1 100 1 1 1 1 1 1 1
ciInstanceKlass java/net/URL 1 1 771 10 7 12 1 1 1 10 12 1 10 7 12 1 1 9 12 1 1 9 12 1 10 7 12 1 1 1 10 12 1 1 10 12 1 1 9 12 1 1 10 7 12 1 1 1 8 1 10 12 1 1 7 1 10 10 12 1 1 8 1 10 12 1 1 9 12 1 100 1 8 1 10 12 1 10 12 1 8 1 9 12 1 10 12 1 1 9 12 1 10 12 1 10 12 1 9 12 1 9 12 1 8 1 9 12 1 10 12 1 1 8 1 9 12 1 1 10 12 1 1 10 7 12 1 1 1 8 1 10 12 1 7 1 10 12 1 10 12 1 10 12 1 10 12 1 1 10 12 1 1 8 1 10 12 1 1 10 12 1 8 1 9 12 1 8 1 10 12 1 10 7 12 1 1 1 7 1 10 12 1 10 12 1 1 10 7 12 1 1 1 100 1 8 1 10 10 12 1 8 1 10 12 1 1 10 12 1 10 12 1 10 12 1 10 12 1 10 12 1 10 12 1 8 1 10 12 1 8 1 10 10 100 1 10 10 12 1 8 1 10 7 12 1 1 1 10 12 1 9 100 12 1 1 1 10 7 12 1 1 1 9 12 1 1 10 12 1 10 100 12 1 1 1 100 1 100 1 10 12 1 10 12 1 10 12 1 10 12 1 10 12 1 10 12 10 10 12 1 10 12 1 10 12 1 1 8 1 9 100 12 1 1 1 10 100 12 1 1 1 10 12 1 1 9 100 12 1 1 1 10 12 1 1 100 1 10 12 1 10 12 1 10 10 12 1 1 10 12 1 1 10 12 1 10 12 1 10 12 1 10 7 12 1 1 1 10 12 1 1 10 12 1 9 12 1 1 9 12 1 1 7 1 8 1 10 10 12 1 9 12 1 1 10 7 12 1 1 8 1 10 7 12 1 1 8 1 10 12 1 1 10 12 1 8 1 8 1 10 7 12 1 1 1 7 1 10 7 12 1 1 1 10 12 1 10 12 1 100 1 10 9 100 12 1 1 1 10 100 12 1 1 10 12 1 1 10 12 1 8 1 100 1 10 10 7 12 1 1 1 10 12 1 8 9 100 12 1 1 1 10 12 1 1 10 12 1 10 12 1 1 10 7 12 1 1 11 7 12 1 1 10 12 1 10 12 1 9 12 1 10 12 1 1 10 100 12 1 1 10 100 12 1 1 1 8 10 100 12 1 1 100 1 10 8 8 10 12 1 8 8 8 100 1 10 12 1 9 12 1 1 10 12 1 10 12 1 1 10 12 1 10 12 10 12 1 1 10 12 1 1 10 10 10 12 1 10 12 1 10 12 1 10 12 1 10 12 1 10 10 12 1 100 1 8 1 10 10 10 12 1 1 10 12 1 10 12 1 1 8 1 7 1 10 10 7 1 10 12 1 9 7 12 1 1 1 9 12 1 1 7 1 10 10 7 12 1 1 1 7 1 1 1 1 1 5 0 1 1 1 1 1 1 1 1 1 1 1 1 1 1 1 1 1 1 1 1 1 1 1 1 1 1 1 1 1 1 1 1 1 1 1 1 1 1 1 1 1 1 1 1 1 1 1 1 7 1 1 1 1 1 1 1 1 1 1 1 1 1 1 1 1 1 1 1 1 1 1 1 1 1 1 1 1 1 1 1 1 1 1 1 1 1 100 1 1 1 1 1 1 1 1 1 1 1 1 1 1 1 1 1 100 1 1 1 1 1 1 1 1 1 1 1 1 1 1 1 1 1 1 1
staticfield java/net/URL defaultFactory Ljava/net/URLStreamHandlerFactory; java/net/URL$DefaultFactory
staticfield java/net/URL streamHandlerLock Ljava/lang/Object; java/lang/Object
staticfield java/net/URL serialPersistentFields [Ljava/io/ObjectStreamField; 7 [Ljava/io/ObjectStreamField;
ciMethod java/lang/System arraycopy (Ljava/lang/Object;ILjava/lang/Object;II)V 256 0 128 0 -1
ciInstanceKlass java/lang/Module 1 1 1070 10 7 12 1 1 1 9 7 12 1 1 1 10 7 12 1 1 1 9 12 1 9 12 1 1 9 12 1 1 10 12 1 1 10 12 1 10 12 1 1 10 7 12 1 1 1 7 1 10 7 12 1 1 1 10 12 1 1 11 7 12 1 1 1 10 12 1 1 10 7 12 1 1 1 10 12 1 1 10 7 12 1 1 1 9 100 12 1 1 1 10 7 12 1 1 1 10 12 1 8 1 10 7 12 1 1 1 10 7 12 1 1 1 10 7 12 1 1 1 10 12 1 10 12 1 9 12 1 1 10 100 12 1 1 100 1 7 1 10 8 1 10 12 1 1 10 12 1 10 12 10 12 1 10 7 12 1 1 8 1 8 1 10 8 1 8 1 9 12 1 1 8 1 10 100 12 1 1 1 10 12 1 9 12 1 1 11 12 1 9 7 12 1 1 10 7 12 1 1 1 10 100 12 1 1 1 10 12 1 1 8 1 10 12 1 1 10 12 1 10 12 1 1 9 7 12 1 1 1 10 12 1 1 10 12 1 1 9 12 1 10 12 1 10 12 1 9 12 1 1 11 7 12 1 1 10 12 1 1 9 12 1 9 12 1 10 12 1 10 12 1 100 1 8 1 10 10 12 1 1 10 12 1 8 1 10 12 1 1 8 1 8 1 10 12 1 1 10 12 1 10 12 1 1 18 12 1 1 10 12 1 1 11 12 1 9 12 1 11 12 10 100 12 1 1 100 1 8 1 10 11 12 1 1 10 7 12 1 1 1 10 12 1 10 12 1 1 11 12 1 1 11 7 12 1 1 11 12 1 1 9 12 1 11 12 1 10 12 1 1 10 12 1 1 9 12 1 10 12 10 7 12 1 1 10 7 1 18 12 1 1 11 100 12 1 1 1 18 12 1 11 12 1 1 10 100 12 1 1 1 11 12 1 1 10 7 12 1 1 7 1 11 12 1 7 1 7 1 10 12 1 10 7 12 1 1 1 10 11 7 12 1 8 1 10 10 12 1 1 10 7 12 1 1 10 12 1 10 12 1 7 1 10 12 1 10 11 12 1 1 10 12 10 12 1 1 9 12 1 1 100 1 10 10 12 1 1 11 7 1 10 12 1 1 11 12 1 10 10 12 1 11 10 12 1 1 10 12 1 1 10 12 1 1 10 7 12 1 1 10 12 1 10 12 1 1 10 10 12 1 1 10 12 1 18 12 1 11 12 1 18 12 1 10 12 1 10 12 1 10 12 7 1 10 12 1 10 12 1 10 12 1 9 12 1 7 1 10 10 10 10 12 1 10 12 1 10 12 1 10 12 1 1 10 12 1 1 10 12 1 9 12 1 18 12 1 1 10 7 12 1 1 1 100 1 8 1 10 12 1 1 10 12 1 1 10 7 12 1 1 7 1 10 12 1 1 7 1 8 1 10 12 1 1 100 1 11 12 1 1 10 100 12 1 1 1 18 12 1 1 11 100 12 1 1 1 100 1 10 12 1 10 12 1 1 7 1 7 1 10 12 8 1 10 12 1 1 10 12 1 1 10 100 12 1 1 10 12 1 1 10 12 1 10 12 10 12 1 1 7 1 10 10 12 1 1 10 7 12 1 1 1 100 1 10 12 1 1 10 7 12 1 1 8 1 18 12 1 1 100 1 100 1 9 12 1 1 9 12 1 9 12 1 11 100 12 1 1 1 100 1 11 12 1 1 100 1 10 12 1 8 1 10 12 1 10 12 10 12 1 8 1 10 10 100 12 1 1 7 1 10 10 12 1 10 7 12 1 1 9 12 1 9 12 1 9 12 1 9 12 1 10 12 11 12 1 10 12 1 7 1 1 1 1 1 1 1 1 1 1 1 1 1 1 1 1 1 1 1 100 1 1 1 1 1 1 1 1 1 1 1 1 1 1 1 1 1 1 1 1 1 1 1 1 1 1 1 1 1 1 1 1 1 1 1 1 1 1 1 1 1 1 1 1 1 1 1 1 1 1 1 1 1 1 1 1 1 1 1 1 1 1 1 1 1 1 1 1 1 1 1 1 1 1 1 1 1 1 1 1 1 1 1 1 1 1 1 1 1 1 1 1 1 1 1 100 100 1 1 1 1 1 1 1 1 1 1 1 1 1 1 1 1 1 1 1 1 1 1 1 1 1 1 1 100 1 100 1 1 1 1 1 1 1 1 1 1 1 1 1 1 1 1 1 1 1 1 100 1 1 1 1 1 1 1 1 1 1 1 1 1 1 1 1 1 1 1 1 1 1 1 16 15 10 12 16 16 15 10 12 16 16 15 10 16 1 15 10 12 16 1 15 10 12 16 1 16 15 10 12 16 16 1 15 10 12 16 15 10 7 12 1 1 1 15 10 100 12 1 1 1 1 1 1 1 1 1 1 1 100 1 100 1 1 100 1 100 1 1
staticfield java/lang/Module ALL_UNNAMED_MODULE Ljava/lang/Module; java/lang/Module
staticfield java/lang/Module ALL_UNNAMED_MODULE_SET Ljava/util/Set; java/util/ImmutableCollections$Set12
staticfield java/lang/Module EVERYONE_MODULE Ljava/lang/Module; java/lang/Module
staticfield java/lang/Module EVERYONE_SET Ljava/util/Set; java/util/ImmutableCollections$Set12
staticfield java/lang/Module $assertionsDisabled Z 1
ciInstanceKlass java/lang/Math 1 1 460 7 1 10 7 12 1 1 1 10 7 12 1 1 1 10 12 1 10 12 1 10 12 1 10 12 1 10 12 1 6 0 6 0 10 12 1 10 12 1 10 12 1 10 12 1 10 12 1 10 12 1 1 10 12 1 10 12 1 10 12 1 10 12 1 10 12 1 10 7 12 1 1 1 100 1 3 3 3 10 7 12 1 1 1 100 1 5 0 5 0 5 0 5 0 5 0 9 100 12 1 1 1 10 100 12 1 1 1 100 1 8 1 10 12 1 8 1 10 12 1 1 10 12 1 1 7 1 5 0 5 0 7 1 3 5 0 3 5 0 10 12 1 10 12 1 10 12 1 10 12 1 10 12 1 8 1 10 12 1 8 1 10 12 1 1 10 12 1 1 9 12 1 1 9 12 1 100 1 7 1 10 10 12 1 1 8 1 10 12 1 10 12 1 1 10 10 12 1 10 12 1 10 12 1 10 12 1 1 8 1 8 1 10 12 1 1 10 12 1 10 12 10 12 10 12 1 10 12 1 10 12 1 10 12 1 10 12 6 0 10 12 1 9 12 1 1 100 1 10 10 12 1 100 1 10 12 1 10 12 1 1 10 12 1 10 12 1 10 12 10 12 1 1 10 12 1 1 10 12 1 1 10 12 6 0 10 12 1 1 10 12 10 12 1 4 10 12 1 10 12 1 10 12 10 12 1 10 12 1 10 12 1 10 12 1 10 12 1 10 12 1 5 0 6 0 4 6 0 4 6 0 4 10 12 1 9 12 1 1 10 12 9 12 1 10 7 12 1 1 1 4 6 0 1 1 6 0 1 6 0 1 6 0 1 1 1 1 1 1 1 1 1 1 1 1 1 1 1 1 1 1 1 1 1 1 1 1 1 1 1 1 1 1 1 1 1 1 1 1 1 1 1 1 1 1 1 1 1 1 1 1 1 1 1 1 1 1 1 1 1 1 1 1 1 1 1 1 1 1 1 1 1 1 1 1 1 1 1 1 1 1 1 1 1 1 1 1 1 1 1 1 1 1 1 1 1 1 1 1
staticfield java/lang/Math negativeZeroFloatBits J -2147483648
staticfield java/lang/Math negativeZeroDoubleBits J -9223372036854775808
staticfield java/lang/Math $assertionsDisabled Z 1
ciInstanceKlass jdk/internal/util/ArraysSupport 1 1 378 7 1 7 1 8 1 10 12 1 1 10 12 1 1 10 7 12 1 1 9 7 12 1 1 1 9 12 1 1 10 7 12 1 1 1 9 12 1 1 10 7 12 1 1 1 9 12 1 10 12 9 12 1 10 12 1 1 10 12 7 1 10 12 1 1 10 12 1 100 1 10 12 1 1 10 12 100 1 10 12 1 100 1 10 12 1 100 1 7 1 10 8 1 10 12 1 1 10 12 1 10 12 1 1 10 9 12 1 1 11 7 12 1 1 1 9 12 1 9 12 1 10 12 1 1 9 12 1 9 12 1 9 12 1 9 12 1 9 12 1 9 12 1 9 12 1 10 12 1 1 10 7 12 1 1 1 9 12 1 9 12 1 10 12 1 1 10 12 1 9 12 1 10 12 1 10 7 12 1 1 1 9 12 1 9 12 1 10 12 1 10 12 1 10 7 12 1 1 1 3 10 12 1 7 1 8 1 8 1 8 1 10 10 100 12 1 1 1 11 7 12 1 1 1 10 12 1 10 7 12 1 1 1 10 12 1 1 10 12 1 1 9 12 1 10 12 1 9 12 1 9 12 1 9 12 1 9 12 1 9 12 1 9 12 1 9 12 1 7 1 10 7 12 1 1 1 1 1 3 1 3 1 3 1 3 1 3 1 3 1 3 1 3 1 1 1 1 1 1 1 1 1 1 1 1 1 1 1 1 1 1 1 1 1 1 1 1 1 1 1 1 1 1 1 1 1 1 1 1 1 1 1 1 1 1 1 1 1 1 1 1 1 1 1 1 1 1 1 1 1 1 1 1 1 1 1 1 1 1 1 1 1 1 1 1 1 1 1 1 1 1 1 100 1 1 1 1
staticfield jdk/internal/util/ArraysSupport U Ljdk/internal/misc/Unsafe; jdk/internal/misc/Unsafe
staticfield jdk/internal/util/ArraysSupport BIG_ENDIAN Z 0
staticfield jdk/internal/util/ArraysSupport LOG2_ARRAY_BOOLEAN_INDEX_SCALE I 0
staticfield jdk/internal/util/ArraysSupport LOG2_ARRAY_BYTE_INDEX_SCALE I 0
staticfield jdk/internal/util/ArraysSupport LOG2_ARRAY_CHAR_INDEX_SCALE I 1
staticfield jdk/internal/util/ArraysSupport LOG2_ARRAY_SHORT_INDEX_SCALE I 1
staticfield jdk/internal/util/ArraysSupport LOG2_ARRAY_INT_INDEX_SCALE I 2
staticfield jdk/internal/util/ArraysSupport LOG2_ARRAY_LONG_INDEX_SCALE I 3
staticfield jdk/internal/util/ArraysSupport LOG2_ARRAY_FLOAT_INDEX_SCALE I 2
staticfield jdk/internal/util/ArraysSupport LOG2_ARRAY_DOUBLE_INDEX_SCALE I 3
staticfield jdk/internal/util/ArraysSupport LOG2_BYTE_BIT_SIZE I 3
staticfield jdk/internal/util/ArraysSupport JLA Ljdk/internal/access/JavaLangAccess; java/lang/System$2
ciInstanceKlass java/lang/Character 1 1 604 7 1 7 1 100 1 9 12 1 1 8 1 9 12 1 1 7 1 9 12 1 1 10 7 12 1 1 1 10 100 12 1 1 1 10 100 12 1 1 1 10 7 12 1 1 1 9 7 12 1 1 1 10 12 1 10 12 1 1 10 12 1 1 10 7 12 1 1 10 12 1 1 3 3 3 3 3 10 12 1 1 10 12 1 3 11 7 12 1 1 1 11 12 1 1 10 12 1 1 10 12 1 1 100 1 10 10 12 1 3 10 12 1 1 10 12 1 10 12 1 1 100 1 8 1 10 12 1 1 10 12 1 10 12 1 10 12 1 10 100 12 1 1 1 10 12 1 10 12 1 10 12 1 1 10 12 1 10 7 12 1 1 10 10 12 1 10 10 12 1 10 12 1 1 10 12 1 10 10 12 1 10 12 1 10 12 1 10 12 1 10 12 1 10 12 1 10 12 1 10 12 10 10 12 10 10 12 1 10 10 12 1 10 10 12 1 10 10 12 1 10 12 1 10 12 1 10 12 1 10 12 1 10 12 1 10 12 1 10 10 12 1 10 10 12 1 10 10 12 1 1 10 10 12 1 10 5 0 10 12 1 10 12 1 10 10 12 1 10 10 12 1 1 10 10 12 1 10 10 12 1 9 12 1 1 100 1 10 10 12 1 10 12 1 1 3 10 100 12 1 1 1 10 12 1 10 100 12 1 1 7 1 10 10 12 1 1 10 12 1 1 10 12 1 1 8 1 10 12 1 9 100 12 1 1 1 10 12 1 10 10 12 1 10 12 1 1 10 12 1 10 10 12 1 1 10 10 12 1 1 7 1 8 1 10 12 1 1 10 7 12 1 1 1 8 1 10 12 1 1 9 12 1 1 7 1 7 1 7 1 1 1 1 3 1 3 1 3 1 3 1 1 1 1 1 3 1 1 3 1 3 1 3 1 3 1 3 1 3 1 3 1 3 1 3 1 3 1 3 1 3 1 3 1 3 1 3 1 3 1 3 1 3 1 3 1 3 1 3 1 3 1 3 1 3 1 3 1 3 1 3 1 3 1 1 1 1 1 1 1 1 1 1 1 1 1 1 1 1 1 1 1 3 1 1 1 1 1 1 1 3 1 1 3 1 1 1 1 1 3 1 1 5 0 1 1 1 1 1 1 1 1 1 1 1 1 1 1 1 1 1 1 1 1 1 1 1 1 1 1 1 1 1 1 1 1 1 1 1 1 1 1 1 1 1 1 1 1 1 1 1 1 1 1 1 1 1 1 1 1 1 1 1 1 1 1 1 1 1 1 1 1 1 1 1 1 1 1 1 1 1 1 1 1 1 1 1 1 1 1 1 1 1 1 100 1 100 1 1 1 1 1 1
staticfield java/lang/Character TYPE Ljava/lang/Class; java/lang/Class
staticfield java/lang/Character $assertionsDisabled Z 1
ciInstanceKlass java/util/Arrays 1 1 1029 10 7 12 1 1 1 10 100 12 1 1 1 10 7 12 1 1 1 10 12 1 10 12 1 10 12 1 10 12 1 10 12 1 10 12 1 10 100 12 1 1 1 100 1 7 1 10 8 1 10 12 1 1 10 12 1 8 1 8 1 10 12 1 1 10 12 1 100 1 10 12 1 9 100 12 1 1 1 10 7 12 1 1 100 1 10 12 1 1 10 7 12 1 1 10 7 12 1 1 1 100 1 10 12 1 10 12 1 1 7 1 9 7 12 1 1 1 10 12 1 1 10 7 12 1 1 10 12 1 10 12 1 1 10 12 1 10 12 1 1 7 1 11 12 1 1 10 12 1 10 7 12 1 1 1 10 12 10 12 1 10 12 1 10 12 10 12 1 11 7 12 1 1 1 10 7 12 1 1 1 100 1 10 12 1 10 100 1 10 12 1 10 100 1 10 12 1 10 100 1 10 12 1 10 10 12 1 1 10 12 1 10 12 1 10 12 1 10 12 1 10 12 1 10 7 12 1 1 1 10 12 1 10 7 12 1 1 1 10 12 1 10 12 1 10 7 12 1 1 1 10 12 1 10 12 1 10 12 1 10 12 1 10 12 1 10 12 1 10 12 1 10 12 1 10 12 1 10 12 1 10 12 1 10 12 1 10 12 1 10 12 1 10 12 1 10 12 1 1 10 12 1 1 10 7 12 1 1 1 10 7 1 10 100 1 10 7 1 10 7 1 10 7 1 10 100 1 10 100 1 10 100 1 10 12 1 8 1 10 12 1 1 10 12 1 1 10 12 1 1 10 12 1 1 10 12 1 1 10 12 1 1 10 12 1 1 10 12 1 1 10 12 1 1 7 1 10 12 10 12 1 1 10 12 1 10 12 1 1 10 12 1 1 9 7 12 1 1 1 10 12 1 9 7 1 10 12 1 9 7 1 10 12 1 9 7 1 10 12 1 9 7 1 10 12 1 9 7 1 10 12 1 9 10 12 1 10 12 1 10 12 1 9 12 1 100 1 10 10 12 1 1 10 12 1 10 12 1 10 12 1 10 12 1 10 12 1 10 12 1 10 12 1 10 12 1 10 12 1 8 1 8 1 10 12 1 10 12 1 8 1 10 12 1 10 12 1 10 12 1 10 7 12 1 1 1 3 10 7 1 10 10 12 1 1 11 100 12 1 1 10 12 1 1 10 12 1 10 12 1 10 12 1 10 12 1 10 12 1 10 12 1 10 12 1 10 12 1 11 12 1 8 1 10 11 12 1 11 100 12 1 1 1 11 100 12 1 1 1 11 12 1 1 18 12 1 1 11 12 1 1 11 100 12 1 1 1 18 12 1 11 100 12 1 1 1 18 12 1 11 100 12 1 1 1 18 12 1 100 1 10 7 12 1 1 1 10 12 1 10 12 1 10 12 1 10 12 1 10 12 1 10 12 1 10 12 1 10 12 1 1 10 12 1 10 7 12 1 1 10 12 1 10 12 1 10 12 1 1 10 12 1 10 12 1 10 12 1 1 10 12 1 10 12 1 10 12 1 1 10 12 1 10 12 1 10 12 1 10 12 1 10 12 10 12 1 10 12 10 12 10 12 1 10 12 10 12 1 10 12 1 10 12 1 1 1 1 3 1 3 1 1 1 1 1 1 1 1 1 1 1 1 1 1 1 1 1 1 1 1 1 1 1 1 1 1 1 1 1 1 1 1 1 1 1 1 1 1 1 1 1 1 1 1 1 1 1 1 1 1 1 1 1 1 1 1 1 1 1 1 1 1 1 1 1 1 1 1 1 1 1 1 1 1 1 1 1 1 1 1 1 1 1 1 1 1 1 1 1 1 1 1 1 1 1 1 1 1 1 1 1 1 1 1 1 1 1 1 1 1 1 1 1 1 1 1 1 1 1 1 1 1 1 1 1 1 1 1 1 1 1 1 1 1 1 1 1 1 1 1 1 1 1 1 1 1 1 1 1 1 1 1 1 1 1 1 1 1 1 1 1 1 1 1 1 1 1 1 1 1 1 1 1 1 1 1 1 1 1 1 1 1 1 1 1 1 1 1 1 1 1 1 1 1 1 1 1 1 1 1 1 1 1 1 1 1 1 1 1 1 1 1 1 1 1 1 1 1 1 1 1 1 1 1 1 1 1 1 1 1 1 1 1 1 1 1 1 1 1 1 1 1 1 1 1 1 1 1 1 1 1 1 1 1 100 1 1 16 15 10 12 15 10 12 15 10 12 15 10 12 15 10 100 12 1 1 1 1 1 100 1 100 1 1 1 1 100 1 1 1 1 1 1 100 1 1 100 1 1 100 1 1 1 100 1 100 1 1
staticfield java/util/Arrays $assertionsDisabled Z 1
ciInstanceKlass java/lang/OutOfMemoryError 1 1 26 10 100 12 1 1 1 10 12 1 100 1 1 1 1 5 0 1 1 1 1 1 1 1 1 1
ciInstanceKlass java/lang/Integer 1 1 453 7 1 7 1 7 1 7 1 10 12 1 1 9 12 1 1 9 12 1 1 10 100 12 1 1 1 10 12 1 1 10 100 12 1 1 1 10 10 12 1 1 10 7 12 1 1 1 10 12 1 10 12 1 1 10 7 12 1 1 1 10 12 1 1 10 12 1 1 10 12 1 10 12 1 10 12 1 1 10 10 12 1 9 12 1 1 9 12 1 100 1 8 1 10 12 1 7 1 10 12 1 8 1 10 12 1 1 10 12 1 8 1 10 12 1 8 1 10 12 1 1 3 10 12 1 1 3 10 12 1 1 10 12 1 1 10 7 12 1 1 1 11 7 1 10 12 1 1 11 10 12 1 1 8 1 10 12 1 1 8 1 7 1 10 12 1 1 10 12 1 1 5 0 8 1 10 12 1 10 12 1 10 12 1 10 12 1 1 7 1 9 12 1 1 9 12 1 1 10 12 1 10 7 1 9 12 1 10 12 1 10 12 1 10 12 1 1 10 7 12 1 1 1 100 1 100 1 10 12 1 1 10 12 1 1 8 1 8 1 10 12 1 1 8 1 8 1 8 1 8 1 8 1 8 1 10 12 1 10 12 1 5 0 3 3 3 3 10 12 1 10 12 1 3 10 12 1 10 100 12 1 1 1 10 12 1 1 10 12 1 1 8 1 10 7 12 1 1 1 9 12 1 1 7 1 7 1 7 1 1 1 1 3 1 1 1 3 1 3 1 1 5 0 1 1 1 1 1 1 1 1 1 100 1 1 1 1 1 1 1 1 1 1 1 1 1 1 1 1 1 1 1 1 1 1 1 1 1 1 1 1 1 1 1 1 1 1 1 1 1 1 1 1 3 1 1 1 1 1 1 1 1 1 1 1 1 1 1 1 1 7 1 1 1 1 1 1 1 1 1 1 1 1 1 1 1 1 1 1 1 1 1 1 1 1 1 1 1 1 1 1 1 1 1 1 1 1 1 1 1 1 1 1 1 1 1 1 7 1 1 1 1 1 1 1 1 1 100 1 100 1 1
staticfield java/lang/Integer TYPE Ljava/lang/Class; java/lang/Class
staticfield java/lang/Integer digits [C 36
staticfield java/lang/Integer DigitTens [B 100
staticfield java/lang/Integer DigitOnes [B 100
instanceKlass java/math/BigDecimal
instanceKlass java/math/BigInteger
instanceKlass java/util/concurrent/atomic/Striped64
instanceKlass java/util/concurrent/atomic/AtomicLong
instanceKlass java/util/concurrent/atomic/AtomicInteger
instanceKlass java/lang/Long
instanceKlass java/lang/Integer
instanceKlass java/lang/Short
instanceKlass java/lang/Byte
instanceKlass java/lang/Double
instanceKlass java/lang/Float
ciInstanceKlass java/lang/Number 1 1 37 10 7 12 1 1 1 10 100 12 1 1 1 100 1 1 1 1 5 0 1 1 1 1 1 1 1 1 1 1 1 1 1 1 1 1 1
ciInstanceKlass java/lang/Thread$FieldHolder 1 1 48 10 7 12 1 1 1 9 7 12 1 1 1 9 12 1 1 9 12 1 1 9 12 1 1 9 12 1 1 1 1 1 1 1 1 1 1 100 1 100 1 1 1 1 100 1 1 1
ciInstanceKlass java/lang/Thread$Constants 0 0 59 7 1 10 7 12 1 1 1 100 1 10 10 7 12 1 1 1 7 1 8 1 10 12 1 9 7 12 1 1 1 7 1 7 1 10 12 1 10 12 1 9 12 1 1 1 1 1 1 1 1 1 1 1 1 1 1 1 1
ciInstanceKlass java/lang/ThreadGroup 1 1 411 10 7 12 1 1 1 9 7 12 1 1 1 8 1 9 12 1 1 7 1 9 12 1 1 9 12 1 1 10 7 12 1 1 1 10 12 1 1 10 12 1 10 12 1 10 12 1 10 12 1 1 10 12 1 1 10 12 1 10 12 1 1 10 12 1 10 12 1 10 100 12 1 1 1 10 12 1 1 18 12 1 1 11 7 12 1 1 1 10 7 12 1 1 1 10 7 12 1 10 12 1 1 10 12 1 1 10 12 1 1 10 100 12 1 1 1 10 12 1 11 12 1 1 11 7 12 1 1 11 12 1 1 10 12 1 1 10 12 1 10 12 1 11 12 1 11 12 1 1 100 1 10 10 12 1 100 1 10 18 12 1 1 11 7 12 1 1 1 11 12 1 1 9 12 1 1 10 12 1 1 8 1 10 7 12 1 1 1 10 100 12 1 1 1 10 12 1 1 11 12 10 12 1 1 10 12 1 1 11 7 1 9 12 1 7 1 10 8 1 10 12 1 1 10 12 1 1 8 1 10 12 1 10 7 12 1 1 1 10 12 1 1 10 7 1 8 1 10 8 1 10 12 1 10 12 1 8 1 9 12 1 1 9 12 1 10 100 12 1 1 1 100 9 12 1 1 7 1 9 12 1 10 12 10 12 1 1 100 10 12 9 12 1 10 12 1 100 1 10 11 12 1 1 7 1 10 10 12 1 10 12 1 1 1 1 1 1 1 1 1 1 1 1 1 1 1 1 1 1 3 1 1 1 1 1 1 1 1 1 1 1 1 100 1 1 1 1 1 1 1 1 1 1 1 1 1 1 1 1 1 1 1 1 1 1 1 1 1 1 1 1 1 1 1 1 1 1 1 1 1 1 1 1 1 1 1 16 15 10 12 16 16 15 10 12 16 15 10 100 12 1 1 1 1 1 100 1 100 1 1
staticfield java/lang/ThreadGroup $assertionsDisabled Z 1
ciInstanceKlass java/lang/Thread$UncaughtExceptionHandler 1 0 16 100 1 100 1 1 1 1 1 1 1 1 100 1 1 1
ciInstanceKlass java/security/AccessControlContext 1 1 374 9 7 12 1 1 1 9 12 1 1 10 100 12 1 1 1 8 1 10 100 12 1 1 1 10 7 12 1 1 1 9 12 1 9 12 1 1 9 12 1 1 10 7 12 1 1 7 1 10 12 1 11 7 12 1 1 1 11 12 1 11 12 1 11 12 1 1 7 1 11 12 1 1 10 12 1 10 7 12 1 1 1 9 100 12 1 1 1 10 7 12 1 1 1 11 100 12 1 1 1 10 7 1 100 1 8 1 10 12 1 10 12 1 1 7 1 10 7 12 1 1 1 9 12 1 9 12 1 9 12 1 9 12 1 1 9 12 1 1 9 12 1 9 12 1 10 7 12 1 1 1 9 12 1 10 12 1 1 10 12 1 1 8 1 10 12 1 1 10 12 1 1 10 7 12 1 1 1 7 1 10 10 12 1 1 10 7 12 1 1 1 10 8 1 10 7 12 1 1 8 1 10 7 12 1 1 8 1 8 1 10 12 1 8 1 10 12 1 8 1 10 12 1 10 12 1 10 12 1 1 8 1 8 1 100 1 10 12 1 10 12 1 1 100 1 10 12 1 8 1 10 12 1 10 12 1 10 8 1 10 12 1 1 10 12 1 1 10 12 1 1 10 12 1 1 10 12 1 10 12 1 11 10 12 1 10 12 1 1 10 10 10 12 1 1 1 1 1 1 1 1 1 1 1 1 1 1 1 1 1 1 1 1 1 1 1 1 100 1 1 1 1 1 1 1 1 1 1 1 1 1 1 1 1 1 1 1 1 1 1 1 1 1 1 1 1 1 1 1 1 1 1 1 1 1 1 1 1 1 1 1 1 1 1 1 1 1 1 1 1 3 1 1
instanceKlass java/lang/ThreadBuilders$BoundVirtualThread
instanceKlass java/lang/VirtualThread
ciInstanceKlass java/lang/BaseVirtualThread 0 0 36 10 100 12 1 1 1 100 1 1 1 1 1 1 1 1 1 1 1 1 1 1 1 1 1 1 1 1 100 1 100 1 1 100 1 1
ciInstanceKlass java/lang/VirtualThread 0 0 907 9 7 12 1 1 1 10 7 12 1 1 1 10 100 12 1 1 1 10 7 12 1 1 1 9 12 1 1 9 12 1 1 100 1 10 12 1 9 12 1 1 18 12 1 1 9 12 1 1 10 12 1 1 100 1 10 12 1 10 12 1 1 10 12 1 1 10 12 1 1 10 12 1 10 7 12 1 10 12 1 10 12 1 10 12 1 10 12 1 11 100 12 1 1 1 100 1 10 12 1 1 10 100 12 1 1 1 10 100 12 1 1 1 10 12 1 100 1 10 10 12 1 10 12 1 1 9 12 1 1 10 12 1 1 9 12 1 1 10 12 1 9 12 1 1 9 12 1 100 1 10 10 12 1 10 100 12 1 1 10 9 10 10 12 1 1 10 12 1 1 10 100 12 1 1 10 100 1 10 9 10 10 12 1 7 1 10 12 1 1 10 12 1 10 12 1 10 12 1 1 9 12 1 10 12 1 10 12 1 9 12 1 1 10 12 1 10 12 1 9 12 1 1 10 12 1 10 12 1 10 12 1 11 100 12 1 1 10 12 1 1 10 12 1 1 10 12 1 1 9 12 1 10 100 1 10 12 1 1 10 12 1 1 10 12 1 10 12 1 10 12 1 10 12 9 12 1 1 10 100 12 1 1 10 12 1 10 12 1 1 10 100 12 1 1 10 12 1 100 1 8 1 10 12 1 10 12 1 1 10 12 1 10 12 1 10 100 12 1 1 10 12 1 10 12 1 1 10 12 1 10 12 1 1 10 7 12 1 1 10 12 1 1 10 12 1 1 100 1 10 10 12 1 7 1 9 12 1 1 10 7 12 1 1 10 9 12 1 1 18 9 100 12 1 1 1 11 100 12 1 1 1 11 100 1 11 12 10 12 1 10 12 1 1 10 12 1 100 1 10 10 12 1 10 12 1 1 10 12 1 1 10 12 1 10 12 1 10 12 1 9 12 1 1 11 100 12 1 1 10 12 9 100 12 1 1 1 9 12 1 10 12 1 1 9 12 1 9 12 1 9 12 1 7 1 10 10 12 1 1 10 12 1 10 12 7 1 7 1 10 8 1 10 12 1 1 10 12 1 10 12 1 10 10 12 1 8 1 10 10 12 1 10 12 1 10 7 12 1 1 8 1 8 1 10 9 100 12 1 1 1 10 12 1 1 10 12 1 10 10 10 12 9 12 1 10 12 1 1 9 12 1 10 12 1 1 9 12 1 10 12 1 1 18 12 1 1 18 12 1 10 7 12 1 1 1 8 1 10 100 12 1 1 1 10 7 12 1 1 1 18 12 1 10 100 12 1 1 1 100 1 10 12 1 8 1 10 12 1 8 1 10 12 1 1 8 1 8 1 10 100 12 1 1 8 1 10 12 1 8 1 8 1 10 100 12 1 1 1 10 12 1 10 12 1 1 10 12 1 18 12 1 1 18 12 1 1 5 0 9 12 1 10 12 1 18 12 1 100 1 10 12 10 7 12 1 1 10 12 1 1 7 1 8 1 10 10 12 1 10 12 1 1 10 12 1 9 12 1 8 10 12 1 1 8 8 9 12 1 8 10 12 1 1 3 1 3 1 3 1 3 1 3 1 3 1 3 1 3 1 3 1 3 1 3 1 3 3 1 3 1 1 1 1 1 1 1 1 1 1 1 1 1 1 7 1 1 1 1 1 1 1 1 1 1 1 1 1 1 7 1 1 1 1 1 1 1 1 1 1 1 7 1 1 1 1 1 1 1 1 1 1 1 1 1 1 1 1 1 1 1 1 1 1 1 1 1 1 1 1 1 1 1 1 1 1 1 1 1 1 1 100 1 1 1 1 1 1 1 1 1 1 1 1 1 1 1 1 1 1 1 1 1 1 1 1 1 1 1 1 1 1 1 1 1 1 1 100 1 1 1 1 1 1 1 1 1 1 1 1 1 1 100 1 1 16 15 10 12 15 16 15 10 12 16 15 10 12 16 16 15 10 12 16 15 10 12 16 15 10 12 16 15 10 12 16 1 15 10 100 12 1 1 1 1 1 1 1 7 1 1 100 1 100 1 1
ciInstanceKlass java/lang/ThreadBuilders$BoundVirtualThread 0 0 132 10 7 12 1 1 1 9 7 12 1 1 1 10 7 12 1 1 1 9 12 1 1 10 12 1 1 10 12 1 1 9 12 1 1 10 7 12 1 1 1 10 12 1 1 7 1 8 1 10 12 1 10 12 1 1 10 12 1 1 10 12 1 1 10 7 12 1 1 1 8 1 10 12 1 8 1 10 12 1 1 10 100 12 1 1 9 100 12 1 1 1 10 12 1 1 10 10 12 1 1 1 1 1 1 1 1 1 1 1 1 1 1 1 1 1 1 1 1 1 1 1 1 1 1 1 1 100 1 1 1 1
ciInstanceKlass jdk/internal/vm/ContinuationScope 0 0 50 10 100 12 1 1 1 10 100 12 1 1 1 100 1 9 100 12 1 1 1 10 12 1 1 10 100 12 1 1 1 10 12 1 1 10 12 1 1 1 1 1 1 1 1 1 1 1 1 1
ciInstanceKlass jdk/internal/vm/StackChunk 0 0 32 10 100 12 1 1 1 9 100 12 1 1 1 9 12 1 1 9 12 1 1 1 1 1 1 1 1 1 1 1 1 1
ciInstanceKlass java/lang/Float 1 1 279 7 1 7 1 10 100 12 1 1 1 10 100 12 1 1 1 4 7 1 10 12 1 1 10 12 1 1 8 1 8 1 10 7 12 1 1 1 10 12 1 1 10 12 1 1 10 100 1 4 10 7 12 1 1 9 12 1 1 10 12 1 1 10 12 1 10 10 12 1 1 10 12 1 10 12 1 3 3 100 1 4 4 4 3 10 12 1 1 9 12 1 1 100 1 10 3 3 4 4 10 12 1 3 3 3 10 12 1 1 10 12 1 1 10 12 1 10 100 12 1 1 1 10 12 1 1 10 12 1 1 10 7 12 1 1 1 8 1 10 12 1 1 9 12 1 1 7 1 7 1 7 1 1 1 1 4 1 4 1 1 1 4 1 1 3 1 3 1 3 1 3 1 3 1 1 1 1 5 0 1 1 1 1 1 1 1 1 1 1 100 1 1 1 1 1 1 1 1 1 1 1 1 1 3 1 1 1 1 1 1 1 1 1 1 1 1 1 1 1 1 1 1 1 1 1 1 1 1 1 1 1 1 1 1 1 1 1 1 1 1 1 1 1 1 1 1 1 1 1 1 1 1 1 1 1 1 1 1 1 1 1 1 1 1 1 7 1 1 1 1 1 1 1 100 1 100 1 1
staticfield java/lang/Float TYPE Ljava/lang/Class; java/lang/Class
staticfield java/lang/Float $assertionsDisabled Z 1
ciInstanceKlass java/lang/Double 1 1 290 7 1 7 1 10 7 12 1 1 1 10 12 1 1 10 7 1 10 12 1 1 10 100 12 1 1 1 6 0 8 1 10 12 1 1 8 1 10 12 1 1 8 1 6 0 10 12 1 1 100 1 5 0 5 0 8 1 8 1 10 7 12 1 1 1 10 7 12 1 1 1 8 1 10 12 1 1 8 1 8 1 8 1 10 12 1 1 10 12 1 10 12 1 1 10 12 1 10 12 1 10 12 1 1 10 12 1 10 7 1 6 0 10 7 12 1 1 9 12 1 1 10 12 1 10 12 1 10 12 1 10 12 1 10 12 1 5 0 10 12 1 1 10 12 1 10 12 1 10 100 12 1 1 1 10 12 1 1 10 12 1 1 8 1 10 7 12 1 1 1 9 12 1 1 7 1 7 1 7 1 1 1 6 0 1 6 0 1 6 0 1 1 1 6 0 1 1 3 1 3 1 3 1 3 1 3 1 1 1 1 5 0 1 1 1 1 1 1 1 1 1 1 1 1 1 1 1 1 100 1 1 1 1 1 1 1 1 1 1 1 1 3 1 1 1 1 1 1 1 1 1 1 1 1 1 1 1 1 1 1 1 1 1 1 1 1 1 1 1 1 1 1 1 1 1 1 7 1 1 1 1 1 1 1 100 1 100 1 1
staticfield java/lang/Double TYPE Ljava/lang/Class; java/lang/Class
ciInstanceKlass java/lang/Byte 1 1 213 7 1 100 1 10 7 12 1 1 1 9 12 1 1 8 1 9 12 1 1 7 1 10 12 1 1 10 12 1 1 10 100 12 1 1 1 10 100 12 1 1 1 9 100 12 1 1 1 10 12 1 1 100 1 7 1 10 12 1 1 8 1 10 12 1 1 8 1 10 12 1 10 12 1 10 12 1 10 12 1 1 10 12 1 10 12 1 10 12 1 1 10 8 1 8 1 10 7 1 9 12 1 1 10 12 1 1 10 12 1 1 10 12 1 1 10 12 1 5 0 10 12 1 1 8 1 10 7 12 1 1 1 9 12 1 1 7 1 7 1 1 1 3 1 3 1 1 1 1 3 1 3 1 1 5 0 1 1 1 1 1 1 1 1 1 1 1 1 1 1 1 1 1 1 1 1 1 1 1 1 1 1 1 1 1 1 1 1 1 1 1 1 1 1 1 1 1 1 1 1 1 1 1 1 1 1 1 1 1 1 1 1
staticfield java/lang/Byte TYPE Ljava/lang/Class; java/lang/Class
ciInstanceKlass java/lang/Short 1 1 222 7 1 7 1 100 1 10 7 12 1 1 1 10 12 1 1 100 1 7 1 10 12 1 1 8 1 10 12 1 1 8 1 10 12 1 10 12 1 10 12 1 10 12 1 1 10 12 1 1 10 12 1 9 12 1 1 8 1 9 12 1 1 7 1 10 12 1 1 10 12 1 10 100 12 1 1 1 10 100 12 1 1 1 9 100 12 1 1 1 10 12 1 10 12 1 1 10 8 1 8 1 10 7 1 9 12 1 1 10 12 1 1 10 12 1 1 10 12 1 1 10 12 1 3 3 5 0 10 12 1 1 8 1 10 7 12 1 1 1 9 12 1 1 7 1 7 1 1 1 3 1 3 1 1 1 1 3 1 3 1 1 5 0 1 1 1 1 1 1 1 1 1 1 1 1 1 1 1 1 1 1 1 1 1 1 1 1 1 1 1 3 1 1 1 1 1 1 1 1 1 1 1 1 1 1 1 1 1 1 1 1 1 1 1 1 1 1 1 1 1 1
staticfield java/lang/Short TYPE Ljava/lang/Class; java/lang/Class
ciInstanceKlass java/lang/Long 1 1 524 7 1 7 1 7 1 7 1 10 12 1 1 9 12 1 1 9 7 12 1 1 1 10 100 12 1 1 1 10 12 1 1 10 100 12 1 1 1 10 10 12 10 12 1 10 12 1 10 12 1 5 0 5 0 7 1 10 12 1 1 10 12 1 1 10 12 1 10 12 1 10 12 1 10 12 1 1 10 100 12 1 1 10 12 1 10 12 1 1 10 12 1 1 10 12 1 1 10 12 1 1 10 100 12 1 1 1 10 12 1 1 10 12 1 10 12 1 10 12 1 10 12 1 1 10 10 12 1 5 0 5 0 9 12 1 1 9 12 1 5 0 100 1 8 1 10 12 1 8 1 10 12 1 8 1 8 1 10 12 1 1 5 0 10 12 1 1 5 0 10 12 1 1 10 12 1 1 10 100 12 1 1 1 11 7 1 10 12 1 1 11 10 12 1 1 8 1 10 12 1 1 8 1 7 1 10 12 1 1 10 12 1 8 1 8 1 11 12 1 1 10 12 1 10 12 1 10 12 1 5 0 5 0 9 7 12 1 1 1 10 12 1 10 12 1 1 8 1 8 1 10 12 1 1 8 1 8 1 8 1 8 1 8 1 8 1 10 12 1 10 7 1 9 12 1 1 10 12 1 10 12 1 1 10 12 1 1 10 7 12 1 1 1 100 1 100 1 10 12 1 1 10 12 1 1 5 0 10 12 1 10 12 1 5 0 5 0 5 0 10 12 1 1 10 12 1 5 0 5 0 10 12 1 10 12 1 10 100 12 1 1 1 10 12 1 1 10 12 1 1 8 1 10 7 12 1 1 1 9 12 1 1 7 1 7 1 7 1 1 1 1 5 0 1 1 1 1 3 1 3 1 5 0 1 1 1 1 1 1 1 1 1 100 1 1 1 1 1 1 1 1 1 1 1 1 1 1 1 1 1 1 1 1 1 1 1 1 1 1 1 1 1 1 1 1 1 1 1 1 1 1 1 1 1 1 1 1 1 1 1 1 1 1 1 1 1 1 1 3 1 1 1 1 1 1 1 1 1 1 1 1 1 1 1 7 1 1 1 1 1 1 1 1 1 1 1 1 1 1 1 1 1 1 1 1 1 1 1 1 1 1 1 1 1 1 1 1 1 1 1 1 1 1 1 1 1 1 1 7 1 1 1 1 1 1 1 1 1 100 1 100 1 1
staticfield java/lang/Long TYPE Ljava/lang/Class; java/lang/Class
ciInstanceKlass jdk/internal/vm/vector/VectorSupport 0 0 573 100 1 10 100 12 1 1 1 9 12 1 1 10 12 1 1 100 1 10 12 1 11 100 12 1 1 1 11 100 12 1 1 1 11 100 12 1 1 11 100 12 1 1 11 100 12 1 1 1 11 100 12 1 1 11 100 12 1 1 11 100 12 1 1 11 100 12 1 1 11 100 12 1 1 11 100 12 1 1 11 100 12 1 1 1 11 100 12 1 1 11 100 12 1 1 1 11 100 12 1 1 1 11 100 12 1 1 11 100 12 1 1 1 11 100 12 1 1 100 1 10 12 1 1 11 100 12 1 1 11 100 12 1 1 11 100 12 1 1 11 100 12 1 1 11 100 12 1 1 11 100 12 1 1 9 12 1 1 10 100 12 1 1 11 100 12 1 1 10 12 1 1 10 100 12 1 1 1 10 12 1 10 12 1 1 10 12 1 1 1 1 1 3 1 3 1 3 1 3 1 3 1 3 1 3 1 3 1 3 1 3 1 3 1 3 1 3 1 3 1 3 1 3 1 3 1 3 1 3 1 3 1 3 1 3 1 3 1 3 1 3 1 3 1 3 1 3 1 3 1 3 1 3 1 3 1 3 1 3 1 3 1 3 1 3 1 3 1 3 1 3 1 3 1 3 1 3 1 3 1 3 1 3 1 3 1 3 1 3 1 3 1 3 1 3 1 3 1 1 1 1 1 1 1 1 1 1 1 1 1 1 1 1 1 1 1 1 1 1 1 1 1 1 1 1 1 1 1 1 1 1 1 1 1 1 1 1 1 1 1 1 1 1 1 1 1 1 1 1 1 1 1 1 1 1 1 1 1 1 1 1 1 1 1 1 1 1 1 1 1 1 1 1 1 1 1 1 1 1 1 1 1 1 1 1 1 1 1 1 1 1 1 1 1 1 1 1 1 1 1 1 1 1 1 1 1 1 1 1 1 1 1 1 1 1 1 1 1 1 1 1 1 1 1 1 1 1 1 1 1 1 1 1 1 1 1 1 1 1 1 1 1 1 1 1 1 1 1 1 1 1 1 1 1 1 1 1 1 1 1 1 1 1 1 1 1 1 1 1 1 1 1 1 1 1 1 1 1 1 1 1 1 1 1 1 1 1 1 1 1 1 1 1 1 1 1 1 1 1 1 1 1 1 1 1 1 1 1 1 1 1 1 1 1 1 1 1 1 1 1 1 1 1 1 1 1 1 1 1 1 1 1 100 1 100 1 100 1 100 1 100 1 1 1 1 1 1 1 1 1 1 1 1 1 1 1 1 1 1 1 1 1 1 1 1 1 1 1 1 1 1 1
instanceKlass jdk/internal/vm/vector/VectorSupport$VectorShuffle
instanceKlass jdk/internal/vm/vector/VectorSupport$VectorMask
instanceKlass jdk/internal/vm/vector/VectorSupport$Vector
ciInstanceKlass jdk/internal/vm/vector/VectorSupport$VectorPayload 0 0 32 10 100 12 1 1 1 9 100 12 1 1 1 10 100 12 1 1 1 1 1 1 1 1 1 1 1 1 1 1 1 1
ciInstanceKlass jdk/internal/vm/vector/VectorSupport$Vector 0 0 28 10 100 12 1 1 1 100 1 1 1 1 1 1 1 1 1 1 1 1 1 1 1 100 1 1 1 1
ciInstanceKlass jdk/internal/vm/vector/VectorSupport$VectorMask 0 0 28 10 100 12 1 1 1 100 1 1 1 1 1 1 1 1 1 1 1 1 1 1 1 100 1 1 1 1
ciInstanceKlass jdk/internal/vm/vector/VectorSupport$VectorShuffle 0 0 28 10 100 12 1 1 1 100 1 1 1 1 1 1 1 1 1 1 1 1 1 1 1 100 1 1 1 1
ciInstanceKlass jdk/internal/vm/FillerObject 0 0 16 10 100 12 1 1 1 100 1 1 1 1 1 1 1 1
instanceKlass java/lang/ref/PhantomReference
instanceKlass java/lang/ref/FinalReference
instanceKlass java/lang/ref/WeakReference
instanceKlass java/lang/ref/SoftReference
ciInstanceKlass java/lang/ref/Reference 1 1 190 9 7 12 1 1 1 9 7 12 1 1 10 12 1 1 10 12 1 1 9 12 1 1 10 12 1 1 9 12 1 1 9 12 1 1 7 1 10 12 1 10 7 12 1 1 10 12 1 10 12 1 1 10 12 1 7 1 8 1 10 12 1 1 7 1 10 12 1 1 10 12 1 1 10 12 1 9 12 1 10 12 1 1 10 12 1 10 12 1 9 12 1 7 1 100 1 10 12 9 12 1 9 12 1 100 1 10 10 12 1 10 10 7 12 1 1 7 1 10 10 7 12 1 1 1 1 1 1 1 1 1 1 1 1 1 1 1 1 1 1 1 7 1 1 1 100 1 1 1 1 1 1 1 1 1 1 1 1 1 1 1 1 1 1 1 1 1 1 1 1 1 1 1 1 1 1 1 1 1 1 1 7 1 7 1 7 1 1 1
staticfield java/lang/ref/Reference processPendingLock Ljava/lang/Object; java/lang/Object
staticfield java/lang/ref/Reference $assertionsDisabled Z 1
ciMethod java/lang/ref/Reference get ()Ljava/lang/Object; 0 0 1 0 -1
ciMethod java/lang/ref/Reference clear ()V 518 0 12564 0 0
ciMethod java/lang/ref/Reference <init> (Ljava/lang/Object;Ljava/lang/ref/ReferenceQueue;)V 770 0 26676 0 544
ciMethod java/lang/ref/Reference clear0 ()V 256 0 128 0 -1
instanceKlass com/sun/beans/util/Cache$Kind$Soft
instanceKlass org/codehaus/groovy/util/ReferenceType$SoftRef
instanceKlass sun/util/locale/provider/LocaleResources$ResourceReference
instanceKlass sun/util/resources/Bundles$BundleReference
instanceKlass sun/util/locale/LocaleObjectCache$CacheEntry
instanceKlass java/lang/invoke/LambdaFormEditor$Transform
ciInstanceKlass java/lang/ref/SoftReference 1 1 47 10 7 12 1 1 1 9 7 12 1 1 1 9 12 1 10 12 1 10 12 1 1 1 1 1 1 1 1 1 1 1 1 1 1 1 1 1 1 1 1 100 1 1 1 1 1
instanceKlass java/beans/WeakIdentityMap$Entry
instanceKlass org/codehaus/groovy/util/ReferenceType$WeakRef
instanceKlass com/google/common/collect/MapMakerInternalMap$AbstractWeakKeyEntry
instanceKlass java/util/logging/LogManager$LoggerWeakRef
instanceKlass java/util/logging/Level$KnownLevel
instanceKlass sun/nio/ch/FileLockTable$FileLockReference
instanceKlass java/lang/ClassValue$Entry
instanceKlass java/lang/ThreadLocal$ThreadLocalMap$Entry
instanceKlass java/lang/WeakPairMap$WeakRefPeer
instanceKlass jdk/internal/util/WeakReferenceKey
instanceKlass java/util/WeakHashMap$Entry
ciInstanceKlass java/lang/ref/WeakReference 1 1 31 10 7 12 1 1 1 10 12 1 100 1 1 1 1 1 1 1 1 1 1 1 1 1 1 1 1 1 1 1 1
ciMethod java/lang/ref/WeakReference <init> (Ljava/lang/Object;Ljava/lang/ref/ReferenceQueue;)V 512 0 14451 0 536
instanceKlass java/lang/ref/Finalizer
ciInstanceKlass java/lang/ref/FinalReference 1 1 50 10 7 12 1 1 1 10 7 12 1 1 1 10 12 1 1 7 1 8 1 10 12 1 1 1 1 1 1 1 1 1 1 1 1 1 1 1 1 1 1 1 1 1 1 1 1 1 7 1
instanceKlass jdk/internal/ref/PhantomCleanable
instanceKlass jdk/internal/ref/Cleaner
ciInstanceKlass java/lang/ref/PhantomReference 1 1 39 10 100 12 1 1 1 10 7 12 1 1 1 1 1 1 1 1 1 1 1 1 1 1 1 1 1 1 1 1 1 1 1 1 1 1 1 1 1
ciInstanceKlass java/lang/ref/Finalizer 1 1 155 9 7 12 1 1 1 10 7 12 1 1 1 9 12 1 1 9 12 1 1 9 12 1 9 12 1 9 12 1 1 10 12 1 7 1 8 1 10 12 1 10 12 1 1 9 12 1 100 1 10 12 1 7 1 11 7 12 1 1 10 12 1 7 1 10 12 1 100 1 10 12 1 10 7 12 1 1 1 10 100 12 1 1 1 100 1 10 10 12 1 7 1 10 12 1 7 1 10 12 1 1 10 12 1 1 10 12 1 10 7 12 1 1 1 7 1 10 7 1 10 10 12 1 1 1 1 1 1 1 1 1 1 1 1 1 1 1 1 1 1 1 1 1 1 1 1 1 1 1 1 1 1 1 1
staticfield java/lang/ref/Finalizer lock Ljava/lang/Object; java/lang/Object
staticfield java/lang/ref/Finalizer ENABLED Z 1
staticfield java/lang/ref/Finalizer $assertionsDisabled Z 1
instanceKlass org/gradle/internal/file/FileType
instanceKlass org/gradle/internal/file/FileMetadata$AccessType
instanceKlass net/rubygrapefruit/platform/file/FileInfo$Type
instanceKlass org/gradle/api/internal/runtimeshaded/RuntimeShadedJarType
instanceKlass kotlin/LazyThreadSafetyMode
instanceKlass org/gradle/kotlin/dsl/execution/ProgramTarget
instanceKlass org/gradle/kotlin/dsl/execution/ProgramKind
instanceKlass org/gradle/kotlin/dsl/execution/EvalOption
instanceKlass org/gradle/api/internal/provider/ValueSupplier$ValueConsumer
instanceKlass java/nio/file/FileVisitResult
instanceKlass java/nio/file/FileTreeWalker$EventType
instanceKlass java/nio/file/AccessMode
instanceKlass com/sun/beans/introspect/PropertyInfo$Name
instanceKlass com/sun/beans/util/Cache$Kind
instanceKlass groovy/io/FileVisitResult
instanceKlass java/time/format/ResolverStyle
instanceKlass java/time/format/TextStyle
instanceKlass java/time/DayOfWeek
instanceKlass java/time/Month
instanceKlass java/time/format/FormatStyle
instanceKlass org/gradle/api/file/FileCollection$AntType
instanceKlass java/awt/event/FocusEvent$Cause
instanceKlass java/awt/Component$BaselineResizeBehavior
instanceKlass java/util/concurrent/Future$State
instanceKlass groovy/io/FileType
instanceKlass org/codehaus/groovy/util/ReferenceType
instanceKlass com/google/common/reflect/Types$JavaVersion
instanceKlass com/google/common/reflect/Types$ClassOwnership
instanceKlass org/gradle/api/initialization/resolve/RulesMode
instanceKlass org/gradle/api/initialization/resolve/RepositoriesMode
instanceKlass org/gradle/internal/management/DependencyResolutionManagementInternal$RulesModeInternal
instanceKlass org/gradle/internal/management/DependencyResolutionManagementInternal$RepositoriesModeInternal
instanceKlass org/gradle/internal/watch/registry/impl/DefaultFileWatcherProbeRegistry$WatchProbe$State
instanceKlass org/gradle/internal/operations/UncategorizedBuildOperations
instanceKlass org/gradle/internal/watch/vfs/VfsLogging
instanceKlass com/google/common/cache/LocalCache$NullEntry
instanceKlass com/google/common/util/concurrent/AbstractFutureState$VarHandleAtomicHelperMaker
instanceKlass org/gradle/internal/buildtree/DefaultBuildTreeLifecycleController$State
instanceKlass org/gradle/internal/build/DefaultBuildLifecycleController$State
instanceKlass org/gradle/initialization/VintageBuildModelController$Stage
instanceKlass org/gradle/internal/execution/model/InputNormalizer
instanceKlass org/gradle/internal/fingerprint/DirectorySensitivity
instanceKlass org/gradle/api/internal/changedetection/state/AbiExtractingClasspathResourceHasher$FallbackStrategy
instanceKlass org/gradle/internal/properties/InputBehavior
instanceKlass org/gradle/internal/execution/caching/CachingDisabledReasonCategory
instanceKlass org/gradle/internal/execution/history/impl/DefaultOutputFilesRepository$OutputKind
instanceKlass org/gradle/api/internal/provider/ProviderResolutionStrategy
instanceKlass org/gradle/api/PathValidation
instanceKlass com/google/common/base/AbstractIterator$State
instanceKlass javax/annotation/meta/When
instanceKlass org/gradle/internal/jvm/inspection/ProbedSystemProperty
instanceKlass org/gradle/api/internal/component/ArtifactType
instanceKlass org/gradle/api/internal/artifacts/dsl/dependencies/DependencyFactoryInternal$ClassPathNotation
instanceKlass org/gradle/internal/problems/failure/StackTraceRelevance
instanceKlass org/gradle/internal/operations/BuildOperationConstraint
instanceKlass org/gradle/api/internal/BuildType
instanceKlass org/gradle/internal/logging/sink/ProgressLogEventGenerator$State
instanceKlass org/gradle/internal/logging/progress/DefaultProgressLoggerFactory$State
instanceKlass org/gradle/internal/resources/ResourceLockState$Disposition
instanceKlass org/gradle/internal/fingerprint/classpath/impl/ClasspathFingerprintingStrategy$NonJarFingerprintingStrategy
instanceKlass org/gradle/internal/fingerprint/LineEndingSensitivity
instanceKlass java/nio/file/FileVisitOption
instanceKlass org/gradle/internal/vfs/impl/DefaultSnapshotHierarchy$EmptySnapshotHierarchy
instanceKlass org/gradle/internal/snapshot/CaseSensitivity
instanceKlass com/google/common/io/FileWriteMode
instanceKlass com/google/common/collect/MapMakerInternalMap$Strength
instanceKlass org/gradle/internal/hash/HashCode$Usage
instanceKlass org/gradle/api/internal/changedetection/state/CrossBuildFileHashCache$Kind
instanceKlass org/gradle/api/internal/artifacts/ivyservice/CacheLayout
instanceKlass org/gradle/cache/internal/VersionStrategy
instanceKlass java/nio/file/attribute/PosixFilePermission
instanceKlass java/util/stream/MatchOps$MatchKind
instanceKlass org/gradle/internal/reflect/PropertyAccessorType
instanceKlass com/google/common/cache/LocalCache$EntryFactory
instanceKlass com/google/common/cache/CacheBuilder$NullListener
instanceKlass com/google/common/cache/CacheBuilder$OneWeigher
instanceKlass com/google/common/cache/LocalCache$Strength
instanceKlass org/gradle/api/tasks/util/internal/PatternSpecFactory$CaseSensitivity
instanceKlass org/gradle/cache/internal/DefaultCrossBuildInMemoryCacheFactory$KeyRetentionPolicy
instanceKlass org/gradle/internal/file/TreeType
instanceKlass org/gradle/internal/properties/OutputFilePropertyType
instanceKlass org/gradle/internal/properties/annotations/PropertyAnnotationHandler$Kind
instanceKlass org/gradle/internal/execution/model/annotations/ModifierAnnotationCategory
instanceKlass org/gradle/internal/properties/InputFilePropertyType
instanceKlass org/gradle/internal/nativeintegration/EnvironmentModificationResult
instanceKlass com/google/common/collect/AbstractIterator$State
instanceKlass org/gradle/internal/deprecation/DeprecatedFeatureUsage$Type
instanceKlass org/gradle/initialization/StartParameterBuildOptions$ConfigurationCacheProblemsOption$Value
instanceKlass org/gradle/internal/watch/registry/WatchMode
instanceKlass org/gradle/api/launcher/cli/WelcomeMessageDisplayMode
instanceKlass org/gradle/api/artifacts/verification/DependencyVerificationMode
instanceKlass java/lang/annotation/ElementType
instanceKlass org/gradle/launcher/daemon/toolchain/DaemonJvmCriteria$JavaHome$Source
instanceKlass org/gradle/cache/internal/locklistener/FileLockPacketType
instanceKlass org/gradle/cache/FileLockManager$LockMode
instanceKlass java/time/temporal/ChronoUnit
instanceKlass java/time/temporal/ChronoField
instanceKlass org/gradle/launcher/daemon/server/api/DaemonState
instanceKlass java/lang/management/MemoryType
instanceKlass java/security/DrbgParameters$Capability
instanceKlass sun/security/util/KnownOIDs
instanceKlass org/gradle/internal/operations/BuildOperationCategory
instanceKlass java/net/StandardProtocolFamily
instanceKlass jdk/internal/util/OperatingSystem
instanceKlass org/gradle/tooling/events/OperationType
instanceKlass org/gradle/api/logging/configuration/WarningMode
instanceKlass org/gradle/api/logging/configuration/ConsoleOutput
instanceKlass org/gradle/api/logging/configuration/ShowStacktrace
instanceKlass org/gradle/launcher/daemon/server/expiry/DaemonExpirationStatus
instanceKlass sun/util/locale/provider/LocaleProviderAdapter$Type
instanceKlass org/gradle/internal/logging/text/StyledTextOutput$Style
instanceKlass net/rubygrapefruit/platform/internal/FunctionResult$Failure
instanceKlass java/math/RoundingMode
instanceKlass org/gradle/api/JavaVersion
instanceKlass jdk/internal/logger/BootstrapLogger$LoggingBackend
instanceKlass java/lang/invoke/MethodHandleImpl$ArrayAccess
instanceKlass org/gradle/internal/service/DefaultServiceRegistry$SingletonService$BindState
instanceKlass java/lang/annotation/RetentionPolicy
instanceKlass org/gradle/internal/service/DefaultServiceRegistry$State
instanceKlass org/gradle/internal/nativeintegration/jansi/JansiOperatingSystemSupport
instanceKlass org/gradle/fileevents/internal/NativeLogger$LogLevel
instanceKlass net/rubygrapefruit/platform/terminal/Terminals$Output
instanceKlass java/util/Locale$Category
instanceKlass org/gradle/internal/nativeintegration/services/NativeServices$NativeFeatures
instanceKlass org/gradle/launcher/daemon/configuration/DaemonPriority
instanceKlass org/gradle/internal/nativeintegration/services/NativeServices$NativeServicesMode
instanceKlass java/lang/reflect/ProxyGenerator$PrimitiveTypeInfo
instanceKlass org/gradle/api/logging/LogLevel
instanceKlass java/util/regex/Pattern$Qtype
instanceKlass java/util/zip/ZipCoder$Comparison
instanceKlass java/util/concurrent/TimeUnit
instanceKlass java/nio/file/LinkOption
instanceKlass sun/nio/fs/WindowsPathType
instanceKlass java/nio/file/StandardOpenOption
instanceKlass java/util/stream/Collector$Characteristics
instanceKlass java/util/stream/StreamShape
instanceKlass java/lang/invoke/MethodHandles$Lookup$ClassOption
instanceKlass java/lang/invoke/VarHandle$AccessType
instanceKlass java/lang/invoke/VarHandle$AccessMode
instanceKlass java/lang/invoke/MethodHandleImpl$Intrinsic
instanceKlass java/lang/invoke/LambdaForm$BasicType
instanceKlass java/lang/invoke/LambdaForm$Kind
instanceKlass sun/invoke/util/Wrapper
instanceKlass java/util/stream/StreamOpFlag$Type
instanceKlass java/util/stream/StreamOpFlag
instanceKlass java/io/File$PathStatus
instanceKlass java/lang/module/ModuleDescriptor$Requires$Modifier
instanceKlass java/lang/reflect/AccessFlag$Location
instanceKlass java/lang/reflect/AccessFlag
instanceKlass java/lang/module/ModuleDescriptor$Modifier
instanceKlass java/lang/reflect/ClassFileFormatVersion
instanceKlass java/lang/Thread$State
ciInstanceKlass java/lang/Enum 1 1 204 9 7 12 1 1 1 9 12 1 1 10 7 12 1 1 1 9 12 1 10 7 12 1 1 1 7 1 10 10 12 1 1 10 12 1 7 1 10 10 7 12 1 1 10 12 1 1 18 12 1 1 10 100 12 1 1 1 10 12 1 1 11 7 12 1 1 1 100 1 8 1 10 12 1 100 1 7 1 10 8 1 10 12 1 1 10 12 1 1 8 1 10 12 1 10 100 1 8 1 10 10 12 1 1 10 100 12 1 1 1 7 1 7 1 7 1 1 1 1 1 1 1 1 1 1 1 1 1 1 1 1 1 1 1 1 1 1 1 1 1 1 1 1 1 1 1 1 1 1 1 1 1 1 1 1 1 1 1 1 1 1 1 3 1 1 1 1 7 1 7 1 1 7 1 1 1 1 1 1 1 1 1 1 1 16 15 10 12 16 15 10 100 12 1 1 1 1 1 100 1 100 1 1
instanceKlass java/lang/ref/ReferenceQueue$Null
instanceKlass java/lang/ref/NativeReferenceQueue
ciInstanceKlass java/lang/ref/ReferenceQueue 1 1 183 9 7 12 1 1 1 11 7 12 1 1 1 11 12 1 9 7 12 1 1 1 11 12 1 10 7 12 1 1 9 12 1 1 7 1 10 9 12 1 1 10 12 1 1 9 7 12 1 1 1 9 12 1 9 12 1 9 12 1 1 100 1 10 9 12 1 1 9 12 1 7 1 10 100 12 1 1 1 10 12 1 10 12 1 1 10 7 12 1 1 1 10 12 1 5 0 10 10 12 10 12 1 1 10 12 1 10 12 1 1 100 1 8 1 10 12 1 10 12 1 10 12 1 1 10 12 11 100 12 1 1 1 10 7 12 1 1 7 1 10 1 1 1 1 1 1 1 1 1 1 100 1 1 1 1 1 1 1 1 1 1 1 1 1 1 1 7 1 1 1 1 1 1 1 1 1 1 1 1 1 1 1
staticfield java/lang/ref/ReferenceQueue NULL Ljava/lang/ref/ReferenceQueue; java/lang/ref/ReferenceQueue$Null
staticfield java/lang/ref/ReferenceQueue ENQUEUED Ljava/lang/ref/ReferenceQueue; java/lang/ref/ReferenceQueue$Null
staticfield java/lang/ref/ReferenceQueue $assertionsDisabled Z 1
ciInstanceKlass java/lang/reflect/Method 1 1 472 9 7 12 1 1 1 10 7 12 1 1 1 10 7 12 1 1 9 12 1 1 10 12 1 1 10 12 1 1 10 7 12 1 1 10 7 12 1 1 1 9 12 1 1 9 12 1 9 12 1 1 9 12 1 9 12 1 9 12 1 1 9 12 1 9 12 1 1 9 12 1 9 12 1 9 12 1 1 100 1 8 1 10 12 1 10 12 1 9 12 1 1 8 1 10 7 12 1 1 10 7 12 1 1 1 10 12 1 1 10 12 1 1 10 12 1 10 12 1 1 10 12 1 1 9 7 12 1 1 1 10 12 1 1 10 12 10 7 12 1 1 10 12 1 1 10 12 1 10 12 1 10 12 1 10 7 12 1 1 1 10 12 1 1 10 7 1 10 7 12 1 1 1 10 7 12 1 1 10 12 1 1 10 12 1 1 10 12 1 10 7 12 1 1 1 10 12 1 10 8 1 10 12 1 10 12 1 7 1 8 1 8 1 8 1 10 12 1 10 12 1 1 10 12 1 1 10 10 12 1 1 10 12 1 11 7 1 10 12 1 9 12 1 1 10 12 1 1 10 12 1 10 12 1 1 10 12 1 1 11 7 12 1 1 1 11 12 1 9 12 1 1 10 12 1 10 12 1 10 12 1 10 12 1 10 12 1 10 12 1 9 12 1 1 10 7 12 1 1 1 10 7 12 1 1 10 12 1 1 10 7 12 1 1 1 10 7 12 1 1 1 10 7 12 1 1 1 11 7 12 1 1 1 10 7 12 1 1 1 7 1 100 1 100 1 10 12 1 10 12 1 1 10 12 1 100 1 8 1 10 12 1 10 10 12 1 1 10 12 1 1 10 12 1 1 10 12 1 1 8 1 10 12 1 1 1 1 1 1 1 1 1 1 1 1 1 1 1 1 1 1 1 1 1 1 1 1 1 1 1 1 1 1 1 1 1 1 1 1 1 1 1 1 1 1 1 1 1 1 1 1 1 1 1 1 1 100 1 100 1 100 1 1 1 1 1 1 1 1 1 1 1 1 1 1 1 1 1 1 1 1 1 1 1 1 1 1 1 1 1 1
ciInstanceKlass java/lang/reflect/Field 1 1 457 9 7 12 1 1 1 10 12 1 1 10 100 12 1 1 1 10 100 12 1 1 9 12 1 1 10 12 1 1 10 12 1 1 10 100 12 1 1 10 7 12 1 1 1 9 12 1 1 9 12 1 9 12 1 9 12 1 1 9 12 1 1 9 12 1 9 12 1 1 9 12 1 1 100 1 8 1 10 12 1 10 12 1 9 12 1 1 9 12 1 10 12 1 10 7 12 1 1 10 12 1 1 10 12 1 1 10 12 1 10 12 1 1 9 100 12 1 1 1 10 100 12 1 1 1 100 1 10 12 1 1 10 12 1 1 10 12 1 1 10 12 1 10 12 1 10 7 1 10 7 12 1 1 7 1 10 8 1 10 12 1 1 10 12 1 1 8 1 10 12 10 12 1 8 1 8 1 10 11 7 1 9 12 1 10 12 1 1 10 12 1 1 11 7 12 1 1 1 10 12 1 11 12 1 1 11 12 1 1 11 12 1 1 11 12 1 1 11 12 1 1 11 12 1 1 11 12 1 1 11 12 1 1 11 12 1 1 11 12 1 1 11 12 1 1 11 12 1 1 11 12 1 1 11 12 1 1 11 12 1 1 11 12 1 1 11 12 1 1 10 12 1 10 7 12 1 1 10 12 1 10 12 1 10 12 1 9 12 1 1 10 7 12 1 1 1 10 12 1 1 10 12 1 10 7 12 1 1 10 12 1 1 11 7 1 10 12 1 7 1 10 100 12 1 1 1 10 7 12 1 1 1 9 12 1 10 7 12 1 1 1 11 7 12 1 1 1 10 12 1 1 10 12 1 1 9 100 12 1 1 10 100 12 1 1 1 10 12 1 1 7 1 1 1 1 1 1 1 1 1 1 1 1 1 1 1 1 1 1 1 1 1 1 1 1 1 1 1 1 1 1 1 1 1 1 1 1 1 1 1 100 1 1 1 1 1 1 1 1 1 1 1 1 1 1 1 1 1 1 1 1 1 1 1 1 1 1 1 1 1 1 1 1 7 1 1 1 1 1 1 1 1 1 100 1 1
ciInstanceKlass java/lang/reflect/Parameter 0 0 243 10 7 12 1 1 1 9 7 12 1 1 1 9 12 1 1 9 12 1 1 9 12 1 10 12 1 1 10 12 1 1 10 7 12 1 1 1 7 1 10 10 12 1 1 11 7 12 1 1 1 10 12 1 10 100 12 1 1 1 10 12 1 1 10 12 1 10 12 1 8 1 8 1 10 7 12 1 1 1 10 12 1 10 12 9 100 12 1 1 1 10 100 12 1 1 1 10 12 1 8 1 10 12 1 9 12 1 1 10 12 1 1 9 12 1 1 10 12 1 1 10 12 1 1 10 12 1 1 10 12 1 10 10 12 1 10 100 12 1 1 1 10 12 1 1 11 7 12 1 1 10 7 12 1 1 7 1 10 100 12 1 1 1 10 12 1 1 10 12 1 1 10 12 1 1 10 12 1 1 9 12 1 100 1 10 11 12 1 1 11 12 1 1 7 1 1 1 1 1 1 1 1 1 1 1 1 1 1 1 1 1 1 1 1 1 1 1 1 1 1 1 1 1 1 1 1 1 1 1 1 1 1 1 1 1 100 1 1 1 1 1 1
ciInstanceKlass java/lang/reflect/RecordComponent 0 0 196 10 7 12 1 1 1 9 7 12 1 1 1 9 12 1 1 9 12 1 10 12 1 1 10 12 1 1 10 100 12 1 1 1 10 12 1 1 9 12 1 1 10 12 1 1 10 12 1 1 10 12 1 10 100 12 1 1 10 100 12 1 1 9 12 1 1 10 100 12 1 1 1 11 100 12 1 1 1 10 9 100 12 1 1 1 10 100 12 1 1 1 9 12 1 1 10 100 12 1 1 1 10 12 1 1 11 7 12 1 1 10 7 12 1 1 7 1 9 12 1 9 12 1 1 9 12 1 10 100 12 1 1 1 10 12 1 1 10 12 1 1 7 1 10 10 12 1 10 12 1 1 8 1 10 12 1 10 12 1 9 12 1 7 1 1 1 1 1 1 1 1 1 1 1 1 1 1 1 1 1 1 1 1 1 1 7 1 1 1 1 1 1 100 1 1
ciInstanceKlass java/lang/StringBuffer 1 1 483 10 7 12 1 1 1 10 12 1 10 12 1 10 12 1 1 9 7 12 1 1 1 10 12 1 1 10 12 1 10 12 1 1 9 12 1 1 10 12 1 10 12 1 1 10 12 1 1 10 12 1 10 12 1 1 10 12 1 10 12 1 1 10 12 1 1 10 7 12 1 1 1 10 12 1 1 10 12 1 10 12 1 10 12 1 10 12 1 10 12 1 10 12 1 10 12 1 10 12 1 10 12 1 10 12 1 10 12 1 10 12 1 10 12 1 10 12 1 1 10 12 1 10 12 1 1 10 12 1 1 10 10 12 1 1 10 12 1 10 12 1 10 12 1 10 12 1 10 12 1 10 12 1 10 12 10 12 1 10 12 1 10 12 1 10 12 1 1 10 12 1 10 12 1 10 10 12 1 1 10 12 1 10 12 1 10 12 1 10 10 100 12 1 1 1 10 10 12 1 1 9 12 1 1 10 100 12 1 1 10 100 1 8 10 100 12 1 1 1 8 10 12 1 8 1 10 12 1 10 12 1 10 100 12 1 1 1 10 100 12 1 1 1 7 1 10 12 100 1 8 1 10 10 12 1 1 10 12 1 1 10 12 1 10 12 1 10 12 1 1 10 12 1 10 12 1 10 12 1 10 12 1 10 12 1 10 12 10 12 1 10 12 1 10 12 1 10 12 1 10 12 1 10 12 1 10 12 1 10 12 1 10 12 1 10 12 1 10 12 10 12 10 12 1 10 12 1 10 12 1 10 12 10 12 1 10 12 1 10 12 1 10 12 1 10 12 1 10 12 1 10 12 1 10 12 1 10 12 1 10 12 1 10 12 1 7 1 10 12 1 9 7 12 1 1 1 9 7 1 9 12 1 1 7 1 7 1 7 1 7 1 1 1 1 5 0 1 1 1 1 1 1 1 1 1 1 1 1 1 1 1 1 1 1 1 1 1 1 1 1 1 1 1 1 1 1 1 1 1 1 1 1 1 1 1 1 1 1 1 1 1 1 1 1 1 1 1 1 1 1 1 1 1 1 1 1 1 100 1 1 1 1 1 7 1 1 1 1 1 1 1 1 1 1 1 1 1 1 1 1 1 1
staticfield java/lang/StringBuffer serialPersistentFields [Ljava/io/ObjectStreamField; 3 [Ljava/io/ObjectStreamField;
instanceKlass java/net/URLClassLoader
instanceKlass jdk/internal/loader/BuiltinClassLoader
ciInstanceKlass java/security/SecureClassLoader 1 1 102 10 7 12 1 1 1 7 1 10 12 1 9 7 12 1 1 1 10 12 1 10 12 1 10 12 1 1 10 12 1 1 10 12 1 7 1 10 7 1 10 12 1 7 1 10 12 1 11 7 12 1 1 1 7 1 11 12 1 10 12 1 1 1 1 1 1 1 1 1 1 1 1 1 1 1 1 1 1 1 1 1 1 1 1 1 1 1 1 1 1 1 1 1 1 1 1 100 1 1 1 1
ciInstanceKlass java/util/jar/Manifest 1 1 339 10 7 12 1 1 1 7 1 10 9 7 12 1 1 1 7 1 10 9 12 1 1 9 12 1 1 10 12 1 10 12 1 1 10 12 1 1 10 12 1 1 10 12 1 1 11 7 1 11 12 1 1 10 12 1 1 10 100 12 1 1 1 100 1 7 1 10 8 1 10 12 1 1 10 12 1 1 10 12 1 10 12 1 11 100 1 10 12 1 10 12 1 1 11 12 1 1 10 12 1 11 12 1 1 11 100 12 1 1 1 11 7 12 1 1 11 12 1 1 100 1 10 12 1 8 1 11 12 1 7 1 10 12 1 1 11 12 1 10 12 1 10 12 1 10 7 12 1 1 1 8 1 10 12 1 1 10 9 7 12 1 1 1 10 12 1 1 10 100 12 1 10 12 1 10 12 1 9 100 12 1 1 1 8 1 10 12 1 8 1 8 1 7 1 10 12 1 10 12 1 10 12 1 1 100 1 8 1 10 12 1 1 8 1 10 10 12 1 1 8 1 10 12 1 1 10 7 12 1 1 1 10 12 1 10 11 12 1 1 10 12 1 10 7 12 1 1 1 10 12 1 1 10 12 1 10 12 1 1 11 10 12 1 11 10 12 1 7 1 1 1 1 1 1 1 1 1 1 1 1 1 1 1 1 1 1 1 1 1 1 1 1 1 1 1 1 1 1 1 1 1 1 1 1 1 1 1 1 1 1 1 100 1 1 1 1 1 1 1 1 1 1 1 1 1 1 7 1 1 1 1 1 1 1 1 1 1 1
ciInstanceKlass java/io/ByteArrayInputStream 1 1 117 10 7 12 1 1 1 9 7 12 1 1 1 9 12 1 1 9 12 1 9 12 1 10 7 12 1 1 1 10 7 12 1 1 1 10 7 12 1 1 1 10 100 12 1 1 1 10 12 1 1 3 10 100 1 10 100 12 1 1 1 9 12 1 1 100 1 10 10 7 12 1 1 1 1 1 1 1 1 1 1 1 1 1 1 1 1 1 1 1 1 1 1 1 1 1 1 1 1 1 1 1 100 1 1 1 1 1 1 1 1 1 1 1 1 1 1
staticfield java/io/ByteArrayInputStream $assertionsDisabled Z 1
instanceKlass java/nio/IntBuffer
instanceKlass java/nio/LongBuffer
instanceKlass java/nio/CharBuffer
instanceKlass java/nio/ByteBuffer
ciInstanceKlass java/nio/Buffer 1 1 256 100 1 10 7 12 1 1 1 9 7 12 1 1 1 9 12 1 9 12 1 1 9 12 1 9 12 1 1 10 12 1 1 10 12 1 1 10 12 100 1 7 1 10 8 1 10 12 1 1 10 12 1 8 1 8 1 10 12 1 1 10 12 1 8 1 9 12 1 1 100 1 8 1 10 12 1 8 1 8 1 9 12 10 12 1 8 1 8 1 8 1 10 12 1 8 1 8 1 8 1 100 1 10 100 1 10 100 1 10 9 12 1 1 10 7 12 1 1 1 100 1 10 12 1 1 10 12 1 10 100 12 1 1 10 7 12 1 1 1 10 7 12 1 1 1 9 12 1 1 10 7 12 1 1 1 9 12 1 1 7 1 10 10 12 1 1 7 1 10 10 7 12 1 1 1 1 1 3 1 1 1 1 1 1 1 1 1 1 1 1 1 1 100 1 1 1 1 1 1 1 7 1 1 1 1 1 1 1 1 1 1 1 1 1 1 1 1 1 1 1 1 1 1 1 1 1 1 1 1 1 1 1 1 1 1 1 1 1 1 1 100 1 100 1 100 1 100 1 100 1 100 1 100 1 1
staticfield java/nio/Buffer UNSAFE Ljdk/internal/misc/Unsafe; jdk/internal/misc/Unsafe
staticfield java/nio/Buffer SCOPED_MEMORY_ACCESS Ljdk/internal/misc/ScopedMemoryAccess; jdk/internal/misc/ScopedMemoryAccess
staticfield java/nio/Buffer IOOBE_FORMATTER Ljava/util/function/BiFunction; jdk/internal/util/Preconditions$4
staticfield java/nio/Buffer $assertionsDisabled Z 1
ciInstanceKlass java/util/Objects 1 1 184 10 7 12 1 1 1 100 1 8 1 10 12 1 10 12 1 1 10 7 12 1 1 1 10 12 1 1 10 12 1 10 7 12 1 1 1 10 12 1 1 10 7 12 1 1 1 7 1 10 10 12 1 1 10 7 12 1 1 10 12 1 1 8 1 10 7 12 1 1 1 10 7 12 1 1 1 10 11 100 12 1 1 1 100 1 10 10 12 1 8 1 10 12 1 8 1 100 1 11 12 1 1 8 1 10 7 12 1 1 1 10 12 1 1 10 12 1 10 12 1 10 12 1 10 12 1 1 1 1 1 1 1 1 1 1 1 1 1 1 1 1 1 1 1 1 1 1 1 1 1 1 1 1 1 1 1 1 1 1 1 1 1 1 1 1 1 1 1 1 1 1 1 1 1 1 1 1 1 1 1 1 1 1
ciInstanceKlass jdk/internal/util/Preconditions 1 1 194 10 7 12 1 1 1 11 7 12 1 1 1 11 100 12 1 1 1 7 1 100 1 10 7 12 1 1 1 10 12 1 8 1 7 1 10 7 12 1 1 1 10 12 1 1 8 1 8 1 10 7 12 1 1 7 1 10 12 1 8 1 10 7 12 1 1 1 8 1 10 12 1 1 10 12 1 1 11 12 1 8 1 8 1 11 12 1 1 8 1 8 1 8 1 10 12 1 1 10 12 1 1 10 12 1 10 12 1 10 12 1 10 12 7 1 10 10 12 1 1 9 12 1 1 7 1 10 9 12 1 7 1 10 9 12 1 1 1 1 1 1 1 1 1 1 1 1 1 1 1 1 1 1 1 1 1 1 1 1 1 1 1 1 1 1 1 1 1 1 1 1 1 1 1 1 1 1 1 1 1 1 1 1 1 1 1 1 1 1 1 1 1 1
staticfield jdk/internal/util/Preconditions SIOOBE_FORMATTER Ljava/util/function/BiFunction; jdk/internal/util/Preconditions$4
staticfield jdk/internal/util/Preconditions AIOOBE_FORMATTER Ljava/util/function/BiFunction; jdk/internal/util/Preconditions$4
staticfield jdk/internal/util/Preconditions IOOBE_FORMATTER Ljava/util/function/BiFunction; jdk/internal/util/Preconditions$4
ciMethod java/util/Objects checkIndex (II)I 512 0 24641 0 -1
ciMethod java/util/Objects requireNonNull (Ljava/lang/Object;Ljava/lang/String;)Ljava/lang/Object; 780 0 61995 0 -1
instanceKlass java/util/Collections$CopiesList
instanceKlass groovy/lang/EmptyRange
instanceKlass groovy/lang/ObjectRange
instanceKlass groovy/lang/IntRange
instanceKlass groovy/lang/Tuple
instanceKlass sun/security/jca/ProviderList$3
instanceKlass java/util/AbstractSequentialList
instanceKlass org/gradle/internal/classpath/DefaultClassPath$ImmutableUniqueList
instanceKlass java/util/Collections$SingletonList
instanceKlass java/util/Vector
instanceKlass java/util/Arrays$ArrayList
instanceKlass org/gradle/internal/classpath/DefaultClassPath$ImmutableUniqueList
instanceKlass java/util/ArrayList$SubList
instanceKlass java/util/Collections$EmptyList
instanceKlass java/util/ArrayList
ciInstanceKlass java/util/AbstractList 1 1 218 10 7 12 1 1 1 9 7 12 1 1 1 10 12 1 1 10 12 1 1 100 1 10 10 12 1 1 11 100 12 1 1 1 11 12 1 1 11 12 1 10 7 12 1 1 1 10 12 1 11 12 1 11 12 1 11 12 1 10 12 1 1 10 12 1 1 11 7 12 1 1 1 11 7 1 11 7 1 10 12 1 100 1 10 12 1 10 12 1 1 7 1 100 1 10 12 1 100 1 10 100 1 7 1 10 8 1 10 12 1 1 10 12 1 10 12 1 1 10 12 1 8 1 100 1 8 1 8 1 8 1 10 7 1 11 10 10 12 1 11 12 1 10 12 1 1 8 1 8 1 1 1 1 1 1 1 1 1 1 1 1 1 1 1 1 1 1 1 1 1 1 1 1 1 1 1 1 1 1 1 1 1 1 1 1 1 1 1 1 1 1 1 1 1 1 1 1 1 1 1 1 1 1 1 1 1 1 100 1 100 1 1 1 1 1 1 1
ciInstanceKlass java/util/List 1 1 251 10 100 12 1 1 1 11 7 12 1 1 1 11 7 12 1 1 1 11 12 1 1 11 100 12 1 1 11 12 1 1 11 12 1 1 10 7 12 1 1 1 100 1 100 1 10 12 1 1 100 1 10 100 12 1 1 1 11 12 1 1 11 12 1 11 12 1 100 1 10 12 1 11 12 1 1 11 12 1 1 11 12 1 10 100 12 1 1 1 9 7 12 1 1 1 7 1 10 12 10 12 1 7 1 10 12 1 1 10 12 1 10 12 1 1 11 12 1 1 100 1 1 1 1 1 1 1 1 1 1 1 1 1 1 1 1 1 1 1 1 1 1 1 1 1 1 1 1 1 1 1 1 1 1 1 1 1 1 1 1 1 1 1 1 100 1 100 1 1 1 1 1 1 1 1 1 1 1 1 1 1 1 1 1 1 1 1 1 1 1 1 1 1 1 1 1 1 1 1 1 1 1 1 1 1 1 1 1 1 1 1 1 1 1 1 1 1 1 1 1 1 1 1 1 1 1 1 1 1 1 1 1 1 1 1 1 1 1 1 1 1 1 1 100 1 1 100 1 1 1
ciInstanceKlass java/util/SequencedCollection 1 1 109 100 1 10 12 1 1 11 7 12 1 1 1 11 7 12 1 1 1 11 12 1 1 11 12 1 7 1 7 1 1 1 1 1 1 1 1 1 1 1 1 1 1 1 1 1 1 1 1 1 1 1 1 1 1 1 1 1 100 1 8 1 1 12 10 1 1 1 8 1 1 1 8 1 1 1 8 1 1 1 8 1 1 8 1 1 1 8 1 1 8 1 1 1 8 1 1 8 1 1 1 8 1 1 8 1 1 8 1
ciInstanceKlass java/util/Collection 1 1 115 11 100 12 1 1 1 100 1 11 7 12 1 1 1 10 7 12 1 1 1 11 12 1 1 11 7 12 1 1 1 11 12 1 1 11 7 12 1 1 1 11 12 1 1 10 100 12 1 1 1 11 12 1 10 7 12 1 1 1 100 1 100 1 1 1 1 1 1 1 1 1 1 1 1 1 1 1 1 1 1 1 1 1 1 1 1 1 1 1 1 1 1 1 1 1 1 1 1 1 1 1 1 1 1 1 1 1 1 1 1 1 1 1 1
ciInstanceKlass java/lang/Iterable 1 1 62 10 7 12 1 1 1 11 7 12 1 1 1 11 7 12 1 1 1 11 12 1 1 11 7 12 1 1 1 10 100 12 1 1 1 100 1 1 1 1 1 1 1 1 1 1 1 1 1 1 1 1 1 1 1 1 1 1 1 1 1 1
ciMethod java/util/List remove (Ljava/lang/Object;)Z 0 0 1 0 -1
ciMethod java/util/List remove (I)Ljava/lang/Object; 0 0 1 0 -1
ciMethod java/util/List size ()I 0 0 1 0 -1
ciMethod java/util/List get (I)Ljava/lang/Object; 0 0 1 0 -1
ciMethod java/util/List add (Ljava/lang/Object;)Z 0 0 1 0 -1
ciMethod java/util/List iterator ()Ljava/util/Iterator; 0 0 1 0 -1
instanceKlass it/unimi/dsi/fastutil/objects/AbstractReferenceCollection
instanceKlass org/gradle/tooling/provider/model/internal/DefaultToolingModelBuilderRegistry$1
instanceKlass org/gradle/api/internal/DefaultDomainObjectCollection
instanceKlass com/google/common/collect/AbstractMapBasedMultimap$WrappedCollection
instanceKlass java/util/TreeMap$Values
instanceKlass com/google/common/collect/ImmutableCollection
instanceKlass java/util/IdentityHashMap$Values
instanceKlass java/util/LinkedHashMap$LinkedValues
instanceKlass java/util/AbstractQueue
instanceKlass java/util/HashMap$Values
instanceKlass java/util/ArrayDeque
instanceKlass java/util/AbstractSet
instanceKlass java/util/ImmutableCollections$AbstractImmutableCollection
instanceKlass java/util/AbstractList
ciInstanceKlass java/util/AbstractCollection 1 1 160 10 7 12 1 1 1 10 7 12 1 1 1 10 12 1 1 11 7 12 1 1 1 11 12 1 1 10 12 1 1 10 100 12 1 1 1 10 12 1 1 10 12 1 1 10 7 12 1 1 10 7 12 1 1 1 7 1 10 7 12 1 1 1 10 100 12 1 1 1 100 1 10 11 12 1 11 7 1 10 12 1 10 12 1 10 7 12 1 1 1 11 8 1 7 1 10 10 12 1 1 8 1 10 12 1 10 12 1 1 1 1 1 1 1 1 1 1 1 1 1 1 1 1 1 1 1 1 1 1 1 1 1 1 1 1 1 1 1 1 1 1 1 1 1 1 1 1 1 1 1 1 1 1 1 1 1 1 1 1
ciMethod java/util/AbstractCollection <init> ()V 1024 0 56831 0 80
ciMethod java/util/AbstractList <init> ()V 514 0 34415 0 88
ciInstanceKlass java/lang/AssertionStatusDirectives 0 0 24 10 100 12 1 1 1 100 1 1 1 1 1 1 1 1 1 1 1 1 1 1 1 1
instanceKlass org/gradle/internal/execution/InputFingerprinter$InputFileFingerprintingException
instanceKlass org/gradle/internal/execution/InputFingerprinter$InputFingerprintingException
instanceKlass org/gradle/kotlin/dsl/support/ScriptCompilationException
instanceKlass java/time/DateTimeException
instanceKlass java/nio/file/FileSystemNotFoundException
instanceKlass java/nio/file/FileSystemAlreadyExistsException
instanceKlass org/codehaus/groovy/vmplugin/v9/ClassFindFailedException
instanceKlass org/codehaus/groovy/control/ConfigurationException
instanceKlass org/w3c/dom/DOMException
instanceKlass groovy/lang/StringWriterIOException
instanceKlass java/lang/IllegalCallerException
instanceKlass java/lang/reflect/MalformedParameterizedTypeException
instanceKlass org/gradle/api/internal/attributes/AttributeMatchException
instanceKlass org/gradle/api/internal/artifacts/ivyservice/resolveengine/result/GraphValidationException
instanceKlass org/gradle/cli/CommandLineArgumentException
instanceKlass org/gradle/internal/tools/api/ApiClassExtractionException
instanceKlass groovy/lang/GroovyRuntimeException
instanceKlass org/gradle/internal/snapshot/impl/WorkSerializationException
instanceKlass org/gradle/tooling/internal/protocol/InternalBuildActionFailureException
instanceKlass org/gradle/tooling/internal/protocol/test/InternalTestExecutionException
instanceKlass kotlin/NoWhenBranchMatchedException
instanceKlass kotlin/KotlinNothingValueException
instanceKlass org/gradle/internal/snapshot/impl/IsolationException
instanceKlass org/gradle/internal/snapshot/ValueSnapshottingException
instanceKlass org/apache/tools/ant/BuildException
instanceKlass org/gradle/api/internal/attributes/AttributeMergingException
instanceKlass org/gradle/api/internal/provider/AbstractProperty$PropertyQueryException
instanceKlass java/util/ConcurrentModificationException
instanceKlass java/lang/TypeNotPresentException
instanceKlass org/gradle/internal/reflect/NoSuchPropertyException
instanceKlass org/gradle/internal/typeconversion/TypeConversionException
instanceKlass com/google/common/util/concurrent/UncheckedExecutionException
instanceKlass com/google/common/cache/CacheLoader$InvalidCacheLoadException
instanceKlass org/gradle/internal/work/NoAvailableWorkerLeaseException
instanceKlass org/gradle/launcher/daemon/server/BadlyFormedRequestException
instanceKlass java/security/ProviderException
instanceKlass org/gradle/internal/remote/internal/MessageIOException
instanceKlass org/gradle/cache/LockTimeoutException
instanceKlass org/gradle/cache/InsufficientLockModeException
instanceKlass org/gradle/launcher/daemon/registry/DaemonRegistry$EmptyRegistryException
instanceKlass org/gradle/cache/FileIntegrityViolationException
instanceKlass org/gradle/internal/file/FileException
instanceKlass java/io/UncheckedIOException
instanceKlass org/gradle/launcher/daemon/server/api/DaemonStoppedException
instanceKlass org/gradle/launcher/daemon/server/api/DaemonUnavailableException
instanceKlass java/util/MissingResourceException
instanceKlass org/gradle/internal/jvm/JavaHomeException
instanceKlass kotlin/UninitializedPropertyAccessException
instanceKlass org/gradle/api/reflect/ObjectInstantiationException
instanceKlass org/gradle/api/internal/classpath/UnknownModuleException
instanceKlass java/util/NoSuchElementException
instanceKlass org/gradle/internal/reflect/NoSuchMethodException
instanceKlass org/gradle/internal/nativeintegration/NativeIntegrationException
instanceKlass org/gradle/internal/service/ServiceLookupException
instanceKlass net/rubygrapefruit/platform/NativeException
instanceKlass com/esotericsoftware/kryo/KryoException
instanceKlass java/lang/reflect/UndeclaredThrowableException
instanceKlass org/gradle/internal/operations/BuildOperationInvocationException
instanceKlass org/gradle/internal/UncheckedException
instanceKlass org/gradle/api/GradleException
instanceKlass java/lang/UnsupportedOperationException
instanceKlass java/lang/SecurityException
instanceKlass org/gradle/api/UncheckedIOException
instanceKlass org/gradle/internal/service/ServiceLookupException
instanceKlass java/lang/IndexOutOfBoundsException
instanceKlass org/gradle/api/GradleException
instanceKlass org/gradle/api/UncheckedIOException
instanceKlass java/lang/IllegalStateException
instanceKlass org/gradle/api/internal/classpath/UnknownModuleException
instanceKlass java/lang/IllegalArgumentException
instanceKlass java/lang/ArithmeticException
instanceKlass java/lang/NullPointerException
instanceKlass java/lang/IllegalMonitorStateException
instanceKlass java/lang/ArrayStoreException
instanceKlass java/lang/ClassCastException
ciInstanceKlass java/lang/RuntimeException 1 1 40 10 7 12 1 1 1 10 12 1 10 12 1 10 12 1 10 12 1 100 1 1 1 1 5 0 1 1 1 1 1 1 1 1 1 1 1 1 1 1
instanceKlass java/lang/reflect/Executable$ParameterData
instanceKlass java/nio/DirectByteBuffer$Deallocator
instanceKlass jdk/net/UnixDomainPrincipal
instanceKlass java/lang/reflect/Proxy$ProxyBuilder$ProxyClassContext
instanceKlass jdk/internal/misc/ThreadTracker$ThreadRef
instanceKlass java/security/SecureClassLoader$CodeSourceKey
instanceKlass jdk/internal/module/ModuleReferenceImpl$CachedHash
instanceKlass java/util/stream/Collectors$CollectorImpl
instanceKlass jdk/internal/reflect/ReflectionFactory$Config
instanceKlass jdk/internal/foreign/abi/UpcallLinker$CallRegs
instanceKlass jdk/internal/foreign/abi/VMStorage
ciInstanceKlass java/lang/Record 1 1 22 10 7 12 1 1 1 100 1 1 1 1 1 1 1 1 1 1 1 1 1 1
ciInstanceKlass java/lang/invoke/MethodType 1 1 780 7 1 10 7 12 1 1 1 9 12 1 1 9 12 1 1 9 12 1 1 10 7 12 1 1 1 9 7 12 1 1 8 1 10 100 12 1 1 1 9 7 1 9 7 1 10 12 1 1 7 1 10 8 1 10 12 1 1 10 12 1 10 12 1 1 7 1 8 1 10 12 1 100 1 10 10 12 1 10 12 1 1 10 12 1 1 11 7 12 1 1 1 9 12 1 11 12 1 1 7 10 12 1 1 10 12 1 1 7 1 7 1 10 7 12 1 1 1 10 12 1 10 12 1 9 12 1 1 10 7 12 1 1 10 12 1 1 10 7 12 1 1 1 10 7 12 1 1 1 10 12 1 9 12 1 1 10 12 1 1 10 12 1 1 10 12 1 1 10 12 1 1 10 12 1 1 10 12 1 10 12 1 10 12 1 1 10 12 1 8 1 8 1 10 12 1 1 9 12 1 1 100 1 10 10 12 1 1 10 12 1 10 12 1 1 10 12 1 1 10 12 1 10 12 1 10 12 1 8 1 10 12 1 1 10 100 12 1 1 1 10 12 1 10 12 1 1 10 12 1 10 12 1 10 12 1 1 10 12 1 10 12 1 9 12 1 10 12 1 10 10 12 1 1 10 12 1 9 12 1 1 10 12 1 1 11 12 1 1 10 12 1 1 10 12 1 10 12 1 100 1 8 1 8 1 8 1 10 12 1 10 12 1 10 12 1 1 10 10 12 1 11 12 1 1 11 12 1 10 100 12 1 1 1 9 12 1 10 12 1 10 12 1 1 10 12 1 1 10 12 1 10 12 1 10 100 12 1 1 1 10 12 1 1 10 12 1 10 12 1 10 12 1 10 9 12 1 1 7 1 10 12 1 10 12 1 1 9 100 12 1 1 1 10 7 12 1 1 1 10 7 12 1 1 1 10 12 1 1 10 7 12 1 1 1 10 12 1 1 8 1 10 7 12 1 1 1 11 12 1 1 9 12 1 1 10 12 1 1 10 12 1 10 12 1 1 10 12 1 1 10 100 12 1 1 100 1 10 12 1 1 11 100 12 1 1 18 12 1 1 11 12 1 1 18 12 1 11 12 1 100 1 11 100 12 1 1 10 12 1 100 1 10 12 1 10 100 12 1 1 10 12 1 1 9 12 1 1 9 100 12 1 1 1 10 7 12 1 1 1 9 12 1 10 100 12 1 1 10 12 1 100 10 12 1 1 10 12 1 7 1 10 10 12 1 1 7 1 7 1 9 12 1 1 7 1 7 1 7 1 1 1 5 0 1 1 1 1 1 1 1 3 1 3 1 3 1 1 1 1 1 1 1 1 1 1 1 1 1 1 1 1 1 1 1 1 1 1 1 1 1 1 1 1 1 1 1 1 1 1 1 1 1 1 1 1 1 1 1 1 1 1 1 1 1 1 1 1 1 1 1 1 1 1 1 1 1 1 1 1 1 1 1 1 1 1 1 1 1 1 1 1 1 1 1 1 1 1 1 1 1 1 1 1 1 1 1 1 1 1 1 1 1 1 1 1 1 1 1 1 1 1 1 1 1 1 1 1 1 1 1 1 1 1 1 1 1 1 1 1 1 1 1 1 1 1 100 1 100 1 1 1 1 1 1 1 1 1 1 1 1 1 100 1 1 1 7 1 1 1 1 1 1 1 1 1 1 1 1 1 1 1 1 1 1 1 1 1 1 16 15 10 12 16 16 15 10 12 16 15 10 100 12 1 1 1 1 1 7 1 1 7 1 1 100 1 100 1 1
staticfield java/lang/invoke/MethodType internTable Ljdk/internal/util/ReferencedKeySet; jdk/internal/util/ReferencedKeySet
staticfield java/lang/invoke/MethodType NO_PTYPES [Ljava/lang/Class; 0 [Ljava/lang/Class;
staticfield java/lang/invoke/MethodType objectOnlyTypes [Ljava/lang/invoke/MethodType; 20 [Ljava/lang/invoke/MethodType;
staticfield java/lang/invoke/MethodType METHOD_HANDLE_ARRAY [Ljava/lang/Class; 1 [Ljava/lang/Class;
staticfield java/lang/invoke/MethodType serialPersistentFields [Ljava/io/ObjectStreamField; 0 [Ljava/io/ObjectStreamField;
staticfield java/lang/invoke/MethodType $assertionsDisabled Z 1
ciInstanceKlass java/lang/invoke/TypeDescriptor$OfMethod 1 0 43 100 1 100 1 100 1 1 1 1 1 1 1 1 1 1 1 1 1 1 1 1 1 1 1 1 1 1 1 1 1 1 1 1 1 1 1 1 1 1 100 1 1
instanceKlass java/lang/InstantiationException
instanceKlass java/lang/reflect/InvocationTargetException
instanceKlass java/lang/IllegalAccessException
instanceKlass java/lang/NoSuchFieldException
instanceKlass java/lang/NoSuchMethodException
instanceKlass java/lang/ClassNotFoundException
ciInstanceKlass java/lang/ReflectiveOperationException 1 1 34 10 7 12 1 1 1 10 12 1 10 12 1 10 12 1 100 1 1 1 1 5 0 1 1 1 1 1 1 1 1 1 1 1
instanceKlass java/lang/invoke/DelegatingMethodHandle
instanceKlass java/lang/invoke/BoundMethodHandle
instanceKlass java/lang/invoke/DirectMethodHandle
ciInstanceKlass java/lang/invoke/MethodHandle 1 1 733 100 1 9 7 12 1 1 1 10 7 12 1 1 1 10 7 12 1 1 1 7 1 7 1 10 12 1 1 9 12 1 1 10 12 1 10 12 1 1 10 12 1 1 10 7 12 1 1 1 10 12 1 1 10 12 1 1 11 7 12 1 1 1 10 12 1 1 10 12 1 10 12 1 10 12 1 1 9 12 1 1 9 12 1 1 10 7 12 1 1 1 10 12 1 1 10 12 1 10 12 1 100 1 7 1 10 8 1 10 12 1 1 10 12 1 8 1 10 12 1 1 10 12 1 10 7 12 1 1 1 10 12 1 1 10 12 1 1 10 12 1 1 10 7 12 1 1 1 10 12 1 1 10 12 1 1 10 12 1 10 12 1 1 10 7 12 1 1 10 7 12 1 1 10 12 1 10 12 1 10 12 1 1 10 12 1 1 10 12 1 1 10 12 1 1 10 7 12 1 1 1 10 7 12 1 1 1 10 12 1 1 10 12 1 1 10 12 1 1 8 1 10 7 12 1 1 1 8 1 10 12 1 10 12 1 1 10 12 1 1 10 12 1 8 1 10 12 1 1 8 1 10 12 1 8 1 10 7 12 1 1 1 9 12 1 1 100 1 10 9 7 12 1 1 1 9 7 1 8 1 10 12 1 1 10 12 1 10 12 1 1 10 12 1 10 12 1 1 10 12 1 10 12 1 1 10 12 1 10 12 1 1 10 12 1 1 8 1 10 12 1 1 8 1 10 12 1 10 12 1 1 10 12 1 10 12 1 10 12 1 1 9 100 12 1 1 1 10 12 1 1 11 12 1 10 12 1 10 12 1 1 10 100 12 1 1 100 1 11 12 1 10 100 1 11 12 1 7 1 10 12 1 11 12 1 9 100 12 1 1 1 11 12 1 1 11 100 12 1 1 1 10 12 1 1 9 12 1 11 12 1 9 12 1 9 12 1 9 12 1 11 12 1 1 9 12 1 9 12 1 9 12 1 9 12 1 9 12 1 9 12 1 9 12 1 8 1 10 12 1 10 12 1 8 1 10 12 1 10 12 1 10 12 1 1 10 10 10 7 12 1 1 10 12 1 1 100 1 100 1 8 1 8 1 10 10 12 1 1 10 12 1 10 12 1 7 1 10 100 12 1 1 1 10 9 7 12 1 1 1 10 12 1 1 10 12 1 1 8 1 8 1 10 7 12 1 1 9 12 1 9 12 1 1 9 12 1 1 10 12 1 7 1 10 12 1 10 12 1 1 9 12 1 1 9 12 1 1 10 7 12 1 1 1 11 7 12 1 1 9 12 1 10 12 1 1 9 12 1 10 12 1 8 10 12 1 1 8 1 1 1 1 1 1 1 1 7 1 1 1 1 1 1 1 1 1 1 1 1 1 1 1 1 1 1 1 1 1 1 1 1 1 1 1 1 1 1 100 1 1 1 1 1 1 1 1 1 1 1 1 1 1 1 1 1 1 1 1 1 1 1 1 1 1 1 1 1 1 1 1 1 1 1 1 1 1 1 1 1 1 1 1 1 1 1 1 1 1 1 1 1 1 1 1 1 1 1 1 1 1 1 1 1 1 1 1 1 1 1 1 1 1 1 1 1 1 1 1 1 1 1 1 1 1 100 1 1 100 1 7 1 100 1 1 100 1 1 100 1 1 1 1
staticfield java/lang/invoke/MethodHandle FORM_OFFSET J 20
staticfield java/lang/invoke/MethodHandle UPDATE_OFFSET J 13
staticfield java/lang/invoke/MethodHandle $assertionsDisabled Z 1
ciInstanceKlass java/util/concurrent/ConcurrentHashMap 1 1 1210 7 1 7 1 3 10 12 1 1 3 7 1 10 7 12 1 1 1 7 1 10 7 12 1 1 1 100 1 11 12 1 1 11 12 1 11 12 1 1 9 12 1 1 9 12 1 1 9 12 1 10 7 12 1 1 1 7 1 10 12 1 1 10 12 1 1 10 7 12 1 1 1 4 10 12 1 9 12 1 10 12 1 1 100 1 10 5 0 10 12 1 10 12 1 1 5 0 10 12 1 1 10 12 1 9 12 1 1 10 12 1 1 9 12 1 9 12 1 1 10 12 1 1 9 12 1 10 12 1 1 9 12 1 1 10 12 1 1 100 1 10 100 1 10 12 1 10 12 1 1 10 12 1 1 10 12 1 1 10 12 1 10 12 1 1 10 12 1 1 100 1 10 12 1 1 7 1 100 1 8 1 10 12 1 10 12 1 1 10 12 1 1 11 7 12 1 1 10 12 1 1 11 12 1 1 11 7 12 1 1 1 11 7 12 1 1 1 11 12 1 7 1 11 12 1 11 12 1 10 12 1 1 10 12 1 1 9 12 1 1 10 100 12 1 1 1 9 10 12 1 1 9 12 1 10 12 1 1 5 0 9 12 1 1 7 1 10 12 1 9 12 1 1 7 1 10 12 1 9 12 1 7 1 10 7 1 10 10 12 1 1 8 1 10 12 1 10 12 1 1 11 100 1 10 12 1 10 100 12 1 1 1 8 1 10 100 12 1 1 1 8 1 10 12 1 8 1 10 12 1 10 12 1 1 10 100 12 1 1 10 12 1 10 12 1 10 12 1 9 12 1 9 10 12 1 9 12 1 1 11 100 12 1 1 1 11 7 12 1 1 1 100 1 10 12 11 100 12 1 1 10 11 7 12 1 10 12 1 100 1 10 12 1 100 1 10 10 9 7 12 1 1 1 10 12 3 10 7 12 1 1 9 12 1 10 12 1 1 9 12 1 1 9 12 1 10 12 1 1 10 100 12 1 1 9 12 1 9 7 12 1 1 10 12 1 1 10 12 1 3 9 12 1 9 12 1 10 12 1 1 7 1 9 3 9 12 1 7 1 10 12 1 9 12 1 10 12 1 9 12 1 10 12 1 9 12 1 10 100 12 1 1 1 100 10 12 1 7 1 5 0 10 100 12 1 1 100 1 10 12 1 1 10 12 1 10 12 1 100 1 10 12 1 10 100 1 100 1 10 10 12 1 10 100 1 10 12 1 10 100 1 10 12 1 10 7 1 10 12 1 1 100 1 10 12 1 10 10 12 1 100 1 10 12 1 10 10 12 1 100 1 10 12 1 10 100 1 10 12 1 10 100 1 10 12 1 10 100 1 10 12 1 10 100 1 10 12 1 10 100 1 10 12 1 10 100 1 10 12 1 10 100 1 10 12 1 10 100 1 10 10 100 1 10 10 100 1 10 10 100 1 10 12 1 10 100 1 10 12 1 10 100 1 10 12 1 10 100 1 10 12 1 10 100 1 10 12 1 10 100 1 10 10 100 1 10 10 100 1 10 10 100 1 10 12 1 10 100 1 10 12 1 10 100 1 10 12 1 10 100 1 10 12 1 10 100 1 10 12 1 10 10 12 1 10 7 12 1 1 1 10 12 1 7 1 7 1 10 12 1 9 12 1 1 9 12 1 1 10 12 1 1 8 10 12 1 1 8 8 8 8 7 10 12 1 1 10 12 1 100 1 8 1 10 7 1 7 1 7 1 1 1 5 0 1 1 3 1 3 1 1 1 1 3 1 3 1 3 1 1 1 1 1 3 1 3 1 3 1 1 1 1 1 1 1 1 1 1 1 1 1 1 1 1 1 1 1 1 1 1 1 1 1 100 1 1 1 1 1 1 1 1 1 1 1 1 1 1 1 1 1 1 1 1 1 1 1 1 1 1 1 1 1 1 1 1 1 1 1 1 1 1 1 1 1 1 1 1 1 1 1 1 1 1 1 1 1 1 1 1 1 1 1 1 1 1 1 1 1 1 1 1 1 1 1 1 1 1 1 1 1 1 1 1 1 1 1 1 100 1 1 1 1 1 1 1 1 1 1 1 7 1 1 1 1 1 1 1 1 1 1 1 1 1 1 1 1 1 1 1 1 1 1 1 1 1 1 1 1 1 1 1 1 1 1 1 1 1 1 1 1 1 1 1 1 1 1 1 1 1 1 1 1 1 1 1 1 1 1 1 1 1 1 1 1 1 1 1 1 1 1 1 1 1 1 1 1 1 1 1 1 1 1 1 1 1 1 1 1 1 1 1 1 1 1 1 1 1 1 1 1 1 1 1 1 1 1 1 1 1 1 1 1 1 1 1 1 1 1 1 1 1 1 1 1 1 1 1 1 1 1 1 1 1 1 1 1 1 1 1 1 1 1 1 1 1 1 1 1 1 1 1 1 1 1 1 1 1 1 1 1 1 1 1 1 1 1 1 1 1 1 1 1 1 1 1 1 1 1 1 1 1 1 1 1 1 1 1 1 1 1 1 1 1 1 1 1 1 1 1 1 1 1 1 1 1 1 1 1 1 1 1 1 1 1 1 1 1 1 1 1 1 1 1 100 1 100 1 100 1 100 1 100 1 100 1 100 1 100 1 100 1 1 1 1 1 1 1 1 1 1 1 1 1 1 1 1 1 1 1 1 1 1 1 1 1 1 1 1 1 1 1 1 1 1 1 1 1 1 1 1 1 1 1 1 1 1 1 1 1 1 1 1 1 1 1 1 1 1
staticfield java/util/concurrent/ConcurrentHashMap NCPU I 8
staticfield java/util/concurrent/ConcurrentHashMap serialPersistentFields [Ljava/io/ObjectStreamField; 3 [Ljava/io/ObjectStreamField;
staticfield java/util/concurrent/ConcurrentHashMap U Ljdk/internal/misc/Unsafe; jdk/internal/misc/Unsafe
staticfield java/util/concurrent/ConcurrentHashMap SIZECTL J 20
staticfield java/util/concurrent/ConcurrentHashMap TRANSFERINDEX J 32
staticfield java/util/concurrent/ConcurrentHashMap BASECOUNT J 24
staticfield java/util/concurrent/ConcurrentHashMap CELLSBUSY J 36
staticfield java/util/concurrent/ConcurrentHashMap CELLVALUE J 144
staticfield java/util/concurrent/ConcurrentHashMap ABASE I 16
staticfield java/util/concurrent/ConcurrentHashMap ASHIFT I 2
instanceKlass java/util/Collections$SingletonMap
instanceKlass com/google/common/collect/MapMakerInternalMap
instanceKlass com/google/common/cache/LocalCache
instanceKlass java/util/concurrent/ConcurrentSkipListMap
instanceKlass java/util/TreeMap
instanceKlass java/util/IdentityHashMap
instanceKlass java/util/EnumMap
instanceKlass java/util/WeakHashMap
instanceKlass java/util/Collections$EmptyMap
instanceKlass sun/util/PreHashedMap
instanceKlass java/util/HashMap
instanceKlass java/util/ImmutableCollections$AbstractImmutableMap
instanceKlass java/util/concurrent/ConcurrentHashMap
ciInstanceKlass java/util/AbstractMap 1 1 196 10 7 12 1 1 1 10 7 12 1 1 1 11 7 12 1 1 1 10 11 12 1 1 11 7 12 1 1 1 11 12 1 1 7 1 11 12 1 10 12 1 1 11 12 1 100 1 10 11 12 1 11 7 1 10 12 1 1 11 12 1 9 12 1 1 100 1 10 12 1 9 12 1 1 100 1 10 11 11 12 1 1 11 12 1 7 1 100 1 11 12 1 8 1 7 1 10 10 12 1 1 8 1 10 12 1 10 12 1 1 10 12 1 1 1 1 1 1 1 1 1 1 1 1 1 1 1 1 1 1 1 1 1 1 1 1 1 1 1 1 1 1 1 1 1 1 1 1 1 1 1 1 7 1 1 1 1 1 1 1 7 1 1 1 1 1 1 1 1 1 7 1 1 1 1 1 1 1 1 1 100 1 100 1 100 1 100 1 100 1 1 1 1 1 1
ciMethod java/util/concurrent/ConcurrentHashMap get (Ljava/lang/Object;)Ljava/lang/Object; 1024 0 10754 0 688
ciMethod java/util/concurrent/ConcurrentHashMap putIfAbsent (Ljava/lang/Object;Ljava/lang/Object;)Ljava/lang/Object; 1024 0 13712 0 104
ciInstanceKlass java/util/concurrent/ConcurrentMap 1 1 208 11 7 12 1 1 1 10 100 12 1 1 11 12 1 1 11 100 12 1 1 1 11 7 12 1 1 1 11 12 1 1 100 1 11 12 1 11 12 1 100 1 11 100 12 1 1 1 18 12 1 11 12 1 1 11 100 12 1 1 11 12 1 1 11 100 12 1 11 12 1 1 11 12 1 1 7 1 7 1 1 1 1 1 1 1 1 1 1 1 1 1 1 1 1 1 1 1 1 1 1 1 1 1 1 1 1 1 1 1 1 1 1 1 1 1 1 1 1 1 1 1 1 1 1 1 1 1 1 1 1 1 1 1 1 1 1 1 1 16 15 11 12 15 10 100 12 1 1 1 1 1 100 1 100 1 1 1 100 1 8 1 1 12 10 1 1 1 8 1 1 1 8 1 1 8 1 1 1 8 1 1 1 8 1 1 1 8 1 1 1 8 1 1 1 8 1 1 1 8 1 1 1 8 1 1 8 1
ciInstanceKlass jdk/internal/loader/ClassLoaders 1 1 183 10 7 12 1 1 1 10 7 12 1 1 1 10 12 1 1 10 100 12 1 1 1 9 7 12 1 1 1 9 12 1 1 9 12 1 1 7 1 11 100 12 1 1 1 100 1 11 12 1 1 11 12 1 1 10 100 12 1 1 1 10 100 12 1 1 1 100 1 100 1 10 7 12 1 1 1 9 12 1 1 10 12 1 1 7 1 10 12 1 1 10 12 1 7 1 8 1 10 7 12 1 1 1 10 12 1 1 7 1 10 12 1 10 12 1 10 12 1 8 1 10 7 12 1 1 8 1 8 1 10 12 1 7 1 10 12 1 10 12 1 10 12 1 1 1 1 1 1 1 1 1 1 1 1 1 1 1 1 1 1 1 1 7 1 1 1 1 1 1 1 1 1 1 1 1 1 1 1 1 1 1 1
staticfield jdk/internal/loader/ClassLoaders JLA Ljdk/internal/access/JavaLangAccess; java/lang/System$2
staticfield jdk/internal/loader/ClassLoaders BOOT_LOADER Ljdk/internal/loader/ClassLoaders$BootClassLoader; jdk/internal/loader/ClassLoaders$BootClassLoader
staticfield jdk/internal/loader/ClassLoaders PLATFORM_LOADER Ljdk/internal/loader/ClassLoaders$PlatformClassLoader; jdk/internal/loader/ClassLoaders$PlatformClassLoader
staticfield jdk/internal/loader/ClassLoaders APP_LOADER Ljdk/internal/loader/ClassLoaders$AppClassLoader; jdk/internal/loader/ClassLoaders$AppClassLoader
instanceKlass jdk/internal/loader/ClassLoaders$BootClassLoader
instanceKlass jdk/internal/loader/ClassLoaders$PlatformClassLoader
instanceKlass jdk/internal/loader/ClassLoaders$AppClassLoader
ciInstanceKlass jdk/internal/loader/BuiltinClassLoader 1 1 737 9 7 12 1 1 1 10 7 12 1 1 1 10 7 12 1 1 1 9 12 1 1 9 12 1 1 7 1 10 12 1 9 12 1 10 12 1 9 12 1 10 7 12 1 1 1 10 7 12 1 1 1 10 7 12 1 1 1 11 7 12 1 1 1 7 1 7 1 10 10 12 1 1 8 1 10 12 1 10 12 7 1 10 12 1 10 12 1 1 11 7 12 1 1 1 11 7 12 1 1 1 11 12 1 1 7 1 8 1 8 1 10 9 12 1 1 10 7 12 1 1 11 12 1 1 10 12 1 1 10 12 1 1 10 12 1 1 10 7 12 1 1 1 10 12 1 10 7 12 1 1 1 10 12 1 1 11 7 12 1 1 1 10 7 12 1 1 7 1 10 7 12 1 1 1 10 12 1 100 1 8 1 10 12 1 1 10 8 1 10 12 1 1 10 12 1 1 10 12 1 1 11 7 12 1 1 11 12 1 7 1 10 11 12 1 1 11 10 12 1 1 7 1 10 12 1 10 7 12 1 10 12 1 7 1 10 12 1 10 7 12 1 1 1 100 1 10 12 1 1 11 12 1 100 1 100 1 10 12 1 10 12 1 1 100 1 100 1 10 12 1 10 12 1 18 12 1 1 10 12 1 10 12 1 1 18 100 1 10 7 12 1 1 1 7 1 10 10 12 1 1 10 12 1 1 10 12 1 1 10 12 1 9 12 1 1 100 1 10 10 12 1 1 10 12 1 1 10 12 1 10 12 10 12 1 1 10 12 1 1 10 12 1 1 10 12 1 10 12 1 1 18 12 1 7 1 10 12 1 1 10 12 1 10 12 1 1 10 12 1 100 1 10 12 1 7 1 10 12 1 10 7 12 1 1 1 10 12 1 11 12 1 7 1 10 12 1 7 1 100 1 10 12 1 10 12 1 11 12 1 1 10 12 1 1 10 12 1 1 10 12 1 1 10 12 1 1 10 12 1 10 12 1 10 12 1 10 12 1 8 1 10 12 1 1 10 7 12 1 1 10 12 1 100 1 8 1 8 1 10 10 12 1 8 1 8 1 10 7 12 1 1 1 11 7 12 1 1 1 9 7 12 1 1 1 10 7 12 1 1 1 9 12 1 9 12 1 9 12 1 9 12 1 9 12 1 9 12 1 10 7 12 1 1 1 8 1 10 12 1 7 1 10 12 1 1 10 12 1 7 1 10 11 12 1 1 10 12 10 12 1 10 12 1 100 1 10 12 1 10 12 1 10 10 12 1 10 7 12 1 1 8 1 10 7 12 1 1 10 12 1 1 1 1 1 1 1 1 1 1 1 1 1 1 1 1 1 1 1 1 1 1 1 1 1 1 1 1 1 1 1 1 1 1 1 1 1 1 1 1 1 1 1 1 1 1 1 1 1 1 1 1 1 1 1 1 7 1 1 1 1 1 1 1 1 1 1 1 1 1 1 1 1 1 1 7 1 7 1 1 1 1 1 1 1 1 1 1 1 1 1 1 1 1 1 1 1 1 1 1 1 1 1 1 1 1 1 1 1 1 1 1 1 1 1 1 1 1 1 1 1 1 1 1 1 1 1 1 1 100 1 1 16 15 10 12 16 15 10 12 16 15 10 12 16 1 15 10 100 12 1 1 1 1 1 100 1 1 1 1 1 100 1 100 1 1
staticfield jdk/internal/loader/BuiltinClassLoader packageToModule Ljava/util/Map; java/util/concurrent/ConcurrentHashMap
staticfield jdk/internal/loader/BuiltinClassLoader $assertionsDisabled Z 1
ciInstanceKlass jdk/internal/loader/ClassLoaders$AppClassLoader 1 1 119 8 1 10 7 12 1 1 1 10 7 12 1 1 1 10 7 12 1 1 1 10 12 1 1 10 7 12 1 1 1 10 12 1 1 10 12 1 1 7 1 8 1 10 12 10 7 12 1 1 1 10 7 12 1 1 10 12 1 1 10 12 1 1 10 7 12 1 1 1 7 1 10 12 1 1 1 1 1 1 1 1 1 1 1 1 1 1 1 1 1 1 1 1 1 7 1 1 1 1 1 1 1 1 1 1 1 1 1 1 1 1 1 1 1 7 1 1 1
ciInstanceKlass jdk/internal/loader/ClassLoaders$PlatformClassLoader 1 1 42 8 1 10 7 12 1 1 1 10 7 12 1 1 1 7 1 10 12 1 7 1 1 1 1 1 1 1 1 1 1 1 1 1 1 7 1 1 1 100 1 1
ciInstanceKlass java/lang/ArithmeticException 1 1 26 10 100 12 1 1 1 10 12 1 100 1 1 1 1 5 0 1 1 1 1 1 1 1 1 1
ciInstanceKlass java/lang/ArrayStoreException 1 1 26 10 100 12 1 1 1 10 12 1 100 1 1 1 1 5 0 1 1 1 1 1 1 1 1 1
instanceKlass org/codehaus/groovy/runtime/typehandling/GroovyCastException
ciInstanceKlass java/lang/ClassCastException 1 1 26 10 100 12 1 1 1 10 12 1 100 1 1 1 1 5 0 1 1 1 1 1 1 1 1 1
ciInstanceKlass java/lang/ClassNotFoundException 1 1 96 7 1 10 7 12 1 1 1 10 12 1 10 12 1 1 10 100 12 1 1 1 8 1 10 100 12 1 1 1 10 7 12 1 1 10 100 12 1 1 1 10 100 12 1 1 1 10 12 1 1 7 1 10 12 1 9 12 1 1 1 1 1 5 0 1 1 1 1 1 1 1 1 1 1 1 1 1 1 1 1 1 1 100 1 1 1 1 1 1 1 1 1 1 1 1
staticfield java/lang/ClassNotFoundException serialPersistentFields [Ljava/io/ObjectStreamField; 1 [Ljava/io/ObjectStreamField;
instanceKlass java/util/regex/PatternSyntaxException
instanceKlass java/nio/file/InvalidPathException
instanceKlass java/nio/file/ProviderMismatchException
instanceKlass java/security/InvalidParameterException
instanceKlass java/lang/NumberFormatException
instanceKlass org/gradle/internal/service/UnknownServiceException
instanceKlass org/gradle/internal/service/UnknownServiceException
ciInstanceKlass java/lang/IllegalArgumentException 1 1 35 10 100 12 1 1 1 10 12 1 10 12 1 10 12 1 100 1 1 1 1 5 0 1 1 1 1 1 1 1 1 1 1 1 1
ciMethod java/lang/IllegalArgumentException <init> (Ljava/lang/String;)V 0 0 1 0 -1
ciInstanceKlass java/lang/IllegalMonitorStateException 1 1 26 10 100 12 1 1 1 10 12 1 100 1 1 1 1 5 0 1 1 1 1 1 1 1 1 1
ciInstanceKlass java/lang/BootstrapMethodError 0 0 45 10 100 12 1 1 1 10 12 1 10 12 1 10 100 12 1 1 1 10 100 12 1 1 1 1 1 1 5 0 1 1 1 1 1 1 1 1 1 1 1 100 1 1 1
instanceKlass java/lang/ClassFormatError
instanceKlass java/lang/UnsatisfiedLinkError
instanceKlass java/lang/IncompatibleClassChangeError
instanceKlass java/lang/BootstrapMethodError
instanceKlass java/lang/NoClassDefFoundError
ciInstanceKlass java/lang/LinkageError 1 1 31 10 7 12 1 1 1 10 12 1 10 12 1 100 1 1 1 1 5 0 1 1 1 1 1 1 1 1 1 1 1
instanceKlass kotlin/KotlinNullPointerException
ciInstanceKlass java/lang/NullPointerException 1 1 52 10 100 12 1 1 1 10 12 1 9 100 12 1 1 1 10 12 1 1 9 12 1 1 10 12 1 1 10 12 1 1 1 1 5 0 1 1 1 1 1 1 1 1 100 1 100 1 100 1 1 1
ciInstanceKlass java/lang/NoClassDefFoundError 1 1 26 10 7 12 1 1 1 10 12 1 100 1 1 1 1 5 0 1 1 1 1 1 1 1 1 1
ciInstanceKlass java/lang/StackOverflowError 1 1 26 10 100 12 1 1 1 10 12 1 100 1 1 1 1 5 0 1 1 1 1 1 1 1 1 1
ciInstanceKlass java/lang/StackTraceElement 0 0 235 10 7 12 1 1 1 10 7 12 1 1 9 12 1 1 9 12 1 1 9 12 1 9 12 1 8 1 10 100 12 1 1 1 7 1 9 12 1 8 1 9 12 1 9 12 1 9 12 1 1 10 12 1 1 10 12 1 8 1 10 100 12 1 1 1 7 1 10 12 1 10 12 1 1 10 12 1 10 12 1 1 10 12 1 10 12 1 10 10 12 1 8 1 10 12 1 10 12 1 1 10 12 1 1 10 12 1 10 12 1 10 12 1 9 12 1 1 10 7 12 1 1 1 10 12 1 1 7 1 10 12 1 1 10 100 12 1 1 10 100 12 1 1 1 10 7 12 1 1 10 100 12 1 1 10 10 12 1 1 10 12 1 1 10 12 1 1 10 12 1 7 1 1 1 1 1 1 1 3 1 3 1 1 5 0 1 1 1 1 1 1 1 1 1 1 1 1 1 1 1 1 1 1 1 1 1 1 1 1 1 1 1 1 1 7 1 7 1 1 1 1 1 1 1 100 1 1 1 1 1 1 1 1 1
instanceKlass java/util/concurrent/locks/AbstractQueuedSynchronizer
ciInstanceKlass java/util/concurrent/locks/AbstractOwnableSynchronizer 1 1 32 10 7 12 1 1 1 9 7 12 1 1 1 100 1 1 1 1 5 0 1 1 1 1 1 1 1 1 1 1 1 1
ciInstanceKlass jdk/internal/vm/Continuation 0 0 549 9 100 12 1 1 1 9 12 1 9 12 1 100 1 7 1 10 12 1 1 8 1 10 12 1 1 10 12 1 10 12 1 1 10 12 1 9 7 12 1 1 1 11 100 12 1 1 1 10 7 1 9 12 1 1 9 12 1 1 10 8 1 10 12 1 9 12 1 1 10 11 12 1 1 100 1 10 100 12 1 1 1 10 12 1 1 10 12 1 10 12 1 1 11 12 1 1 9 12 1 1 10 12 1 1 18 12 1 1 10 7 12 1 1 1 100 1 10 12 1 11 100 12 1 1 1 10 12 1 9 12 1 10 12 1 1 100 1 8 1 10 12 1 10 12 1 1 9 12 1 1 11 12 1 1 9 12 1 1 8 1 10 11 12 1 1 11 12 1 1 10 12 1 1 10 12 1 1 9 12 1 10 12 1 10 10 12 1 8 1 10 12 1 8 1 8 1 10 7 12 1 1 1 10 7 12 1 1 1 10 12 1 9 12 1 11 12 1 7 1 10 12 1 10 12 1 1 9 12 1 1 7 1 10 12 1 1 9 12 1 1 10 12 1 10 12 1 11 7 12 1 1 10 7 1 10 12 1 8 1 9 12 1 10 12 1 1 9 12 1 1 10 7 12 1 1 8 1 8 1 8 1 8 1 10 12 1 1 10 12 1 10 12 1 10 12 1 10 12 1 1 10 12 1 1 8 1 10 12 1 1 9 12 1 1 10 12 1 1 9 12 1 8 1 10 7 12 1 1 1 10 12 1 8 1 100 1 8 1 10 9 12 1 1 8 1 10 7 12 1 1 10 100 12 1 1 8 1 8 1 10 12 10 100 12 1 1 1 10 7 1 10 7 12 1 1 1 18 11 100 12 1 1 1 18 12 1 11 12 1 1 7 1 10 7 12 1 1 10 12 1 1 8 10 12 1 1 10 100 12 1 1 1 10 100 12 1 1 10 12 1 8 1 10 12 1 7 1 7 1 10 12 1 1 1 1 1 1 1 1 1 1 1 1 1 1 1 1 1 1 1 1 1 1 1 1 1 1 1 1 1 1 1 1 1 1 1 1 1 1 1 1 1 1 1 1 1 1 1 1 1 1 1 1 1 1 1 1 1 1 1 1 1 1 1 1 1 1 1 1 1 1 1 1 1 1 1 100 1 1 16 1 15 10 12 16 15 11 7 12 1 1 1 16 1 16 1 15 10 12 16 15 10 100 12 1 1 1 1 1 1 1 1 100 1 100 1 1
ciInstanceKlass jdk/internal/misc/UnsafeConstants 1 1 34 10 100 12 1 1 1 9 7 12 1 1 1 9 12 1 9 12 1 1 9 12 1 9 12 1 1 1 1 1 1 1 1 1
staticfield jdk/internal/misc/UnsafeConstants ADDRESS_SIZE0 I 8
staticfield jdk/internal/misc/UnsafeConstants PAGE_SIZE I 4096
staticfield jdk/internal/misc/UnsafeConstants BIG_ENDIAN Z 0
staticfield jdk/internal/misc/UnsafeConstants UNALIGNED_ACCESS Z 1
staticfield jdk/internal/misc/UnsafeConstants DATA_CACHE_LINE_FLUSH_SIZE I 0
instanceKlass groovy/lang/SpreadMap
instanceKlass java/lang/ProcessEnvironment
instanceKlass java/util/LinkedHashMap
ciInstanceKlass java/util/HashMap 1 1 629 10 7 12 1 1 1 7 1 10 12 1 1 7 1 10 7 12 1 1 1 100 1 11 12 1 1 11 12 1 11 12 1 1 10 7 12 1 1 1 7 1 3 10 7 12 1 1 1 100 1 7 1 10 8 1 10 12 1 1 10 12 1 10 12 1 1 10 12 1 10 7 12 1 1 1 8 1 10 12 1 9 12 1 1 10 12 1 9 12 1 1 4 10 12 1 10 12 1 1 11 7 12 1 1 9 12 1 1 10 7 12 1 1 1 6 0 10 12 1 1 11 12 1 1 11 7 12 1 1 1 11 7 12 1 1 1 11 12 1 1 7 1 11 12 1 11 12 1 10 12 1 10 12 1 1 9 12 10 12 1 1 9 7 12 1 1 1 9 12 9 12 1 10 12 1 1 9 12 1 7 1 10 12 1 1 10 12 1 1 10 12 1 1 10 12 1 1 10 12 1 1 9 12 1 10 12 1 1 3 4 10 12 1 1 10 12 1 1 9 12 1 1 9 10 12 1 1 10 12 1 1 10 12 1 1 10 12 1 9 12 1 1 7 1 10 12 1 10 12 1 10 7 12 1 1 1 7 1 9 12 1 1 7 1 10 9 12 7 1 10 100 1 10 11 7 12 1 1 1 100 1 10 11 100 12 1 1 11 100 12 1 1 1 10 12 1 100 1 7 1 10 12 1 10 12 1 10 12 1 10 100 12 1 1 10 12 1 1 10 12 1 1 10 100 12 1 1 1 8 10 100 12 1 1 1 100 1 10 4 4 10 12 1 1 10 100 12 1 1 1 10 12 1 8 1 6 0 10 100 12 1 1 1 100 1 11 100 12 1 1 1 10 12 1 10 12 1 10 10 12 1 1 6 0 8 1 10 12 1 10 12 7 1 7 1 1 1 1 5 0 1 3 1 1 1 3 1 3 1 3 1 1 1 1 1 1 1 1 1 1 1 1 1 1 1 1 1 1 1 1 1 1 100 1 1 1 1 1 1 1 1 1 1 1 1 1 1 1 1 1 1 1 1 1 1 1 1 1 1 1 1 1 1 1 1 1 100 1 1 1 1 1 1 1 1 1 1 1 1 1 1 1 1 1 1 1 1 1 1 1 1 1 1 1 1 1 1 1 1 1 1 1 1 1 1 1 1 1 1 1 1 1 1 1 1 1 1 1 7 1 1 1 1 1 1 1 1 1 1 1 1 1 1 1 1 1 1 1 1 1 1 1 1 1 1 1 1 1 1 1 1 1 1 1 1 1 1 1 1 1 1 1 1 1 1 1 1 100 1 1 1 1 1 1 1 1 7 1 1 1 1 1 1 1 1 1 1 1 1 1 1 1 1 1 1 100 1 100 1 100 1 100 1 100 1 100 1 100 1 100 1 1 1 1 1 1 1 1 1 1 1 1 1 1 1 1 1 1
ciMethod java/util/HashMap remove (Ljava/lang/Object;)Ljava/lang/Object; 340 0 5291 0 -1
ciMethod java/util/HashMap put (Ljava/lang/Object;Ljava/lang/Object;)Ljava/lang/Object; 5936 0 14239 0 -1
ciInstanceKlass java/lang/invoke/LambdaForm 1 1 1059 7 1 100 1 10 7 12 1 1 1 9 12 1 1 9 12 1 9 12 1 9 12 1 1 9 12 1 1 9 12 1 1 9 12 1 1 9 12 1 1 9 12 1 10 7 12 1 1 9 12 1 10 12 1 1 100 1 10 10 12 1 1 10 12 1 10 12 1 10 12 1 1 10 12 1 9 12 1 9 12 1 10 12 1 1 10 7 12 1 1 1 10 12 1 1 9 100 12 1 1 1 10 12 1 1 9 7 12 1 1 10 12 1 10 12 1 1 10 12 1 1 10 12 1 1 7 1 10 7 12 1 1 1 10 12 1 1 10 12 1 10 12 1 1 9 12 1 1 9 12 1 9 12 1 1 10 12 1 9 12 1 10 100 12 1 1 1 10 12 1 1 7 1 10 12 1 9 12 1 1 10 7 12 1 1 1 10 12 1 10 12 1 7 1 10 12 1 10 12 1 10 12 1 1 10 12 1 1 10 12 1 10 12 1 10 12 1 10 12 1 1 8 1 10 12 1 10 12 1 10 10 12 1 8 1 8 1 9 12 1 9 12 1 1 10 12 1 1 10 12 1 9 12 1 10 12 1 1 10 7 12 1 1 1 10 12 1 1 10 12 1 10 12 1 10 100 12 1 1 1 9 12 1 10 12 1 8 1 8 1 8 1 8 1 8 1 8 1 8 1 8 1 10 12 1 9 12 1 7 1 10 12 1 1 9 12 1 10 12 1 10 12 1 1 10 12 10 12 1 10 12 1 1 10 12 1 1 10 10 12 1 1 10 12 1 1 7 1 8 1 10 12 1 1 10 12 1 10 12 1 1 10 8 1 10 12 1 1 8 1 8 1 8 1 10 12 1 10 12 1 10 12 1 1 100 1 10 12 1 1 10 12 1 1 10 7 12 1 1 1 10 12 1 1 9 12 1 1 8 1 10 100 12 1 1 1 10 7 12 1 1 10 12 10 12 1 1 10 12 1 1 9 12 1 8 10 12 1 1 100 1 10 12 1 1 10 12 1 9 7 12 1 1 9 7 12 1 1 1 8 1 10 100 12 1 1 10 12 1 1 7 1 7 1 10 10 12 1 1 10 12 1 1 8 1 8 1 7 1 8 1 10 12 10 12 1 10 12 1 10 12 1 1 8 1 8 1 10 12 1 10 12 1 1 8 1 8 1 8 1 7 1 8 1 7 1 8 1 7 1 8 1 10 12 1 8 1 9 10 7 12 1 1 1 10 12 1 9 12 1 1 10 12 1 10 10 12 1 10 12 1 10 12 1 10 12 1 1 10 12 1 10 12 1 1 10 12 1 1 10 12 1 1 10 12 1 1 8 1 100 10 12 1 10 12 1 9 12 1 1 10 7 12 1 1 8 1 8 1 7 1 8 1 8 1 8 1 8 1 8 1 8 1 8 1 8 1 10 12 1 1 10 12 1 1 10 12 1 10 12 1 10 12 1 10 12 1 8 1 8 1 8 1 10 12 1 8 1 10 12 1 8 1 8 1 8 1 8 1 8 1 10 12 1 10 12 1 10 12 1 1 10 7 12 1 1 1 10 12 1 10 12 1 10 12 1 10 12 1 10 12 1 10 12 1 10 12 1 9 12 1 1 8 1 10 12 1 1 9 12 1 1 10 12 1 1 9 12 1 9 12 1 1 9 12 1 9 12 1 1 7 1 10 7 12 1 1 1 9 12 1 10 12 1 10 12 1 8 1 10 12 1 9 12 1 1 7 1 10 7 12 1 1 1 8 1 100 1 10 12 1 9 12 1 9 12 1 10 12 1 10 12 1 10 7 12 1 1 1 10 12 1 9 7 12 1 1 10 12 1 1 10 12 1 10 12 1 10 12 1 9 12 10 12 1 10 10 12 1 9 12 1 9 9 12 1 7 9 12 1 1 10 12 1 1 9 12 1 10 12 1 10 7 1 9 1 1 1 1 3 1 3 1 1 3 1 3 1 1 1 1 1 1 1 1 1 1 1 1 1 1 1 1 1 1 1 1 1 1 1 1 1 1 1 1 1 1 1 1 1 1 1 1 1 1 1 1 1 1 1 1 1 1 1 1 1 1 1 100 1 1 1 1 1 1 1 1 1 1 1 1 1 1 1 1 1 1 1 1 1 1 1 1 1 1 1 1 1 1 1 1 1 1 1 1 1 1 1 1 1 1 1 1 1 1 1 1 1 1 1 1 1 1 1 1 1 1 1 1 1 1 100 1 1 1 1 1 1 1 1 1 1 1 1 1 1 1 1 1 1 1 1 1 1 1 1 1 1 1 1 1 1 1 1 1 1 7 1 1 1 1 1 1 1 1 1 1 1 1 1 1 1 1 1 1 1 1 1 1 100 1 1 1 100 1 1 7 1 1 1 1 1 1 1 1 1 1 1
staticfield java/lang/invoke/LambdaForm DEFAULT_CUSTOMIZED Ljava/lang/invoke/MethodHandle; 
staticfield java/lang/invoke/LambdaForm DEFAULT_KIND Ljava/lang/invoke/LambdaForm$Kind; java/lang/invoke/LambdaForm$Kind
staticfield java/lang/invoke/LambdaForm COMPILE_THRESHOLD I 0
staticfield java/lang/invoke/LambdaForm INTERNED_ARGUMENTS [[Ljava/lang/invoke/LambdaForm$Name; 5 [[Ljava/lang/invoke/LambdaForm$Name;
staticfield java/lang/invoke/LambdaForm IMPL_NAMES Ljava/lang/invoke/MemberName$Factory; java/lang/invoke/MemberName$Factory
staticfield java/lang/invoke/LambdaForm LF_identity [Ljava/lang/invoke/LambdaForm; 6 [Ljava/lang/invoke/LambdaForm;
staticfield java/lang/invoke/LambdaForm LF_zero [Ljava/lang/invoke/LambdaForm; 6 [Ljava/lang/invoke/LambdaForm;
staticfield java/lang/invoke/LambdaForm NF_identity [Ljava/lang/invoke/LambdaForm$NamedFunction; 6 [Ljava/lang/invoke/LambdaForm$NamedFunction;
staticfield java/lang/invoke/LambdaForm NF_zero [Ljava/lang/invoke/LambdaForm$NamedFunction; 6 [Ljava/lang/invoke/LambdaForm$NamedFunction;
staticfield java/lang/invoke/LambdaForm createFormsLock Ljava/lang/Object; java/lang/Object
staticfield java/lang/invoke/LambdaForm DEBUG_NAME_COUNTERS Ljava/util/HashMap; 
staticfield java/lang/invoke/LambdaForm DEBUG_NAMES Ljava/util/HashMap; 
staticfield java/lang/invoke/LambdaForm TRACE_INTERPRETER Z 0
staticfield java/lang/invoke/LambdaForm $assertionsDisabled Z 1
ciInstanceKlass java/lang/invoke/MemberName 1 1 724 7 1 7 1 100 1 9 12 1 1 10 7 12 1 1 1 9 12 1 1 10 12 1 1 10 12 1 1 10 12 1 1 10 12 1 10 12 1 1 10 7 12 1 1 1 10 12 1 9 7 12 1 1 10 12 1 7 1 7 1 10 12 1 8 1 10 12 1 1 10 12 1 10 12 1 1 10 12 1 9 12 1 1 8 1 10 100 12 1 1 1 7 1 10 10 12 1 1 100 1 100 1 10 12 1 9 12 1 1 100 1 8 1 10 12 1 10 12 1 10 12 1 10 12 1 10 12 1 1 10 12 1 10 12 1 10 12 1 1 8 1 8 1 10 12 1 8 1 9 12 1 1 3 10 12 1 10 12 1 10 12 1 10 10 7 12 1 1 1 10 12 1 10 12 1 10 12 1 10 12 1 7 1 8 10 12 1 1 10 12 1 1 8 1 9 7 1 8 9 7 1 10 12 1 1 10 12 1 10 12 1 8 1 10 12 1 1 10 12 1 10 12 1 10 12 1 10 12 1 1 7 1 10 12 1 1 10 12 1 8 1 10 12 1 10 12 1 8 1 10 12 1 1 10 12 1 1 7 1 10 12 1 1 10 12 8 1 8 1 7 1 10 12 1 10 100 12 1 1 1 100 1 10 12 10 12 1 10 12 1 10 12 1 10 12 1 10 10 12 1 10 12 1 10 12 1 3 10 12 1 3 10 12 1 3 3 3 3 3 3 10 12 1 3 9 12 1 10 12 1 1 3 10 12 1 10 10 7 12 1 1 1 10 12 1 1 10 7 12 1 1 10 10 12 1 10 12 1 1 10 12 1 10 10 12 1 1 10 12 1 10 12 1 10 12 1 7 1 10 10 10 12 100 1 10 10 10 12 1 1 10 12 1 1 10 10 12 1 8 10 7 1 10 12 1 10 7 1 10 12 1 10 12 1 10 12 1 10 10 12 1 10 12 1 1 10 12 1 1 10 12 1 10 12 1 10 12 1 100 1 10 12 1 1 100 1 8 1 10 7 1 10 12 1 10 12 10 12 1 1 10 12 1 10 12 1 8 1 8 1 8 1 8 1 10 12 1 10 12 1 10 7 12 1 1 1 8 1 8 1 10 12 1 8 1 10 10 10 12 1 10 12 1 8 1 8 1 10 10 12 1 8 1 10 100 12 1 1 1 8 1 100 1 10 12 1 10 12 1 1 10 12 1 8 1 8 1 8 1 8 1 100 1 10 8 1 8 1 8 1 8 1 10 12 1 100 1 100 1 100 1 10 100 1 10 7 1 10 7 12 1 1 1 9 7 12 1 1 1 7 1 7 1 1 1 1 1 1 1 3 1 3 1 3 1 3 1 3 1 3 1 1 1 1 1 1 1 1 3 1 3 1 1 1 1 1 1 1 1 1 1 1 1 1 1 1 1 1 1 1 1 1 1 1 1 1 1 1 1 1 1 1 1 1 1 1 1 1 1 1 1 1 1 1 1 1 1 1 1 1 1 1 1 1 1 1 1 1 1 1 1 1 1 1 1 1 1 1 1 1 1 1 1 1 1 1 1 1 1 1 1 1 1 1 1 1 1 1 1 1 1 1 1 1 1 1 1 7 1 1 1 1 1 1 1 1 1 1 1 1 1 1 1
staticfield java/lang/invoke/MemberName $assertionsDisabled Z 1
instanceKlass java/lang/invoke/VarHandleReferences$Array
instanceKlass java/lang/invoke/VarHandleReferences$FieldStaticReadOnly
instanceKlass java/lang/invoke/VarHandleLongs$FieldInstanceReadOnly
instanceKlass java/lang/invoke/VarHandleBooleans$FieldInstanceReadOnly
instanceKlass java/lang/invoke/VarHandleInts$FieldInstanceReadOnly
instanceKlass java/lang/invoke/VarHandleByteArrayAsDoubles$ByteArrayViewVarHandle
instanceKlass java/lang/invoke/VarHandleByteArrayAsLongs$ByteArrayViewVarHandle
instanceKlass java/lang/invoke/VarHandleByteArrayAsFloats$ByteArrayViewVarHandle
instanceKlass java/lang/invoke/VarHandleByteArrayAsInts$ByteArrayViewVarHandle
instanceKlass java/lang/invoke/VarHandleByteArrayAsChars$ByteArrayViewVarHandle
instanceKlass java/lang/invoke/VarHandleByteArrayAsShorts$ByteArrayViewVarHandle
instanceKlass java/lang/invoke/VarHandleReferences$FieldInstanceReadOnly
ciInstanceKlass java/lang/invoke/VarHandle 1 1 474 10 7 12 1 1 1 10 7 12 1 1 9 12 1 1 9 12 1 1 100 1 10 8 1 10 12 1 1 10 7 12 1 1 1 10 12 1 1 10 7 12 1 1 1 9 100 12 1 1 1 10 12 1 1 10 7 12 1 1 1 10 12 1 1 9 12 1 10 12 1 9 12 1 1 10 7 12 1 1 10 12 1 9 100 12 1 1 1 9 12 1 1 10 12 1 1 100 1 7 1 10 8 1 10 12 1 1 10 12 1 8 1 10 12 1 10 12 1 9 12 1 1 9 12 1 10 12 1 10 12 1 1 10 12 1 10 10 100 12 1 1 1 10 12 1 1 10 12 1 1 10 7 12 1 1 1 10 100 12 1 1 1 10 100 12 1 1 1 9 12 1 1 9 10 12 1 10 12 1 1 10 12 1 1 10 12 1 10 7 12 1 1 1 9 12 1 1 10 12 1 1 9 12 1 10 12 1 10 12 1 10 7 12 1 1 100 1 10 9 7 12 1 1 1 9 12 1 1 10 7 12 1 1 1 10 12 1 10 12 1 10 12 1 10 12 1 10 12 1 10 12 1 1 8 10 12 1 1 7 1 10 12 1 1 7 1 1 1 1 1 1 1 1 1 1 1 1 1 1 1 1 1 1 1 1 1 1 1 1 1 1 1 1 1 1 1 1 1 1 1 1 1 1 1 1 1 1 1 1 1 1 1 1 1 1 1 1 1 1 1 1 1 1 1 1 1 1 1 1 1 1 1 1 100 1 1 1 1 1 1 1 1 100 1 1 1 1 1 1 1 1 1 1 1 1 100 1 100 1 1 100 1 100 1 100 1 100 1 100 1 100 1 100 1 100 1 100 1 100 1 100 1 100 1 100 1 100 1 100 1 100 1 100 1 100 1 100 1 100 1 100 1 100 1 100 1 100 1 100 1 100 1 100 1 100 1 100 1 100 1 100 1 100 1 100 1 100 1 100 1 1 1 1 1 1 100 1 1 1 100 1 1 100 1 100 1 100 1 100 1 100 1 100 1 1 1 1 100 1 100 1 100 1 100 1 100 1 100 1 100 1 100 1
staticfield java/lang/invoke/VarHandle VFORM_OFFSET J 16
staticfield java/lang/invoke/VarHandle $assertionsDisabled Z 1
instanceKlass jdk/internal/reflect/FieldAccessorImpl
instanceKlass jdk/internal/reflect/ConstructorAccessorImpl
instanceKlass jdk/internal/reflect/MethodAccessorImpl
ciInstanceKlass jdk/internal/reflect/MagicAccessorImpl 1 1 16 10 7 12 1 1 1 100 1 1 1 1 1 1 1 1
instanceKlass jdk/internal/reflect/DirectMethodHandleAccessor
ciInstanceKlass jdk/internal/reflect/MethodAccessorImpl 1 1 38 10 7 12 1 1 1 10 100 12 1 1 1 100 1 1 1 1 1 1 1 100 1 100 1 1 1 1 1 1 1 1 1 1 1 1 1 1
ciInstanceKlass jdk/internal/reflect/MethodAccessor 1 0 17 100 1 100 1 1 1 1 100 1 100 1 1 1 1 1 1
instanceKlass jdk/internal/reflect/DirectConstructorHandleAccessor$NativeAccessor
instanceKlass jdk/internal/reflect/DirectConstructorHandleAccessor
instanceKlass jdk/internal/reflect/NativeConstructorAccessorImpl
ciInstanceKlass jdk/internal/reflect/ConstructorAccessorImpl 1 1 27 10 7 12 1 1 1 100 1 100 1 1 1 1 1 1 1 1 1 100 1 100 1 100 1 1 1
ciInstanceKlass jdk/internal/reflect/ConstructorAccessor 1 0 16 100 1 100 1 1 1 1 100 1 100 1 100 1 1 1
ciInstanceKlass jdk/internal/reflect/DelegatingClassLoader 0 0 18 10 100 12 1 1 1 100 1 1 1 1 1 1 1 1 1 1
ciInstanceKlass jdk/internal/reflect/CallerSensitive 0 0 17 100 1 100 1 100 1 1 1 1 1 1 1 1 1 1 1
ciInstanceKlass jdk/internal/reflect/NativeConstructorAccessorImpl 0 0 125 10 7 12 1 1 1 9 7 12 1 1 1 100 1 10 12 1 9 12 1 1 9 12 1 1 10 100 12 1 1 1 10 7 12 1 1 1 10 7 12 1 1 1 9 12 1 9 12 1 1 9 12 1 1 10 7 12 1 1 1 100 1 10 10 12 1 1 10 12 1 10 12 1 1 10 12 1 7 1 10 12 1 1 10 12 1 1 8 10 12 1 1 1 1 1 1 1 1 1 1 1 1 1 1 1 1 1 1 1 1 1 1 100 1 100 1 100 1 1 1 1 1 1 1
ciInstanceKlass jdk/internal/reflect/ConstantPool 1 1 142 10 7 12 1 1 1 9 7 12 1 1 1 10 12 1 1 10 12 1 1 10 12 1 10 12 1 1 10 12 1 1 10 12 1 10 12 1 1 10 12 1 10 12 1 1 10 12 1 10 12 1 10 12 1 10 12 1 1 10 12 1 1 10 12 1 1 10 12 1 1 10 12 1 10 12 1 1 10 100 12 1 1 1 8 11 7 12 1 1 1 10 7 12 1 1 1 1 1 1 1 1 1 1 1 1 1 1 1 1 1 1 1 1 1 1 1 1 1 1 1 1 1 1 1 1 1 1 1 1 1 1 1 1 1 1 1 1 1 1 1 1
ciInstanceKlass jdk/internal/reflect/UnsafeStaticFieldAccessorImpl 0 0 47 10 7 12 1 1 1 9 7 12 1 1 1 10 7 12 1 1 1 9 12 1 1 8 11 100 12 1 1 1 10 100 12 1 1 1 1 1 1 1 1 1 1 1 1 1 1
ciInstanceKlass jdk/internal/reflect/FieldAccessor 1 0 48 100 1 100 1 1 1 1 100 1 1 1 1 1 1 1 1 1 1 1 1 1 1 1 1 1 1 1 100 1 1 1 1 1 1 1 1 1 1 1 1 1 1 1 1 1 1 1
instanceKlass jdk/internal/reflect/MethodHandleFieldAccessorImpl
instanceKlass jdk/internal/reflect/UnsafeFieldAccessorImpl
ciInstanceKlass jdk/internal/reflect/FieldAccessorImpl 1 1 269 10 7 12 1 1 1 9 7 12 1 1 1 10 7 12 1 1 1 10 7 12 1 1 10 7 12 1 1 1 10 12 1 1 7 1 10 10 12 1 1 10 12 1 1 8 1 10 10 12 1 100 1 8 1 10 12 1 8 1 10 12 1 8 1 10 12 1 100 1 10 12 1 1 10 8 1 10 12 1 1 8 1 10 7 12 1 1 8 1 10 7 12 1 1 8 1 10 7 12 1 1 8 1 10 7 12 1 1 8 1 10 7 12 1 1 8 1 10 7 12 1 1 8 1 10 7 12 1 1 8 1 10 7 12 1 1 10 12 1 1 8 1 10 12 1 1 10 100 12 1 1 1 8 1 10 12 1 8 1 8 1 8 1 8 1 10 7 12 1 1 1 8 1 8 1 8 1 10 12 7 1 1 1 1 1 1 1 1 1 1 1 1 1 1 1 1 1 1 1 1 1 1 1 1 1 1 1 1 1 1 1 1 1 1 1 1 1 1 1 1 1 1 1 1 1 1 1 1 1 1 1 1 1 1 1 1 1 1 1 1 1 1 1 1 1 1 1 1 1 1 1 1 1 1 1 1 1 1 1 1 1 1 1 1 1 1 1 1
instanceKlass jdk/internal/reflect/UnsafeStaticFieldAccessorImpl
ciInstanceKlass jdk/internal/reflect/UnsafeFieldAccessorImpl 0 0 62 10 100 12 1 1 1 10 100 12 1 1 1 10 100 12 1 1 1 9 100 12 1 1 10 12 1 9 12 1 1 10 100 12 1 1 1 9 12 1 1 10 12 1 10 12 1 1 1 1 1 1 1 1 1 1 1 1 1 1 1 1
instanceKlass java/lang/invoke/VolatileCallSite
instanceKlass java/lang/invoke/MutableCallSite
instanceKlass java/lang/invoke/ConstantCallSite
ciInstanceKlass java/lang/invoke/CallSite 1 1 296 10 7 12 1 1 1 10 7 12 1 1 1 9 12 1 1 10 7 12 1 1 1 10 12 1 7 1 10 12 1 1 10 12 1 1 9 100 12 1 1 1 10 7 12 1 1 10 12 1 1 100 1 7 1 10 10 7 12 1 1 1 10 12 1 1 8 1 10 12 1 10 12 1 1 10 12 1 10 12 1 1 10 12 1 1 10 10 100 12 1 1 10 12 1 1 9 12 1 9 100 12 1 1 1 8 1 10 7 12 1 1 1 10 12 1 1 7 1 10 12 1 1 9 12 1 8 1 100 1 10 12 1 10 12 1 100 1 8 1 10 10 12 1 10 12 1 1 100 1 10 12 1 1 10 12 1 10 12 1 10 12 1 1 10 12 1 1 9 12 1 1 8 10 12 1 1 9 12 1 1 100 1 10 10 12 1 10 7 12 1 1 1 10 12 1 1 10 12 1 1 10 12 1 10 7 12 1 1 1 7 1 8 1 10 10 12 10 12 1 1 7 1 7 1 7 1 8 1 10 12 1 10 7 12 1 1 1 1 1 1 1 1 1 1 1 1 1 1 1 1 1 1 1 1 1 1 1 1 1 1 1 1 1 1 1 1 1 1 1 1 1 1 1 1 1 1 1 1 1 1 1 1 1 1 1 1 1 1 1 7 1 7 1 1 1
staticfield java/lang/invoke/CallSite $assertionsDisabled Z 1
ciInstanceKlass java/lang/invoke/ConstantCallSite 1 1 65 10 7 12 1 1 1 9 7 12 1 1 1 9 12 1 1 10 7 12 1 1 1 10 12 1 100 1 10 12 9 12 1 1 100 1 10 10 12 1 1 10 12 1 1 1 1 1 1 1 1 1 1 1 1 1 100 1 1 1 1 1 1 1 1
staticfield java/lang/invoke/ConstantCallSite UNSAFE Ljdk/internal/misc/Unsafe; jdk/internal/misc/Unsafe
instanceKlass java/lang/invoke/DirectMethodHandle$StaticAccessor
instanceKlass java/lang/invoke/DirectMethodHandle$Special
instanceKlass java/lang/invoke/DirectMethodHandle$Interface
instanceKlass java/lang/invoke/DirectMethodHandle$Constructor
instanceKlass java/lang/invoke/DirectMethodHandle$Accessor
ciInstanceKlass java/lang/invoke/DirectMethodHandle 1 1 923 7 1 7 1 100 1 7 1 7 1 10 7 12 1 1 1 10 7 12 1 1 1 7 1 10 12 1 10 12 1 1 10 7 12 1 1 10 12 1 1 10 12 1 10 12 1 7 1 10 12 1 1 10 12 1 1 10 12 1 10 12 1 1 10 7 12 1 1 1 10 12 1 9 12 1 1 100 1 10 9 12 1 1 9 12 1 10 12 1 10 12 1 10 12 1 1 10 12 1 10 12 1 10 12 1 10 7 12 1 1 1 10 12 1 10 12 1 1 8 1 10 12 1 1 7 1 10 12 1 7 1 10 10 12 1 10 12 1 10 12 1 10 7 12 1 1 1 10 12 1 1 7 1 10 12 1 10 12 1 7 1 10 12 1 10 12 1 1 10 12 1 1 10 12 1 8 10 7 12 1 1 1 10 12 1 10 12 1 10 12 1 1 10 12 1 9 7 12 1 1 1 7 1 10 12 1 10 7 12 1 1 1 10 12 1 10 12 1 1 9 12 1 1 7 1 10 8 1 10 12 1 1 10 12 1 1 8 1 10 12 1 10 12 1 10 10 12 1 10 12 1 10 12 1 10 12 1 10 12 1 1 10 12 1 10 12 1 1 10 12 1 10 12 1 1 10 10 7 12 1 1 1 10 12 1 10 12 1 1 10 12 1 10 12 1 1 8 1 9 7 12 1 1 1 8 1 9 12 1 9 12 1 8 1 9 12 1 9 12 1 8 1 9 12 1 9 12 1 8 1 10 12 1 10 12 1 1 9 12 1 1 7 1 10 12 1 1 7 1 10 7 12 1 1 1 10 12 1 1 10 12 1 10 12 1 1 7 1 10 12 1 1 10 12 1 10 12 1 1 7 1 10 12 1 1 10 12 1 10 7 12 1 1 1 10 12 1 10 12 1 1 10 12 1 9 12 1 1 10 7 1 9 12 9 12 1 10 7 12 1 1 1 10 12 1 7 1 7 1 7 1 9 12 1 1 10 7 12 1 1 1 10 12 10 12 1 100 1 10 12 1 10 12 1 1 8 1 9 12 1 9 12 1 10 12 1 1 9 12 1 1 10 7 12 1 1 1 9 12 1 1 9 12 1 1 10 12 1 10 12 1 10 12 1 10 12 1 1 10 12 1 9 12 1 10 12 1 10 12 1 10 12 1 10 12 1 1 10 12 1 1 9 12 1 1 10 12 1 1 9 7 12 1 1 1 9 12 1 9 12 1 9 12 1 9 12 1 9 12 1 9 12 1 9 12 1 9 12 1 9 12 1 9 12 1 9 12 1 9 12 1 9 12 1 9 12 1 9 12 1 9 12 1 9 12 1 9 12 1 9 12 1 9 12 1 9 12 1 9 12 1 9 12 1 9 12 1 9 12 1 9 12 1 9 12 1 9 12 1 9 12 1 9 12 1 9 12 1 9 12 1 9 12 1 9 12 1 9 12 1 9 12 1 8 1 9 12 1 1 9 12 1 1 10 12 1 10 12 1 1 9 7 1 10 12 1 9 12 1 1 10 12 10 12 1 10 12 1 10 12 1 10 12 1 10 8 1 8 1 8 1 8 1 10 12 1 1 9 12 1 1 10 12 1 10 100 12 1 1 1 8 9 12 1 1 10 12 1 1 8 1 8 8 9 12 1 8 1 8 8 8 8 8 1 8 10 12 1 7 1 10 12 1 8 1 8 1 10 12 1 10 12 1 10 12 1 10 12 1 1 7 1 1 1 1 3 1 3 1 3 1 3 1 3 1 3 1 3 1 3 1 3 1 3 1 1 1 1 1 1 1 1 1 1 3 1 3 1 1 1 1 3 1 1 1 1 1 1 1 1 1 1 1 1 1 1 1 1 1 1 1 1 1 1 1 1 1 1 1 1 1 1 1 1 1 1 1 1 1 1 1 1 1 1 1 1 1 1 1 1 1 1 1 1 1 1 1 1 1 100 1 1 1 1 1 1 1 1 1 100 1 1 1 1 1 1 1 1 1 1 1 1 1 1 1 1 1 1 1 1 1 1 1 1 1 1 1 1 1 1 1 1 1 1 1 1 1 1 1 1 1 1 1 1 1 1 1 1 1 1 1 1
staticfield java/lang/invoke/DirectMethodHandle IMPL_NAMES Ljava/lang/invoke/MemberName$Factory; java/lang/invoke/MemberName$Factory
staticfield java/lang/invoke/DirectMethodHandle FT_UNCHECKED_REF I 8
staticfield java/lang/invoke/DirectMethodHandle ACCESSOR_FORMS [Ljava/lang/invoke/LambdaForm; 132 [Ljava/lang/invoke/LambdaForm;
staticfield java/lang/invoke/DirectMethodHandle ALL_WRAPPERS [Lsun/invoke/util/Wrapper; 10 [Lsun/invoke/util/Wrapper;
staticfield java/lang/invoke/DirectMethodHandle NFS [Ljava/lang/invoke/LambdaForm$NamedFunction; 12 [Ljava/lang/invoke/LambdaForm$NamedFunction;
staticfield java/lang/invoke/DirectMethodHandle OBJ_OBJ_TYPE Ljava/lang/invoke/MethodType; java/lang/invoke/MethodType
staticfield java/lang/invoke/DirectMethodHandle LONG_OBJ_TYPE Ljava/lang/invoke/MethodType; java/lang/invoke/MethodType
staticfield java/lang/invoke/DirectMethodHandle $assertionsDisabled Z 1
ciInstanceKlass java/lang/invoke/MutableCallSite 0 0 63 10 100 12 1 1 1 10 12 1 9 100 12 1 1 1 10 12 1 10 12 1 1 9 12 1 1 10 100 12 1 1 1 10 100 12 1 1 1 10 12 1 1 1 1 1 1 1 1 1 1 1 1 1 1 1 1 1 1 100 1 1 1
ciInstanceKlass java/lang/invoke/VolatileCallSite 0 0 37 10 100 12 1 1 1 10 12 1 10 100 12 1 1 1 10 12 1 10 12 1 1 1 1 1 1 1 1 1 1 1 1 1 1 1 1
ciInstanceKlass java/lang/invoke/ResolvedMethodName 1 1 16 10 100 12 1 1 1 100 1 1 1 1 1 1 1 1
ciInstanceKlass java/lang/invoke/MethodHandleNatives 1 1 685 100 1 10 7 12 1 1 1 9 7 12 1 1 1 10 12 1 1 100 1 10 10 12 1 1 10 12 1 10 12 1 8 1 8 1 8 1 8 1 8 1 8 1 8 1 8 1 8 1 8 1 10 12 1 1 7 1 10 7 12 1 1 1 10 7 12 1 1 1 7 1 10 10 12 1 1 8 1 10 12 1 8 1 10 12 1 1 8 1 10 12 1 1 9 7 12 1 1 1 8 1 10 100 12 1 1 1 7 1 10 12 100 1 100 1 8 1 7 1 10 10 12 1 7 1 9 7 12 1 1 10 12 1 1 10 12 1 10 7 12 1 1 1 10 12 1 1 9 12 1 8 1 10 12 1 1 10 12 1 8 1 10 12 1 1 7 1 10 12 1 10 7 12 1 1 1 10 12 1 10 12 1 1 10 12 1 1 8 1 10 12 1 1 8 1 10 12 1 8 1 8 1 8 1 7 1 10 12 1 8 1 10 7 12 1 1 1 10 12 1 1 10 7 12 1 1 10 10 12 1 1 10 12 1 10 100 12 1 1 1 100 1 8 1 10 100 12 1 1 1 7 1 8 1 10 12 1 8 1 8 1 8 1 8 1 8 1 10 12 1 1 10 12 1 1 10 12 1 10 12 1 1 10 12 1 1 7 1 10 12 1 7 1 7 1 10 12 1 10 12 1 8 1 8 1 10 10 12 1 1 10 12 1 1 8 1 10 7 12 1 1 8 1 8 1 10 12 1 1 10 7 12 1 1 1 100 1 10 12 1 1 7 1 9 12 1 1 10 7 12 1 1 1 10 10 12 1 9 12 1 10 12 1 9 12 1 9 12 1 10 12 1 1 10 12 1 10 12 1 1 7 1 7 1 10 12 1 1 10 12 1 10 12 1 1 10 7 12 1 1 1 10 12 1 8 1 10 12 1 10 12 1 10 12 1 1 10 12 1 10 7 12 1 1 1 10 12 1 1 100 1 8 1 10 9 7 12 1 1 1 10 12 1 1 10 12 1 1 7 1 10 12 1 1 10 12 1 1 100 1 100 1 10 10 100 1 100 1 10 100 1 10 10 12 1 1 10 7 1 10 12 1 10 12 1 1 10 12 1 1 10 12 1 1 10 12 1 10 12 1 1 10 8 1 10 12 1 10 12 1 10 12 1 10 12 1 10 12 1 1 10 12 1 10 12 1 10 12 1 10 10 7 12 1 1 10 12 1 1 1 1 1 1 1 1 1 1 1 1 1 7 1 1 1 1 1 1 1 1 1 1 1 1 1 1 1 1 1 1 1 1 1 1 1 1 1 1 1 1 1 1 1 1 1 1 1 1 1 1 1 1 1 1 1 1 1 1 1 1 1 1 1 1 1 1 1 1 1 1 1 1 1 1 1 100 1 1 1 1 1 1 1 1 1 1 1 1 1 1 1 1 1 1 1 1 1 1 1 1 1 1 1 1 1 1 1 1 1 100 1 1 1 1 1 1 1 1 1 1 1 1 1 1 1 1 1 1 1 1 1 1 1 1 1 1 1 1 1 1 1 1 100 1 1
staticfield java/lang/invoke/MethodHandleNatives $assertionsDisabled Z 1
ciInstanceKlass jdk/internal/foreign/abi/NativeEntryPoint 0 0 194 10 7 12 1 1 1 9 7 12 1 1 1 9 12 1 1 100 1 8 1 10 12 1 10 12 1 1 100 1 10 100 12 1 1 1 10 12 1 9 12 1 1 18 12 1 1 10 100 12 1 1 1 10 7 12 1 1 1 9 7 12 1 1 1 7 1 10 8 1 10 12 1 1 10 12 1 10 12 1 1 8 1 10 12 1 1 7 1 8 1 10 12 1 10 12 1 1 10 12 1 9 12 1 1 18 12 1 1 10 100 12 1 1 1 10 12 1 1 10 12 1 10 100 12 1 1 1 10 1 1 1 1 1 1 1 1 1 1 1 1 1 1 1 1 1 1 1 1 1 1 1 1 1 1 1 1 1 1 1 1 1 1 1 1 1 16 1 15 10 12 16 1 16 15 10 12 15 10 100 12 1 1 1 1 1 100 1 1 100 1 100 1 1
ciInstanceKlass jdk/internal/foreign/abi/ABIDescriptor 0 0 55 10 100 12 1 1 1 9 100 12 1 1 1 9 12 1 1 9 12 1 9 12 1 9 12 1 1 9 12 1 9 12 1 1 9 12 1 9 12 1 9 12 1 9 12 1 1 1 1 1 1 1 1 1 1
ciInstanceKlass jdk/internal/foreign/abi/VMStorage 0 0 91 10 7 12 1 1 1 9 7 12 1 1 1 9 12 1 1 9 12 1 1 9 12 1 1 7 1 10 8 1 10 12 1 1 10 12 1 10 12 1 1 10 12 1 18 12 1 18 12 1 1 18 12 1 1 1 1 1 1 1 1 1 1 1 1 1 1 1 1 1 1 1 8 1 15 15 15 15 15 10 100 12 1 1 1 1 100 1 100 1 1
ciInstanceKlass jdk/internal/foreign/abi/UpcallLinker$CallRegs 0 0 66 10 7 12 1 1 1 9 7 12 1 1 1 9 12 1 18 12 1 1 18 12 1 1 18 12 1 1 1 1 1 1 1 1 1 1 1 1 1 1 1 1 1 1 100 1 1 1 8 1 15 15 15 10 100 12 1 1 1 1 1 100 1 100 1 1
ciInstanceKlass java/lang/StackWalker 0 0 271 9 7 12 1 1 1 100 1 10 100 12 1 1 1 10 12 1 1 10 100 12 1 1 1 10 12 1 1 10 12 1 11 100 12 1 1 1 10 12 1 1 10 12 1 1 10 12 1 1 100 1 8 1 10 12 1 10 12 1 10 12 1 10 7 12 1 1 9 12 1 1 9 12 1 1 9 12 1 1 9 12 1 1 10 12 1 1 9 12 1 1 9 12 1 1 9 12 1 1 10 7 12 1 1 1 11 12 1 1 100 1 8 1 10 10 7 12 1 1 9 12 1 1 10 12 1 1 10 100 12 1 1 1 10 100 12 1 1 1 18 12 1 1 100 1 8 1 10 8 1 10 12 1 1 10 100 12 1 1 1 10 12 1 1 9 100 12 1 1 11 100 12 1 1 1 10 12 1 1 1 1 1 1 1 1 1 1 1 1 1 1 1 1 1 1 1 1 1 1 1 1 1 1 1 1 1 1 1 1 1 1 1 1 1 1 1 1 1 1 1 1 1 1 1 1 1 1 1 1 1 1 1 1 1 1 1 1 1 1 1 1 1 1 7 1 1 16 15 10 12 16 1 15 10 100 12 1 1 1 1 1 1 1 1 1 100 1 100 1 1
ciInstanceKlass java/lang/StackWalker$StackFrame 0 0 41 100 1 10 12 1 1 100 1 100 1 1 1 1 1 1 1 1 1 1 1 1 1 1 1 1 1 1 1 1 1 1 1 1 1 1 1 100 1 1 1
instanceKlass java/lang/LiveStackFrameInfo
ciInstanceKlass java/lang/StackFrameInfo 0 0 142 10 7 12 1 1 1 9 7 12 1 1 1 9 7 1 9 12 1 1 11 100 12 1 1 1 9 12 1 1 11 12 1 1 10 12 1 1 10 7 12 1 1 1 10 12 1 11 12 1 11 12 1 1 11 12 1 10 12 1 1 9 12 1 1 10 12 1 1 10 7 12 1 1 10 12 1 1 11 12 1 1 9 12 1 1 10 7 1 10 12 1 9 12 1 1 10 12 1 1 100 1 8 1 10 12 1 10 100 12 1 1 1 7 1 1 1 1 1 1 1 1 1 1 1 1 1 1 1 1 1 1 7 1 1 7 1 1 1 1 1 1
ciInstanceKlass java/lang/LiveStackFrameInfo 0 0 97 10 7 12 1 1 1 9 7 12 1 1 1 9 12 1 9 12 1 9 12 1 9 12 1 1 7 1 10 12 1 1 10 12 1 8 1 10 12 1 1 8 1 8 1 8 1 10 100 1 10 12 1 100 1 10 12 1 7 1 7 1 1 1 3 1 3 1 1 1 1 1 1 1 1 1 1 1 1 1 1 1 1 1 1 1 1 1 1 1 1 1 1 1 100 1 1
ciInstanceKlass java/lang/LiveStackFrame 0 0 135 100 1 10 100 12 1 1 1 11 7 12 1 1 1 11 12 1 10 7 12 1 1 1 100 1 8 1 10 12 1 1 10 7 12 1 1 1 9 100 12 1 1 1 10 7 12 1 1 1 10 7 12 1 1 1 11 12 1 10 12 1 7 1 7 1 1 1 1 1 1 1 1 1 1 1 1 1 1 1 1 1 1 1 1 1 1 1 1 1 1 1 1 100 1 1 1 1 1 1 1 100 1 8 1 1 12 10 1 1 1 8 1 1 1 8 1 1 1 8 1 1 1 8 1 1 8 1 1 1 8 1 1 8 1
ciInstanceKlass java/lang/StackStreamFactory$AbstractStackWalker 1 0 375 100 1 7 1 3 10 7 12 1 1 1 10 7 12 1 1 10 7 12 1 1 1 9 12 1 1 10 12 1 1 9 12 1 1 9 12 1 1 9 12 1 1 9 12 1 10 7 12 1 1 1 10 12 1 1 10 7 12 1 1 9 12 1 1 9 12 1 1 10 12 1 1 9 100 12 1 1 1 10 12 1 1 10 12 1 9 12 1 1 10 100 12 1 1 1 10 12 1 1 9 12 1 1 9 7 12 1 1 1 7 1 10 8 1 10 12 1 1 10 12 1 8 1 10 12 1 1 10 100 12 1 1 1 100 1 8 1 10 12 1 8 1 10 12 10 100 12 1 1 9 12 1 8 1 5 0 8 1 8 1 9 12 1 1 10 12 1 1 18 12 1 1 10 7 12 1 1 1 10 12 1 1 10 12 1 10 12 1 9 12 1 10 12 1 10 12 1 10 12 1 10 12 1 10 12 1 10 12 1 1 8 1 10 12 1 10 12 1 10 12 1 10 12 1 1 8 1 10 12 1 1 10 12 1 1 10 12 1 1 10 12 1 10 12 1 10 100 12 1 1 1 10 12 1 10 12 1 9 12 1 8 1 10 12 1 10 12 1 10 12 1 1 10 12 1 10 12 1 10 12 1 1 10 12 1 10 12 1 10 12 1 10 12 1 10 12 1 10 12 1 1 10 12 1 1 10 12 1 8 1 1 1 1 1 1 1 1 1 1 1 1 1 7 1 1 1 1 1 1 1 7 1 1 1 1 7 1 1 1 1 1 1 1 1 1 1 1 1 1 1 1 1 1 1 1 16 15 15 10 100 12 1 1 1 1 1 1 1 1 100 1 100 1 1
ciInstanceKlass jdk/internal/module/Modules 1 1 504 10 7 12 1 1 1 9 7 12 1 1 1 11 7 12 1 1 1 11 12 1 1 11 12 1 1 11 12 1 1 11 12 1 11 12 1 11 12 1 11 12 1 11 12 1 1 10 7 12 1 1 1 10 100 12 1 1 1 18 12 1 1 10 7 12 1 1 1 7 1 10 7 12 1 1 1 10 100 12 1 1 1 10 100 12 1 1 10 12 1 1 11 12 1 9 12 1 1 11 7 12 1 1 1 10 12 1 1 10 10 12 1 10 9 12 1 1 10 7 12 1 1 10 12 1 1 10 100 12 1 1 100 1 11 100 12 1 1 1 10 100 12 1 1 1 11 100 12 1 1 10 12 1 1 10 100 12 1 1 10 100 12 1 1 1 10 12 1 1 10 12 1 1 11 12 1 1 18 12 1 1 11 100 12 1 1 10 100 12 1 1 1 11 100 12 1 1 1 7 1 11 12 1 1 11 7 12 1 1 1 11 12 1 1 10 12 1 1 10 100 12 1 1 18 12 1 1 11 12 1 1 18 12 1 1 11 12 1 1 10 12 1 18 18 10 12 1 1 9 12 1 1 11 7 12 1 1 1 100 1 10 11 12 1 11 12 1 1 11 12 1 1 10 100 1 10 12 1 1 10 100 12 1 1 10 12 1 1 11 12 10 12 1 1 7 1 10 18 12 1 10 12 1 1 7 1 8 1 10 12 1 10 100 12 1 1 18 12 1 11 11 12 10 12 1 10 10 100 1 18 12 1 10 10 10 7 12 1 1 10 7 12 1 1 1 10 12 1 1 1 1 1 1 1 1 1 1 1 1 1 1 1 1 1 1 1 1 1 1 1 1 1 1 1 1 1 1 1 1 1 100 1 1 1 1 1 1 1 1 1 1 1 1 1 1 1 1 1 1 1 1 1 1 1 1 1 1 1 1 1 1 1 1 1 1 1 7 1 1 1 1 1 1 1 1 1 1 1 1 1 1 1 1 1 1 1 1 1 1 1 16 15 10 12 1 16 16 15 10 12 1 16 1 16 1 15 10 12 1 16 1 16 1 15 10 12 16 1 15 10 16 1 15 10 12 16 1 15 10 12 16 15 10 12 16 15 10 12 15 10 100 12 1 1 1 1 1 1 100 1 100 1 1
staticfield jdk/internal/module/Modules JLA Ljdk/internal/access/JavaLangAccess; java/lang/System$2
staticfield jdk/internal/module/Modules JLMA Ljdk/internal/access/JavaLangModuleAccess; java/lang/module/ModuleDescriptor$1
staticfield jdk/internal/module/Modules $assertionsDisabled Z 1
ciInstanceKlass java/util/ArrayList 1 1 509 10 7 12 1 1 1 7 1 9 7 12 1 1 1 9 12 1 100 1 7 1 10 8 1 10 12 1 1 10 12 1 10 12 1 1 10 12 1 9 12 1 11 7 12 1 1 1 9 12 1 1 11 12 1 1 7 10 7 12 1 1 1 9 12 1 10 12 1 10 12 1 1 10 7 12 1 1 1 10 7 12 1 1 1 10 12 1 1 10 12 1 1 10 12 1 1 10 12 1 10 12 1 1 100 1 7 1 10 12 1 10 10 7 12 1 1 1 10 7 12 1 1 10 12 1 100 1 10 10 12 10 12 1 1 10 12 1 1 10 12 1 10 12 10 12 1 1 7 1 10 12 1 1 10 12 1 1 10 12 1 100 1 10 11 12 1 1 11 7 12 1 1 1 11 12 1 10 12 1 10 12 1 10 12 1 1 100 1 10 12 1 1 10 10 12 1 1 10 12 1 8 1 8 1 8 1 8 1 10 12 1 1 10 12 1 1 11 12 1 7 1 10 100 12 1 1 10 12 1 10 12 1 1 10 100 12 1 1 10 12 1 10 100 12 1 1 1 11 100 12 1 1 1 10 12 1 100 1 8 1 10 7 1 10 12 1 7 1 10 12 1 10 12 1 1 7 1 10 12 1 10 12 1 1 11 100 12 1 1 7 1 10 12 1 10 12 1 1 11 100 12 1 1 10 12 1 1 10 12 1 1 10 12 1 1 10 12 1 1 11 100 12 1 1 10 12 1 1 7 1 7 1 7 1 1 1 1 5 0 1 3 1 1 1 1 1 1 1 1 1 1 1 1 1 1 1 1 1 1 1 1 1 1 1 1 1 1 1 1 1 1 1 1 1 1 1 1 1 1 1 1 1 1 1 1 1 1 1 1 1 1 1 1 1 1 1 1 1 1 1 1 1 1 1 1 1 1 1 1 1 1 1 1 1 1 1 1 1 1 1 1 1 1 1 1 1 1 1 1 1 1 1 1 1 1 1 1 1 1 1 1 1 1 1 1 100 1 1 1 1 7 1 1 1 1 1 1 1 1 1 1 1 1 1 1 1 1 1 1 1 1 1 1 1 1 1 1 1 1 1 100 1 1 1 1 1 1 1 1 1 1 1 1 1 1 1 1 1 1 100 1 100 1 1 1 1 1 1
staticfield java/util/ArrayList EMPTY_ELEMENTDATA [Ljava/lang/Object; 0 [Ljava/lang/Object;
staticfield java/util/ArrayList DEFAULTCAPACITY_EMPTY_ELEMENTDATA [Ljava/lang/Object; 0 [Ljava/lang/Object;
ciInstanceKlass java/util/RandomAccess 1 0 7 100 1 100 1 1 1
ciMethod java/util/ArrayList size ()I 256 0 128 0 0
ciMethod java/util/ArrayList add (Ljava/lang/Object;)Z 512 0 83437 0 488
ciMethod java/util/ArrayList iterator ()Ljava/util/Iterator; 542 0 6981 0 200
ciMethod java/util/ArrayList remove (I)Ljava/lang/Object; 514 0 5378 0 552
ciMethod java/util/ArrayList get (I)Ljava/lang/Object; 512 0 19263 0 200
ciMethod java/util/ArrayList elementData (I)Ljava/lang/Object; 512 0 19263 0 0
ciMethod java/util/ArrayList <init> (I)V 204 0 5267 0 832
ciMethod java/util/ArrayList add (Ljava/lang/Object;[Ljava/lang/Object;I)V 510 0 83437 0 0
ciMethod java/util/ArrayList grow ()[Ljava/lang/Object; 130 0 9780 0 0
ciMethod java/util/ArrayList grow (I)[Ljava/lang/Object; 136 0 6221 0 1584
ciMethod java/util/ArrayList fastRemove ([Ljava/lang/Object;I)V 514 0 5378 0 424
instanceKlass java/util/LinkedHashSet
ciInstanceKlass java/util/HashSet 1 1 303 10 7 12 1 1 1 7 1 10 9 7 12 1 1 1 11 7 12 1 1 1 10 7 12 1 1 1 10 12 1 1 10 12 1 1 10 12 1 10 12 1 7 1 10 10 12 1 1 11 7 12 1 1 1 10 10 12 1 1 10 12 1 1 9 12 1 1 10 12 1 1 10 12 1 1 10 12 1 10 7 12 1 1 1 10 100 1 7 1 10 12 1 10 100 12 1 1 10 12 1 10 12 1 10 12 1 1 10 12 1 1 11 7 12 1 1 11 12 1 10 12 1 1 10 100 12 1 1 1 10 12 1 100 1 7 1 10 8 1 10 12 1 1 10 12 1 10 12 1 1 10 12 1 10 12 1 10 7 12 1 1 1 8 1 10 12 1 4 4 10 12 1 1 8 1 10 12 1 1 4 10 100 12 1 1 1 100 1 10 12 1 1 11 100 12 1 1 1 100 1 10 12 1 7 1 10 12 1 10 12 1 1 10 12 1 100 1 8 1 10 10 12 1 10 10 7 1 7 1 1 1 1 5 0 1 1 1 1 1 1 1 1 1 1 1 1 1 1 1 1 1 1 1 1 1 1 1 1 1 1 1 1 1 1 1 1 1 1 100 1 1 1 1 7 1 1 1 1 1 1 1 1 1 1 1 1 1 1 1 1 1 1 1 100 1 1 100 1 7 1 1 1
staticfield java/util/HashSet PRESENT Ljava/lang/Object; java/lang/Object
instanceKlass java/util/Hashtable$EntrySet
instanceKlass com/google/common/collect/Sets$ImprovedAbstractSet
instanceKlass com/google/common/collect/Sets$SetView
instanceKlass java/lang/ProcessEnvironment$CheckedKeySet
instanceKlass java/util/concurrent/ConcurrentSkipListSet
instanceKlass java/util/concurrent/ConcurrentSkipListMap$EntrySet
instanceKlass java/util/concurrent/CopyOnWriteArraySet
instanceKlass java/util/TreeMap$EntrySet
instanceKlass java/util/LinkedHashMap$LinkedEntrySet
instanceKlass java/lang/ProcessEnvironment$CheckedEntrySet
instanceKlass java/util/TreeMap$KeySet
instanceKlass java/util/TreeSet
instanceKlass java/util/LinkedHashMap$LinkedKeySet
instanceKlass java/util/Collections$SingletonSet
instanceKlass java/util/IdentityHashMap$KeySet
instanceKlass java/util/EnumSet
instanceKlass jdk/internal/util/ReferencedKeySet
instanceKlass java/util/HashMap$KeySet
instanceKlass java/util/WeakHashMap$KeySet
instanceKlass java/util/Collections$SetFromMap
instanceKlass java/util/HashSet
instanceKlass java/util/ImmutableCollections$MapN$1
instanceKlass java/util/Collections$EmptySet
instanceKlass java/util/HashMap$EntrySet
ciInstanceKlass java/util/AbstractSet 1 1 96 10 7 12 1 1 1 7 1 7 1 11 12 1 1 10 7 1 10 12 1 1 100 1 100 1 10 12 1 1 11 7 12 1 1 1 11 12 1 1 10 100 12 1 1 10 7 12 1 1 1 11 10 12 1 1 11 12 1 11 12 1 1 1 1 1 1 1 1 1 1 1 1 1 1 1 1 100 1 1 1 1 1 1 1 1 1 1 1 1 1 1 1 1 1 1
ciMethod java/util/HashSet remove (Ljava/lang/Object;)Z 512 0 5376 0 4184
ciMethod java/util/HashSet add (Ljava/lang/Object;)Z 1024 0 68303 0 7064
ciInstanceKlass java/lang/annotation/Annotation 1 0 17 100 1 100 1 1 1 1 1 1 1 1 1 1 1 1 1
ciInstanceKlass java/util/LinkedHashMap 1 1 386 9 7 12 1 1 1 9 12 1 1 9 12 1 9 7 12 1 1 9 12 1 10 7 12 1 1 1 10 12 1 1 10 12 1 1 9 12 1 9 12 1 1 9 12 1 10 12 1 1 100 1 10 10 12 1 1 10 12 1 10 12 1 1 9 12 1 1 9 12 1 10 12 1 1 10 100 12 1 1 1 10 12 1 10 12 1 10 12 10 12 1 1 10 7 12 1 1 1 10 12 1 1 10 12 1 1 9 7 1 10 12 1 10 12 1 1 9 12 1 1 7 1 10 12 1 7 1 100 1 10 10 12 1 1 10 12 1 1 9 12 1 1 7 1 10 7 1 10 12 1 9 12 1 7 1 10 100 1 10 11 100 12 1 1 1 100 1 10 11 100 12 1 1 100 1 7 1 10 8 1 10 12 1 1 10 12 1 10 12 1 1 10 12 1 10 12 1 1 10 100 1 10 12 1 7 1 1 1 1 5 0 1 1 1 3 1 3 1 3 1 1 1 1 1 1 1 1 1 1 1 1 1 1 1 1 1 1 1 1 1 1 1 1 1 1 1 1 1 1 1 1 1 1 1 1 1 1 1 1 1 1 1 1 1 1 1 7 1 1 1 1 1 1 1 1 100 1 1 1 1 1 1 1 1 1 1 1 1 1 1 1 1 1 1 1 1 1 1 1 1 1 1 1 1 100 1 1 1 1 1 1 1 1 1 1 1 1 1 1 100 1 1 1 1 1 1 1 1 1 7 1 1 1 1 1 1 1 1 1 1 1 1 1 1 1 1 1 1 1 1 1 1 1 1 1 1 1 1 1 1 1 100 1 100 1 100 1 100 1 1 1 1 1 100 1 7 1 1 1 1 1 1 1 1 1
ciInstanceKlass java/util/function/BiFunction 1 1 65 10 100 12 1 1 1 18 12 1 1 11 7 12 1 1 11 100 12 1 7 1 1 1 1 1 1 1 1 1 1 1 1 1 1 1 1 1 1 1 1 1 1 1 1 1 1 1 16 15 11 12 15 10 100 12 1 1 1 1 100 1 100 1 1
instanceKlass java/util/concurrent/ConcurrentHashMap$ForwardingNode
instanceKlass java/util/concurrent/ConcurrentHashMap$ReservationNode
ciInstanceKlass java/util/concurrent/ConcurrentHashMap$Node 1 1 97 10 7 12 1 1 1 9 7 12 1 1 1 9 12 1 1 9 12 1 10 12 1 9 12 1 1 10 12 1 1 10 100 12 1 1 1 100 1 10 100 1 11 12 1 1 11 12 1 10 12 1 1 1 1 1 1 1 1 1 1 1 1 1 1 1 1 1 1 1 1 1 1 1 1 1 1 1 1 1 1 1 1 1 1 1 1 1 1 1 100 1 1 1 100 1 1
ciMethod java/util/concurrent/ConcurrentHashMap$Node find (ILjava/lang/Object;)Ljava/util/concurrent/ConcurrentHashMap$Node; 0 0 1 0 -1
ciMethod java/util/concurrent/ConcurrentHashMap$Node <init> (ILjava/lang/Object;Ljava/lang/Object;)V 1024 0 14235 0 -1
ciInstanceKlass java/util/concurrent/ConcurrentHashMap$ReservationNode 1 1 34 100 1 10 7 12 1 1 1 100 1 1 1 1 1 1 1 1 1 1 1 1 1 1 1 1 1 1 1 1 1 1 1 1
instanceKlass com/google/common/util/concurrent/Striped$PaddedLock
instanceKlass com/google/common/collect/MapMakerInternalMap$Segment
instanceKlass com/google/common/cache/LocalCache$Segment
instanceKlass jdk/internal/loader/NativeLibraries$CountedLock
instanceKlass java/util/concurrent/ConcurrentHashMap$Segment
ciInstanceKlass java/util/concurrent/locks/ReentrantLock 1 1 177 10 7 12 1 1 1 7 1 10 9 7 12 1 1 1 7 1 10 10 7 12 1 1 10 12 1 10 12 1 1 10 100 12 1 1 1 10 12 1 1 10 12 1 1 10 12 1 1 10 12 1 1 10 12 1 10 12 1 10 12 1 1 10 12 1 10 12 1 1 10 12 1 10 12 1 1 100 1 10 100 1 100 1 8 1 10 12 1 10 12 1 1 10 12 1 1 10 12 1 1 7 1 10 10 12 1 1 10 12 1 1 8 1 8 1 10 7 12 1 1 8 1 10 7 1 7 1 1 1 1 5 0 1 1 1 1 1 1 1 1 1 1 100 1 1 1 1 1 1 1 1 1 1 1 1 1 1 1 1 1 1 1 1 1 7 1 1 1 1 1 1 1 1 100 1 1
ciMethod java/util/concurrent/locks/ReentrantLock lock ()V 12 0 32222 0 -1
ciMethod java/util/concurrent/locks/ReentrantLock unlock ()V 10 0 36938 0 -1
ciInstanceKlass java/util/concurrent/ConcurrentHashMap$ForwardingNode 1 1 71 100 1 10 7 12 1 1 1 9 7 12 1 1 1 10 12 1 1 9 12 1 1 9 12 1 1 10 100 12 1 1 1 10 12 1 1 9 12 1 1 1 1 1 1 1 1 1 1 1 1 1 1 1 1 1 1 1 1 1 1 1 100 1 1 1 1 1 1 1 1
instanceKlass java/util/ArrayList$ListItr
ciInstanceKlass java/util/ArrayList$Itr 1 1 104 9 7 12 1 1 1 10 7 12 1 1 1 9 12 1 1 9 7 12 1 1 9 12 1 9 12 1 9 12 1 10 12 1 100 1 10 9 12 1 1 100 1 10 100 1 10 10 12 1 1 100 1 10 100 12 1 1 1 10 12 1 1 11 100 12 1 1 1 100 1 1 1 1 1 1 1 1 1 1 1 1 1 1 1 1 100 1 1 1 1 1 1 1 1 1 1 1 1 1 1 1 1 1
ciMethod java/util/ArrayList$Itr hasNext ()Z 512 0 6920 0 112
ciMethod java/util/ArrayList$Itr next ()Ljava/lang/Object; 768 0 6616 0 272
ciMethod java/util/ArrayList$Itr <init> (Ljava/util/ArrayList;)V 542 0 6985 0 0
ciMethod java/util/ArrayList$Itr checkForComodification ()V 772 0 6632 0 -1
ciInstanceKlass java/lang/ref/ReferenceQueue$Null 1 1 29 10 7 12 1 1 1 100 1 1 1 1 1 1 1 1 1 1 1 1 1 1 1 1 1 1 1 1 1
ciMethod java/lang/ref/ReferenceQueue poll ()Ljava/lang/ref/Reference; 512 0 7773 0 112
ciInstanceKlass jdk/internal/loader/ClassLoaderValue 1 1 44 10 7 12 1 1 1 10 100 12 1 1 1 10 100 12 1 1 1 10 100 12 1 1 1 1 1 1 1 1 1 1 1 1 1 1 1 1 1 1 1 1 1 1
ciInstanceKlass jdk/internal/util/StrongReferenceKey 1 1 82 10 7 12 1 1 1 9 7 12 1 1 1 7 1 11 12 1 1 10 10 7 12 1 1 1 10 12 1 1 7 1 10 10 12 1 1 10 7 12 1 1 1 10 12 1 1 8 1 10 7 12 1 1 1 10 12 1 10 12 1 1 1 1 1 1 1 1 1 1 1 1 1 1 1 1 1 1 1 1 1 1
ciMethod java/util/HashSet <init> ()V 768 0 3353 0 0
ciMethod java/util/Set add (Ljava/lang/Object;)Z 0 0 1 0 -1
ciMethod java/util/AbstractSet <init> ()V 834 0 18050 0 0
ciMethod java/util/HashMap <init> ()V 532 0 9018 0 0
ciMethod java/util/concurrent/ConcurrentHashMap addCount (JI)V 768 0 6558 0 -1
ciMethod java/util/concurrent/ConcurrentHashMap treeifyBin ([Ljava/util/concurrent/ConcurrentHashMap$Node;I)V 0 0 1 0 -1
ciMethod java/util/concurrent/ConcurrentHashMap helpTransfer ([Ljava/util/concurrent/ConcurrentHashMap$Node;Ljava/util/concurrent/ConcurrentHashMap$Node;)[Ljava/util/concurrent/ConcurrentHashMap$Node; 0 0 1 0 -1
ciMethod java/util/concurrent/ConcurrentHashMap casTabAt ([Ljava/util/concurrent/ConcurrentHashMap$Node;ILjava/util/concurrent/ConcurrentHashMap$Node;Ljava/util/concurrent/ConcurrentHashMap$Node;)Z 1024 0 3094 0 -1
ciMethod java/util/concurrent/ConcurrentHashMap initTable ()[Ljava/util/concurrent/ConcurrentHashMap$Node; 22 0 1720 0 -1
ciMethod java/util/concurrent/ConcurrentHashMap putVal (Ljava/lang/Object;Ljava/lang/Object;Z)Ljava/lang/Object; 1024 26 13046 0 -1
ciMethod java/util/concurrent/ConcurrentHashMap tabAt ([Ljava/util/concurrent/ConcurrentHashMap$Node;I)Ljava/util/concurrent/ConcurrentHashMap$Node; 1024 0 5934 0 96
ciMethod java/util/concurrent/ConcurrentHashMap spread (I)I 1024 0 32041 0 96
ciMethod java/util/AbstractMap <init> ()V 656 0 17756 0 0
ciMethod jdk/internal/util/Preconditions checkIndex (IILjava/util/function/BiFunction;)I 1024 0 6012 0 -1
ciMethod java/lang/ref/ReferenceQueue headIsNull ()Z 1024 0 13463 0 0
ciMethod java/lang/ref/ReferenceQueue poll0 ()Ljava/lang/ref/Reference; 2 0 1165 0 -1
ciMethod java/util/Arrays copyOf ([Ljava/lang/Object;I)[Ljava/lang/Object; 38 0 12692 0 0
ciMethod java/util/Arrays copyOf ([Ljava/lang/Object;ILjava/lang/Class;)[Ljava/lang/Object; 152 0 5447 0 -1
ciMethod jdk/internal/util/ArraysSupport hugeLength (II)I 0 0 1 0 -1
ciMethod jdk/internal/util/ArraysSupport newLength (III)I 474 0 8833 0 0
ciMethod java/lang/Math addExact (JJ)J 512 0 2302 0 -1
ciMethod java/lang/Math max (II)I 774 0 206788 0 -1
ciMethod java/lang/Math max (JJ)J 778 0 12529 0 -1
ciMethod java/lang/Thread holdsLock (Ljava/lang/Object;)Z 0 0 1 0 -1
ciMethod jdk/internal/misc/Unsafe getReferenceAcquire (Ljava/lang/Object;J)Ljava/lang/Object; 1024 0 5934 0 -1
ciMethod java/util/Iterator next ()Ljava/lang/Object; 0 0 1 0 -1
ciMethod java/util/Iterator hasNext ()Z 0 0 1 0 -1
ciMethod java/util/Set remove (Ljava/lang/Object;)Z 0 0 1 0 -1
ciMethod java/lang/Object notifyAll ()V 256 0 128 0 -1
ciMethod java/lang/Object getClass ()Ljava/lang/Class; 256 0 128 0 -1
ciMethod java/lang/Object <init> ()V 4124 0 716279 0 136
instanceKlass java/io/InterruptedIOException
instanceKlass java/io/UnsupportedEncodingException
instanceKlass com/google/common/io/BaseEncoding$DecodingException
instanceKlass java/nio/file/FileSystemException
instanceKlass com/fasterxml/jackson/core/JacksonException
instanceKlass org/apache/commons/io/FileExistsException
instanceKlass java/nio/channels/ClosedChannelException
instanceKlass java/io/FileNotFoundException
instanceKlass java/net/SocketException
instanceKlass java/io/ObjectStreamException
instanceKlass java/net/UnknownHostException
instanceKlass java/io/EOFException
instanceKlass java/util/zip/ZipException
instanceKlass java/net/MalformedURLException
ciInstanceKlass java/io/IOException 1 1 34 10 7 12 1 1 1 10 12 1 10 12 1 10 12 1 100 1 1 1 1 5 0 1 1 1 1 1 1 1 1 1 1 1
instanceKlass java/nio/file/ClosedDirectoryStreamException
instanceKlass java/nio/file/ClosedFileSystemException
instanceKlass java/util/concurrent/CancellationException
instanceKlass org/gradle/api/internal/DefaultMutationGuard$IllegalMutationException
instanceKlass org/gradle/internal/enterprise/impl/legacy/UnsupportedBuildScanPluginVersionException
instanceKlass org/gradle/api/internal/provider/MissingValueException
instanceKlass java/nio/channels/ClosedSelectorException
instanceKlass java/nio/channels/OverlappingFileLockException
ciInstanceKlass java/lang/IllegalStateException 0 0 35 10 100 12 1 1 1 10 12 1 10 12 1 10 12 1 100 1 1 1 1 5 0 1 1 1 1 1 1 1 1 1 1 1 1
instanceKlass org/codehaus/groovy/runtime/powerassert/PowerAssertionError
instanceKlass org/codehaus/groovy/GroovyBugError
ciInstanceKlass java/lang/AssertionError 0 0 79 10 100 12 1 1 1 10 12 1 10 100 12 1 1 1 10 100 1 100 1 10 12 1 1 10 12 1 10 12 1 10 12 1 10 12 1 10 12 1 10 12 1 10 12 1 1 1 1 5 0 1 1 1 1 1 1 1 1 1 1 100 1 1 1 1 1 1 1 1 1 1 1 1 1 1 1 1 1
ciInstanceKlass java/nio/channels/Channel 1 0 16 100 1 100 1 100 1 1 1 1 1 1 100 1 1 1
ciInstanceKlass java/nio/channels/ReadableByteChannel 1 0 14 100 1 100 1 100 1 1 1 1 100 1 1 1
ciInstanceKlass java/nio/channels/WritableByteChannel 1 0 14 100 1 100 1 100 1 1 1 1 100 1 1 1
ciInstanceKlass java/nio/channels/ByteChannel 1 0 11 100 1 100 1 100 1 100 1 1 1
ciInstanceKlass java/nio/channels/SeekableByteChannel 1 0 20 100 1 100 1 100 1 1 1 1 100 1 1 1 1 1 1 1 1 1
ciInstanceKlass java/nio/channels/GatheringByteChannel 1 0 15 100 1 100 1 100 1 1 1 1 100 1 1 1 1
ciInstanceKlass java/nio/channels/ScatteringByteChannel 1 0 15 100 1 100 1 100 1 1 1 1 100 1 1 1 1
ciInstanceKlass java/nio/channels/InterruptibleChannel 1 0 14 100 1 100 1 100 1 1 1 1 100 1 1 1
instanceKlass java/nio/channels/SelectableChannel
instanceKlass java/nio/channels/FileChannel
ciInstanceKlass java/nio/channels/spi/AbstractInterruptibleChannel 1 1 95 10 7 12 1 1 1 9 7 12 1 1 1 9 12 1 1 10 12 1 9 12 1 1 7 1 10 12 1 10 12 1 1 10 7 12 1 1 1 10 12 1 1 11 100 12 1 1 1 9 12 1 1 100 1 10 100 1 10 10 7 12 1 1 1 11 7 1 100 1 100 1 1 1 1 1 1 1 1 100 1 1 100 1 1 1 1 1 1 1 1 1 1 1 1
instanceKlass jdk/nio/zipfs/ZipFileSystem$1
instanceKlass sun/nio/ch/FileChannelImpl
ciInstanceKlass java/nio/channels/FileChannel 1 1 153 10 7 12 1 1 1 11 100 12 1 1 1 10 100 12 1 1 1 10 100 12 1 1 1 10 100 12 1 1 1 100 1 10 10 12 1 1 9 7 12 1 1 1 10 12 1 10 12 1 1 10 12 1 100 1 10 100 1 5 0 10 12 1 1 10 12 1 10 12 1 1 10 12 1 7 1 100 1 100 1 100 1 1 1 1 1 1 1 1 1 1 1 1 1 1 1 1 1 100 1 1 1 1 1 1 1 100 1 1 1 1 1 1 1 1 1 1 1 1 1 1 1 1 1 1 1 1 1 1 1 1 1 1 1 1 1 1 1 1 1 1 1 1 100 1 1 1 100 1 100 1 1
staticfield java/nio/channels/FileChannel NO_ATTRIBUTES [Ljava/nio/file/attribute/FileAttribute; 0 [Ljava/nio/file/attribute/FileAttribute;
ciInstanceKlass sun/nio/ch/FileChannelImpl 1 1 838 10 7 12 1 1 1 7 1 10 12 1 9 7 12 1 1 1 7 1 10 9 12 1 1 9 12 1 1 9 12 1 1 9 12 1 1 9 12 1 9 12 1 9 12 1 1 9 12 1 100 1 10 9 12 1 1 10 7 12 1 1 1 9 12 1 1 10 7 12 1 1 1 7 1 10 12 1 10 7 12 1 1 1 9 12 1 1 10 12 1 10 12 1 1 100 1 10 9 12 1 10 12 1 10 12 1 1 10 7 12 1 1 9 12 1 1 10 7 12 1 1 1 11 7 12 1 1 1 11 7 12 1 1 11 12 1 1 7 1 10 12 1 10 12 1 1 10 12 1 10 12 1 1 7 1 10 12 1 10 12 1 11 7 12 1 1 11 7 12 1 1 100 1 10 12 1 1 10 12 1 100 1 10 10 10 100 12 1 1 1 10 12 1 10 12 1 1 10 12 1 10 12 1 10 7 12 1 1 1 10 7 12 1 5 0 10 7 12 1 1 1 10 12 1 10 12 1 1 10 100 12 1 1 1 10 12 1 10 12 1 5 0 10 12 1 100 1 10 10 12 1 10 12 9 12 1 1 11 100 12 1 1 1 10 12 1 10 12 1 1 100 1 10 8 1 10 12 1 10 12 1 1 10 12 1 1 10 12 1 10 100 12 1 1 1 10 12 1 1 5 0 100 1 9 12 1 9 12 1 5 0 9 12 1 100 1 100 1 10 12 1 1 11 12 1 1 10 12 1 1 10 12 1 1 10 12 1 5 0 10 12 1 5 0 10 100 12 1 1 1 9 100 12 1 1 1 10 12 1 1 11 100 12 1 1 10 12 1 1 100 1 11 10 100 1 10 12 1 1 100 1 5 0 10 100 12 1 1 1 10 12 1 10 12 1 10 12 1 1 10 12 1 10 10 12 1 10 12 1 1 10 12 1 1 10 12 1 10 12 1 1 9 12 1 10 12 1 1 10 12 11 100 12 1 11 10 12 1 1 10 12 1 10 12 1 1 100 1 10 8 1 10 12 1 10 12 1 10 12 1 100 1 11 12 1 10 100 1 100 1 5 0 8 1 8 1 10 12 1 1 10 12 1 1 10 12 1 1 10 12 1 1 10 10 12 1 1 10 12 1 10 100 12 1 1 10 12 1 10 12 1 10 12 8 1 10 100 12 1 1 1 10 12 1 8 1 8 1 100 1 10 12 1 100 1 10 12 1 10 12 1 1 10 8 1 10 12 1 1 10 12 1 8 1 10 10 12 1 10 12 1 100 1 10 100 12 1 1 5 0 10 12 1 100 1 10 12 1 1 10 12 1 8 1 10 12 1 10 12 1 1 10 12 1 100 1 10 12 1 100 1 10 10 100 12 1 1 9 100 12 1 1 9 12 1 9 12 1 9 12 1 100 1 10 10 100 12 1 1 100 1 10 100 1 10 10 12 1 100 1 5 0 10 12 1 10 12 1 10 12 1 10 12 1 10 12 100 1 10 10 12 1 1 10 12 1 1 10 10 10 12 10 7 12 1 1 10 7 12 1 1 1 7 1 10 1 1 1 1 1 3 1 3 1 3 1 3 1 3 1 1 1 1 1 1 100 1 1 1 1 1 1 100 1 1 1 1 1 1 1 1 1 1 1 1 1 1 1 1 100 1 1 1 1 1 1 1 1 1 1 1 1 1 1 1 1 1 1 1 1 1 1 1 1 1 1 1 1 1 1 1 100 1 1 1 1 1 1 1 1 1 1 1 1 1 1 1 1 1 1 1 1 1 1 1 1 1 1 1 1 1 100 1 1 1 1 1 1 1 1 1 1 1 1 1 1 1 1 1 1 1 1 1 1 1 1 1 1 1 1 1 1 1 1 1 1 100 1 1 100 1 1 1 1 100 1 1
staticfield sun/nio/ch/FileChannelImpl fdAccess Ljdk/internal/access/JavaIOFileDescriptorAccess; java/io/FileDescriptor$1
staticfield sun/nio/ch/FileChannelImpl nd Lsun/nio/ch/FileDispatcher; sun/nio/ch/FileDispatcherImpl
staticfield sun/nio/ch/FileChannelImpl $assertionsDisabled Z 1
instanceKlass sun/nio/ch/FileDispatcherImpl
ciInstanceKlass sun/nio/ch/FileDispatcher 1 1 62 10 7 12 1 1 1 100 1 1 1 1 3 1 3 1 3 1 3 1 1 1 1 1 1 1 1 100 1 1 1 1 1 1 1 1 1 1 1 1 1 1 1 1 1 1 1 1 1 1 1 1 1 1 1 1 1 1 1 1 1 1
ciInstanceKlass sun/nio/ch/FileDispatcherImpl 1 1 279 10 7 12 1 1 1 10 7 12 1 1 1 10 12 1 1 10 12 1 1 9 12 1 1 11 100 12 1 1 1 10 12 1 1 10 12 1 10 12 1 1 10 12 1 1 10 12 1 1 10 12 1 1 10 12 1 1 10 12 1 1 10 12 1 1 11 12 1 1 100 1 10 11 12 1 10 12 1 1 11 12 1 1 11 12 1 9 12 1 1 10 100 12 1 1 1 9 12 1 1 10 12 1 1 10 12 1 1 9 12 1 1 10 12 1 1 100 1 5 0 9 100 12 1 1 1 10 7 12 1 1 1 10 12 1 1 10 12 1 1 10 100 12 1 1 1 10 12 1 1 10 12 1 1 100 1 100 1 8 1 10 12 1 8 1 8 1 10 7 12 1 1 1 10 12 1 10 7 12 1 1 1 10 7 12 1 1 1 10 7 12 1 1 10 12 1 10 12 1 1 10 12 1 1 1 3 1 3 1 3 1 3 1 1 1 1 1 1 1 1 1 1 1 1 1 1 1 1 1 1 1 1 1 1 1 1 1 1 1 1 1 1 1 1 1 1 1 1 1 1 1 1 1 1 1 1 1 1 1 1 1 1 1 1 1 1 1 1 1 1 1 1 1 1 1 1 1 1
staticfield sun/nio/ch/FileDispatcherImpl ALLOCATION_GRANULARITY J 65536
staticfield sun/nio/ch/FileDispatcherImpl MAX_DIRECT_TRANSFER_SIZE I 2147483646
staticfield sun/nio/ch/FileDispatcherImpl FAST_FILE_TRANSFER Z 0
staticfield sun/nio/ch/FileDispatcherImpl fdAccess Ljdk/internal/access/JavaIOFileDescriptorAccess; java/io/FileDescriptor$1
ciInstanceKlass sun/nio/ch/NativeThreadSet 1 1 98 10 7 12 1 1 1 9 7 12 1 1 1 9 12 1 1 10 7 12 1 1 1 5 0 10 100 12 1 1 1 9 12 1 1 100 1 10 9 12 1 10 12 1 10 12 1 1 5 0 10 12 1 100 1 10 100 12 1 1 1 10 12 1 10 7 12 1 1 1 1 1 1 1 1 1 1 1 1 1 1 1 1 1 1 1 1 100 1 1 1 1 1 1 1 1 1 1
staticfield sun/nio/ch/NativeThreadSet $assertionsDisabled Z 1
instanceKlass sun/nio/ch/FileLockImpl
ciInstanceKlass java/nio/channels/FileLock 1 1 127 10 7 12 1 1 1 8 1 10 7 12 1 1 1 100 1 8 1 10 12 1 8 1 8 1 9 7 12 1 1 1 9 12 1 1 9 12 1 9 12 1 1 100 1 10 100 12 1 1 1 100 1 10 12 1 100 1 10 10 12 1 1 10 100 12 1 1 1 10 12 1 1 8 1 10 12 1 8 1 8 1 8 8 1 10 12 1 1 8 1 8 1 8 1 10 12 1 100 1 1 1 1 1 1 1 1 1 1 1 100 1 1 1 1 1 1 1 1 1 100 1 1 100 1 1 1
ciInstanceKlass sun/nio/ch/FileLockImpl 1 1 84 10 7 12 1 1 1 10 12 1 9 7 12 1 1 1 9 12 1 10 100 12 1 1 1 100 1 10 12 1 10 12 1 1 11 7 12 1 1 1 100 1 10 10 12 1 7 1 10 12 1 1 100 1 10 10 12 1 10 7 12 1 1 1 1 1 1 1 1 1 1 1 1 1 1 1 1 1 1 100 1 1 1 1
staticfield sun/nio/ch/FileLockImpl $assertionsDisabled Z 1
ciInstanceKlass sun/nio/ch/NativeThread 1 1 44 10 100 12 1 1 1 10 7 12 1 1 1 10 12 1 1 100 1 5 0 100 1 10 1 1 1 1 1 1 1 1 1 1 1 1 1 1 1 1 1 1 1 1
ciInstanceKlass sun/nio/ch/FileLockTable 1 1 219 10 7 12 1 1 1 9 7 12 1 1 1 10 7 12 1 1 1 9 12 1 1 7 1 10 9 12 1 1 9 12 1 1 10 7 12 1 1 1 7 1 7 1 10 12 1 10 12 1 1 7 1 9 12 1 1 10 12 1 11 12 1 1 11 7 1 10 7 12 1 1 1 10 12 1 10 12 1 1 10 12 1 9 12 1 1 10 100 12 1 1 100 1 10 11 12 1 1 10 12 1 11 12 1 11 12 1 10 12 1 10 12 1 1 10 12 1 11 12 11 12 10 10 12 1 1 11 11 12 1 1 11 12 1 1 11 7 12 1 1 11 12 1 10 12 1 1 100 1 10 10 7 12 1 1 1 10 12 1 11 10 7 12 1 1 10 10 1 1 1 1 1 1 1 1 1 1 1 1 1 100 1 1 1 1 1 1 1 1 1 1 1 100 1 1 1 1 1 1 1 1 1 1 1 1 1 1 1 1 1 1 1 1 1 1 1 1 1
staticfield sun/nio/ch/FileLockTable $assertionsDisabled Z 1
ciInstanceKlass sun/nio/ch/FileKey 1 1 56 10 7 12 1 1 1 7 1 10 10 12 1 1 9 12 1 1 9 12 1 9 12 1 10 7 12 1 1 10 12 1 1 1 1 1 1 1 1 1 1 1 1 100 1 1 1 1 1 1 1 1 1 1 1 1
ciInstanceKlass sun/nio/ch/FileLockTable$FileLockReference 1 1 37 10 7 12 1 1 1 9 7 12 1 1 1 1 1 1 1 1 1 1 1 1 1 1 1 1 1 1 1 1 1 1 1 100 1 1 1
ciInstanceKlass java/util/NoSuchElementException 0 0 34 10 100 12 1 1 1 10 12 1 10 12 1 10 12 1 100 1 1 1 1 5 0 1 1 1 1 1 1 1 1 1 1 1
ciInstanceKlass java/nio/channels/ClosedChannelException 0 0 21 10 100 12 1 1 1 100 1 1 1 1 5 0 1 1 1 1 1 1 1
ciInstanceKlass java/nio/channels/OverlappingFileLockException 0 0 21 10 100 12 1 1 1 100 1 1 1 1 5 0 1 1 1 1 1 1 1
instanceKlass java/nio/file/DirectoryIteratorException
ciInstanceKlass java/util/ConcurrentModificationException 0 0 34 10 100 12 1 1 1 10 12 1 10 12 1 10 12 1 100 1 1 1 1 5 0 1 1 1 1 1 1 1 1 1 1 1
ciMethodData java/lang/Object <init> ()V 2 714217 orig 80 1 0 0 0 0 0 0 0 0 0 0 0 0 0 0 0 0 0 0 0 0 0 0 0 0 0 0 0 0 0 0 0 0 0 0 0 0 0 0 0 0 0 0 0 0 0 0 0 0 0 0 0 0 0 0 0 0 0 0 0 0 0 0 0 0 0 0 0 0 0 0 0 0 0 0 0 0 0 0 0 data 4 0x0 0x9 0x1 0x0 oops 0 methods 0
ciMethodData java/util/concurrent/ConcurrentHashMap tabAt ([Ljava/util/concurrent/ConcurrentHashMap$Node;I)Ljava/util/concurrent/ConcurrentHashMap$Node; 2 5422 orig 80 0 0 0 0 0 0 0 0 0 0 0 0 0 0 0 0 0 0 0 0 0 0 0 0 0 0 0 0 0 0 0 0 0 0 0 0 0 0 0 0 0 0 0 0 0 0 0 0 0 0 0 0 0 0 0 0 0 0 0 0 0 0 0 0 0 0 0 0 0 0 0 0 0 0 0 0 0 0 0 0 data 27 0xf000b 0x152f 0x0 0x0 0x0 0x0 0x0 0x2 0x1 0x1df07c7cee8 0x120104 0x0 0x0 0x1df07c7ce38 0x8f4 0x1de919499e0 0x2a0 0x0 0x0 0x0 0x0 0x0 0x0 0x9 0x2 0x0 0x0 oops 3 9 [Ljava/util/concurrent/ConcurrentHashMap$Node; 13 java/util/concurrent/ConcurrentHashMap$Node 15 java/util/concurrent/ConcurrentHashMap$ForwardingNode methods 0
ciMethodData java/util/concurrent/ConcurrentHashMap spread (I)I 2 31529 orig 80 0 0 0 0 0 0 0 0 0 0 0 0 0 0 0 0 0 0 0 0 0 0 0 0 0 0 0 0 0 0 0 0 0 0 0 0 0 0 0 0 0 0 0 0 0 0 0 0 0 0 0 0 0 0 0 0 0 0 0 0 0 0 0 0 0 0 0 0 0 0 0 0 0 0 0 0 0 0 0 0 data 5 0x0 0x0 0x9 0x1 0x0 oops 0 methods 0
ciMethodData java/lang/ref/ReferenceQueue headIsNull ()Z 2 12951 orig 80 0 0 0 0 0 0 0 0 0 0 0 0 0 0 0 0 0 0 0 0 0 0 0 0 0 0 0 0 0 0 0 0 0 0 0 0 0 0 0 0 0 0 0 0 0 0 0 0 0 0 0 0 0 0 0 0 0 0 0 0 0 0 0 0 0 0 0 0 0 0 0 0 0 0 0 0 0 0 0 0 data 16 0x40007 0x7a 0x38 0x321e 0x80003 0x321e 0x18 0x0 0x0 0x0 0x0 0x0 0x0 0x9 0x1 0x0 oops 0 methods 0
ciMethodData java/util/AbstractCollection <init> ()V 2 56319 orig 80 0 0 0 0 0 0 0 0 0 0 0 0 0 0 0 0 0 0 0 0 0 0 0 0 0 0 0 0 0 0 0 0 0 0 0 0 0 0 0 0 0 0 0 0 0 0 0 0 0 0 0 0 0 0 0 0 0 0 0 0 0 0 0 0 0 0 0 0 0 0 0 0 0 0 0 0 0 0 0 0 data 7 0x10002 0xdc00 0x0 0x0 0x9 0x1 0x0 oops 0 methods 0
ciMethodData java/util/HashSet add (Ljava/lang/Object;)Z 2 67791 orig 80 3 0 0 0 0 0 0 0 0 0 0 0 0 0 0 0 0 0 0 0 0 0 0 0 0 0 0 0 0 0 0 0 0 0 0 0 0 0 0 0 0 0 0 0 0 0 0 0 0 0 0 0 0 0 0 0 0 0 0 0 0 0 0 0 0 0 0 0 0 0 0 0 0 0 0 0 0 0 0 0 data 24 0x80005 0x0 0x0 0x1df0b446150 0x2922 0x1df08c8da60 0xdfae 0xb0007 0x18af 0x38 0xf023 0xf0003 0xf023 0x18 0x0 0x0 0x0 0x0 0x0 0x0 0x9 0x2 0x0 0xffffffffffffffff oops 2 3 java/util/HashMap 5 java/util/LinkedHashMap methods 0
ciMethodData java/util/HashMap <init> ()V 2 8752 orig 80 0 0 0 0 0 0 0 0 0 0 0 0 222 1 0 0 0 0 0 0 0 0 0 0 0 0 0 0 0 0 0 0 0 0 0 0 0 0 0 0 0 0 0 0 0 0 0 0 0 0 0 0 0 0 0 0 0 0 0 0 0 0 0 0 0 0 0 0 0 0 0 0 0 0 0 0 0 0 0 0 data 9 0x10002 0x2230 0x0 0x0 0x0 0x0 0x9 0x1 0x10 oops 0 methods 0
ciMethodData java/util/AbstractMap <init> ()V 2 17428 orig 80 0 0 0 0 0 0 0 0 0 0 0 0 222 1 0 0 0 0 0 0 0 0 0 0 0 0 0 0 0 0 0 0 0 0 0 0 0 0 0 0 0 0 0 0 0 0 0 0 0 0 0 0 0 0 0 0 0 0 0 0 0 0 0 0 0 0 0 0 0 0 0 0 0 0 0 0 0 0 0 0 data 7 0x10002 0x4414 0x0 0x0 0x9 0x1 0x0 oops 0 methods 0
ciMethodData java/util/concurrent/ConcurrentHashMap putVal (Ljava/lang/Object;Ljava/lang/Object;Z)Ljava/lang/Object; 2 12534 orig 80 1 0 0 0 0 0 0 0 0 0 0 0 0 0 0 0 0 0 0 0 0 0 0 0 0 0 0 0 0 0 0 0 0 0 0 0 0 0 0 1 0 0 0 0 0 0 0 0 0 0 0 0 0 0 0 0 0 0 0 0 0 0 0 0 0 0 0 0 0 0 0 0 0 0 0 0 0 0 0 0 data 250 0x10007 0x0 0x40 0x30f7 0x50007 0x30f7 0x30 0x0 0xc0002 0x0 0x110005 0x8f0 0x0 0x1dec1b20568 0x2804 0x1df08c8c238 0x3 0x140002 0x30f7 0x240007 0x25c 0x40 0x30f7 0x2d0007 0x30f7 0x70 0x0 0x310005 0x25c 0x0 0x0 0x0 0x0 0x0 0x360003 0x25c 0x5f8 0x450002 0x30f7 0x4b0007 0x14b1 0x78 0x1c46 0x5b0002 0x1c46 0x5e0002 0x1c46 0x610007 0x0 0x590 0x1c46 0x640003 0x1c46 0x588 0x700007 0x14b1 0x70 0x0 0x780005 0x0 0x0 0x0 0x0 0x0 0x0 0x7d0003 0x0 0x500 0x810007 0x2bf 0xf8 0x11f2 0x880007 0xdf1 0xd8 0x401 0x940007 0x1 0x98 0x400 0x990007 0x0 0x98 0x400 0x9f0005 0x0 0x0 0x1dec1b20568 0x400 0x0 0x0 0xa20007 0x0 0x40 0x400 0xad0007 0x0 0x20 0x401 0xc00002 0x10b0 0xc50007 0x0 0x330 0x10b0 0xca0007 0x0 0x188 0x10b0 0xdb0007 0x154a 0xf0 0x1cb 0xe70007 0x2 0x98 0x1c9 0xec0007 0x0 0xb0 0x1c9 0xf20005 0x0 0x0 0x1dec1b20568 0x1c9 0x0 0x0 0xf50007 0x0 0x58 0x1c9 0x8000000601000007 0x1b8 0x98 0x14 0x1090003 0x14 0x78 0x1180007 0x665 0x48 0xee5 0x1250002 0xee5 0x12b0003 0xee5 0x30 0x1310003 0x665 0xfffffffffffffec8 0x1340003 0x10b1 0x1a0 0x1390004 0x0 0x0 0x0 0x0 0x0 0x0 0x13c0007 0x0 0xe8 0x0 0x1440004 0x0 0x0 0x0 0x0 0x0 0x0 0x14b0005 0x0 0x0 0x0 0x0 0x0 0x0 0x1510007 0x0 0x40 0x0 0x15c0007 0x0 0x20 0x0 0x1650003 0x0 0x80 0x16a0004 0x0 0x0 0x0 0x0 0x0 0x0 0x16d0007 0x0 0x30 0x0 0x1760002 0x0 0x17d0003 0x10b1 0x18 0x18a0007 0x0 0x98 0x10b1 0x1910007 0x10b1 0x58 0x0 0x1990005 0x0 0x0 0x0 0x0 0x0 0x0 0x19e0007 0xee5 0x38 0x1cc 0x1a40003 0x25c 0xfffffffffffff990 0x1ab0005 0x2b2b 0x0 0x0 0x0 0x0 0x0 0x0 0x0 0x0 0x0 0x0 0x0 0x0 0x0 0x0 0x9 0x4 0x0 0x0 0x0 0x0 oops 4 13 java/lang/String 15 jdk/internal/loader/ClassLoaderValue 87 java/lang/String 124 java/lang/String methods 0
ciMethodData java/util/concurrent/ConcurrentHashMap putIfAbsent (Ljava/lang/Object;Ljava/lang/Object;)Ljava/lang/Object; 2 13200 orig 80 0 0 0 0 0 0 0 0 0 0 0 0 0 0 0 0 0 0 0 0 0 0 0 0 0 0 0 0 0 0 0 0 0 0 0 0 0 0 0 0 0 0 0 0 0 0 0 0 0 0 0 0 0 0 0 0 0 0 0 0 0 0 0 0 0 0 0 0 0 0 0 0 0 0 0 0 0 0 0 0 data 18 0x40005 0x3391 0x0 0x0 0x0 0x0 0x0 0x0 0x0 0x0 0x0 0x0 0x0 0x9 0x3 0xffffffffffffffff 0xffffffffffffffff 0xffffffffffffffff oops 0 methods 0
ciMethodData java/util/AbstractSet <init> ()V 2 17633 orig 80 0 0 0 0 0 0 0 0 0 0 0 0 222 1 0 0 0 0 0 0 0 0 0 0 0 0 0 0 0 0 0 0 0 0 0 0 0 0 0 0 0 0 0 0 0 0 0 0 0 0 0 0 0 0 0 0 0 0 0 0 0 0 0 0 0 0 0 0 0 0 0 0 0 0 0 0 0 0 0 0 data 7 0x10002 0x44e1 0x0 0x0 0x9 0x1 0x0 oops 0 methods 0
ciMethodData java/util/HashSet <init> ()V 2 2969 orig 80 0 0 0 0 0 0 0 0 0 0 0 0 222 1 0 0 0 0 0 0 0 0 0 0 0 0 0 0 0 0 0 0 0 0 0 0 0 0 0 0 0 0 0 0 0 0 0 0 0 0 0 0 0 0 0 0 0 0 0 0 0 0 0 0 0 0 0 0 0 0 0 0 0 0 0 0 0 0 0 0 data 11 0x10002 0xb99 0x90002 0xb99 0x0 0x0 0x0 0x0 0x9 0x1 0x0 oops 0 methods 0
ciMethodData java/util/concurrent/ConcurrentHashMap get (Ljava/lang/Object;)Ljava/lang/Object; 2 10242 orig 80 1 0 0 0 0 0 0 0 0 0 0 0 0 0 0 0 0 0 0 0 0 0 0 0 0 0 0 0 0 0 0 0 0 0 0 0 0 0 0 1 0 0 0 0 0 0 0 0 0 0 0 0 0 0 0 0 0 0 0 0 0 0 0 0 0 0 0 0 0 0 0 0 0 0 0 0 0 0 0 0 data 101 0x10005 0x1dd6 0x0 0x1df096ae058 0x9a4 0x1dec1b22bb8 0x89 0x40002 0x2803 0xf0007 0x185 0x290 0x267e 0x170007 0x0 0x270 0x267e 0x220002 0x267e 0x270007 0x9cf 0x240 0x1caf 0x330007 0x8fc 0xb8 0x13b3 0x3e0007 0x68b 0x98 0xd28 0x430007 0x0 0x108 0xd28 0x490005 0x8b5 0x0 0x1df096ae058 0x44c 0x1dec1b22bb8 0x27 0x80000006004c0007 0x2 0xb0 0xd27 0x560007 0x8fc 0x90 0x0 0x5d0005 0x0 0x0 0x0 0x0 0x0 0x0 0x630007 0x0 0x38 0x0 0x6b0003 0x0 0x18 0x760007 0x3b4 0xd8 0x6e5 0x7f0007 0x19b 0xffffffffffffffe0 0x54a 0x8a0007 0x234 0x98 0x316 0x8f0007 0x0 0xffffffffffffffa0 0x316 0x950005 0x21 0x0 0x1df096ae058 0xa0 0x1dec1b20568 0x255 0x980007 0x0 0xffffffffffffff48 0x316 0x0 0x0 0x0 0x0 0x0 0x0 0x9 0x2 0x0 0x0 oops 6 3 jdk/internal/util/StrongReferenceKey 5 java/lang/invoke/MemberName 38 jdk/internal/util/StrongReferenceKey 40 java/lang/invoke/MemberName 83 jdk/internal/util/StrongReferenceKey 85 java/lang/String methods 0
ciMethodData java/util/Objects requireNonNull (Ljava/lang/Object;Ljava/lang/String;)Ljava/lang/Object; 2 61605 orig 80 0 0 0 0 0 0 0 0 0 0 0 0 222 1 0 0 0 0 0 0 0 0 0 0 0 0 0 0 0 0 0 0 0 0 0 0 0 0 0 0 0 0 0 0 0 0 0 0 0 0 0 0 0 0 0 0 0 0 0 0 0 0 0 0 0 0 0 0 0 0 0 0 0 0 0 0 0 0 0 0 data 16 0x10007 0xf0a5 0x30 0x0 0x90002 0x0 0x0 0x0 0x0 0x0 0x0 0x0 0x9 0x2 0x0 0x0 oops 0 methods 0
ciMethodData java/util/Arrays copyOf ([Ljava/lang/Object;I)[Ljava/lang/Object; 2 12673 orig 80 0 0 0 0 0 0 0 0 0 0 0 0 222 1 0 0 0 0 0 0 0 0 0 0 0 0 0 0 0 0 0 0 0 0 0 0 0 0 0 0 0 0 0 0 0 0 0 0 0 0 0 0 0 0 0 0 0 0 0 0 0 0 0 0 0 0 0 0 0 0 0 0 0 0 0 0 0 0 0 0 data 19 0x30005 0x3181 0x0 0x0 0x0 0x0 0x0 0x60002 0x3181 0x0 0x0 0x0 0x0 0x0 0x0 0x9 0x2 0x0 0x0 oops 0 methods 0
ciMethodData jdk/internal/util/ArraysSupport newLength (III)I 2 8596 orig 80 0 0 0 0 0 0 0 0 0 0 0 0 222 1 0 0 0 0 0 0 0 0 0 0 0 0 0 0 0 0 0 0 0 0 0 0 0 0 0 0 0 0 0 0 0 0 0 0 0 0 0 0 0 0 0 0 0 0 0 0 0 0 0 0 0 0 0 0 0 0 0 0 0 0 0 0 0 0 0 0 data 23 0x30002 0x2194 0xa0007 0x0 0x40 0x2194 0x100007 0x0 0x20 0x2194 0x170002 0x0 0x0 0x0 0x0 0x0 0x0 0x0 0x9 0x3 0x0 0x0 0x0 oops 0 methods 0
ciMethod java/lang/AssertionError <init> ()V 0 0 1 0 -1
ciMethodData java/lang/ref/Reference <init> (Ljava/lang/Object;Ljava/lang/ref/ReferenceQueue;)V 2 26291 orig 80 0 0 0 0 0 0 0 0 0 0 0 0 222 1 0 0 0 0 0 0 0 0 0 0 0 0 0 0 0 0 0 0 0 0 0 0 0 0 0 0 0 0 0 0 0 0 0 0 0 0 0 0 0 0 0 0 0 0 0 0 0 0 0 0 0 0 0 0 0 0 0 0 0 0 0 0 0 0 0 0 data 20 0x10002 0x66b3 0xb0007 0x4c36 0x38 0x1a7d 0x110003 0x1a7d 0x18 0x0 0x0 0x0 0x0 0x0 0x0 0x9 0x3 0x6 0x0 0x0 oops 0 methods 0
ciMethodData java/lang/ref/ReferenceQueue poll ()Ljava/lang/ref/Reference; 2 7517 orig 80 0 0 0 0 0 0 0 0 0 0 0 0 222 1 0 0 0 0 0 0 0 0 0 0 0 0 0 0 0 0 0 0 0 0 0 0 0 0 0 0 0 0 0 0 0 0 0 0 0 0 0 0 0 0 0 0 0 0 0 0 0 0 0 0 0 0 0 0 0 0 0 0 0 0 0 0 0 0 0 0 data 48 0x10005 0x1d5d 0x0 0x0 0x0 0x0 0x0 0x40007 0x0 0x20 0x1d5d 0xd0005 0x0 0x0 0x0 0x0 0x0 0x0 0x110005 0x0 0x0 0x0 0x0 0x0 0x0 0x190005 0x0 0x0 0x0 0x0 0x0 0x0 0x230005 0x0 0x0 0x0 0x0 0x0 0x0 0x0 0x0 0x0 0x0 0x0 0x0 0x9 0x1 0x0 oops 0 methods 0
ciMethodData java/lang/ref/WeakReference <init> (Ljava/lang/Object;Ljava/lang/ref/ReferenceQueue;)V 2 14195 orig 80 0 0 0 0 0 0 0 0 0 0 0 0 222 1 0 0 0 0 0 0 0 0 0 0 0 0 0 0 0 0 0 0 0 0 0 0 0 0 0 0 0 0 0 0 0 0 0 0 0 0 0 0 0 0 0 0 0 0 0 0 0 0 0 0 0 0 0 0 0 0 0 0 0 0 0 0 0 0 0 0 data 9 0x30002 0x3773 0x0 0x0 0x9 0x3 0x6 0x0 0x0 oops 0 methods 0
ciMethodData java/util/ArrayList add (Ljava/lang/Object;)Z 2 83181 orig 80 0 0 0 0 0 0 0 0 0 0 0 0 222 1 0 0 0 0 0 0 0 0 0 0 0 0 0 0 0 0 0 0 0 0 0 0 0 0 0 0 0 0 0 0 0 0 0 0 0 0 0 0 0 0 0 0 0 0 0 0 0 0 0 0 0 0 0 0 0 0 0 0 0 0 0 0 0 0 0 0 data 17 0x140005 0x144ed 0x0 0x0 0x0 0x0 0x0 0x0 0x0 0x0 0x0 0x0 0x0 0x9 0x2 0x0 0x0 oops 0 methods 0
ciMethodData java/util/ArrayList add (Ljava/lang/Object;[Ljava/lang/Object;I)V 2 83182 orig 80 0 0 0 0 0 0 0 0 0 0 0 0 222 1 0 0 0 0 0 0 0 0 0 0 0 0 0 0 0 0 0 0 0 0 0 0 0 0 0 0 0 0 0 0 0 0 0 0 0 0 0 0 0 0 0 0 0 0 0 0 0 0 0 0 0 0 0 0 0 0 0 0 0 0 0 0 0 0 0 0 data 30 0x30007 0x11efb 0x58 0x25f3 0x70005 0x25f3 0x0 0x0 0x0 0x0 0x0 0xe0004 0x0 0x0 0x1dec1b20568 0xde61 0x1dec1b205f8 0x1586 0x0 0x0 0x0 0x0 0x0 0x0 0x9 0x4 0x0 0x0 0x0 0x0 oops 2 14 java/lang/String 16 java/lang/Class methods 0
ciMethodData java/util/ArrayList grow ()[Ljava/lang/Object; 2 9715 orig 80 0 0 0 0 0 0 0 0 0 0 0 0 222 1 0 0 0 0 0 0 0 0 0 0 0 0 0 0 0 0 0 0 0 0 0 0 0 0 0 0 0 0 0 0 0 0 0 0 0 0 0 0 0 0 0 0 0 0 0 0 0 0 0 0 0 0 0 0 0 0 0 0 0 0 0 0 0 0 0 0 data 16 0x70005 0x25f3 0x0 0x0 0x0 0x0 0x0 0x0 0x0 0x0 0x0 0x0 0x0 0x9 0x1 0x0 oops 0 methods 0
ciMethodData java/util/ArrayList grow (I)[Ljava/lang/Object; 2 6153 orig 80 0 0 0 0 0 0 0 0 0 0 0 0 222 1 0 0 0 0 0 0 0 0 0 0 0 0 0 0 0 0 0 0 0 0 0 0 0 0 0 0 0 0 0 0 0 0 0 0 0 0 0 0 0 0 0 0 0 0 0 0 0 0 0 0 0 0 0 0 0 0 0 0 0 0 0 0 0 0 0 0 data 24 0x70007 0x74a 0x40 0x10bf 0x110007 0x10be 0x40 0x1 0x1b0002 0x74b 0x250002 0x74b 0x310002 0x10be 0x0 0x0 0x0 0x0 0x0 0x0 0x9 0x2 0xc 0x0 oops 0 methods 0
ciMethodData java/util/ArrayList$Itr hasNext ()Z 2 6664 orig 80 0 0 0 0 0 0 0 0 0 0 0 0 222 1 0 0 0 0 0 0 0 0 0 0 0 0 0 0 0 0 0 0 0 0 0 0 0 0 0 0 0 0 0 0 0 0 0 0 0 0 0 0 0 0 0 0 0 0 0 0 0 0 0 0 0 0 0 0 0 0 0 0 0 0 0 0 0 0 0 0 data 14 0xb0007 0x881 0x38 0x1187 0xf0003 0x1187 0x18 0x0 0x0 0x0 0x0 0x9 0x1 0x0 oops 0 methods 0
ciMethodData java/util/ArrayList iterator ()Ljava/util/Iterator; 2 6710 orig 80 0 0 0 0 0 0 0 0 0 0 0 0 222 1 0 0 0 0 0 0 0 0 0 0 0 0 0 0 0 0 0 0 0 0 0 0 0 0 0 0 0 0 0 0 0 0 0 0 0 0 0 0 0 0 0 0 0 0 0 0 0 0 0 0 0 0 0 0 0 0 0 0 0 0 0 0 0 0 0 0 data 8 0x50002 0x1a36 0x0 0x0 0x0 0x9 0x1 0x0 oops 0 methods 0
ciMethodData java/util/ArrayList$Itr <init> (Ljava/util/ArrayList;)V 2 6714 orig 80 0 0 0 0 0 0 0 0 0 0 0 0 222 1 0 0 0 0 0 0 0 0 0 0 0 0 0 0 0 0 0 0 0 0 0 0 0 0 0 0 0 0 0 0 0 0 0 0 0 0 0 0 0 0 0 0 0 0 0 0 0 0 0 0 0 0 0 0 0 0 0 0 0 0 0 0 0 0 0 0 data 10 0x60002 0x1a3a 0x0 0x0 0x0 0x0 0x9 0x2 0xc 0x0 oops 0 methods 0
ciMethodData java/util/AbstractList <init> ()V 2 34158 orig 80 0 0 0 0 0 0 0 0 0 0 0 0 222 1 0 0 0 0 0 0 0 0 0 0 0 0 0 0 0 0 0 0 0 0 0 0 0 0 0 0 0 0 0 0 0 0 0 0 0 0 0 0 0 0 0 0 0 0 0 0 0 0 0 0 0 0 0 0 0 0 0 0 0 0 0 0 0 0 0 0 data 9 0x10002 0x856e 0x0 0x0 0x0 0x0 0x9 0x1 0x6 oops 0 methods 0
ciMethodData java/util/ArrayList get (I)Ljava/lang/Object; 2 19007 orig 80 0 0 0 0 0 0 0 0 0 0 0 0 222 1 0 0 0 0 0 0 0 0 0 0 0 0 0 0 0 0 0 0 0 0 0 0 0 0 0 0 0 0 0 0 0 0 0 0 0 0 0 0 0 0 0 0 0 0 0 0 0 0 0 0 0 0 0 0 0 0 0 0 0 0 0 0 0 0 0 0 data 19 0x50002 0x4a3f 0xb0005 0x0 0x0 0x1dec1b23ea8 0x4a3f 0x0 0x0 0x0 0x0 0x0 0x0 0x0 0x0 0x9 0x2 0x0 0x0 oops 1 5 java/util/ArrayList methods 0
ciMethodData java/util/Objects checkIndex (II)I 2 24385 orig 80 0 0 0 0 0 0 0 0 0 0 0 0 222 1 0 0 0 0 0 0 0 0 0 0 0 0 0 0 0 0 0 0 0 0 0 0 0 0 0 0 0 0 0 0 0 0 0 0 0 0 0 0 0 0 0 0 0 0 0 0 0 0 0 0 0 0 0 0 0 0 0 0 0 0 0 0 0 0 0 0 data 12 0x30002 0x5f41 0x0 0x0 0x0 0x0 0x0 0x0 0x9 0x2 0x0 0x0 oops 0 methods 0
ciMethodData java/util/ArrayList elementData (I)Ljava/lang/Object; 2 19007 orig 80 0 0 0 0 0 0 0 0 0 0 0 0 222 1 0 0 0 0 0 0 0 0 0 0 0 0 0 0 0 0 0 0 0 0 0 0 0 0 0 0 0 0 0 0 0 0 0 0 0 0 0 0 0 0 0 0 0 0 0 0 0 0 0 0 0 0 0 0 0 0 0 0 0 0 0 0 0 0 0 0 data 8 0x0 0x0 0x0 0x0 0x9 0x2 0x0 0x0 oops 0 methods 0
ciMethodData java/util/ArrayList$Itr next ()Ljava/lang/Object; 2 6232 orig 80 0 0 0 0 0 0 0 0 0 0 0 0 222 1 0 0 0 0 0 0 0 0 0 0 0 0 0 0 0 0 0 0 0 0 0 0 0 0 0 0 0 0 0 0 0 0 0 0 0 0 0 0 0 0 0 0 0 0 0 0 0 0 0 0 0 0 0 0 0 0 0 0 0 0 0 0 0 0 0 0 data 28 0x10005 0x1858 0x0 0x0 0x0 0x0 0x0 0x110007 0x1858 0x30 0x0 0x180002 0x0 0x270007 0x1858 0x30 0x0 0x2e0002 0x0 0x0 0x0 0x0 0x0 0x0 0x0 0x9 0x1 0x6 oops 0 methods 0
ciMethodData java/lang/ref/Reference clear ()V 2 12305 orig 80 0 0 0 0 0 0 0 0 0 0 0 0 222 1 0 0 0 0 0 0 0 0 0 0 0 0 0 0 0 0 0 0 0 0 0 0 0 0 0 0 0 0 0 0 0 0 0 0 0 0 0 0 0 0 0 0 0 0 0 0 0 0 0 0 0 0 0 0 0 0 0 0 0 0 0 0 0 0 0 0 data 16 0x10005 0x3011 0x0 0x0 0x0 0x0 0x0 0x0 0x0 0x0 0x0 0x0 0x0 0x9 0x1 0x0 oops 0 methods 0
ciMethodData java/util/ArrayList <init> (I)V 2 5165 orig 80 0 0 0 0 0 0 0 0 0 0 0 0 222 1 0 0 0 0 0 0 0 0 0 0 0 0 0 0 0 0 0 0 0 0 0 0 0 0 0 0 0 0 0 0 0 0 0 0 0 0 0 0 0 0 0 0 0 0 0 0 0 0 0 0 0 0 0 0 0 0 0 0 0 0 0 0 0 0 0 0 data 51 0x10002 0x142d 0x50007 0x6 0x38 0x1427 0x100003 0x1427 0x118 0x140007 0x0 0x38 0x6 0x1e0003 0x6 0xe0 0x290002 0x0 0x2e0005 0x0 0x0 0x0 0x0 0x0 0x0 0x320005 0x0 0x0 0x0 0x0 0x0 0x0 0x350005 0x0 0x0 0x0 0x0 0x0 0x0 0x380002 0x0 0x0 0x0 0x0 0x0 0x0 0x0 0x9 0x2 0x0 0x0 oops 0 methods 0
ciMethod sun/nio/ch/FileChannelImpl ensureOpen ()V 512 0 13404 0 0
ciMethod sun/nio/ch/FileChannelImpl fileLockTable ()Lsun/nio/ch/FileLockTable; 522 0 5379 0 0
ciMethod sun/nio/ch/FileChannelImpl tryLock (JJZ)Ljava/nio/channels/FileLock; 514 0 5377 0 -1
ciMethod java/nio/channels/spi/AbstractInterruptibleChannel isOpen ()Z 512 0 17412 0 0
ciMethod sun/nio/ch/FileDispatcherImpl lock (Ljava/io/FileDescriptor;ZJJZ)I 522 0 5379 0 0
ciMethod sun/nio/ch/FileDispatcherImpl lock0 (Ljava/io/FileDescriptor;ZJJZ)I 256 0 128 0 -1
ciMethod sun/nio/ch/FileDispatcher lock (Ljava/io/FileDescriptor;ZJJZ)I 0 0 1 0 -1
ciMethod sun/nio/ch/NativeThreadSet add ()I 514 0 5379 0 544
ciMethod sun/nio/ch/NativeThreadSet remove (I)V 516 0 5379 0 528
ciMethod sun/nio/ch/FileLockImpl <init> (Ljava/nio/channels/FileChannel;JJZ)V 512 0 5377 0 464
ciMethod java/nio/channels/FileLock <init> (Ljava/nio/channels/FileChannel;JJZ)V 512 0 5377 0 0
ciMethod java/nio/channels/FileLock acquiredBy ()Ljava/nio/channels/Channel; 256 0 128 0 -1
ciMethod java/nio/channels/FileLock position ()J 258 0 129 0 0
ciMethod java/nio/channels/FileLock size ()J 258 0 129 0 0
ciMethod java/nio/channels/FileLock overlaps (JJ)Z 12 0 38 0 0
ciMethod sun/nio/ch/NativeThread currentNativeThread ()J 256 0 5249 0 0
ciMethod sun/nio/ch/FileLockTable <init> (Ljava/nio/channels/Channel;Ljava/io/FileDescriptor;)V 16 0 111 0 0
ciMethod sun/nio/ch/FileLockTable add (Ljava/nio/channels/FileLock;)V 522 0 5379 0 0
ciMethod sun/nio/ch/FileLockTable removeKeyIfEmpty (Lsun/nio/ch/FileKey;Ljava/util/List;)V 14 0 110 0 -1
ciMethod sun/nio/ch/FileLockTable remove (Ljava/nio/channels/FileLock;)V 512 12 5268 0 0
ciMethod sun/nio/ch/FileLockTable replace (Ljava/nio/channels/FileLock;Ljava/nio/channels/FileLock;)V 0 0 1 0 -1
ciMethod sun/nio/ch/FileLockTable checkList (Ljava/util/List;JJ)V 512 12 5268 0 0
ciMethod sun/nio/ch/FileLockTable removeStaleEntries ()V 770 0 5379 0 0
ciMethod sun/nio/ch/FileKey <init> ()V 16 0 111 0 -1
ciMethod sun/nio/ch/FileKey create (Ljava/io/FileDescriptor;)Lsun/nio/ch/FileKey; 16 0 111 0 0
ciMethod sun/nio/ch/FileKey hashCode ()I 514 0 1282 0 128
ciMethod sun/nio/ch/FileKey equals (Ljava/lang/Object;)Z 0 0 1 0 0
ciMethod sun/nio/ch/FileKey init (Ljava/io/FileDescriptor;)V 222 0 111 0 -1
ciMethod sun/nio/ch/FileLockTable$FileLockReference <init> (Ljava/nio/channels/FileLock;Ljava/lang/ref/ReferenceQueue;Lsun/nio/ch/FileKey;)V 768 0 5379 0 0
ciMethod sun/nio/ch/FileLockTable$FileLockReference fileKey ()Lsun/nio/ch/FileKey; 0 0 1 0 -1
ciMethodData java/nio/channels/spi/AbstractInterruptibleChannel isOpen ()Z 2 17158 orig 80 0 0 0 0 0 0 0 0 0 0 0 0 222 1 0 0 0 0 0 0 0 0 0 0 0 0 0 0 0 0 0 0 0 0 0 0 0 0 0 0 0 0 0 0 0 0 0 0 0 0 0 0 0 0 0 0 0 0 0 0 0 0 0 0 0 0 0 0 0 0 0 0 0 0 0 0 0 0 0 0 data 13 0x40007 0x0 0x38 0x4306 0x80003 0x4306 0x18 0x0 0x0 0x0 0x9 0x1 0x0 oops 0 methods 0
ciMethodData sun/nio/ch/FileKey hashCode ()I 2 1025 orig 80 0 0 0 0 0 0 0 0 0 0 0 0 222 1 0 0 0 0 0 0 0 0 0 0 0 0 0 0 0 0 0 0 0 0 0 0 0 0 0 0 0 0 0 0 0 0 0 0 0 0 0 0 0 0 0 0 0 0 0 0 0 0 0 0 0 0 0 0 0 0 0 0 0 0 0 0 0 0 0 0 data 7 0x0 0x0 0x0 0x0 0x9 0x1 0x0 oops 0 methods 0
ciMethodData sun/nio/ch/FileChannelImpl ensureOpen ()V 2 13148 orig 80 0 0 0 0 0 0 0 0 0 0 0 0 222 1 0 0 0 0 0 0 0 0 0 0 0 0 0 0 0 0 0 0 0 0 0 0 0 0 0 0 0 0 0 0 0 0 0 0 0 0 0 0 0 0 0 0 0 0 0 0 0 0 0 0 0 0 0 0 0 0 0 0 0 0 0 0 0 0 0 0 data 22 0x10005 0x335c 0x0 0x0 0x0 0x0 0x0 0x40007 0x335c 0x30 0x0 0xb0002 0x0 0x0 0x0 0x0 0x0 0x0 0x0 0x9 0x1 0x0 oops 0 methods 0
ciMethodData sun/nio/ch/NativeThreadSet add ()I 2 5122 orig 80 0 0 0 0 0 0 0 0 0 0 0 0 222 1 0 0 0 0 0 0 0 0 0 0 0 0 0 0 0 0 0 0 0 0 0 0 0 0 0 0 0 0 0 0 0 0 0 0 0 0 0 0 0 0 0 0 0 0 0 0 0 0 0 0 0 0 0 0 0 0 0 0 0 0 0 0 0 0 0 0 data 43 0x2 0x1402 0x70007 0x0 0x20 0x1402 0x1e0007 0x1402 0x30 0x0 0x3e0002 0x0 0x560007 0x0 0x58 0x1402 0x620007 0x0 0x20 0x1402 0x7f0003 0x0 0xffffffffffffffc0 0x850007 0x0 0x30 0x0 0x8c0002 0x0 0x0 0x0 0x0 0x0 0x0 0x0 0x0 0x0 0x0 0x0 0x0 0x9 0x1 0x0 oops 0 methods 0
ciMethodData sun/nio/ch/NativeThread currentNativeThread ()J 2 5121 orig 80 0 0 0 0 0 0 0 0 0 0 0 0 223 1 0 0 0 0 0 0 0 0 0 0 0 0 0 0 0 0 0 0 0 0 0 0 0 0 0 0 0 0 0 0 0 0 0 0 0 0 0 0 0 0 0 0 0 0 0 0 0 0 0 0 0 0 0 0 0 0 0 0 0 0 0 0 0 0 0 0 data 3 0x0 0x9 0x0 oops 0 methods 0
ciMethodData sun/nio/ch/NativeThreadSet remove (I)V 2 5121 orig 80 0 0 0 0 0 0 0 0 0 0 0 0 222 1 0 0 0 0 0 0 0 0 0 0 0 0 0 0 0 0 0 0 0 0 0 0 0 0 0 0 0 0 0 0 0 0 0 0 0 0 0 0 0 0 0 0 0 0 0 0 0 0 0 0 0 0 0 0 0 0 0 0 0 0 0 0 0 0 0 0 data 46 0x70007 0x1401 0x80 0x0 0x100002 0x0 0x140007 0x0 0x50 0x0 0x210007 0x0 0x30 0x0 0x280002 0x0 0x410007 0x0 0x78 0x1401 0x480007 0x1401 0x58 0x0 0x4c0005 0x0 0x0 0x0 0x0 0x0 0x0 0x510003 0x1401 0x18 0x0 0x0 0x0 0x0 0x0 0x0 0x0 0x0 0x9 0x2 0xffffffffffffffff 0x0 oops 0 methods 0
ciMethodData java/util/HashSet remove (Ljava/lang/Object;)Z 2 5120 orig 80 0 0 0 0 0 0 0 0 0 0 0 0 222 1 0 0 0 0 0 0 0 0 0 0 0 0 0 0 0 0 0 0 0 0 0 0 0 0 0 0 0 0 0 0 0 0 0 0 0 0 0 0 0 0 0 0 0 0 0 0 0 0 0 0 0 0 0 0 0 0 0 0 0 0 0 0 0 0 0 0 data 24 0x50005 0x0 0x0 0x1df0b446150 0x13ff 0x1df08c8da60 0x1 0xb0007 0x2 0x38 0x13fe 0xf0003 0x13fe 0x18 0x0 0x0 0x0 0x0 0x0 0x0 0x9 0x2 0x0 0xffffffffffffffff oops 2 3 java/util/HashMap 5 java/util/LinkedHashMap methods 0
ciMethodData java/util/ArrayList remove (I)Ljava/lang/Object; 2 5121 orig 80 0 0 0 0 0 0 0 0 0 0 0 0 222 1 0 0 0 0 0 0 0 0 0 0 0 0 0 0 0 0 0 0 0 0 0 0 0 0 0 0 0 0 0 0 0 0 0 0 0 0 0 0 0 0 0 0 0 0 0 0 0 0 0 0 0 0 0 0 0 0 0 0 0 0 0 0 0 0 0 0 data 19 0x50002 0x1401 0x150005 0x1401 0x0 0x0 0x0 0x0 0x0 0x0 0x0 0x0 0x0 0x0 0x0 0x9 0x2 0x0 0x0 oops 0 methods 0
ciMethodData java/util/ArrayList fastRemove ([Ljava/lang/Object;I)V 2 5121 orig 80 0 0 0 0 0 0 0 0 0 0 0 0 222 1 0 0 0 0 0 0 0 0 0 0 0 0 0 0 0 0 0 0 0 0 0 0 0 0 0 0 0 0 0 0 0 0 0 0 0 0 0 0 0 0 0 0 0 0 0 0 0 0 0 0 0 0 0 0 0 0 0 0 0 0 0 0 0 0 0 0 data 24 0x130007 0x13f3 0x30 0xe 0x1f0002 0xe 0x2a0104 0x0 0x0 0x0 0x0 0x0 0x0 0x0 0x0 0x0 0x0 0x0 0x0 0x9 0x3 0x0 0x0 0x0 oops 0 methods 0
ciMethodData sun/nio/ch/FileLockImpl <init> (Ljava/nio/channels/FileChannel;JJZ)V 2 5121 orig 80 0 0 0 0 0 0 0 0 0 0 0 0 222 1 0 0 0 0 0 0 0 0 0 0 0 0 0 0 0 0 0 0 0 0 0 0 0 0 0 0 0 0 0 0 0 0 0 0 0 0 0 0 0 0 0 0 0 0 0 0 0 0 0 0 0 0 0 0 0 0 0 0 0 0 0 0 0 0 0 0 data 13 0x70002 0x1401 0x0 0x0 0x9 0x7 0x0 0x0 0x0 0x0 0x0 0x0 0x0 oops 0 methods 0
ciMethodData java/nio/channels/FileLock <init> (Ljava/nio/channels/FileChannel;JJZ)V 2 5121 orig 80 0 0 0 0 0 0 0 0 0 0 0 0 222 1 0 0 0 0 0 0 0 0 0 0 0 0 0 0 0 0 0 0 0 0 0 0 0 0 0 0 0 0 0 0 0 0 0 0 0 0 0 0 0 0 0 0 0 0 0 0 0 0 0 0 0 0 0 0 0 0 0 0 0 0 0 0 0 0 0 0 data 37 0x10002 0x1401 0x70002 0x1401 0xe0007 0x1401 0x30 0x0 0x170002 0x0 0x1f0007 0x1401 0x30 0x0 0x280002 0x0 0x320007 0x1401 0x30 0x0 0x3b0002 0x0 0x0 0x0 0x0 0x0 0x0 0x0 0x9 0x7 0x1e 0x0 0x0 0x0 0x0 0x0 0x0 oops 0 methods 0
ciMethodData sun/nio/ch/FileChannelImpl tryLock (JJZ)Ljava/nio/channels/FileLock; 2 5120 orig 80 0 0 0 0 0 0 0 0 0 0 0 0 222 1 0 0 0 0 0 0 0 0 0 0 0 0 0 0 0 0 0 0 0 0 0 0 0 0 0 0 0 0 0 0 0 0 0 0 0 0 0 0 0 0 0 0 0 0 0 0 0 0 0 0 0 0 0 0 0 0 0 0 0 0 0 0 0 0 0 0 data 161 0x10005 0x1400 0x0 0x0 0x0 0x0 0x0 0x60007 0x81c 0x50 0xbe4 0xd0007 0xbe4 0x30 0x0 0x140002 0x0 0x1a0007 0xbe4 0x50 0x81c 0x210007 0x81c 0x30 0x0 0x280002 0x0 0x2f0007 0x1400 0x30 0x0 0x370002 0x0 0x450002 0x1400 0x4b0005 0x1400 0x0 0x0 0x0 0x0 0x0 0x540005 0x0 0x0 0x1df0b44e260 0x1400 0x0 0x0 0x5b0005 0x0 0x0 0x1df0b44e310 0x1400 0x0 0x0 0x610005 0x1400 0x0 0x0 0x0 0x0 0x0 0x700005 0x0 0x0 0x1df0b44e3c0 0x1400 0x0 0x0 0x750003 0x1400 0x50 0x7e0005 0x0 0x0 0x0 0x0 0x0 0x0 0x870007 0x9d2 0x90 0xa2e 0x8e0005 0x0 0x0 0x1df0b44e260 0xa2e 0x0 0x0 0x9a0005 0x0 0x0 0x1df0b44e310 0xa2e 0x0 0x0 0xa30007 0x9d2 0xf0 0x0 0xa90007 0x0 0x50 0x0 0xae0007 0x0 0x30 0x0 0xb50002 0x0 0xc10002 0x0 0xcc0005 0x0 0x0 0x0 0x0 0x0 0x0 0xd90005 0x0 0x0 0x0 0x0 0x0 0x0 0xe90005 0x0 0x0 0x1df0b44e310 0x9d2 0x0 0x0 0xf70005 0x0 0x0 0x0 0x0 0x0 0x0 0x0 0x0 0x0 0x0 0x0 0x0 0x0 0x0 0x0 0x0 0x0 0x9 0x6 0x0 0x0 0x0 0x0 0x0 0x0 oops 6 45 sun/nio/ch/FileLockTable 52 sun/nio/ch/NativeThreadSet 66 sun/nio/ch/FileDispatcherImpl 87 sun/nio/ch/FileLockTable 94 sun/nio/ch/NativeThreadSet 131 sun/nio/ch/NativeThreadSet methods 0
ciMethodData sun/nio/ch/FileChannelImpl fileLockTable ()Lsun/nio/ch/FileLockTable; 2 5118 orig 80 0 0 0 0 0 0 0 0 0 0 0 0 222 1 0 0 0 0 0 0 0 0 0 0 0 0 0 0 0 0 0 0 0 0 0 0 0 0 0 0 0 0 0 0 0 0 0 0 0 0 0 0 0 0 0 0 0 0 0 0 0 0 0 0 0 0 0 0 0 0 0 0 0 0 0 0 0 0 0 0 data 54 0x40007 0x1395 0x160 0x69 0xf0007 0x0 0x128 0x69 0x160005 0x0 0x0 0x1df0b44e310 0x69 0x0 0x0 0x1b0005 0x69 0x0 0x0 0x0 0x0 0x0 0x280002 0x69 0x330005 0x0 0x0 0x1df0b44e310 0x69 0x0 0x0 0x360003 0x69 0x50 0x3f0005 0x0 0x0 0x0 0x0 0x0 0x0 0x460003 0x69 0x18 0x0 0x0 0x0 0x0 0x0 0x0 0x0 0x9 0x1 0x0 oops 2 11 sun/nio/ch/NativeThreadSet 27 sun/nio/ch/NativeThreadSet methods 0
ciMethodData sun/nio/ch/FileLockTable add (Ljava/nio/channels/FileLock;)V 2 5118 orig 80 0 0 0 0 0 0 0 0 0 0 0 0 222 1 0 0 0 0 0 0 0 0 0 0 0 0 0 0 0 0 0 0 0 0 0 0 0 0 0 0 0 0 0 0 0 0 0 0 0 0 0 0 0 0 0 0 0 0 0 0 0 0 0 0 0 0 0 0 0 0 0 0 0 0 0 0 0 0 0 0 data 145 0x70005 0x0 0x0 0x1dec1b23d68 0x13fe 0x0 0x0 0xa0104 0x0 0x0 0x1dec1b23ea8 0x1395 0x0 0x0 0xf0007 0x1395 0x170 0x69 0x170002 0x69 0x280005 0x0 0x0 0x1dec1b23d68 0x69 0x0 0x0 0x2b0104 0x0 0x0 0x0 0x0 0x0 0x0 0x300007 0x0 0xb8 0x69 0x400002 0x69 0x430005 0x0 0x0 0x1dec1b23ea8 0x69 0x0 0x0 0x4e0005 0x0 0x0 0x1df0a17fa80 0x69 0x0 0x0 0x570003 0x69 0x230 0x5d0003 0x0 0x18 0x750005 0x0 0x0 0x1dec1b23d68 0x1395 0x0 0x0 0x780004 0x0 0x0 0x1dec1b23ea8 0x1395 0x0 0x0 0x800007 0x0 0x160 0x1395 0x860005 0x1395 0x0 0x0 0x0 0x0 0x0 0x8a0005 0x1395 0x0 0x0 0x0 0x0 0x0 0x8d0005 0x1395 0x0 0x0 0x0 0x0 0x0 0x9d0002 0x1395 0xa00005 0x0 0x0 0x1dec1b23ea8 0x1395 0x0 0x0 0xab0005 0x0 0x0 0x1df0a17fa80 0x1395 0x0 0x0 0xb30003 0x1395 0x48 0xbb0003 0x0 0x18 0xc50003 0x0 0xfffffffffffffca8 0xc90005 0x13fe 0x0 0x0 0x0 0x0 0x0 0x0 0x0 0x0 0x0 0x0 0x0 0x0 0x0 0x0 0x0 0x9 0x2 0x0 0x0 oops 9 3 java/util/concurrent/ConcurrentHashMap 10 java/util/ArrayList 23 java/util/concurrent/ConcurrentHashMap 43 java/util/ArrayList 50 java/util/HashSet 63 java/util/concurrent/ConcurrentHashMap 70 java/util/ArrayList 104 java/util/ArrayList 111 java/util/HashSet methods 0
ciMethodData sun/nio/ch/FileDispatcherImpl lock (Ljava/io/FileDescriptor;ZJJZ)I 2 5118 orig 80 0 0 0 0 0 0 0 0 0 0 0 0 222 1 0 0 0 0 0 0 0 0 0 0 0 0 0 0 0 0 0 0 0 0 0 0 0 0 0 0 0 0 0 0 0 0 0 0 0 0 0 0 0 0 0 0 0 0 0 0 0 0 0 0 0 0 0 0 0 0 0 0 0 0 0 0 0 0 0 0 data 18 0x70002 0x13fe 0x0 0x0 0x0 0x0 0x0 0x0 0x9 0x8 0x0 0x0 0x0 0x0 0x0 0x0 0x0 0x0 oops 0 methods 0
ciMethodData sun/nio/ch/FileLockTable remove (Ljava/nio/channels/FileLock;)V 2 5013 orig 80 0 0 0 0 0 0 0 0 0 0 0 0 222 1 0 0 0 0 0 0 0 0 0 0 0 0 0 0 0 0 0 0 0 0 0 0 0 0 0 0 0 0 0 0 0 0 0 0 0 0 0 0 0 0 0 0 0 0 0 0 0 0 0 0 0 0 0 0 0 0 0 0 0 0 0 0 0 0 0 0 data 132 0x30007 0x1395 0x50 0x0 0x70007 0x0 0x30 0x0 0xe0002 0x0 0x190005 0x0 0x0 0x1dec1b23d68 0x1395 0x0 0x0 0x1c0004 0x0 0x0 0x1dec1b23ea8 0x1395 0x0 0x0 0x210007 0x1395 0x20 0x0 0x2f0005 0x0 0x0 0x1dec1b23ea8 0x13b5 0x0 0x0 0x340007 0x0 0x2a0 0x13b5 0x3a0005 0x0 0x0 0x1dec1b23ea8 0x13b5 0x0 0x0 0x3f0004 0x0 0x0 0x1df07c77060 0x13b5 0x0 0x0 0x460005 0x0 0x0 0x1df07c77060 0x13b5 0x0 0x0 0x490004 0x0 0x0 0x1df0b44f770 0x13b5 0x0 0x0 0x510007 0x20 0x188 0x1395 0x570007 0x1395 0xa8 0x0 0x5c0007 0x0 0x78 0x0 0x610005 0x0 0x0 0x0 0x0 0x0 0x0 0x680007 0x0 0x30 0x0 0x6f0002 0x0 0x750005 0x0 0x0 0x1df07c77060 0x1395 0x0 0x0 0x7b0005 0x0 0x0 0x1dec1b23ea8 0x1395 0x0 0x0 0x860005 0x0 0x0 0x1df0a17fa80 0x1395 0x0 0x0 0x8c0003 0x1395 0x30 0x920003 0x20 0xfffffffffffffd40 0x970003 0x1395 0x18 0x0 0x0 0x0 0x0 0x0 0x0 0x9 0x2 0x0 0x0 oops 10 13 java/util/concurrent/ConcurrentHashMap 20 java/util/ArrayList 31 java/util/ArrayList 42 java/util/ArrayList 49 sun/nio/ch/FileLockTable$FileLockReference 56 sun/nio/ch/FileLockTable$FileLockReference 63 sun/nio/ch/FileLockImpl 95 sun/nio/ch/FileLockTable$FileLockReference 102 java/util/ArrayList 109 java/util/HashSet methods 0
ciMethodData sun/nio/ch/FileLockTable checkList (Ljava/util/List;JJ)V 2 5012 orig 80 0 0 0 0 0 0 0 0 0 0 0 0 222 1 0 0 0 0 0 0 0 0 0 0 0 0 0 0 0 0 0 0 0 0 0 0 0 0 0 0 0 0 0 0 0 0 0 0 0 0 0 0 0 0 0 0 0 0 0 0 0 0 0 0 0 0 0 0 0 0 0 0 0 0 0 0 0 0 0 0 data 92 0x30007 0x1394 0x60 0x0 0x70002 0x0 0xa0007 0x0 0x30 0x0 0x110002 0x0 0x160005 0x0 0x0 0x1dec1b23ea8 0x1394 0x0 0x0 0x1f0005 0x0 0x0 0x1df08c6b848 0x13b4 0x0 0x0 0x240007 0x1394 0x1a0 0x20 0x290005 0x0 0x0 0x1df08c6b848 0x20 0x0 0x0 0x2e0004 0x0 0x0 0x1df07c77060 0x20 0x0 0x0 0x350005 0x0 0x0 0x1df07c77060 0x20 0x0 0x0 0x380004 0x0 0x0 0x1df0b44f770 0x20 0x0 0x0 0x3f0007 0x0 0x88 0x20 0x470005 0x20 0x0 0x0 0x0 0x0 0x0 0x4a0007 0x20 0x30 0x0 0x510002 0x0 0x550003 0x20 0xfffffffffffffe40 0x0 0x0 0x0 0x0 0x0 0x0 0x9 0x6 0x0 0x0 0x0 0x0 0x0 0x0 oops 6 15 java/util/ArrayList 22 java/util/ArrayList$Itr 33 java/util/ArrayList$Itr 40 sun/nio/ch/FileLockTable$FileLockReference 47 sun/nio/ch/FileLockTable$FileLockReference 54 sun/nio/ch/FileLockImpl methods 0
ciMethodData java/nio/channels/FileLock overlaps (JJ)Z 1 32 orig 80 0 0 0 0 0 0 0 0 0 0 0 0 222 1 0 0 0 0 0 0 0 0 0 0 0 0 0 0 0 0 0 0 0 0 0 0 0 0 0 0 0 0 0 0 0 0 0 0 0 0 0 0 0 0 0 0 0 0 0 0 0 0 0 0 0 0 0 0 0 0 0 0 0 0 0 0 0 0 0 0 data 34 0x30007 0x20 0x20 0x0 0x130007 0x0 0x20 0x20 0x1b0007 0x0 0x68 0x0 0x200002 0x0 0x280007 0x0 0x20 0x0 0x2d0003 0x0 0x18 0x0 0x0 0x0 0x0 0x0 0x0 0x9 0x5 0x0 0x0 0x0 0x0 0x0 oops 0 methods 0
ciMethodData sun/nio/ch/FileLockTable$FileLockReference <init> (Ljava/nio/channels/FileLock;Ljava/lang/ref/ReferenceQueue;Lsun/nio/ch/FileKey;)V 2 4995 orig 80 0 0 0 0 0 0 0 0 0 0 0 0 222 1 0 0 0 0 0 0 0 0 0 0 0 0 0 0 0 0 0 0 0 0 0 0 0 0 0 0 0 0 0 0 0 0 0 0 0 0 0 0 0 0 0 0 0 0 0 0 0 0 0 0 0 0 0 0 0 0 0 0 0 0 0 0 0 0 0 0 data 12 0x30002 0x1383 0x0 0x0 0x0 0x0 0x9 0x4 0x0 0x0 0x0 0x0 oops 0 methods 0
ciMethodData sun/nio/ch/FileLockTable removeStaleEntries ()V 2 4994 orig 80 0 0 0 0 0 0 0 0 0 0 0 0 222 1 0 0 0 0 0 0 0 0 0 0 0 0 0 0 0 0 0 0 0 0 0 0 0 0 0 0 0 0 0 0 0 0 0 0 0 0 0 0 0 0 0 0 0 0 0 0 0 0 0 0 0 0 0 0 0 0 0 0 0 0 0 0 0 0 0 0 data 72 0x30005 0x0 0x0 0x1df07c771a0 0x1382 0x0 0x0 0x60104 0x0 0x0 0x0 0x0 0x0 0x0 0xb0007 0x1382 0x188 0x0 0xf0005 0x0 0x0 0x0 0x0 0x0 0x0 0x170005 0x0 0x0 0x0 0x0 0x0 0x0 0x1a0004 0x0 0x0 0x0 0x0 0x0 0x0 0x1f0007 0x0 0xa8 0x0 0x290005 0x0 0x0 0x0 0x0 0x0 0x0 0x320005 0x0 0x0 0x0 0x0 0x0 0x0 0x380003 0x0 0x18 0x430003 0x0 0xfffffffffffffe20 0x0 0x0 0x0 0x0 0x0 0x0 0x9 0x1 0x0 oops 1 3 java/lang/ref/ReferenceQueue methods 0
ciMethodData sun/nio/ch/FileLockTable <init> (Ljava/nio/channels/Channel;Ljava/io/FileDescriptor;)V 1 103 orig 80 0 0 0 0 0 0 0 0 0 0 0 0 222 1 0 0 0 0 0 0 0 0 0 0 0 0 0 0 0 0 0 0 0 0 0 0 0 0 0 0 0 0 0 0 0 0 0 0 0 0 0 0 0 0 0 0 0 0 0 0 0 0 0 0 0 0 0 0 0 0 0 0 0 0 0 0 0 0 0 0 data 17 0x10002 0x67 0xb0002 0x67 0x160002 0x67 0x0 0x0 0x0 0x0 0x0 0x0 0x9 0x3 0xe 0x0 0xffffffffffffffff oops 0 methods 0
ciMethodData sun/nio/ch/FileKey create (Ljava/io/FileDescriptor;)Lsun/nio/ch/FileKey; 1 103 orig 80 0 0 0 0 0 0 0 0 0 0 0 0 223 1 0 0 0 0 0 0 0 0 0 0 0 0 0 0 0 0 0 0 0 0 0 0 0 0 0 0 0 0 0 0 0 0 0 0 0 0 0 0 0 0 0 0 0 0 0 0 0 0 0 0 0 0 0 0 0 0 0 0 0 0 0 0 0 0 0 0 data 18 0x40002 0x67 0xa0005 0x67 0x0 0x0 0x0 0x0 0x0 0x0 0x0 0x0 0x0 0x0 0x0 0x9 0x1 0xffffffffffffffff oops 0 methods 0
compile sun/nio/ch/FileChannelImpl tryLock (JJZ)Ljava/nio/channels/FileLock; -1 4 inline 83 0 -1 0 sun/nio/ch/FileChannelImpl tryLock (JJZ)Ljava/nio/channels/FileLock; 1 1 0 sun/nio/ch/FileChannelImpl ensureOpen ()V 2 1 0 java/nio/channels/spi/AbstractInterruptibleChannel isOpen ()Z 1 69 0 sun/nio/ch/FileLockImpl <init> (Ljava/nio/channels/FileChannel;JJZ)V 2 7 0 java/nio/channels/FileLock <init> (Ljava/nio/channels/FileChannel;JJZ)V 3 1 0 java/lang/Object <init> ()V 3 7 0 java/util/Objects requireNonNull (Ljava/lang/Object;Ljava/lang/String;)Ljava/lang/Object; 1 75 0 sun/nio/ch/FileChannelImpl fileLockTable ()Lsun/nio/ch/FileLockTable; 2 27 0 sun/nio/ch/FileChannelImpl ensureOpen ()V 3 1 0 java/nio/channels/spi/AbstractInterruptibleChannel isOpen ()Z 2 40 0 sun/nio/ch/FileLockTable <init> (Ljava/nio/channels/Channel;Ljava/io/FileDescriptor;)V 3 1 0 java/lang/Object <init> ()V 3 22 0 java/util/HashSet <init> ()V 4 1 0 java/util/AbstractSet <init> ()V 5 1 0 java/util/AbstractCollection <init> ()V 6 1 0 java/lang/Object <init> ()V 4 9 0 java/util/HashMap <init> ()V 5 1 0 java/util/AbstractMap <init> ()V 6 1 0 java/lang/Object <init> ()V 1 84 0 sun/nio/ch/FileLockTable add (Ljava/nio/channels/FileLock;)V 2 7 0 java/util/concurrent/ConcurrentHashMap get (Ljava/lang/Object;)Ljava/lang/Object; 3 1 0 sun/nio/ch/FileKey hashCode ()I 3 4 0 java/util/concurrent/ConcurrentHashMap spread (I)I 3 34 0 java/util/concurrent/ConcurrentHashMap tabAt ([Ljava/util/concurrent/ConcurrentHashMap$Node;I)Ljava/util/concurrent/ConcurrentHashMap$Node; 2 23 0 java/util/ArrayList <init> (I)V 3 1 0 java/util/AbstractList <init> ()V 4 1 0 java/util/AbstractCollection <init> ()V 5 1 0 java/lang/Object <init> ()V 2 40 0 java/util/concurrent/ConcurrentHashMap putIfAbsent (Ljava/lang/Object;Ljava/lang/Object;)Ljava/lang/Object; 2 64 0 sun/nio/ch/FileLockTable$FileLockReference <init> (Ljava/nio/channels/FileLock;Ljava/lang/ref/ReferenceQueue;Lsun/nio/ch/FileKey;)V 3 3 0 java/lang/ref/WeakReference <init> (Ljava/lang/Object;Ljava/lang/ref/ReferenceQueue;)V 4 3 0 java/lang/ref/Reference <init> (Ljava/lang/Object;Ljava/lang/ref/ReferenceQueue;)V 5 1 0 java/lang/Object <init> ()V 2 67 0 java/util/ArrayList add (Ljava/lang/Object;)Z 3 20 0 java/util/ArrayList add (Ljava/lang/Object;[Ljava/lang/Object;I)V 4 7 0 java/util/ArrayList grow ()[Ljava/lang/Object; 5 7 0 java/util/ArrayList grow (I)[Ljava/lang/Object; 6 27 0 jdk/internal/util/ArraysSupport newLength (III)I 6 37 0 java/util/Arrays copyOf ([Ljava/lang/Object;I)[Ljava/lang/Object; 2 117 0 java/util/concurrent/ConcurrentHashMap get (Ljava/lang/Object;)Ljava/lang/Object; 3 1 0 sun/nio/ch/FileKey hashCode ()I 3 4 0 java/util/concurrent/ConcurrentHashMap spread (I)I 3 34 0 java/util/concurrent/ConcurrentHashMap tabAt ([Ljava/util/concurrent/ConcurrentHashMap$Node;I)Ljava/util/concurrent/ConcurrentHashMap$Node; 2 134 0 java/nio/channels/FileLock position ()J 2 138 0 java/nio/channels/FileLock size ()J 2 141 0 sun/nio/ch/FileLockTable checkList (Ljava/util/List;JJ)V 3 22 0 java/util/ArrayList iterator ()Ljava/util/Iterator; 4 5 0 java/util/ArrayList$Itr <init> (Ljava/util/ArrayList;)V 5 6 0 java/lang/Object <init> ()V 3 31 0 java/util/ArrayList$Itr hasNext ()Z 2 157 0 sun/nio/ch/FileLockTable$FileLockReference <init> (Ljava/nio/channels/FileLock;Ljava/lang/ref/ReferenceQueue;Lsun/nio/ch/FileKey;)V 3 3 0 java/lang/ref/WeakReference <init> (Ljava/lang/Object;Ljava/lang/ref/ReferenceQueue;)V 4 3 0 java/lang/ref/Reference <init> (Ljava/lang/Object;Ljava/lang/ref/ReferenceQueue;)V 5 1 0 java/lang/Object <init> ()V 2 160 0 java/util/ArrayList add (Ljava/lang/Object;)Z 3 20 0 java/util/ArrayList add (Ljava/lang/Object;[Ljava/lang/Object;I)V 4 7 0 java/util/ArrayList grow ()[Ljava/lang/Object; 5 7 0 java/util/ArrayList grow (I)[Ljava/lang/Object; 6 27 0 jdk/internal/util/ArraysSupport newLength (III)I 6 37 0 java/util/Arrays copyOf ([Ljava/lang/Object;I)[Ljava/lang/Object; 2 201 0 sun/nio/ch/FileLockTable removeStaleEntries ()V 3 3 0 java/lang/ref/ReferenceQueue poll ()Ljava/lang/ref/Reference; 4 1 0 java/lang/ref/ReferenceQueue headIsNull ()Z 1 91 0 sun/nio/ch/NativeThreadSet add ()I 2 0 0 sun/nio/ch/NativeThread currentNativeThread ()J 1 97 0 sun/nio/ch/FileChannelImpl ensureOpen ()V 2 1 0 java/nio/channels/spi/AbstractInterruptibleChannel isOpen ()Z 1 112 0 sun/nio/ch/FileDispatcherImpl lock (Ljava/io/FileDescriptor;ZJJZ)I 1 142 0 sun/nio/ch/FileLockTable remove (Ljava/nio/channels/FileLock;)V 2 25 0 java/util/concurrent/ConcurrentHashMap get (Ljava/lang/Object;)Ljava/lang/Object; 3 1 0 sun/nio/ch/FileKey hashCode ()I 3 4 0 java/util/concurrent/ConcurrentHashMap spread (I)I 3 34 0 java/util/concurrent/ConcurrentHashMap tabAt ([Ljava/util/concurrent/ConcurrentHashMap$Node;I)Ljava/util/concurrent/ConcurrentHashMap$Node; 2 47 0 java/util/ArrayList size ()I 2 58 0 java/util/ArrayList get (I)Ljava/lang/Object; 3 5 0 java/util/Objects checkIndex (II)I 3 11 0 java/util/ArrayList elementData (I)Ljava/lang/Object; 2 117 0 java/lang/ref/Reference clear ()V 2 123 0 java/util/ArrayList remove (I)Ljava/lang/Object; 3 5 0 java/util/Objects checkIndex (II)I 3 21 0 java/util/ArrayList fastRemove ([Ljava/lang/Object;I)V 1 154 0 sun/nio/ch/NativeThreadSet remove (I)V 1 233 0 sun/nio/ch/NativeThreadSet remove (I)V
